BEZ,UJAHR,UMONAT,USTUNDE,UWOCHENTAG,UART,UTYP1,ULICHTVERH,IstRad,IstPKW,IstFuss,IstKrad,IstGkfz,IstSonstige,USTRZUSTAND,LOCKDOWN,COVID,FERIEN,UKATEGORIE
4,2021,5,16,4,5,2,0,1,0,0,0,0,1,0,1,2,1,0
5,2019,9,15,2,4,1,0,0,1,0,0,0,0,0,0,0,0,0
2,2019,6,15,3,5,2,0,1,1,0,0,0,0,0,0,0,1,0
3,2020,8,16,5,5,2,0,1,1,0,0,0,0,0,0,1,1,0
12,2018,1,19,2,5,2,2,0,1,0,0,0,0,1,0,0,0,0
5,2018,11,14,1,2,6,0,0,1,0,0,0,1,1,0,0,0,0
7,2018,12,2,6,1,1,2,0,1,0,0,0,0,1,0,0,1,0
3,2018,4,9,6,5,3,0,0,1,0,0,0,0,0,0,0,1,0
7,2018,6,18,2,6,2,0,0,0,1,0,0,1,0,0,0,0,0
8,2020,8,15,3,5,3,0,0,1,0,0,0,0,0,0,1,1,0
1,2019,8,12,4,1,5,0,1,1,0,0,0,0,0,0,0,0,0
3,2018,1,17,4,6,4,2,0,1,1,0,0,0,1,0,0,0,1
12,2018,6,22,5,5,3,2,0,0,0,1,0,1,0,0,0,0,0
11,2019,1,19,6,0,1,2,0,1,0,0,0,0,1,0,0,1,0
1,2019,6,15,2,5,2,0,1,1,0,0,0,0,0,0,0,1,0
8,2021,8,20,7,1,6,2,1,1,0,0,0,0,0,0,1,1,0
9,2021,10,16,3,6,4,0,0,0,1,0,0,1,1,0,1,1,0
11,2018,10,12,6,6,7,0,0,1,1,0,0,0,0,0,0,1,0
1,2019,4,6,3,2,6,0,0,1,0,0,0,0,0,0,0,1,0
4,2018,7,19,6,5,3,1,1,0,0,0,0,0,0,0,0,2,0
1,2021,6,7,4,0,2,0,1,1,0,0,0,0,0,0,1,1,0
5,2021,9,10,2,2,6,0,0,1,0,0,0,1,0,0,1,0,0
6,2020,1,3,1,3,6,2,0,1,0,0,0,1,1,0,0,1,0
7,2018,8,13,1,5,3,0,0,1,0,1,0,0,0,0,0,1,1
11,2019,10,16,5,5,7,0,0,1,0,0,0,1,0,0,0,1,1
9,2021,8,16,3,5,2,0,0,1,0,1,0,0,0,0,1,1,0
12,2021,3,15,2,2,2,0,0,1,0,1,0,0,0,0,2,0,0
6,2018,12,14,7,5,3,0,0,1,0,0,0,0,1,0,0,1,0
10,2019,12,19,3,5,3,2,0,1,0,0,0,0,1,0,0,1,0
3,2021,10,11,7,1,5,0,1,1,0,0,0,0,0,0,1,1,1
3,2021,4,18,6,0,1,0,1,0,0,0,0,0,0,1,2,1,0
10,2021,11,16,2,6,2,1,0,1,1,0,0,0,1,0,2,0,0
7,2018,5,12,7,5,2,0,0,1,0,0,0,1,0,0,0,0,0
9,2021,7,11,4,5,2,0,0,1,0,1,0,0,0,0,1,2,1
6,2019,4,16,2,5,3,0,1,1,0,0,0,0,0,0,0,1,0
1,2020,3,13,2,0,1,0,1,0,0,0,0,0,1,1,1,0,0
10,2019,9,9,6,2,6,0,0,1,0,0,1,0,1,0,0,0,1
7,2018,8,13,6,5,7,0,0,1,0,1,0,0,0,0,0,1,0
9,2021,6,19,4,2,6,0,0,1,0,0,0,0,0,0,1,1,0
2,2019,4,20,2,5,5,1,1,1,0,0,0,0,0,0,0,1,0
4,2020,9,17,5,6,4,0,1,0,1,0,0,0,0,0,1,0,0
5,2020,4,12,7,5,3,0,0,1,0,0,0,0,0,1,2,1,1
2,2019,7,17,4,0,2,0,0,1,0,1,0,0,0,0,0,2,0
4,2020,2,9,2,6,4,0,0,1,1,0,0,0,0,0,0,1,1
10,2019,2,14,4,5,3,0,0,1,0,0,0,0,0,0,0,1,0
3,2019,3,8,3,1,5,0,1,1,0,0,0,0,1,0,0,0,0
11,2021,7,10,4,5,2,0,1,0,0,0,1,0,0,0,1,2,0
6,2018,9,14,5,5,3,0,1,1,0,0,0,0,0,0,0,0,0
7,2021,10,15,5,0,7,0,0,0,0,1,0,0,1,0,1,1,0
10,2021,10,16,6,6,6,2,0,1,1,0,0,0,0,0,1,1,0
6,2020,11,15,2,0,6,0,1,0,0,0,1,0,0,1,2,0,0
12,2020,1,7,6,6,2,2,0,1,1,0,0,0,1,0,0,1,0
1,2018,3,11,2,5,3,0,1,1,0,0,0,0,0,0,0,1,0
7,2018,6,18,4,5,3,0,1,1,0,0,0,0,0,0,0,0,1
2,2018,7,8,3,5,2,0,1,1,0,0,0,0,0,0,0,2,0
7,2020,9,7,5,5,2,0,1,1,0,0,0,0,0,0,1,0,0
2,2019,2,21,7,3,6,2,1,1,0,0,0,0,0,0,0,1,0
6,2020,7,9,5,2,6,0,0,1,0,0,1,0,0,0,1,2,0
10,2021,2,13,3,0,6,0,0,0,0,0,0,1,0,1,2,1,0
7,2020,1,13,5,5,2,0,0,1,0,0,0,0,1,0,0,1,0
1,2018,3,12,7,2,6,0,0,1,0,0,0,0,1,0,0,1,0
1,2020,3,21,4,9,1,2,0,0,0,1,0,0,0,1,1,0,0
2,2020,10,11,1,5,3,0,1,1,0,0,0,0,0,1,1,1,0
2,2019,7,19,5,1,5,0,1,1,0,0,0,0,0,0,0,2,0
5,2018,6,13,6,5,2,0,0,1,0,1,0,0,1,0,0,0,1
2,2018,11,18,1,6,4,2,0,1,1,0,0,0,1,0,0,0,1
4,2018,1,8,4,6,4,0,0,1,1,0,0,0,1,0,0,0,1
8,2021,5,13,6,5,3,0,0,1,0,0,0,0,1,1,2,1,1
2,2019,11,21,4,5,3,2,0,1,0,0,0,0,1,0,0,0,0
4,2019,2,16,4,5,7,0,0,1,0,1,0,0,0,0,0,1,1
4,2019,10,12,7,5,3,0,1,0,0,1,0,0,0,0,0,1,0
6,2018,10,16,7,5,2,0,1,1,0,0,0,0,0,0,0,1,0
4,2021,6,14,3,6,2,0,0,1,1,0,0,0,0,0,1,1,0
8,2019,6,1,1,5,3,2,1,1,0,0,0,0,0,0,0,1,0
11,2018,9,16,3,5,7,0,0,1,0,1,0,0,0,0,0,0,1
5,2020,11,6,2,5,3,2,0,1,0,1,0,1,1,1,2,0,0
12,2020,12,12,7,1,1,0,0,0,0,1,0,1,0,1,2,1,1
11,2019,3,23,3,5,2,2,0,1,0,0,0,1,0,0,0,0,0
10,2020,5,13,2,5,2,0,1,0,0,0,1,0,0,1,1,0,1
5,2018,10,13,4,5,3,0,1,1,0,0,0,0,0,0,0,1,0
9,2019,8,17,3,3,6,0,1,1,0,0,0,0,0,0,0,0,0
7,2020,4,19,5,2,7,0,0,0,0,1,0,1,0,1,2,1,0
7,2021,7,11,2,5,3,0,0,1,0,0,0,0,1,0,1,2,1
5,2018,2,21,4,1,1,2,0,1,0,0,0,1,2,0,0,1,0
5,2019,8,14,5,5,2,0,1,1,0,0,0,0,0,0,0,0,0
11,2020,1,6,6,2,2,2,0,1,0,0,0,1,0,0,0,1,0
9,2019,10,16,3,2,6,0,0,1,0,0,0,0,0,0,0,1,0
4,2018,3,7,5,0,1,0,0,0,0,1,0,0,1,0,0,1,1
8,2018,2,13,5,2,6,0,0,1,0,0,0,0,0,0,0,1,0
3,2019,7,14,5,2,6,0,0,1,0,0,0,0,0,0,0,2,0
1,2018,6,10,4,6,2,0,0,1,1,0,0,0,0,0,0,0,0
2,2019,1,14,6,5,7,0,1,1,0,0,0,0,1,0,0,1,0
7,2019,4,14,3,0,6,0,0,1,0,1,0,0,0,0,0,1,0
11,2018,9,7,4,1,5,0,1,1,0,0,0,0,0,0,0,0,0
4,2020,11,9,4,1,5,0,1,1,0,0,0,0,0,1,2,0,0
1,2019,5,17,5,2,6,0,0,0,0,1,0,1,0,0,0,0,0
1,2019,10,18,2,1,5,2,1,1,0,0,0,0,1,0,0,1,0
1,2019,5,6,2,2,6,0,0,1,0,0,0,0,0,0,0,0,0
7,2019,1,7,2,2,6,0,0,1,0,0,0,0,1,0,0,1,0
1,2018,11,11,3,1,1,0,0,1,0,0,0,0,0,0,0,0,0
5,2020,2,16,1,5,7,1,0,1,0,1,0,0,1,0,0,1,0
8,2019,7,17,3,0,3,0,1,1,0,0,0,0,0,0,0,2,0
1,2021,3,16,3,5,2,0,0,1,0,1,0,0,0,0,2,0,0
3,2021,9,9,4,0,2,0,1,1,0,0,0,0,0,0,1,0,0
1,2019,11,17,5,5,2,2,1,1,0,0,0,0,0,0,0,0,0
2,2020,12,19,4,0,2,2,1,1,0,0,0,0,0,1,2,1,0
1,2019,7,17,7,6,2,0,0,1,1,0,0,0,0,0,0,2,0
9,2021,3,1,7,9,1,2,0,1,0,0,0,0,0,0,2,0,0
12,2021,7,13,7,5,2,0,0,1,0,1,0,0,0,0,1,2,0
3,2021,6,20,7,1,1,0,0,1,0,1,0,0,0,0,1,1,1
5,2021,2,8,6,5,3,0,0,1,0,0,0,0,1,1,2,1,0
1,2019,9,19,2,0,4,2,1,0,1,0,0,0,0,0,0,0,0
9,2019,11,17,4,5,2,2,1,1,0,0,0,0,1,0,0,0,0
4,2018,8,11,1,5,2,0,1,1,0,0,0,0,0,0,0,1,0
6,2018,3,18,3,6,7,1,0,0,1,0,0,1,1,0,0,1,0
4,2018,5,13,3,5,2,0,0,1,0,1,0,0,0,0,0,0,1
7,2021,12,19,7,6,2,2,0,1,1,0,0,0,1,1,2,1,0
8,2019,7,6,7,4,6,0,0,1,0,0,0,0,0,0,0,2,0
1,2019,7,9,6,5,3,0,0,1,0,0,0,1,0,0,0,2,0
2,2021,4,12,6,5,2,0,1,0,0,0,0,1,0,1,2,1,1
7,2021,8,6,2,5,2,0,0,1,0,1,0,0,0,0,1,1,0
7,2020,3,12,5,3,6,0,0,1,0,0,0,0,1,1,1,0,0
11,2021,11,10,6,5,3,0,0,1,0,0,0,0,1,0,2,0,0
11,2018,8,7,2,6,4,0,0,1,1,0,0,0,0,0,0,1,0
1,2020,6,0,4,5,3,2,0,1,0,0,0,0,0,0,1,1,0
2,2019,5,16,4,6,2,0,1,0,1,0,0,0,0,0,0,0,0
12,2021,6,13,7,5,2,0,1,1,0,0,0,0,0,0,1,1,0
2,2020,11,10,5,5,2,0,1,1,0,0,0,0,0,1,2,0,0
6,2018,7,18,6,0,2,0,0,1,0,1,0,0,0,0,0,2,0
1,2018,12,18,4,5,3,1,1,0,0,0,0,1,0,0,0,1,0
6,2018,6,3,7,6,7,2,1,0,1,0,0,0,0,0,0,0,0
2,2018,12,19,5,2,6,2,0,1,0,0,0,0,1,0,0,1,0
4,2018,9,8,4,5,3,0,0,1,0,0,0,0,0,0,0,0,0
4,2021,9,16,2,5,2,0,0,1,0,0,0,1,0,0,1,0,0
1,2021,4,11,3,5,2,0,0,1,0,0,0,1,0,1,2,1,0
3,2018,6,7,3,0,1,0,0,0,0,1,0,0,0,0,0,0,0
2,2019,10,7,2,0,1,0,0,1,0,1,0,0,1,0,0,1,0
5,2019,3,11,7,5,2,0,0,1,0,0,0,1,0,0,0,0,0
11,2018,6,17,4,0,2,0,1,0,0,0,0,1,0,0,0,0,0
6,2020,4,17,5,2,6,0,0,1,0,0,0,0,0,1,2,1,0
5,2020,10,18,4,5,2,1,0,1,0,1,0,0,1,1,1,1,1
1,2018,12,9,6,5,2,0,1,0,0,0,0,1,1,0,0,1,0
8,2019,2,16,5,5,3,0,0,1,0,1,0,0,0,0,0,1,0
4,2018,6,23,5,5,3,2,0,1,0,1,0,0,0,0,0,0,0
3,2019,10,16,2,5,3,0,0,1,0,0,0,0,0,0,0,1,0
3,2018,11,10,5,5,3,0,1,1,0,0,0,0,0,0,0,0,0
2,2018,9,16,6,3,6,0,1,1,0,0,0,0,0,0,0,0,0
5,2018,10,9,5,5,2,0,1,1,0,0,0,0,0,0,0,1,0
4,2021,4,0,1,2,6,2,1,0,0,0,0,0,0,1,2,1,0
6,2019,12,14,4,5,2,0,0,1,0,0,0,0,0,0,0,1,0
9,2018,7,13,3,5,3,0,1,1,0,0,0,0,0,0,0,2,0
3,2021,8,12,2,0,7,0,0,1,0,0,0,1,0,0,1,1,0
8,2019,4,12,2,2,2,0,0,1,0,0,0,1,0,0,0,1,0
7,2018,11,5,2,2,6,2,0,1,0,0,0,0,1,0,0,0,0
3,2021,4,12,2,5,3,0,1,0,0,0,0,1,0,1,2,1,0
3,2019,9,18,7,1,5,1,0,1,0,0,0,1,0,0,0,0,0
10,2021,11,21,7,6,4,2,0,1,1,0,0,0,0,0,2,0,0
1,2018,5,7,3,2,2,0,0,1,0,0,0,1,0,0,0,0,0
4,2020,11,12,2,2,6,0,0,1,0,0,0,0,0,1,2,0,0
3,2019,8,7,4,2,6,0,0,1,0,0,0,0,0,0,0,0,0
4,2021,10,17,7,5,3,0,0,1,0,1,0,0,0,0,1,1,0
4,2018,6,8,3,5,3,0,1,1,0,0,0,0,0,0,0,0,0
9,2019,6,11,4,2,6,0,0,1,0,0,0,0,0,0,0,1,0
12,2019,9,5,4,0,3,2,1,1,0,0,0,0,0,0,0,0,0
9,2018,8,22,1,3,6,2,1,1,0,0,0,0,0,0,0,1,1
2,2018,10,7,2,0,7,0,1,0,0,0,0,0,0,0,0,1,1
1,2020,9,13,5,6,7,0,1,0,1,0,0,0,0,0,1,0,1
3,2020,5,14,7,5,2,0,1,1,0,0,0,0,0,1,1,0,1
2,2019,3,20,4,6,2,2,0,1,1,0,0,0,0,0,0,0,1
2,2020,8,9,4,5,3,0,1,1,0,0,0,0,0,0,1,1,0
4,2018,8,21,5,3,6,0,0,1,0,0,0,0,0,0,0,1,0
4,2019,10,0,3,5,2,2,0,1,0,0,0,0,0,0,0,1,0
4,2020,9,9,2,5,2,0,1,1,0,0,0,0,0,0,1,0,0
1,2018,11,14,6,2,6,0,0,1,0,0,0,0,0,0,0,0,0
7,2020,8,16,1,2,6,0,0,1,0,0,0,0,0,0,1,1,0
11,2021,11,7,3,3,6,2,0,0,0,1,0,1,1,0,2,0,1
1,2018,10,16,2,5,3,0,1,1,0,0,0,0,0,0,0,1,0
9,2019,2,11,2,6,4,0,0,1,1,0,0,0,1,0,0,1,0
12,2018,7,9,5,3,6,0,0,1,0,0,0,1,0,0,0,2,0
1,2020,1,9,2,5,2,0,0,1,0,1,0,0,1,0,0,1,0
6,2020,9,16,6,5,2,0,1,0,0,0,0,1,0,0,1,0,0
2,2019,12,12,3,0,2,0,1,1,0,0,0,0,0,0,0,1,0
3,2021,12,7,2,2,6,1,0,1,0,0,0,0,1,1,2,1,0
12,2020,11,13,4,6,4,0,0,0,1,0,1,0,0,1,2,0,1
4,2018,8,15,2,5,2,0,0,1,0,0,0,0,1,0,0,1,0
7,2019,5,18,6,1,5,0,1,1,0,0,0,1,0,0,0,0,0
1,2018,12,17,1,3,2,2,0,1,0,0,0,0,1,0,0,1,0
8,2018,1,14,7,2,6,0,0,1,0,0,0,0,0,0,0,0,0
4,2020,9,14,4,5,2,0,1,1,0,0,0,0,0,0,1,0,0
6,2019,8,8,1,5,2,0,1,1,0,0,0,0,0,0,0,0,0
11,2020,8,20,2,5,2,0,0,1,0,1,0,0,0,0,1,1,1
7,2019,7,12,7,5,3,0,0,1,0,0,0,0,0,0,0,2,0
12,2021,7,16,6,0,1,0,0,0,0,1,0,0,1,0,1,2,0
4,2019,12,2,1,1,5,2,0,1,0,0,0,0,0,0,0,1,0
8,2019,8,8,3,5,2,0,1,1,0,0,0,0,0,0,0,0,0
7,2021,4,14,5,5,2,0,1,1,0,0,0,0,0,1,2,1,0
11,2019,10,10,2,6,4,0,0,1,1,0,0,0,0,0,0,1,1
12,2019,5,11,6,2,6,0,0,1,0,0,0,0,0,0,0,0,0
4,2019,6,15,6,2,6,0,0,1,0,0,0,0,0,0,0,1,0
11,2018,7,16,3,6,4,0,1,0,1,0,0,0,0,0,0,2,0
9,2020,1,9,2,5,3,0,1,1,0,0,0,0,0,0,0,1,0
1,2018,2,16,4,6,4,0,1,0,1,0,0,0,0,0,0,1,0
11,2021,6,11,5,5,2,0,0,1,0,0,0,0,0,0,1,1,0
12,2018,6,17,2,5,2,0,1,0,0,0,0,1,0,0,0,0,0
12,2018,11,15,3,2,6,0,0,1,0,1,0,0,0,0,0,0,0
1,2019,8,16,3,5,3,0,1,1,0,1,0,0,0,0,0,0,0
2,2019,7,21,2,1,5,2,0,1,0,0,0,0,0,0,0,2,0
2,2018,4,0,6,8,1,2,1,0,0,0,0,0,0,0,0,1,0
8,2020,7,9,2,5,2,0,1,1,0,0,0,0,0,0,1,2,0
11,2021,7,14,5,2,6,0,0,1,0,0,0,0,0,0,1,2,0
6,2018,2,14,2,6,4,0,1,0,1,0,0,0,0,0,0,1,0
4,2019,2,17,3,5,2,2,1,1,0,0,0,0,0,0,0,1,1
4,2019,8,18,6,5,3,0,0,1,0,1,0,0,1,0,0,0,1
1,2018,9,20,1,6,4,2,1,0,1,0,0,0,0,0,0,0,0
7,2021,6,12,4,5,2,0,1,1,0,0,0,0,0,0,1,1,1
4,2018,5,16,4,2,6,0,0,1,0,0,0,0,0,0,0,0,0
1,2019,6,23,4,5,3,2,0,1,0,0,0,0,0,0,0,1,0
2,2020,9,17,5,5,2,0,1,1,0,0,0,0,0,0,1,0,0
3,2021,6,7,4,5,3,0,1,1,0,0,0,0,0,0,1,1,0
4,2021,6,18,3,5,2,0,1,0,0,0,0,1,0,0,1,1,0
1,2021,5,12,7,2,1,0,0,1,0,0,0,0,0,1,2,1,0
1,2019,7,18,6,4,7,0,1,0,0,0,0,1,0,0,0,2,0
2,2019,7,19,1,0,7,0,0,0,0,0,0,1,0,0,0,2,0
7,2019,6,21,4,6,4,0,0,0,1,0,0,1,0,0,0,1,0
12,2020,5,11,2,0,1,0,0,0,0,1,0,0,1,1,1,0,0
9,2019,7,8,3,1,1,0,0,1,0,1,0,0,0,0,0,2,0
1,2021,4,11,6,5,2,0,0,1,0,0,0,0,0,1,2,1,0
1,2019,6,17,2,5,7,0,0,1,0,0,0,0,0,0,0,1,0
6,2021,11,8,4,5,3,0,0,1,0,0,0,1,0,0,2,0,0
2,2021,7,1,5,5,3,2,1,1,0,0,0,0,0,0,1,2,0
10,2018,5,15,4,6,4,0,0,1,1,0,0,0,0,0,0,0,1
5,2019,5,12,2,3,3,0,0,1,0,0,0,0,0,0,0,0,0
8,2018,11,14,6,2,6,0,0,1,0,0,0,0,0,0,0,0,0
1,2019,1,22,1,5,3,2,1,0,0,0,0,1,1,0,0,1,0
2,2019,8,18,6,6,4,0,1,0,1,0,0,0,0,0,0,0,0
3,2019,6,7,4,5,3,0,1,1,0,0,0,0,0,0,0,1,1
4,2021,10,12,7,2,6,0,0,1,0,0,0,0,0,0,1,1,0
9,2018,4,17,7,2,6,0,0,1,0,0,0,0,0,0,0,1,0
11,2019,5,19,7,5,3,0,1,0,0,0,0,0,0,0,0,0,0
3,2021,9,18,2,2,2,0,0,1,0,0,0,1,0,0,1,0,0
11,2018,4,15,3,2,6,0,0,1,0,0,0,0,0,0,0,1,0
2,2020,6,14,3,5,6,0,0,1,0,0,0,0,0,0,1,1,0
4,2018,3,18,5,6,4,2,0,1,1,0,0,0,0,0,0,1,0
8,2018,5,6,5,2,6,0,0,1,0,1,0,0,0,0,0,0,0
1,2020,6,19,2,0,7,0,0,1,0,0,0,0,0,0,1,1,0
4,2020,8,19,6,6,7,0,1,0,1,0,0,0,0,0,1,1,0
4,2020,4,13,1,2,7,0,0,1,0,1,0,0,0,1,2,1,1
12,2019,11,11,5,1,5,0,0,1,0,0,0,0,1,0,0,0,0
8,2021,6,17,5,5,2,0,0,1,0,0,0,0,0,0,1,1,0
3,2018,10,16,2,5,2,0,0,1,0,0,0,1,0,0,0,1,0
10,2018,7,13,3,2,6,0,0,1,0,0,0,0,0,0,0,2,0
4,2018,10,8,4,5,3,0,0,1,0,0,0,0,0,0,0,1,0
4,2021,9,17,6,5,2,1,1,1,0,0,0,0,0,0,1,0,0
5,2019,9,15,3,5,7,0,1,1,0,0,0,0,0,0,0,0,0
7,2020,7,15,3,0,6,0,1,1,0,0,0,0,0,0,1,2,0
11,2021,12,18,4,2,6,2,0,1,0,0,0,0,1,1,2,1,0
7,2019,7,8,6,4,6,0,1,1,0,0,0,0,0,0,0,2,0
8,2021,4,18,5,2,6,0,0,1,0,0,0,0,0,1,2,1,0
1,2021,10,17,7,5,2,0,1,1,0,0,0,0,0,0,1,1,0
6,2021,5,12,4,2,6,0,0,1,0,1,0,0,0,1,2,1,0
1,2020,8,14,3,5,2,0,0,1,0,1,0,0,0,0,1,1,0
5,2019,2,14,7,0,2,0,1,1,0,0,0,0,0,0,0,1,0
4,2019,8,16,5,0,3,0,1,1,0,0,0,0,0,0,0,0,0
8,2018,12,15,5,2,6,1,0,1,0,0,0,0,0,0,0,1,0
1,2019,7,8,4,6,7,0,0,1,1,0,0,0,0,0,0,2,0
5,2020,10,14,3,5,2,0,1,1,0,0,0,0,0,1,1,1,0
11,2018,8,11,7,2,7,0,1,1,0,0,0,0,0,0,0,1,0
9,2020,5,14,4,5,3,0,0,1,0,0,1,0,0,1,1,0,0
7,2018,11,15,5,9,7,0,0,0,0,0,0,1,0,0,0,0,0
5,2021,8,15,5,2,2,0,0,1,0,0,0,1,0,0,1,1,0
6,2021,12,15,7,6,7,0,0,1,1,0,0,0,1,1,2,1,0
2,2020,8,20,7,1,5,2,1,1,0,0,0,0,0,0,1,1,0
3,2019,8,7,4,5,2,0,1,0,0,0,0,1,0,0,0,0,0
11,2018,10,9,1,5,3,0,1,1,0,0,0,0,0,0,0,1,0
3,2018,3,6,1,0,1,0,1,0,0,0,0,0,0,0,0,1,1
1,2018,5,14,7,0,1,0,0,0,0,1,0,0,0,0,0,0,0
1,2020,9,18,3,2,6,0,0,1,0,0,0,0,0,0,1,0,0
2,2018,12,13,3,2,6,0,1,0,0,0,0,1,1,0,0,1,0
1,2020,9,15,5,2,6,0,0,1,0,0,0,0,0,0,1,0,0
2,2021,9,16,5,5,2,0,1,0,0,0,0,0,0,0,1,0,1
7,2018,12,13,1,1,5,0,1,1,0,0,0,1,0,0,0,1,0
4,2020,8,14,4,2,6,0,0,1,0,0,0,0,0,0,1,1,0
10,2019,7,12,6,5,3,0,0,1,0,0,0,1,1,0,0,2,0
8,2021,8,16,3,2,3,0,1,1,0,0,0,0,0,0,1,1,0
6,2019,1,16,3,6,4,0,0,1,1,0,0,0,0,0,0,1,1
1,2020,10,13,6,2,6,0,0,1,0,0,0,0,0,1,1,1,0
12,2020,5,11,6,5,2,0,1,0,0,0,1,0,0,1,1,0,0
4,2021,5,23,6,5,3,2,0,1,0,0,0,0,0,1,2,1,0
12,2018,1,6,6,5,3,2,0,1,0,0,0,0,1,0,0,0,0
2,2019,3,20,1,5,2,2,1,1,0,0,0,0,1,0,0,0,0
7,2021,12,16,6,6,2,2,0,1,1,0,0,0,1,1,2,1,0
6,2019,12,9,6,5,3,0,1,1,0,0,0,0,1,0,0,1,1
5,2018,5,15,5,2,6,0,0,1,0,0,0,1,0,0,0,0,0
1,2021,7,0,4,5,2,2,1,0,0,0,0,1,1,0,1,2,0
7,2021,9,15,7,1,5,0,1,1,0,0,0,1,0,0,1,0,0
1,2018,8,13,6,5,7,0,1,1,0,0,0,0,0,0,0,1,0
5,2021,8,19,2,5,3,1,0,1,0,1,0,0,0,0,1,1,0
2,2018,7,14,5,0,4,0,1,0,1,0,0,0,0,0,0,2,0
1,2020,10,8,3,3,6,0,1,1,0,1,0,0,0,1,1,1,0
7,2019,2,18,5,5,2,1,0,1,0,1,0,0,1,0,0,1,0
2,2021,8,13,1,3,6,0,0,1,0,0,0,0,1,0,1,1,1
12,2019,9,8,6,5,3,0,1,1,0,0,0,0,0,0,0,0,0
1,2019,4,9,2,5,3,0,1,1,0,0,0,0,0,0,0,1,0
2,2020,10,14,5,5,2,0,1,1,0,0,0,0,1,1,1,1,0
3,2019,11,17,3,2,6,2,0,1,0,0,0,0,0,0,0,0,0
9,2019,6,21,4,5,3,1,0,1,0,1,0,0,0,0,0,1,0
2,2021,12,14,3,5,2,0,1,1,0,0,0,0,1,1,2,1,0
1,2020,7,16,2,5,2,0,1,1,0,0,0,0,1,0,1,2,0
1,2021,7,14,3,5,3,0,0,1,0,0,0,0,0,0,1,2,0
4,2021,7,9,7,0,3,0,0,1,0,1,0,0,1,0,1,2,0
7,2018,12,22,1,5,2,2,0,1,0,0,0,0,1,0,0,1,0
6,2020,1,18,2,6,4,2,0,1,1,0,0,0,1,0,0,1,1
9,2018,10,16,5,5,3,0,0,1,0,0,1,0,0,0,0,1,0
4,2021,8,17,3,0,2,0,1,1,0,0,0,0,0,0,1,1,0
1,2021,10,11,6,0,2,0,0,1,0,1,0,0,0,0,1,1,0
5,2019,7,10,2,5,2,0,0,1,0,0,0,0,0,0,0,2,0
3,2020,10,17,5,0,3,0,1,0,0,0,0,1,0,1,1,1,0
8,2018,4,12,7,3,6,0,1,0,0,0,0,1,0,0,0,1,1
3,2021,9,10,5,1,7,0,0,1,0,0,0,0,0,0,1,0,1
11,2021,4,11,3,2,7,0,0,1,0,0,0,0,0,1,2,1,0
1,2021,7,17,6,0,1,0,1,0,0,0,0,0,0,0,1,2,1
2,2019,11,11,5,5,7,0,1,1,0,0,0,0,0,0,0,0,0
3,2021,9,16,6,2,1,0,0,1,0,0,0,0,0,0,1,0,0
2,2019,3,10,3,5,2,0,1,1,0,0,0,0,1,0,0,0,0
5,2020,1,9,5,6,2,0,0,0,1,0,0,1,1,0,0,1,0
5,2018,3,18,2,0,4,1,0,0,1,1,0,0,0,0,0,1,0
12,2020,1,16,3,1,5,1,0,1,0,0,0,0,1,0,0,1,0
5,2021,3,11,4,2,6,0,0,1,0,0,0,0,0,0,2,0,1
2,2020,8,10,4,5,2,0,1,1,0,0,0,0,0,0,1,1,0
6,2020,8,7,7,5,2,0,1,1,0,0,0,0,0,0,1,1,0
3,2019,6,7,5,5,3,0,1,1,0,0,0,0,0,0,0,1,1
1,2018,11,12,1,5,3,0,1,1,0,0,0,0,0,0,0,0,0
9,2018,9,12,7,3,6,0,0,1,0,0,0,0,0,0,0,0,0
4,2018,1,14,2,5,3,0,1,0,0,0,0,1,0,0,0,0,0
12,2019,5,15,6,5,3,0,0,1,0,0,0,0,0,0,0,0,0
3,2019,10,13,4,5,2,0,1,1,0,0,0,0,1,0,0,1,0
3,2019,12,12,7,0,5,0,0,1,0,0,0,1,1,0,0,1,0
1,2018,7,20,7,6,4,0,0,0,1,0,0,1,1,0,0,2,0
11,2018,6,15,6,3,6,0,0,1,0,1,0,0,0,0,0,0,0
2,2021,12,10,4,0,7,0,1,0,0,0,0,0,0,1,2,1,0
11,2021,10,15,5,2,6,1,0,1,0,1,0,0,1,0,1,1,0
1,2021,3,11,4,3,6,0,1,0,0,0,0,0,0,0,2,0,1
2,2021,12,22,7,2,2,2,0,1,0,0,0,0,1,1,2,1,0
4,2018,3,15,7,5,7,0,0,1,0,1,0,0,1,0,0,1,0
1,2020,12,11,4,5,2,0,1,1,0,0,0,0,1,1,2,1,0
1,2019,8,12,5,2,7,0,1,1,0,0,0,0,0,0,0,0,0
1,2018,7,16,4,2,6,0,0,1,0,1,0,0,1,0,0,2,0
2,2020,2,12,3,1,5,0,1,0,0,0,1,0,1,0,0,1,0
1,2021,8,18,7,6,2,0,1,0,1,0,0,0,1,0,1,1,1
11,2021,9,12,7,5,3,0,0,1,0,1,0,0,1,0,1,0,0
12,2020,10,16,4,2,6,1,0,1,0,1,0,0,0,1,1,1,0
1,2020,9,8,2,5,2,0,1,0,0,0,1,0,0,0,1,0,1
4,2018,12,11,4,6,4,0,0,1,1,0,0,0,0,0,0,1,0
2,2018,8,17,3,5,2,0,1,1,0,0,0,0,0,0,0,1,0
11,2018,3,10,7,1,7,0,0,1,0,0,0,0,0,0,0,1,0