BEZ,UJAHR,UMONAT,USTUNDE,UWOCHENTAG,UART,UTYP1,ULICHTVERH,IstRad,IstPKW,IstFuss,IstKrad,IstGkfz,IstSonstige,USTRZUSTAND,LOCKDOWN,COVID,FERIEN,UKATEGORIE
6,2021,8,22,4,6,4,2,0,0,1,1,0,0,1,0,1,1,0
11,2020,9,14,1,5,3,0,1,1,0,0,0,0,0,0,1,0,1
5,2021,11,17,2,6,4,1,0,1,1,0,0,0,1,0,2,0,0
6,2018,9,17,2,1,5,0,0,1,0,0,0,0,0,0,0,0,0
4,2019,2,10,4,0,1,0,0,0,0,1,0,0,0,0,0,1,0
2,2018,7,13,4,5,3,0,1,0,0,0,0,0,0,0,0,2,0
6,2019,10,13,7,0,1,0,1,0,0,0,0,0,0,0,0,1,0
9,2020,10,14,2,5,3,0,1,0,0,1,0,0,0,1,1,1,0
2,2020,11,20,6,2,6,2,1,1,0,0,0,0,0,1,2,0,0
12,2020,12,16,3,0,5,2,0,1,0,0,0,1,0,1,2,1,0
3,2021,10,14,6,5,2,0,0,0,0,0,1,1,1,0,1,1,0
8,2018,9,16,3,6,4,0,0,1,1,0,0,0,0,0,0,0,0
1,2018,11,14,5,6,7,0,1,0,1,0,0,0,0,0,0,0,0
9,2020,3,17,6,5,3,1,1,1,0,0,0,0,1,1,1,0,0
4,2020,7,9,3,5,2,0,1,1,0,0,0,0,0,0,1,2,0
6,2018,5,12,3,6,7,0,0,1,1,0,0,0,0,0,0,0,0
3,2018,8,14,2,5,2,0,0,1,0,1,0,0,0,0,0,1,0
6,2019,12,8,6,5,7,0,0,0,0,1,0,1,0,0,0,1,0
2,2020,4,13,7,5,2,0,0,1,0,1,0,0,0,1,2,1,1
4,2018,12,10,2,2,7,0,0,1,0,0,0,0,0,0,0,1,0
3,2018,8,9,4,2,6,0,0,1,0,0,0,0,0,0,0,1,0
5,2021,8,12,4,0,7,0,1,0,0,0,0,0,0,0,1,1,0
4,2019,5,16,2,0,3,0,0,1,0,0,0,1,0,0,0,0,0
8,2019,9,18,1,2,7,2,0,1,0,1,0,1,1,0,0,0,0
5,2021,5,13,7,2,6,0,0,1,0,1,0,0,0,1,2,1,0
6,2019,1,17,3,6,2,2,0,1,1,0,0,0,1,0,0,1,0
5,2021,5,8,6,5,3,0,0,1,0,0,0,0,0,1,2,1,0
2,2021,11,14,4,3,6,0,1,1,0,0,0,0,0,0,2,0,0
8,2018,5,11,7,7,7,0,1,0,0,0,0,0,0,0,0,0,0
4,2021,3,12,3,5,2,0,0,1,0,0,0,0,0,0,2,0,0
3,2021,11,10,5,1,5,0,1,1,0,0,0,0,0,0,2,0,0
12,2020,8,8,5,5,3,0,1,1,0,0,0,0,0,0,1,1,0
11,2021,11,18,5,2,6,1,0,1,0,0,0,0,1,0,2,0,1
4,2020,2,19,7,2,6,2,0,1,0,0,0,0,0,0,0,1,0
5,2020,8,9,4,5,2,0,0,1,0,0,0,0,0,0,1,1,0
2,2021,6,9,5,0,1,0,0,0,0,1,0,0,0,0,1,1,0
4,2021,8,12,5,3,2,0,0,1,0,0,0,0,1,0,1,1,0
6,2021,12,20,6,5,2,2,0,1,0,0,0,0,0,1,2,1,0
12,2021,7,10,3,6,4,0,0,1,1,0,0,0,0,0,1,2,0
12,2018,10,9,4,5,2,0,0,1,0,0,0,0,0,0,0,1,0
2,2018,10,12,6,2,6,0,0,0,0,1,0,1,0,0,0,1,0
3,2021,7,11,2,0,3,0,0,1,0,0,0,1,1,0,1,2,0
9,2021,6,16,2,4,6,0,1,0,0,0,0,0,0,0,1,1,0
3,2019,4,19,3,5,2,1,1,1,0,0,0,0,0,0,0,1,1
9,2020,12,12,7,1,5,0,0,1,0,0,0,1,0,1,2,1,0
9,2018,3,15,4,6,4,0,0,1,1,0,0,0,0,0,0,1,0
12,2018,5,12,6,5,3,0,1,1,0,0,0,0,0,0,0,0,0
1,2018,1,9,2,1,5,0,1,1,0,0,0,0,0,0,0,0,0
3,2020,10,8,5,2,6,0,0,1,0,1,0,0,0,1,1,1,0
1,2021,6,16,3,5,3,0,1,1,0,0,0,0,0,0,1,1,0
7,2018,9,15,4,5,2,0,1,1,0,0,0,0,0,0,0,0,0
2,2020,12,15,5,1,5,1,1,1,0,0,0,0,0,1,2,1,1
4,2018,7,10,4,5,2,0,0,1,0,0,0,0,0,0,0,2,0
9,2021,9,7,6,5,3,0,1,0,0,0,0,0,0,0,1,0,0
4,2021,11,16,4,2,6,1,0,1,0,1,0,0,0,0,2,0,0
3,2018,11,6,4,5,2,2,1,1,0,0,0,0,0,0,0,0,0
1,2019,7,10,5,1,5,0,1,1,0,0,0,0,0,0,0,2,0
9,2019,4,17,6,5,3,0,1,1,0,0,0,0,0,0,0,1,0
4,2020,4,11,4,3,6,0,0,1,0,1,0,0,0,1,2,1,0
12,2019,4,13,3,5,2,0,0,1,0,0,0,0,0,0,0,1,0
6,2019,12,12,7,5,3,0,0,1,0,0,0,0,1,0,0,1,0
3,2018,8,19,1,5,3,0,1,1,0,0,0,0,0,0,0,1,0
6,2018,6,12,5,1,5,0,1,1,0,0,0,0,0,0,0,0,0
6,2021,9,14,6,5,3,0,1,1,0,0,0,0,1,0,1,0,1
1,2019,7,19,2,0,6,0,1,1,0,0,0,0,1,0,0,2,0
8,2018,6,9,5,5,7,0,0,1,0,1,0,0,0,0,0,0,0
6,2019,12,18,5,5,3,2,1,1,0,0,0,0,0,0,0,1,0
1,2020,6,15,3,3,6,0,0,0,0,1,0,1,0,0,1,1,0
4,2019,12,15,4,0,6,0,0,1,0,0,0,1,0,0,0,1,0
3,2021,7,15,7,6,4,0,1,0,1,0,0,0,0,0,1,2,0
12,2021,2,22,4,8,1,2,0,1,0,0,0,0,1,1,2,1,0
2,2019,9,13,5,5,3,0,1,0,0,0,0,1,0,0,0,0,0
8,2021,7,20,6,1,5,0,1,1,0,0,0,0,0,0,1,2,0
6,2020,10,12,4,5,3,0,0,1,0,1,0,0,0,1,1,1,0
3,2021,5,20,4,6,4,1,0,1,1,0,0,0,0,1,2,1,0
3,2018,3,10,3,6,4,0,1,0,1,0,0,0,0,0,0,1,0
4,2020,8,12,6,2,6,0,0,1,0,0,0,0,0,0,1,1,0
9,2018,4,16,4,3,6,0,0,1,0,1,0,0,0,0,0,1,0
3,2018,3,8,4,5,3,0,1,1,0,0,0,0,0,0,0,1,0
4,2018,7,13,7,1,5,0,1,1,0,0,0,0,0,0,0,2,0
1,2019,6,19,2,5,3,0,0,1,0,0,0,1,0,0,0,1,0
4,2019,5,13,5,0,1,0,1,0,0,0,0,0,0,0,0,0,0
10,2019,6,7,6,5,3,0,1,1,0,0,0,0,0,0,0,1,0
2,2021,8,16,2,6,4,0,0,1,1,0,0,0,0,0,1,1,0
2,2020,12,18,1,0,1,2,0,0,0,1,0,0,1,1,2,1,0
7,2018,12,19,2,6,4,2,1,0,1,0,0,0,1,0,0,1,0
12,2018,4,16,3,5,2,0,0,1,0,0,0,0,0,0,0,1,0
7,2020,12,17,4,5,2,2,0,1,0,0,0,0,1,1,2,1,0
8,2019,3,21,7,6,4,2,0,1,1,0,0,0,1,0,0,0,1
2,2018,12,22,7,2,2,2,0,1,0,0,0,0,1,0,0,1,0
4,2018,10,15,6,5,3,0,1,1,0,0,0,0,0,0,0,1,0
1,2018,10,19,2,5,3,2,0,1,0,0,0,1,0,0,0,1,0
7,2018,5,15,1,5,3,0,0,1,0,0,0,0,0,0,0,0,0
1,2019,6,9,6,3,6,0,1,0,0,0,1,0,0,0,0,1,0
8,2021,7,19,6,5,3,0,1,1,0,0,0,0,0,0,1,2,0
2,2021,8,16,6,5,3,0,1,1,0,0,0,0,0,0,1,1,1
1,2020,9,17,3,1,5,0,1,1,0,0,0,0,0,0,1,0,0
9,2020,6,12,6,1,5,0,1,1,0,0,0,0,0,0,1,1,0
5,2021,6,18,5,2,6,0,1,1,0,0,0,0,0,0,1,1,1
1,2018,1,18,6,0,5,2,1,1,0,0,0,0,1,0,0,0,0
6,2019,8,11,1,5,3,0,0,1,0,0,0,0,1,0,0,0,1
12,2019,7,4,4,5,3,1,1,1,0,0,0,0,0,0,0,2,0
6,2019,5,17,5,6,4,0,0,1,1,0,0,0,0,0,0,0,1
9,2021,4,12,1,9,1,0,0,1,0,0,0,0,1,1,2,1,1
7,2020,3,16,7,2,6,0,0,1,0,0,0,0,0,1,1,0,0
1,2018,5,21,4,1,5,2,1,1,0,0,0,0,0,0,0,0,0
2,2018,1,11,2,6,4,0,1,0,1,0,0,0,0,0,0,0,1
2,2019,3,15,5,5,3,0,1,1,0,0,0,0,1,0,0,0,0
4,2021,6,18,4,3,6,0,0,1,0,0,0,0,1,0,1,1,0
11,2018,11,13,5,0,3,0,0,1,0,1,0,0,0,0,0,0,0
1,2019,10,20,2,2,6,2,1,1,0,0,0,0,0,0,0,1,0
6,2019,7,11,2,5,3,0,0,1,0,0,0,1,0,0,0,2,0
3,2021,8,13,3,5,2,0,1,1,0,0,0,0,0,0,1,1,0
12,2021,3,13,1,9,1,0,0,1,0,0,0,0,0,0,2,0,1
12,2019,2,17,6,6,4,2,0,1,1,0,0,0,0,0,0,1,0
9,2020,7,15,4,5,2,0,0,1,0,0,0,1,1,0,1,2,0
3,2018,10,10,2,2,6,0,0,1,0,0,0,0,0,0,0,1,0
4,2020,4,14,4,2,6,0,0,1,0,0,0,1,0,1,2,1,0
7,2019,4,10,4,5,2,0,0,1,0,0,0,0,0,0,0,1,0
9,2018,10,5,2,2,6,2,0,1,0,0,0,0,0,0,0,1,0
4,2020,8,14,7,5,2,0,0,1,0,1,0,0,0,0,1,1,0
7,2020,12,12,2,5,2,0,1,0,0,0,0,1,1,1,2,1,0
4,2018,8,14,4,5,2,0,0,1,0,0,0,0,0,0,0,1,0
7,2019,10,17,6,5,3,1,0,1,0,0,0,0,1,0,0,1,0
6,2021,12,15,3,6,4,1,0,0,1,0,0,1,0,1,2,1,0
4,2021,8,13,5,0,7,0,0,0,0,1,0,1,1,0,1,1,0
1,2019,12,12,5,0,2,0,1,1,0,0,0,0,0,0,0,1,0
2,2020,3,5,5,5,3,2,1,1,0,0,0,0,1,1,1,0,0
7,2019,12,18,5,3,6,2,0,1,0,0,0,0,0,0,0,1,0
2,2021,12,7,5,5,2,1,1,1,0,0,0,0,1,1,2,1,0
10,2020,8,17,2,0,1,0,0,0,0,1,0,0,1,0,1,1,1
9,2019,8,8,6,0,2,0,1,1,0,0,0,0,0,0,0,0,0
1,2019,10,8,2,0,6,0,1,1,0,0,0,0,0,0,0,1,0
3,2021,10,16,4,5,3,0,1,1,0,0,0,0,1,0,1,1,0
3,2019,7,15,3,0,1,0,1,0,0,0,0,0,0,0,0,2,0
1,2018,8,8,5,5,2,0,1,1,0,0,0,0,0,0,0,1,0
12,2019,12,20,3,5,2,2,0,1,0,0,0,0,0,0,0,1,0
3,2018,5,8,6,5,3,0,0,1,0,0,0,0,0,0,0,0,0
12,2019,6,8,2,5,2,0,1,1,0,0,0,0,0,0,0,1,0
3,2020,2,17,2,0,1,2,0,1,0,1,0,0,1,0,0,1,1
1,2020,6,11,7,6,7,0,0,0,1,0,0,1,0,0,1,1,0
3,2020,10,14,5,5,2,0,1,1,0,0,0,0,0,1,1,1,0
9,2021,8,15,4,5,2,0,0,1,0,0,0,0,0,0,1,1,0
1,2018,1,20,2,5,3,2,1,0,0,0,0,0,0,0,0,0,0
10,2021,8,7,4,2,6,0,0,1,0,0,1,1,0,0,1,1,0
8,2018,9,13,6,5,7,0,1,1,0,0,0,0,0,0,0,0,0
7,2018,2,11,4,5,3,0,1,1,0,0,0,0,0,0,0,1,1
1,2020,6,7,3,2,7,0,1,1,0,0,0,0,0,0,1,1,0
3,2019,1,8,4,5,3,0,0,1,0,1,0,0,0,0,0,1,0
1,2020,10,11,3,5,7,0,1,1,0,0,0,0,0,1,1,1,0
11,2018,12,17,5,5,3,2,1,1,0,0,0,0,0,0,0,1,0
4,2021,11,10,5,5,2,0,1,1,0,0,0,0,1,0,2,0,0
1,2018,5,16,5,5,7,0,0,1,0,1,0,0,0,0,0,0,0
4,2021,6,8,5,2,6,0,0,1,0,0,0,0,1,0,1,1,0
12,2021,10,23,1,1,1,2,0,1,0,0,0,0,0,0,1,1,1
12,2020,5,8,4,5,3,0,1,1,0,0,0,0,0,1,1,0,1
1,2021,11,9,3,0,6,0,1,1,0,0,0,0,0,0,2,0,0
8,2018,8,17,3,5,3,0,0,1,0,0,0,0,0,0,0,1,0
2,2021,5,12,5,3,5,0,1,0,0,0,1,1,0,1,2,1,1
9,2019,6,16,2,5,3,0,0,1,0,1,0,0,0,0,0,1,0
7,2018,2,19,5,2,6,2,0,1,0,0,0,0,0,0,0,1,0
3,2020,9,16,6,2,6,0,0,1,0,0,1,0,0,0,1,0,0
1,2018,7,18,3,5,2,0,1,1,0,0,0,0,0,0,0,2,0
8,2021,6,17,2,2,6,0,0,1,0,0,0,0,0,0,1,1,0
8,2020,10,17,2,0,7,0,0,1,0,1,0,0,1,1,1,1,0
7,2018,3,16,4,5,3,0,0,1,0,0,0,0,1,0,0,1,0
8,2019,6,16,7,5,2,0,0,1,0,1,0,0,0,0,0,1,0
3,2019,10,6,4,5,3,0,1,0,0,0,0,1,1,0,0,1,0
5,2021,12,16,1,6,4,2,0,1,1,0,0,0,1,1,2,1,0
4,2021,6,16,5,2,6,0,0,1,0,0,0,1,0,0,1,1,0
4,2019,11,13,5,2,6,0,0,1,0,0,0,0,0,0,0,0,1
4,2021,6,21,1,2,6,1,0,0,0,0,0,1,0,0,1,1,0
3,2018,9,7,5,0,2,1,1,1,0,0,0,0,0,0,0,0,0
11,2018,5,15,5,2,6,0,0,1,0,0,0,1,0,0,0,0,0
11,2018,5,5,4,5,2,0,1,1,0,0,0,0,0,0,0,0,0
3,2020,3,0,7,1,5,2,1,1,0,0,0,0,1,1,1,0,0
1,2018,7,18,7,5,2,0,0,1,0,0,0,0,0,0,0,2,0
2,2019,9,21,6,0,1,2,1,0,0,0,0,0,0,0,0,0,0
2,2018,10,9,2,5,3,0,1,0,0,0,0,0,0,0,0,1,0
12,2021,8,11,7,5,3,0,0,1,0,0,0,0,0,0,1,1,0
2,2020,1,8,3,5,3,0,1,1,0,0,0,0,0,0,0,1,0
4,2019,11,6,4,6,2,2,0,1,1,0,0,0,1,0,0,0,0
12,2019,8,0,7,4,6,2,0,1,0,0,0,0,1,0,0,0,0
2,2019,8,14,5,4,7,0,1,0,0,0,0,0,0,0,0,0,0
2,2021,9,12,3,2,6,0,0,1,0,0,0,1,0,0,1,0,0
11,2019,6,11,5,5,3,0,1,1,0,0,0,0,0,0,0,1,1
8,2018,8,11,7,1,5,0,1,1,0,0,0,0,0,0,0,1,0
4,2020,1,11,3,5,2,0,0,1,0,1,0,0,1,0,0,1,0
7,2020,4,11,7,5,2,0,1,1,0,0,0,0,0,1,2,1,0
2,2020,4,16,5,5,2,0,1,1,0,0,0,0,0,1,2,1,0
2,2019,3,15,2,5,2,0,1,1,0,0,0,0,0,0,0,0,0
11,2019,8,15,3,5,2,0,1,0,0,0,1,0,0,0,0,0,0
1,2018,7,11,1,1,5,0,0,1,0,0,0,1,0,0,0,2,0
1,2019,2,19,7,2,6,2,0,1,0,0,0,0,0,0,0,1,0
10,2018,6,6,6,2,6,0,0,1,0,0,0,0,0,0,0,0,0
1,2018,12,9,4,5,2,0,1,1,0,0,0,0,0,0,0,1,0
12,2020,9,16,5,5,2,0,0,1,0,0,0,0,0,0,1,0,1
8,2018,9,12,5,3,6,0,0,1,0,1,0,0,0,0,0,0,0
1,2021,2,19,4,9,1,2,0,1,0,0,0,0,0,1,2,1,0
7,2021,6,21,7,1,7,2,1,0,0,0,0,1,0,0,1,1,0
8,2020,6,8,4,6,7,0,0,1,1,0,0,0,0,0,1,1,0
9,2021,4,16,2,2,2,0,0,1,0,1,0,0,0,1,2,1,0
1,2018,10,15,5,6,4,0,0,1,1,0,0,0,0,0,0,1,0
12,2018,6,16,5,5,2,0,0,1,0,0,0,0,0,0,0,0,0
8,2019,11,8,4,3,6,0,0,1,0,0,1,0,1,0,0,0,0
6,2018,7,8,3,5,3,0,1,1,0,0,0,0,0,0,0,2,0
1,2018,5,14,7,3,1,0,0,1,0,1,0,0,0,0,0,0,1
4,2021,11,17,5,2,6,2,0,1,0,0,0,0,1,0,2,0,0
10,2018,1,15,5,5,3,0,1,1,0,0,0,0,1,0,0,0,0
1,2018,2,15,3,5,2,0,1,1,0,0,0,0,0,0,0,1,0
1,2020,6,15,3,1,5,0,0,1,0,0,0,1,0,0,1,1,0
12,2020,3,16,1,5,3,0,1,0,0,0,0,0,0,1,1,0,0
7,2021,4,1,4,1,5,2,1,1,0,0,0,0,0,1,2,1,1
7,2021,11,16,2,6,2,0,0,1,1,0,0,0,0,0,2,0,0
9,2020,7,13,2,2,6,0,0,1,0,0,0,0,0,0,1,2,0
5,2018,5,19,1,5,3,0,0,1,0,0,0,1,0,0,0,0,0
10,2021,10,8,2,5,3,0,1,1,0,0,0,0,0,0,1,1,0
12,2018,7,9,5,5,3,0,0,1,0,0,0,0,0,0,0,2,0
3,2020,9,2,5,2,6,2,1,1,0,0,0,0,0,0,1,0,0
1,2020,1,19,3,1,5,2,0,1,0,0,0,0,1,0,0,1,0
5,2019,8,11,6,2,6,0,0,1,0,0,0,0,0,0,0,0,0
8,2020,5,14,4,5,3,0,1,1,0,0,0,0,0,1,1,0,0
1,2018,9,8,5,2,6,0,0,1,0,0,0,0,0,0,0,0,0
5,2018,7,12,6,0,1,0,1,0,0,0,0,0,0,0,0,2,0
4,2020,6,9,5,3,6,0,0,1,0,0,1,0,0,0,1,1,0
3,2019,11,3,7,5,3,2,1,1,0,0,0,0,0,0,0,0,0
2,2018,10,20,3,6,2,2,0,1,1,0,0,0,1,0,0,1,0
3,2018,11,7,6,3,2,0,1,1,0,0,0,0,0,0,0,0,1
6,2018,12,18,5,6,4,2,0,1,1,0,0,0,0,0,0,1,1
8,2019,9,18,3,6,4,2,0,0,1,1,0,0,1,0,0,0,0
5,2021,10,10,7,5,3,0,0,1,0,0,0,0,0,0,1,1,0
4,2018,6,16,3,5,3,0,0,1,0,1,0,0,0,0,0,0,0
4,2019,6,15,5,0,2,0,1,1,0,0,0,0,0,0,0,1,0
8,2018,6,10,4,2,6,0,0,1,0,0,0,0,0,0,0,0,0
1,2020,4,20,4,2,6,0,0,1,0,0,0,0,0,1,2,1,0
2,2019,7,10,2,3,6,0,1,0,0,0,0,0,0,0,0,2,0
9,2019,1,11,7,4,6,0,0,1,0,0,0,0,1,0,0,1,1
12,2020,10,14,4,5,3,0,0,1,0,0,0,0,1,1,1,1,0
4,2020,5,16,4,1,5,0,1,1,0,0,0,0,0,1,1,0,0
2,2019,7,4,7,5,3,1,0,1,0,0,0,0,0,0,0,2,0
6,2018,12,2,7,9,1,2,0,1,0,0,0,0,1,0,0,1,1
6,2018,8,18,5,0,4,0,0,1,1,0,0,0,0,0,0,1,1
7,2021,8,15,2,5,2,0,0,1,0,1,0,0,0,0,1,1,0
4,2018,8,8,5,5,2,0,1,1,0,0,0,0,0,0,0,1,0
7,2021,7,8,5,2,6,0,0,1,0,0,0,1,1,0,1,2,0
7,2020,2,19,5,5,5,2,0,1,0,1,0,0,1,0,0,1,1
3,2018,6,18,1,6,4,0,0,1,1,0,0,0,0,0,0,0,1
4,2019,9,14,4,5,3,0,0,1,0,1,0,0,0,0,0,0,0
1,2020,11,7,6,5,2,1,1,1,0,0,0,0,1,1,2,0,0
9,2019,10,7,6,2,6,1,0,1,0,0,0,0,1,0,0,1,0
12,2021,11,0,2,3,6,2,0,1,0,0,0,1,1,0,2,0,0
1,2018,3,7,6,2,6,0,0,1,0,0,0,1,1,0,0,1,0
2,2020,9,8,6,5,3,0,1,1,0,0,0,0,0,0,1,0,0
3,2021,1,20,2,2,6,2,0,1,0,0,0,0,0,1,2,0,0
8,2021,8,14,3,1,5,0,1,1,0,0,0,0,0,0,1,1,0
1,2021,7,19,5,0,1,0,1,0,0,0,0,0,0,0,1,2,1
4,2021,11,19,7,6,4,2,0,1,1,0,0,0,1,0,2,0,1
7,2018,5,9,1,6,2,0,0,1,1,0,0,0,0,0,0,0,0
1,2018,6,13,5,5,3,0,1,1,0,0,0,0,0,0,0,0,0
8,2018,7,18,3,5,2,0,0,1,0,0,0,0,0,0,0,2,0
1,2020,6,15,7,2,6,0,0,1,0,0,0,0,1,0,1,1,0
1,2020,6,16,7,0,1,0,0,0,0,1,0,0,1,0,1,1,1
4,2018,5,10,5,3,6,0,1,0,0,1,0,0,0,0,0,0,0
8,2020,10,18,5,2,6,2,0,1,0,0,0,0,1,1,1,1,0
3,2018,4,16,3,5,2,0,0,1,0,0,0,0,0,0,0,1,0
4,2019,7,14,3,6,7,0,1,0,1,0,0,0,0,0,0,2,0
11,2019,4,23,7,0,1,2,1,0,0,0,0,0,0,0,0,1,0
4,2021,7,16,2,3,6,0,0,1,0,0,1,0,0,0,1,2,0
7,2020,6,15,4,2,6,0,0,1,0,0,0,0,0,0,1,1,0
3,2019,8,14,5,5,2,0,1,1,0,0,0,0,0,0,0,0,0
1,2020,10,15,5,6,4,0,0,1,1,0,0,0,0,1,1,1,0
5,2020,12,9,1,6,2,0,0,1,1,0,0,0,0,1,2,1,1
2,2020,8,15,7,2,6,0,0,1,0,0,0,0,0,0,1,1,1
3,2021,5,9,2,0,1,0,1,0,0,0,0,0,0,1,2,1,0
8,2018,11,9,2,5,3,0,0,1,1,0,0,1,0,0,0,0,1
2,2021,5,16,2,2,6,0,0,1,0,0,0,0,0,1,2,1,0
9,2021,4,15,3,0,1,0,1,0,0,0,0,0,0,1,2,1,0
4,2019,4,9,4,3,6,0,1,1,0,0,0,0,0,0,0,1,0
9,2020,11,12,3,5,3,0,1,1,0,0,0,0,1,1,2,0,0
8,2020,2,23,4,6,4,2,1,0,1,0,0,0,1,0,0,1,1
8,2019,8,11,7,3,6,0,1,1,0,0,0,0,0,0,0,0,0
10,2021,3,14,6,5,3,0,0,1,0,0,0,0,0,0,2,0,0
6,2018,11,14,6,5,3,1,1,1,0,0,0,0,1,0,0,0,0
7,2021,12,16,6,2,6,2,0,1,0,0,0,0,1,1,2,1,0
8,2019,10,6,4,5,2,2,1,1,0,0,0,0,0,0,0,1,0
1,2018,9,11,7,5,2,0,1,1,0,0,0,0,0,0,0,0,0
12,2021,5,9,2,0,1,0,0,1,0,0,0,0,0,1,2,1,1
9,2018,8,7,6,5,3,0,0,1,0,1,0,0,0,0,0,1,0
4,2018,4,22,5,5,3,2,0,1,0,0,0,0,0,0,0,1,0
3,2020,12,8,3,5,2,0,1,1,0,0,0,0,1,1,2,1,0
11,2019,9,8,1,6,4,0,0,1,1,0,0,0,0,0,0,0,0
6,2018,5,7,6,6,2,0,0,1,1,0,0,0,0,0,0,0,0
7,2019,3,22,6,5,3,2,0,1,0,0,0,0,0,0,0,0,0
7,2020,5,21,4,0,5,2,1,1,0,0,0,0,0,1,1,0,0
7,2018,8,14,1,2,6,0,0,1,0,0,0,0,0,0,0,1,0
12,2021,9,14,6,2,3,0,0,1,0,0,0,0,0,0,1,0,0
5,2020,9,7,3,0,1,0,0,0,0,1,0,0,0,0,1,0,0
12,2021,10,0,2,1,1,2,0,1,0,0,0,0,1,0,1,1,0
1,2021,9,11,2,0,7,0,0,1,0,1,0,0,0,0,1,0,0
11,2018,6,18,5,5,3,0,1,1,0,0,0,0,0,0,0,0,0
1,2019,8,16,5,1,7,0,1,1,0,0,0,0,0,0,0,0,0
6,2020,4,12,6,2,3,0,1,0,0,0,0,0,0,1,2,1,0
2,2020,11,10,2,5,3,0,1,1,0,0,0,0,1,1,2,0,0
1,2018,12,20,7,2,6,2,0,1,0,0,0,0,0,0,0,1,0
1,2018,9,8,5,3,6,0,1,1,0,0,0,0,1,0,0,0,0
1,2020,2,18,3,6,2,2,0,0,1,0,0,1,0,0,0,1,0
12,2021,7,9,3,0,2,0,0,0,0,0,0,1,0,0,1,2,0
12,2018,9,9,7,5,3,0,0,1,0,0,0,0,1,0,0,0,0
6,2021,3,15,5,5,2,0,0,1,0,0,0,0,0,0,2,0,0
12,2018,10,16,6,5,3,0,0,1,0,1,0,0,0,0,0,1,0
1,2018,9,8,3,5,2,0,1,1,0,0,0,0,0,0,0,0,0
7,2021,5,20,2,5,2,2,1,0,0,0,0,0,0,1,2,1,1
1,2020,4,2,1,0,1,2,1,0,0,0,0,0,0,1,2,1,0
7,2019,8,18,2,5,5,0,0,1,0,0,0,0,0,0,0,0,1
7,2018,3,15,2,5,3,0,0,1,0,0,0,0,0,0,0,1,0
1,2019,10,8,5,5,2,0,1,1,0,0,0,0,0,0,0,1,0
9,2019,3,6,5,2,6,0,0,0,0,0,1,0,1,0,0,0,0
6,2020,7,17,1,3,6,0,0,1,0,1,0,0,0,0,1,2,1
10,2018,1,19,5,5,2,2,0,1,0,0,0,1,1,0,0,0,0
9,2019,2,9,6,3,6,0,1,0,0,0,0,0,0,0,0,1,0
4,2021,10,17,7,5,2,0,0,1,0,0,0,0,0,0,1,1,0
5,2018,10,15,6,5,7,0,1,1,0,0,0,0,0,0,0,1,0
2,2020,1,19,3,5,2,2,1,1,0,0,0,0,1,0,0,1,0
5,2020,8,19,6,0,3,0,1,1,0,0,0,0,0,0,1,1,0
5,2021,12,8,2,2,6,0,0,1,0,1,0,0,0,1,2,1,0
7,2021,6,12,5,1,5,0,0,1,0,1,0,0,0,0,1,1,0
5,2019,3,16,4,5,2,0,0,1,0,0,0,0,0,0,0,0,0
4,2020,2,5,4,5,3,2,1,1,0,0,0,0,0,0,0,1,0
12,2021,6,11,3,1,5,0,1,1,0,0,0,0,0,0,1,1,0
4,2020,6,18,7,2,7,0,0,1,0,1,0,0,1,0,1,1,0
1,2018,12,18,7,2,6,2,0,1,0,0,0,0,1,0,0,1,0
9,2018,12,18,4,5,2,2,1,1,0,0,0,0,0,0,0,1,0
3,2021,6,3,5,3,6,2,0,1,0,0,1,0,0,0,1,1,0
8,2018,5,19,5,2,6,0,0,1,0,0,0,0,0,0,0,0,0
4,2018,12,20,4,5,3,2,1,1,0,0,0,0,0,0,0,1,1
1,2021,12,18,5,3,2,2,1,1,0,0,0,0,0,1,2,1,0
6,2018,10,13,3,2,6,0,0,1,0,0,0,0,0,0,0,1,0
8,2021,10,15,6,3,6,0,0,1,0,0,0,1,0,0,1,1,0
12,2019,5,15,7,0,1,2,0,1,0,0,0,0,0,0,0,0,0
2,2021,3,20,2,5,2,2,0,1,0,1,0,0,0,0,2,0,0
1,2019,4,17,2,5,3,0,1,1,0,0,0,0,0,0,0,1,1
4,2020,7,15,4,5,2,0,1,1,0,0,0,0,0,0,1,2,0
10,2018,7,13,1,0,2,0,1,1,0,0,0,0,0,0,0,2,1
2,2019,11,15,7,0,6,0,0,1,0,1,0,0,0,0,0,0,0
1,2020,1,6,5,5,3,2,1,1,0,0,0,0,1,0,0,1,0
8,2019,11,17,3,6,4,1,0,1,1,0,0,0,0,0,0,0,1
12,2021,8,12,1,0,1,0,0,0,0,1,0,0,0,0,1,1,1
3,2021,6,19,6,2,6,0,0,1,0,0,0,0,0,0,1,1,0
7,2018,7,17,6,5,3,0,0,1,0,1,0,0,0,0,0,2,0
8,2018,10,13,3,1,5,0,0,1,0,0,0,0,1,0,0,1,0
1,2021,10,9,7,5,3,0,1,1,0,0,0,0,0,0,1,1,0
8,2018,6,20,1,5,2,0,0,1,0,0,0,0,1,0,0,0,1
9,2019,2,20,3,2,6,2,0,1,0,0,0,0,1,0,0,1,0
9,2020,4,16,4,3,6,0,1,0,0,0,0,1,0,1,2,1,0
5,2019,9,19,3,5,2,2,0,1,0,0,0,0,0,0,0,0,0