BEZ,UJAHR,UMONAT,USTUNDE,UWOCHENTAG,UART,UTYP1,ULICHTVERH,IstRad,IstPKW,IstFuss,IstKrad,IstGkfz,IstSonstige,USTRZUSTAND,LOCKDOWN,COVID,FERIEN,UKATEGORIE
4,2018,8,8,2,0,6,0,0,1,0,1,0,0,0,0,0,1,0
4,2019,3,1,6,9,1,2,0,1,0,0,0,0,1,0,0,0,1
3,2018,9,17,2,0,3,0,0,1,0,0,0,0,0,0,0,0,0
1,2018,9,9,5,2,7,0,1,1,0,0,0,0,0,0,0,0,0
3,2019,12,6,2,2,6,2,0,1,0,0,0,0,0,0,0,1,0
1,2019,11,22,3,6,4,2,0,0,1,1,0,0,1,0,0,0,1
1,2018,10,23,6,0,1,2,1,0,0,0,0,0,0,0,0,1,1
6,2018,8,10,6,5,3,0,1,1,0,0,0,0,0,0,0,1,0
1,2020,7,9,3,1,5,0,1,1,0,0,0,0,0,0,1,2,0
3,2021,11,7,2,5,3,0,1,1,0,0,0,0,0,0,2,0,0
1,2018,1,19,2,5,7,2,0,1,0,0,0,0,1,0,0,0,0
12,2021,9,5,6,0,1,2,0,0,0,1,0,0,1,0,1,0,1
1,2018,5,15,1,6,4,0,1,0,1,0,0,0,0,0,0,0,0
5,2019,10,21,4,9,1,2,0,1,0,0,0,0,0,0,0,1,1
1,2019,3,14,7,1,5,0,1,1,0,0,0,0,0,0,0,0,0
4,2021,5,8,4,1,5,0,1,0,0,0,1,0,0,1,2,1,0
12,2019,9,16,2,0,4,0,0,1,1,0,0,0,0,0,0,0,0
4,2021,8,16,2,0,6,0,0,1,0,0,0,1,0,0,1,1,0
1,2021,12,8,4,5,3,0,0,1,0,0,0,0,0,1,2,1,0
7,2020,10,16,6,2,6,0,0,1,0,0,0,0,0,1,1,1,0
3,2020,6,10,5,0,7,0,0,1,0,1,0,0,1,0,1,1,0
6,2018,6,7,3,2,7,0,1,1,0,0,0,0,0,0,0,0,0
1,2018,12,13,6,2,6,1,0,1,0,0,0,0,1,0,0,1,0
12,2020,5,7,5,5,3,0,0,1,0,0,0,0,0,1,1,0,0
8,2020,7,17,6,2,3,0,1,1,0,0,0,0,0,0,1,2,0
6,2018,1,7,2,0,1,1,0,0,0,1,0,0,1,0,0,0,0
11,2020,8,13,1,6,4,0,0,1,1,0,0,0,0,0,1,1,1
7,2018,12,14,2,1,5,0,0,1,0,0,0,0,0,0,0,1,0
11,2018,4,15,6,2,6,0,0,1,0,0,0,0,0,0,0,1,0
7,2021,7,1,5,0,1,2,0,0,0,0,0,1,0,0,1,2,0
1,2019,10,18,1,6,4,1,0,1,1,0,0,0,0,0,0,1,1
2,2018,4,16,4,5,3,0,1,1,0,0,0,0,0,0,0,1,0
1,2018,3,19,2,1,5,2,1,1,0,0,0,0,1,0,0,1,0
3,2018,10,12,5,5,2,0,1,1,0,0,0,0,0,0,0,1,0
4,2018,10,12,3,2,6,0,0,1,0,1,0,0,1,0,0,1,0
3,2018,4,18,1,6,2,0,0,1,1,0,0,0,0,0,0,1,1
9,2018,4,12,2,6,7,0,0,1,1,0,0,0,1,0,0,1,0
1,2018,6,15,7,5,3,0,0,0,0,1,0,1,0,0,0,0,0
8,2020,10,20,5,5,3,2,0,0,0,1,0,1,0,1,1,1,0
9,2018,9,15,4,2,6,0,0,1,0,0,0,0,0,0,0,0,0
4,2018,10,9,5,6,7,0,0,1,1,0,0,0,0,0,0,1,1
2,2019,7,6,6,5,2,0,1,1,0,0,0,0,0,0,0,2,0
3,2018,12,18,6,5,7,2,1,1,0,0,0,0,1,0,0,1,0
4,2020,3,11,7,0,1,0,1,0,0,0,0,0,0,1,1,0,0
10,2020,5,9,7,5,3,0,1,1,0,0,0,0,0,1,1,0,0
2,2018,4,9,6,6,4,0,0,1,1,0,0,0,0,0,0,1,1
4,2021,12,9,5,2,6,0,0,1,0,0,0,0,2,1,2,1,0
11,2021,4,15,5,5,3,0,1,1,0,0,0,0,0,1,2,1,1
1,2020,12,6,5,2,6,2,0,1,0,0,0,1,1,1,2,1,0
2,2019,4,13,3,0,1,0,1,0,0,0,0,1,0,0,0,1,0
3,2018,10,20,3,5,7,2,1,1,0,0,0,0,1,0,0,1,0
11,2019,11,19,3,2,6,2,0,1,0,0,0,0,1,0,0,0,0
3,2018,8,9,6,2,6,0,0,1,0,1,0,0,0,0,0,1,0
2,2018,2,14,1,0,1,0,1,0,0,0,0,0,1,0,0,1,0
4,2018,9,16,2,2,7,0,0,1,0,0,0,0,1,0,0,0,0
3,2021,8,23,2,5,2,2,0,1,0,1,0,0,0,0,1,1,1
1,2021,8,3,1,0,7,2,0,0,0,0,0,1,1,0,1,1,0
3,2018,7,15,2,2,6,0,0,1,0,0,0,1,0,0,0,2,0
4,2020,10,16,4,2,6,0,0,1,0,0,0,0,1,1,1,1,0
1,2018,7,9,6,0,1,0,1,0,0,0,0,0,0,0,0,2,0
1,2020,1,13,6,5,3,0,0,1,0,0,0,0,1,0,0,1,0
1,2020,9,14,3,2,6,0,1,0,0,0,0,0,0,0,1,0,0
2,2020,8,8,5,3,6,0,0,1,0,0,0,0,0,0,1,1,0
1,2020,9,16,2,2,6,0,0,1,0,0,0,0,0,0,1,0,0
2,2018,8,9,6,6,4,0,1,0,1,0,0,0,0,0,0,1,1
7,2018,10,13,3,5,3,0,0,1,0,1,0,0,0,0,0,1,0
8,2021,6,14,2,3,2,0,1,0,0,0,0,1,0,0,1,1,0
2,2020,12,13,1,6,7,0,0,0,1,0,0,1,0,1,2,1,0
10,2021,6,6,5,5,3,0,1,1,0,0,0,0,0,0,1,1,0
4,2021,8,13,3,5,3,0,0,1,0,1,0,0,1,0,1,1,0
11,2018,6,16,7,6,4,0,0,0,1,1,0,0,0,0,0,0,1
2,2018,6,18,1,0,1,0,1,0,0,0,0,0,0,0,0,0,0
1,2021,7,19,2,0,6,0,1,0,0,0,0,0,0,0,1,2,0
1,2020,4,15,6,0,7,0,1,0,0,0,0,0,0,1,2,1,0
2,2019,6,23,6,0,1,2,1,0,0,0,0,1,0,0,0,1,1
2,2021,8,9,4,5,2,0,1,1,0,0,0,0,0,0,1,1,1
3,2018,6,8,7,5,3,0,0,1,0,0,0,0,0,0,0,0,0
1,2021,8,3,1,9,1,2,0,1,0,0,0,0,1,0,1,1,0
3,2021,12,11,3,0,2,0,1,0,0,1,0,0,0,1,2,1,0
3,2021,10,16,6,5,7,0,1,1,0,0,0,0,0,0,1,1,0
1,2018,1,8,6,2,6,0,0,1,0,0,0,0,1,0,0,0,0
9,2018,11,13,4,5,2,0,0,0,0,1,0,1,0,0,0,0,1
1,2019,11,18,7,0,1,2,1,0,0,0,0,0,1,0,0,0,0
11,2020,3,7,2,5,2,0,1,1,0,0,0,0,0,1,1,0,0
4,2019,2,10,4,6,2,0,0,1,1,0,0,0,0,0,0,1,0
9,2021,9,10,2,5,2,0,1,1,0,0,0,0,0,0,1,0,0
5,2021,6,15,4,6,7,0,0,1,1,0,0,0,0,0,1,1,0
11,2019,9,13,5,6,4,0,0,1,1,0,0,0,0,0,0,0,1
4,2020,9,12,1,6,7,0,0,1,1,0,0,0,0,0,1,0,0
8,2018,10,20,6,1,5,2,1,1,0,0,0,0,0,0,0,1,0
9,2018,10,16,4,0,1,0,1,0,0,0,0,0,0,0,0,1,0
12,2018,8,8,4,0,7,0,0,0,0,0,1,0,0,0,0,1,1
4,2020,6,21,3,6,4,1,1,0,1,0,0,0,0,0,1,1,0
7,2021,4,18,7,5,3,0,0,1,0,0,0,1,0,1,2,1,0
10,2021,6,8,4,5,2,0,0,1,0,0,0,0,0,0,1,1,0
8,2018,9,10,7,2,6,0,0,1,0,0,0,0,0,0,0,0,0
12,2019,1,13,6,1,5,0,0,1,0,0,0,0,1,0,0,1,0
1,2021,7,11,6,5,3,0,1,1,0,0,0,0,0,0,1,2,0
12,2020,5,15,6,5,3,0,0,1,0,1,0,0,0,1,1,0,0
11,2018,6,17,1,5,3,0,0,1,0,0,0,0,0,0,0,0,1
11,2021,10,11,3,9,1,0,0,1,0,0,0,0,0,0,1,1,0
2,2020,10,19,3,2,2,2,1,0,0,0,0,0,1,1,1,1,0
8,2019,11,7,7,0,1,2,1,0,0,0,0,0,0,0,0,0,0
1,2019,8,0,6,0,7,2,0,0,0,0,0,1,0,0,0,0,0
2,2020,7,10,6,5,3,0,1,0,0,0,0,0,0,0,1,2,0
9,2021,3,19,2,5,3,2,1,1,0,0,0,0,1,0,2,0,0
4,2018,8,10,4,6,4,0,1,0,1,0,0,0,0,0,0,1,0
3,2019,6,14,6,2,6,0,0,1,0,0,0,0,0,0,0,1,0
11,2021,9,10,5,0,5,0,0,0,0,0,0,1,0,0,1,0,0
10,2018,9,15,3,5,3,0,1,1,0,0,0,0,0,0,0,0,0
5,2018,10,12,3,2,6,0,0,1,0,0,1,0,0,0,0,1,0
1,2020,8,15,2,0,2,0,0,1,0,1,0,0,0,0,1,1,0
2,2021,1,17,6,6,4,2,1,0,1,0,0,0,0,1,2,0,0
10,2018,8,22,7,5,3,2,0,1,0,1,0,0,0,0,0,1,0
9,2020,1,16,4,5,2,0,1,1,0,0,0,0,0,0,0,1,0
10,2021,2,13,6,6,4,0,0,1,1,0,0,0,1,1,2,1,1
6,2019,6,18,2,5,2,0,1,1,0,0,0,0,0,0,0,1,0
3,2018,10,1,1,9,1,2,0,1,0,0,0,0,0,0,0,1,1
6,2020,7,16,4,2,6,0,0,1,0,0,0,0,0,0,1,2,0
1,2020,8,9,4,5,2,0,1,1,0,0,0,0,0,0,1,1,0
3,2018,4,10,5,5,3,0,0,1,0,0,0,0,0,0,0,1,1
3,2018,5,7,2,0,7,0,0,1,0,1,0,0,1,0,0,0,0
3,2019,3,14,6,4,5,0,0,1,0,0,0,1,1,0,0,0,0
6,2018,11,13,2,5,3,0,1,1,0,0,0,0,1,0,0,0,0
2,2021,1,6,4,5,3,2,1,1,0,0,0,0,1,1,2,0,0
7,2018,8,13,3,2,6,0,0,1,0,0,0,0,0,0,0,1,0
10,2018,7,18,4,2,6,0,0,1,0,0,0,1,0,0,0,2,0
8,2018,6,10,4,5,3,0,0,1,0,1,0,0,0,0,0,0,0
5,2018,2,4,6,1,1,2,0,1,0,0,0,0,0,0,0,1,0
5,2020,7,14,5,0,6,0,0,1,0,0,0,1,0,0,1,2,0
7,2021,8,15,3,2,5,0,0,1,0,1,0,0,0,0,1,1,0
9,2018,8,16,2,5,2,0,1,1,0,0,0,0,0,0,0,1,1
4,2020,8,11,1,5,2,0,1,1,0,0,0,0,0,0,1,1,0
4,2020,7,12,5,1,5,0,1,1,0,0,0,0,0,0,1,2,0
4,2019,9,13,6,5,2,0,1,1,0,0,0,0,0,0,0,0,0
8,2020,4,18,4,5,3,0,0,1,0,0,0,0,0,1,2,1,0
1,2018,7,18,7,5,2,0,0,1,0,1,0,0,0,0,0,2,0
4,2021,7,21,4,1,3,1,1,1,0,0,0,1,0,0,1,2,0
1,2021,6,17,7,1,5,0,1,1,0,0,0,0,0,0,1,1,0
4,2020,10,23,7,6,4,2,0,1,1,1,0,0,0,1,1,1,1
4,2021,4,9,5,2,6,0,0,1,0,0,0,1,1,1,2,1,0
3,2019,1,12,3,5,2,0,1,0,0,0,1,0,0,0,0,1,0
9,2018,6,7,2,5,3,0,1,1,0,0,0,0,0,0,0,0,0
2,2018,9,18,3,2,6,1,0,1,0,1,0,0,0,0,0,0,0
1,2018,7,9,3,5,2,0,0,1,0,0,0,0,0,0,0,2,0
3,2019,10,0,6,0,1,2,0,0,0,0,0,1,0,0,0,1,0
1,2021,3,22,5,1,5,2,0,1,0,0,0,0,1,0,2,0,1
1,2020,10,20,3,6,4,2,1,0,1,0,0,0,1,1,1,1,0
7,2019,3,12,7,1,5,0,1,1,0,0,0,0,1,0,0,0,1
2,2021,9,9,4,5,3,0,1,1,0,0,0,0,0,0,1,0,0
9,2020,5,11,6,0,1,0,1,0,0,0,0,0,0,1,1,0,1
7,2019,2,13,4,6,4,0,0,1,1,0,0,0,0,0,0,1,0
11,2021,5,18,6,1,5,0,1,1,0,0,0,0,0,1,2,1,0
7,2018,9,14,5,0,4,0,0,0,1,0,0,1,0,0,0,0,0
3,2021,10,16,2,5,7,0,1,1,0,0,0,0,0,0,1,1,1
5,2019,6,6,5,5,3,0,0,1,0,1,0,0,0,0,0,1,0
5,2020,11,7,6,5,3,0,0,1,0,0,0,0,1,1,2,0,0
1,2018,5,13,3,3,6,0,0,1,0,0,0,1,0,0,0,0,1
12,2020,2,15,6,5,3,0,1,1,0,0,0,0,0,0,0,1,0
9,2019,10,12,4,0,7,0,0,1,0,1,0,0,0,0,0,1,0
8,2020,5,16,3,2,6,0,0,1,0,1,0,0,0,1,1,0,0
4,2019,12,13,3,5,3,0,0,1,0,0,0,0,0,0,0,1,0
2,2019,12,13,3,1,5,0,1,1,0,0,0,0,1,0,0,1,0
9,2021,9,12,4,6,2,0,0,1,1,0,0,0,1,0,1,0,0
6,2019,7,15,4,5,2,0,0,1,0,0,0,0,0,0,0,2,1
12,2021,12,15,4,2,6,1,0,1,0,0,0,0,1,1,2,1,0
9,2019,6,8,2,5,2,0,1,1,0,0,0,0,0,0,0,1,1
8,2021,7,13,4,5,3,0,1,1,0,0,0,0,0,0,1,2,0
3,2021,3,8,4,6,4,0,0,1,1,0,0,0,1,0,2,0,0
2,2019,6,18,2,2,6,0,0,1,0,1,0,0,0,0,0,1,1
4,2019,8,17,2,0,1,0,0,0,0,1,0,0,0,0,0,0,0
2,2018,10,18,5,3,6,1,1,0,0,0,0,0,0,0,0,1,0
5,2019,11,5,5,6,4,2,0,0,1,0,0,1,1,0,0,0,0
3,2020,7,14,2,5,3,0,0,1,0,0,0,0,0,0,1,2,0
10,2020,2,8,6,2,2,0,0,1,0,1,0,0,1,0,0,1,1
11,2020,9,10,4,6,7,0,1,0,1,0,0,0,0,0,1,0,1
7,2020,6,11,7,0,7,0,0,0,1,0,0,1,0,0,1,1,0
3,2018,6,19,6,0,1,1,1,0,0,0,0,0,1,0,0,0,0
11,2020,8,16,6,1,5,0,1,1,0,0,0,0,0,0,1,1,0
9,2021,7,19,7,5,2,0,1,1,0,0,0,0,0,0,1,2,0
4,2018,6,4,1,1,7,0,0,1,1,0,0,0,0,0,0,0,0
6,2019,9,7,2,5,3,0,1,1,0,0,0,0,0,0,0,0,1
12,2020,5,6,3,1,5,0,1,1,0,0,0,0,0,1,1,0,0
7,2020,2,8,3,3,6,0,1,1,0,0,0,0,0,0,0,1,0
5,2018,3,21,6,2,2,2,0,1,0,0,0,0,0,0,0,1,0
11,2020,3,10,6,5,2,0,0,1,0,1,0,0,0,1,1,0,0
6,2021,12,17,3,5,3,2,0,1,0,0,0,0,1,1,2,1,0
1,2019,8,8,6,5,2,0,0,1,0,1,0,0,0,0,0,0,0
1,2021,5,10,2,2,6,0,0,1,0,0,0,0,0,1,2,1,0
12,2021,7,0,6,8,1,2,0,1,0,0,0,0,0,0,1,2,0
2,2018,6,7,6,5,3,0,1,1,0,0,0,0,0,0,0,0,0
4,2018,12,16,6,6,2,2,0,1,1,0,0,0,1,0,0,1,0
4,2021,7,15,6,0,1,0,0,0,0,1,0,0,0,0,1,2,1
11,2021,8,17,3,5,2,0,0,1,0,0,0,0,0,0,1,1,0
8,2018,8,15,6,5,2,0,0,1,0,0,0,0,0,0,0,1,0
7,2021,5,14,1,2,7,0,0,1,0,0,0,0,0,1,2,1,0
7,2018,11,18,3,5,3,2,1,1,0,0,0,0,1,0,0,0,0
2,2018,1,20,4,2,6,2,1,1,0,0,0,0,1,0,0,0,0
11,2019,8,6,6,1,7,0,0,1,0,0,0,0,0,0,0,0,0
4,2018,4,16,5,1,5,0,0,1,0,1,0,0,0,0,0,1,0
12,2018,12,16,3,1,5,2,0,1,0,0,0,1,1,0,0,1,0
6,2020,11,11,1,2,7,0,0,1,0,0,0,0,0,1,2,0,0
4,2019,9,23,7,0,1,2,0,0,0,0,0,1,0,0,0,0,1
2,2018,11,8,3,5,3,0,1,0,0,0,0,0,0,0,0,0,1
1,2020,12,22,2,5,3,2,1,1,0,0,0,0,1,1,2,1,0
5,2021,8,18,6,2,6,0,0,1,0,0,0,0,0,0,1,1,1
1,2018,8,8,6,8,1,0,1,0,0,0,0,0,0,0,0,1,0
7,2018,1,18,4,1,5,2,0,1,0,0,0,1,1,0,0,0,0
3,2021,3,7,3,5,2,0,1,1,0,0,0,0,0,0,2,0,1
1,2018,11,8,5,3,6,0,1,1,0,0,0,0,0,0,0,0,0
12,2019,9,17,5,6,4,0,0,1,1,0,0,0,0,0,0,0,1
2,2020,7,17,3,2,6,0,0,1,0,0,0,0,0,0,1,2,0
2,2019,6,15,6,2,6,0,1,1,0,0,0,0,0,0,0,1,0
7,2020,8,15,5,5,2,0,1,1,0,0,0,0,0,0,1,1,0
1,2021,1,18,2,6,7,2,1,0,1,0,0,0,0,1,2,0,0
7,2020,6,13,4,5,2,0,1,1,0,0,0,0,0,0,1,1,0
1,2020,10,22,5,1,7,2,0,1,0,0,0,0,0,1,1,1,0
9,2020,8,9,5,5,2,0,1,0,0,0,0,0,0,0,1,1,0
4,2019,1,13,4,5,3,0,0,1,0,0,0,0,0,0,0,1,0
9,2019,12,14,6,3,6,0,0,1,0,0,0,1,1,0,0,1,0
12,2018,8,22,2,1,5,2,0,1,0,1,0,0,0,0,0,1,0
9,2018,4,17,4,0,6,0,0,1,0,1,0,0,0,0,0,1,0
4,2019,9,15,3,6,4,0,0,1,1,0,0,0,1,0,0,0,0
11,2021,5,19,1,1,5,0,1,1,0,0,0,0,0,1,2,1,0
9,2021,3,15,1,6,4,0,0,1,1,0,0,0,0,0,2,0,0
11,2018,6,17,3,6,2,0,0,1,1,0,0,0,0,0,0,0,0
6,2018,2,14,4,6,4,0,0,1,1,0,0,0,0,0,0,1,0
2,2018,5,10,3,5,3,0,1,1,0,0,0,0,0,0,0,0,0
2,2019,6,16,3,2,2,0,0,1,0,0,0,0,0,0,0,1,0
5,2020,11,16,2,2,2,1,0,1,0,0,0,0,0,1,2,0,0
7,2020,12,13,6,5,3,0,0,1,0,0,0,0,1,1,2,1,0
4,2020,2,15,6,3,6,0,1,1,0,0,0,0,0,0,0,1,0
1,2020,6,17,5,5,3,0,1,1,0,0,0,0,1,0,1,1,0
1,2018,7,9,1,0,4,0,0,0,1,0,0,1,0,0,0,2,0
4,2020,6,21,5,0,7,1,0,0,0,1,0,0,0,0,1,1,0
4,2018,11,9,2,3,6,0,0,1,0,0,0,0,0,0,0,0,0
4,2020,8,13,3,2,6,0,0,1,0,0,0,0,0,0,1,1,0
2,2020,6,11,4,2,6,0,1,0,0,0,0,0,0,0,1,1,0
1,2020,6,13,3,5,3,0,1,1,0,0,0,0,0,0,1,1,0
1,2019,8,7,5,8,1,0,0,1,0,0,0,0,0,0,0,0,0
7,2018,6,14,5,0,5,0,0,1,0,1,0,0,0,0,0,0,1
4,2021,1,11,4,6,4,0,0,1,1,0,0,0,1,1,2,0,0
8,2021,8,22,6,6,4,2,0,1,1,0,0,0,0,0,1,1,0
3,2021,6,15,2,2,6,0,0,1,0,0,0,0,0,0,1,1,1
1,2018,4,12,2,5,3,0,1,1,0,0,0,0,0,0,0,1,0
10,2018,8,16,4,5,3,0,1,1,0,0,0,0,0,0,0,1,1
7,2020,6,14,6,5,2,0,1,1,0,0,0,0,0,0,1,1,1
5,2019,7,14,6,2,6,0,0,1,0,0,0,0,0,0,0,2,0
9,2018,10,10,3,3,6,0,1,0,0,0,1,0,0,0,0,1,0
4,2020,10,14,7,2,6,0,0,1,0,0,0,0,0,1,1,1,0
8,2019,9,9,3,6,7,0,0,1,1,0,0,0,0,0,0,0,0
9,2019,4,19,2,5,2,0,1,1,0,0,0,0,0,0,0,1,0
11,2019,1,8,6,5,3,1,0,1,0,0,0,1,1,0,0,1,0
1,2021,4,13,2,5,2,0,1,1,0,0,0,0,0,1,2,1,1
1,2018,10,15,2,5,2,0,1,1,0,0,0,0,0,0,0,1,0
6,2019,5,7,2,5,7,0,1,1,0,0,0,0,0,0,0,0,0
7,2019,1,8,6,6,2,0,0,1,1,0,0,0,1,0,0,1,0
8,2020,11,0,1,1,5,2,0,1,0,0,0,0,0,1,2,0,0
10,2021,4,12,3,5,3,0,0,1,0,0,0,0,0,1,2,1,0
2,2020,7,13,5,0,1,0,1,0,0,0,0,0,1,0,1,2,1
4,2021,1,14,1,6,7,0,0,1,1,0,0,0,0,1,2,0,0
1,2021,9,20,6,0,1,1,0,0,0,0,0,1,0,0,1,0,1
1,2021,10,10,7,5,3,0,0,1,0,0,0,1,0,0,1,1,0
12,2019,10,16,3,1,5,0,0,1,0,1,0,0,0,0,0,1,0
7,2020,4,6,4,1,5,0,1,1,0,0,0,0,1,1,2,1,1
3,2019,9,19,4,5,2,1,0,1,0,0,0,0,0,0,0,0,0
1,2018,8,11,7,5,2,0,0,1,0,0,0,0,0,0,0,1,0
1,2021,9,17,5,1,5,0,1,1,0,0,0,0,0,0,1,0,0
7,2020,7,14,1,1,1,0,0,1,0,1,0,0,0,0,1,2,0
1,2019,12,1,7,8,1,2,0,1,0,0,0,0,1,0,0,1,0
4,2019,8,16,3,5,2,0,1,1,0,0,0,0,0,0,0,0,0
6,2019,7,0,7,1,7,2,0,1,0,0,0,0,0,0,0,2,0
9,2019,4,16,4,0,3,0,1,1,0,0,0,0,0,0,0,1,0
2,2019,7,19,4,5,5,1,0,1,0,1,0,0,0,0,0,2,0
10,2018,2,13,6,6,4,0,0,1,1,0,0,0,0,0,0,1,0
1,2019,10,9,5,1,5,0,1,1,0,0,0,0,0,0,0,1,0
4,2020,6,17,6,3,6,0,0,1,0,0,1,0,1,0,1,1,0
11,2019,8,12,2,5,3,0,1,1,0,0,0,0,0,0,0,0,1
6,2019,5,23,7,0,1,2,1,0,0,0,0,0,0,0,0,0,0
1,2020,6,9,5,5,2,0,1,0,0,0,0,1,0,0,1,1,0
1,2018,9,18,2,0,6,1,1,1,0,0,0,0,0,0,0,0,0
4,2020,7,14,4,3,6,0,1,0,0,1,0,0,0,0,1,2,0
2,2020,4,19,1,5,3,1,0,1,0,1,0,0,0,1,2,1,0
5,2019,10,6,5,2,2,1,0,1,0,0,0,0,1,0,0,1,0
9,2019,12,17,4,5,3,2,1,1,0,0,0,0,0,0,0,1,0
9,2020,8,23,4,8,1,2,0,0,0,1,0,0,1,0,1,1,1
1,2020,9,11,4,2,6,0,0,1,0,0,0,0,0,0,1,0,0
1,2019,8,15,5,2,6,0,0,1,0,1,0,0,0,0,0,0,0
9,2019,9,13,6,5,2,0,1,0,0,0,0,1,1,0,0,0,0
12,2018,9,7,5,5,7,0,0,1,0,1,0,0,1,0,0,0,0
3,2019,5,17,3,4,5,0,0,1,0,0,0,1,0,0,0,0,0
10,2019,1,14,2,5,3,0,0,1,0,0,0,0,1,0,0,1,0
1,2019,8,17,3,3,2,0,1,1,0,0,0,0,0,0,0,0,0
1,2019,8,18,5,2,7,0,1,1,0,0,0,0,0,0,0,0,0
11,2021,11,9,7,0,1,0,1,0,0,0,0,0,1,0,2,0,0
4,2018,6,6,6,5,2,0,1,1,0,0,0,0,0,0,0,0,1
1,2018,6,14,5,0,1,0,1,0,0,0,0,0,1,0,0,0,0
2,2020,5,13,1,4,6,0,1,1,0,0,0,1,0,1,1,0,0
6,2021,12,19,7,0,6,2,0,1,0,1,0,0,2,1,2,1,0
12,2019,9,23,3,5,3,2,1,1,0,0,0,0,0,0,0,0,0
7,2021,10,15,7,2,6,0,0,1,0,0,0,0,0,0,1,1,0
1,2018,11,18,5,2,6,2,0,1,0,0,0,0,0,0,0,0,0
1,2020,8,6,6,2,3,0,1,0,0,0,0,0,0,0,1,1,0
4,2020,2,15,3,5,2,0,1,1,0,0,0,0,1,0,0,1,0
1,2020,5,19,2,5,2,0,0,1,0,0,0,0,1,1,1,0,0
1,2021,6,17,4,3,6,0,1,0,0,0,0,0,0,0,1,1,0
5,2018,5,10,2,5,2,0,0,1,0,1,0,0,0,0,0,0,1
9,2018,9,12,5,5,3,0,0,1,0,0,0,0,0,0,0,0,0
3,2020,9,14,4,6,4,0,1,0,1,0,0,0,0,0,1,0,1
5,2020,9,13,7,5,3,0,1,1,0,0,0,0,0,0,1,0,0
3,2020,2,20,3,0,1,1,1,0,0,0,0,0,1,0,0,1,0
6,2018,8,10,4,1,5,0,1,0,0,0,1,0,0,0,0,1,1
2,2021,7,11,5,5,3,0,1,1,0,0,0,0,0,0,1,2,0
11,2020,7,15,4,6,2,0,0,1,1,0,0,0,0,0,1,2,0
1,2018,4,15,4,1,5,0,1,0,0,0,0,1,0,0,0,1,0
5,2021,6,13,5,6,4,0,0,0,1,0,1,0,0,0,1,1,0
2,2019,7,13,5,2,7,0,0,1,0,1,0,0,0,0,0,2,0
10,2018,9,7,6,2,6,0,0,1,0,0,0,0,0,0,0,0,0
12,2019,4,20,4,6,7,1,0,1,1,0,0,0,0,0,0,1,0
7,2021,1,18,2,1,7,2,0,1,0,0,0,0,1,1,2,0,0
1,2021,7,13,5,5,3,0,1,0,0,0,0,1,0,0,1,2,0
3,2019,11,7,6,5,2,1,1,1,0,0,0,0,0,0,0,0,0
1,2019,6,10,3,5,2,0,1,1,0,0,0,0,0,0,0,1,0
1,2020,2,15,4,0,2,0,1,0,0,0,0,1,0,0,0,1,0
2,2019,5,13,7,3,6,0,0,1,0,0,0,0,0,0,0,0,0
7,2019,9,9,4,3,6,0,0,1,0,0,1,0,0,0,0,0,0
1,2019,4,11,2,5,3,0,1,0,0,0,1,0,1,0,0,1,0
7,2020,7,16,3,5,2,0,0,1,0,0,0,0,0,0,1,2,0
3,2020,8,14,3,2,6,0,1,0,0,0,0,1,0,0,1,1,0
10,2021,11,15,6,5,2,0,0,1,0,0,0,0,0,0,2,0,0
2,2020,7,12,6,5,2,0,0,1,0,1,0,0,0,0,1,2,0
7,2018,6,19,4,6,4,0,0,1,1,0,0,0,0,0,0,0,0
8,2021,6,9,4,5,3,0,1,1,0,0,0,0,0,0,1,1,0
5,2018,1,12,6,2,6,0,0,1,0,0,1,0,1,0,0,0,0
3,2021,4,16,3,2,6,0,0,1,0,0,0,0,0,1,2,1,0
4,2018,10,15,2,1,5,0,0,1,0,1,0,0,0,0,0,1,0
3,2018,4,16,7,2,6,0,0,1,0,0,0,0,0,0,0,1,0
8,2021,1,13,6,0,7,0,0,1,0,1,0,0,0,1,2,0,0
6,2021,12,6,3,5,3,1,0,1,0,0,0,0,0,1,2,1,0
5,2021,11,15,2,5,2,0,0,1,0,0,0,0,1,0,2,0,0
1,2020,10,14,6,2,6,0,0,1,0,1,0,0,1,1,1,1,0
11,2020,7,11,2,5,3,0,0,1,0,0,0,1,0,0,1,2,0
8,2019,8,23,5,2,2,2,0,1,0,0,0,0,0,0,0,0,0
7,2021,6,12,7,2,6,0,0,1,0,0,0,0,1,0,1,1,0
12,2020,12,12,6,0,1,0,0,0,0,1,0,0,1,1,2,1,0
2,2018,7,23,4,6,7,2,1,0,1,0,0,0,1,0,0,2,0
11,2021,9,12,6,2,6,0,0,1,0,0,0,0,0,0,1,0,0
12,2018,5,13,2,3,6,0,1,1,0,0,0,0,0,0,0,0,0
6,2018,6,14,3,5,3,0,1,1,0,0,0,0,0,0,0,0,0
3,2021,2,9,2,5,3,0,0,1,0,0,0,0,0,1,2,1,1
5,2020,7,16,2,6,4,0,0,1,1,0,0,0,0,0,1,2,0
11,2018,2,17,4,1,5,2,0,1,0,0,1,0,0,0,0,1,0
1,2018,1,18,5,0,7,2,0,1,0,0,0,1,1,0,0,0,1
4,2019,7,20,4,3,6,0,1,1,0,0,0,0,0,0,0,2,0
5,2020,9,13,2,5,3,0,0,1,0,0,0,0,0,0,1,0,0