BEZ,UJAHR,UMONAT,USTUNDE,UWOCHENTAG,UART,UTYP1,ULICHTVERH,IstRad,IstPKW,IstFuss,IstKrad,IstGkfz,IstSonstige,USTRZUSTAND,LOCKDOWN,COVID,FERIEN,UKATEGORIE
4,2018,7,14,2,5,2,0,1,1,0,0,0,0,0,0,0,2,0
11,2020,7,10,7,1,5,0,1,1,0,0,0,0,0,0,1,2,1
3,2021,3,17,5,5,3,0,0,1,0,0,0,0,0,0,2,0,0
4,2020,2,13,6,5,2,0,0,1,0,0,0,0,0,0,0,1,0
2,2020,3,11,2,6,4,0,1,0,1,0,0,0,0,1,1,0,0
3,2019,12,16,2,6,4,2,0,1,1,0,0,0,1,0,0,1,0
1,2018,1,5,4,5,3,2,1,1,0,0,0,0,1,0,0,0,1
9,2019,10,17,2,3,6,2,0,1,0,1,0,0,0,0,0,1,0
9,2021,8,15,2,0,7,0,0,0,0,0,0,1,0,0,1,1,1
3,2021,9,11,2,6,7,0,1,0,1,0,0,0,0,0,1,0,0
12,2019,12,8,5,0,2,0,0,1,0,0,0,1,0,0,0,1,0
5,2019,10,17,4,2,6,0,0,1,0,0,0,0,1,0,0,1,0
2,2021,7,22,4,5,3,2,1,1,0,0,0,0,0,0,1,2,0
1,2019,11,8,2,5,3,0,0,1,0,0,0,0,0,0,0,0,0
12,2018,10,1,7,9,1,2,0,1,0,0,0,0,1,0,0,1,1
11,2021,9,14,4,5,2,0,0,1,0,1,0,0,0,0,1,0,0
4,2018,4,10,5,5,2,0,1,1,0,0,0,0,0,0,0,1,1
5,2019,9,9,4,0,2,0,0,1,0,0,0,1,0,0,0,0,0
10,2020,12,11,2,6,4,0,1,0,1,0,0,0,1,1,2,1,0
1,2018,8,18,5,3,6,0,1,0,0,0,0,0,0,0,0,1,0
6,2018,12,18,7,6,4,1,0,0,1,0,0,1,0,0,0,1,0
1,2020,6,15,7,1,5,0,1,1,0,0,0,0,0,0,1,1,0
12,2019,11,6,4,6,2,2,0,1,1,0,0,0,0,0,0,0,1
8,2019,1,5,2,5,7,2,1,0,0,0,0,1,1,0,0,1,0
1,2018,8,13,7,2,6,0,0,1,0,0,0,0,0,0,0,1,0
1,2021,9,7,4,6,2,1,0,1,1,0,0,0,1,0,1,0,0
2,2021,8,18,5,2,2,1,0,1,0,0,0,0,1,0,1,1,0
6,2021,7,17,6,2,6,0,0,1,0,0,0,0,0,0,1,2,0
8,2020,4,21,6,5,2,2,1,1,0,0,0,0,0,1,2,1,0
12,2018,9,14,2,0,6,0,0,1,0,1,0,0,1,0,0,0,1
9,2021,8,13,4,2,3,0,1,1,0,0,0,0,0,0,1,1,0
10,2020,6,19,7,0,1,1,1,0,0,0,0,0,1,0,1,1,0
3,2021,6,13,1,5,3,0,0,1,0,0,0,1,0,0,1,1,0
9,2019,7,19,3,2,6,0,0,1,0,0,0,0,0,0,0,2,0
11,2019,7,15,3,2,6,0,0,1,0,0,0,0,0,0,0,2,1
8,2021,1,19,2,5,7,2,1,1,0,0,0,0,1,1,2,0,0
2,2018,10,8,6,5,2,0,1,0,0,0,0,1,0,0,0,1,0
4,2018,8,9,1,5,3,0,0,1,0,0,0,0,0,0,0,1,1
10,2019,5,9,6,5,3,0,0,1,0,0,0,0,0,0,0,0,0
7,2020,1,14,6,2,6,0,0,1,0,0,0,0,0,0,0,1,0
2,2019,2,8,6,2,3,0,1,1,0,0,0,0,0,0,0,1,0
3,2018,3,8,2,1,1,0,0,1,0,1,0,0,2,0,0,1,0
1,2021,12,5,6,5,3,2,0,1,0,0,0,0,1,1,2,1,0
11,2021,3,8,2,2,6,0,1,1,0,0,0,0,0,0,2,0,0
4,2020,9,14,3,0,6,0,0,1,0,1,0,0,0,0,1,0,0
7,2019,8,9,3,5,2,0,1,1,0,0,0,0,0,0,0,0,0
8,2019,7,13,4,0,2,0,0,0,0,1,0,1,0,0,0,2,0
3,2021,11,9,2,5,3,0,0,1,0,0,0,1,1,0,2,0,0
2,2018,9,8,4,5,7,0,1,1,0,0,0,0,0,0,0,0,0
3,2018,9,14,2,5,3,0,0,1,0,1,0,0,0,0,0,0,0
10,2021,11,18,5,6,4,1,0,1,1,0,0,0,1,0,2,0,0
1,2018,10,12,4,5,2,0,0,1,0,0,0,0,1,0,0,1,0
8,2018,3,15,6,2,6,0,0,1,0,1,0,0,0,0,0,1,0
12,2020,8,12,2,5,2,0,0,1,0,1,0,0,0,0,1,1,0
9,2018,4,19,7,9,1,0,0,0,0,1,0,0,0,0,0,1,1
4,2019,6,16,5,5,2,0,1,1,0,0,0,0,1,0,0,1,0
2,2019,7,13,2,5,2,0,1,0,0,0,0,1,0,0,0,2,0
7,2021,9,14,5,5,3,0,1,1,0,0,0,0,0,0,1,0,0
5,2019,12,16,3,6,4,2,0,1,1,0,0,0,0,0,0,1,1
8,2019,7,11,5,0,3,0,1,1,0,0,0,0,0,0,0,2,0
7,2020,12,1,3,0,7,2,0,1,0,0,0,0,1,1,2,1,0
8,2021,11,13,2,6,4,0,0,1,1,0,0,0,1,0,2,0,0
8,2021,10,16,5,6,7,0,0,1,1,0,0,0,0,0,1,1,0
3,2020,10,12,7,5,7,0,0,1,0,0,0,0,1,1,1,1,0
1,2021,4,19,3,5,2,1,1,1,0,0,0,0,0,1,2,1,0
7,2021,6,11,2,2,6,0,0,1,0,0,0,0,0,0,1,1,0
9,2018,2,8,5,2,6,0,0,1,0,0,0,1,0,0,0,1,0
6,2019,1,17,4,6,4,0,0,1,1,0,0,0,0,0,0,1,1
2,2021,8,19,5,6,7,0,1,0,1,0,0,0,0,0,1,1,0
4,2020,8,20,1,5,3,2,0,1,0,0,0,0,1,0,1,1,0
4,2018,7,14,2,3,6,0,1,0,0,0,0,0,0,0,0,2,0
5,2020,10,14,6,5,2,0,0,1,0,0,0,0,0,1,1,1,0
2,2021,9,13,6,5,2,0,1,1,0,0,0,0,0,0,1,0,0
9,2019,4,18,2,0,1,0,0,0,0,1,0,0,0,0,0,1,1
2,2021,1,9,3,6,4,0,1,0,1,0,0,0,0,1,2,0,0
10,2021,3,10,3,5,3,0,1,1,0,0,0,0,0,0,2,0,0
8,2020,8,7,4,5,3,0,0,1,0,1,0,0,0,0,1,1,1
2,2020,11,13,2,5,3,0,1,1,0,0,0,0,0,1,2,0,0
7,2020,10,22,1,5,2,2,0,1,0,0,0,0,0,1,1,1,0
2,2019,6,18,5,6,2,0,0,1,1,0,0,0,0,0,0,1,0
3,2021,3,9,5,1,5,0,1,1,0,0,0,0,0,0,2,0,0
1,2019,4,8,3,5,3,0,1,1,0,0,0,0,0,0,0,1,1
7,2020,11,16,5,5,3,2,1,1,0,0,0,0,0,1,2,0,0
3,2020,9,14,4,2,6,0,0,1,0,0,0,0,0,0,1,0,0
7,2021,1,22,6,2,7,2,0,1,0,0,0,0,1,1,2,0,0
2,2018,1,19,3,6,2,2,0,1,1,0,0,0,1,0,0,0,0
1,2019,6,11,3,3,6,0,0,0,0,1,0,1,0,0,0,1,0
9,2018,3,18,5,5,2,1,0,1,0,0,0,0,0,0,0,1,0
5,2021,6,15,6,6,4,0,0,0,1,1,0,0,0,0,1,1,1
3,2018,11,7,2,6,2,0,0,1,1,0,0,0,1,0,0,0,0
4,2021,6,4,3,0,1,1,0,1,0,1,0,0,0,0,1,1,0
1,2018,5,13,6,6,7,0,0,1,1,0,0,0,0,0,0,0,0
8,2020,2,7,4,6,4,0,0,1,1,0,0,0,1,0,0,1,0
11,2018,10,9,4,2,6,0,0,1,0,0,0,0,0,0,0,1,0
1,2020,10,20,6,1,5,2,1,1,0,0,0,0,0,1,1,1,0
4,2021,6,16,5,2,6,0,1,1,0,0,0,0,0,0,1,1,0
3,2018,2,7,4,5,2,0,1,1,0,0,0,0,1,0,0,1,0
5,2021,10,13,7,6,7,0,0,1,1,0,0,0,0,0,1,1,0
1,2019,10,13,5,2,2,0,1,1,0,0,0,0,0,0,0,1,0
2,2018,12,13,6,5,7,0,0,1,0,0,0,0,1,0,0,1,0
1,2021,9,8,5,5,7,0,1,1,0,0,0,0,0,0,1,0,0
8,2020,9,10,6,3,6,0,1,1,0,0,0,0,0,0,1,0,0
10,2019,4,16,6,6,4,0,0,1,1,0,0,0,0,0,0,1,1
8,2021,4,11,6,4,6,0,1,0,0,0,0,1,0,1,2,1,0
12,2019,3,23,5,1,5,2,1,1,0,0,0,1,1,0,0,0,0
10,2021,11,17,2,6,2,2,0,0,1,0,0,1,1,0,2,0,0
1,2021,12,20,2,6,2,2,0,1,1,0,0,0,1,1,2,1,1
5,2020,6,18,2,5,3,0,0,1,0,1,0,0,0,0,1,1,1
5,2019,4,15,4,1,5,0,0,1,0,1,0,0,0,0,0,1,0
9,2021,10,7,5,5,3,0,0,1,0,0,0,0,0,0,1,1,1
12,2021,6,12,3,3,3,0,0,1,0,1,0,0,1,0,1,1,0
5,2021,9,17,2,5,7,0,0,1,0,0,0,1,0,0,1,0,0
9,2018,5,2,3,0,7,2,0,1,0,0,0,1,0,0,0,0,0
10,2021,9,17,1,5,5,0,1,1,0,0,0,0,0,0,1,0,0
4,2021,5,15,2,5,7,0,1,0,0,0,0,1,0,1,2,1,0
9,2018,7,9,1,5,3,0,1,1,0,0,0,0,0,0,0,2,1
2,2020,6,6,3,5,2,0,1,1,0,0,0,0,0,0,1,1,0
11,2019,4,17,1,5,7,0,0,1,0,1,0,0,0,0,0,1,1
2,2019,2,14,6,5,3,0,1,1,0,0,0,0,0,0,0,1,0
6,2021,10,13,4,3,6,0,0,1,0,0,1,0,0,0,1,1,0
2,2018,6,6,7,6,4,0,0,1,1,0,0,0,0,0,0,0,0
11,2019,10,10,2,6,2,0,0,1,1,0,0,0,0,0,0,1,0
1,2020,3,13,1,1,1,0,0,1,0,0,0,0,0,1,1,0,1
4,2018,11,14,4,2,6,0,0,1,0,0,0,0,0,0,0,0,0
5,2018,6,7,6,0,1,0,1,0,0,0,0,0,0,0,0,0,0
7,2019,1,19,5,2,6,2,0,1,0,0,0,0,1,0,0,1,0
3,2021,11,19,1,1,5,2,1,1,0,0,0,0,1,0,2,0,0
4,2018,11,16,6,6,4,2,0,1,1,0,0,0,1,0,0,0,0
1,2019,6,22,7,5,2,2,0,1,0,0,0,0,0,0,0,1,0
9,2021,6,8,2,5,3,0,0,1,0,0,0,0,0,0,1,1,0
8,2018,7,13,5,5,3,0,0,1,0,0,0,1,0,0,0,2,0
1,2020,1,10,3,4,6,0,1,0,0,1,0,0,1,0,0,1,0
5,2018,7,16,5,5,3,0,1,1,0,0,0,0,0,0,0,2,1
4,2021,10,14,4,3,6,0,0,1,0,0,0,1,0,0,1,1,0
5,2021,4,7,5,0,3,0,0,1,0,1,0,0,1,1,2,1,0
2,2018,8,16,7,1,5,0,1,0,0,0,0,1,0,0,0,1,0
11,2021,10,16,4,2,2,0,0,0,0,1,0,1,0,0,1,1,0
5,2020,7,13,1,1,1,0,0,1,0,0,0,0,0,0,1,2,0
7,2020,6,19,6,2,6,2,0,1,0,0,0,0,0,0,1,1,0
4,2018,7,13,2,1,5,0,1,1,0,0,0,0,0,0,0,2,0
7,2021,12,13,7,3,6,0,0,1,0,1,0,0,1,1,2,1,0
7,2019,3,13,4,6,4,0,1,0,1,0,0,0,1,0,0,0,1
7,2021,7,9,6,2,6,0,0,1,0,0,0,0,0,0,1,2,1
11,2019,10,11,3,5,3,0,0,1,1,0,0,0,0,0,0,1,1
8,2021,9,14,3,5,3,0,0,1,0,1,0,0,1,0,1,0,0
4,2021,9,20,7,3,6,2,0,1,0,0,1,0,0,0,1,0,0
11,2018,5,15,6,5,3,0,1,1,0,0,0,0,0,0,0,0,0
1,2021,9,21,6,5,7,2,0,1,0,0,0,0,0,0,1,0,0
3,2021,8,7,5,0,7,0,1,0,0,0,0,0,0,0,1,1,0
7,2021,3,19,2,5,3,0,1,1,0,0,0,0,0,0,2,0,1
1,2018,1,9,4,5,3,0,0,1,0,0,0,0,1,0,0,0,0
1,2018,9,18,3,5,2,0,0,0,0,1,0,1,0,0,0,0,0
11,2020,10,13,6,5,3,0,1,1,0,0,0,0,0,1,1,1,0
7,2021,12,8,5,4,6,0,0,1,0,0,0,0,0,1,2,1,0
2,2020,4,10,6,5,2,0,1,0,0,0,0,1,0,1,2,1,0
9,2019,4,16,3,5,2,0,1,1,0,0,0,0,0,0,0,1,1
4,2019,10,19,5,7,7,2,0,1,0,0,0,1,0,0,0,1,0
1,2020,2,20,7,0,5,0,1,1,0,0,0,0,0,0,0,1,0
1,2020,4,14,7,5,7,0,1,1,0,0,0,0,0,1,2,1,0
4,2018,11,7,3,5,3,1,1,1,0,0,0,0,0,0,0,0,1
1,2018,7,11,5,2,6,0,0,1,0,0,0,0,1,0,0,2,0
7,2021,5,12,6,5,3,0,1,1,0,0,0,0,1,1,2,1,0
2,2019,5,16,4,6,4,0,1,0,1,0,0,0,1,0,0,0,0
1,2021,8,4,2,8,1,1,0,1,0,0,0,0,0,0,1,1,0
5,2019,7,17,1,9,1,0,0,1,0,0,0,0,0,0,0,2,0
5,2021,11,15,5,2,2,0,0,1,0,0,0,0,0,0,2,0,0
11,2021,9,5,4,3,6,2,0,1,0,1,0,0,0,0,1,0,1
1,2018,6,18,5,2,2,0,1,1,0,0,0,0,0,0,0,0,0
6,2018,10,12,3,6,7,0,0,1,1,0,0,0,0,0,0,1,0
2,2018,4,12,3,5,7,0,0,1,0,0,0,1,0,0,0,1,0
3,2021,3,14,4,5,3,0,1,1,0,0,0,0,0,0,2,0,1
11,2021,5,8,3,9,1,0,0,0,0,1,0,0,0,1,2,1,0
9,2020,11,13,3,4,7,0,0,1,0,1,0,0,0,1,2,0,0
1,2021,9,9,4,5,2,0,1,1,0,0,0,0,0,0,1,0,0
2,2021,4,22,5,0,7,2,1,0,0,0,0,0,1,1,2,1,0
12,2020,4,13,6,5,5,0,0,1,0,1,0,0,0,1,2,1,0
2,2018,11,22,4,0,7,2,1,0,0,0,0,0,0,0,0,0,0
3,2019,5,14,5,5,3,0,1,0,0,0,0,0,1,0,0,0,0
12,2018,7,18,7,5,2,0,1,1,0,0,0,0,0,0,0,2,0
3,2021,11,14,4,5,2,0,0,1,0,0,0,1,0,0,2,0,0
7,2018,12,11,6,2,6,0,0,1,0,0,0,0,1,0,0,1,0
10,2018,7,22,3,5,3,2,1,1,0,0,0,0,1,0,0,2,0
4,2020,12,12,4,1,5,0,0,1,0,1,0,0,0,1,2,1,0
9,2020,6,10,3,5,2,0,0,1,0,1,0,0,0,0,1,1,0
5,2018,9,15,2,6,4,0,1,0,1,0,0,0,0,0,0,0,1
8,2018,9,16,2,6,4,0,0,1,1,0,0,0,1,0,0,0,1
4,2018,5,12,3,5,2,0,1,1,0,0,0,0,0,0,0,0,0
1,2019,11,17,4,5,2,2,0,1,0,1,0,0,1,0,0,0,0
12,2018,5,15,4,6,2,0,0,1,1,0,0,0,0,0,0,0,0
8,2019,12,8,5,2,6,0,0,1,0,0,0,0,0,0,0,1,0
2,2021,6,19,6,5,3,0,1,1,0,0,0,0,0,0,1,1,0
9,2018,9,21,2,8,1,2,0,1,0,0,0,1,0,0,0,0,1
3,2020,6,16,7,3,6,0,1,0,0,0,0,0,1,0,1,1,0
3,2021,6,9,6,5,3,0,0,1,0,1,0,0,0,0,1,1,0
1,2019,7,13,2,3,6,0,1,0,0,0,0,1,0,0,0,2,0
9,2021,7,10,1,5,3,0,0,1,0,0,0,0,0,0,1,2,0
8,2021,1,17,2,6,2,2,0,0,1,0,1,0,1,1,2,0,0
8,2019,12,14,1,5,2,0,0,1,0,0,0,0,1,0,0,1,1
1,2019,7,21,6,5,3,1,0,1,0,0,0,0,0,0,0,2,0
7,2019,10,17,3,0,7,1,0,0,1,0,0,1,0,0,0,1,0
1,2020,6,16,1,0,1,0,1,0,0,0,0,0,0,0,1,1,1
12,2018,11,16,1,0,1,1,0,0,0,1,0,0,1,0,0,0,0
2,2021,12,16,4,5,2,2,1,1,0,0,0,0,0,1,2,1,0
2,2021,9,16,4,5,7,0,0,1,0,0,0,0,0,0,1,0,0
9,2021,7,8,4,5,2,0,0,1,0,1,0,0,0,0,1,2,1
3,2020,6,8,3,5,2,0,1,1,0,0,0,0,0,0,1,1,0
9,2021,4,14,6,5,3,0,1,1,0,0,0,0,0,1,2,1,0
6,2018,9,15,5,2,6,0,0,1,0,0,0,0,0,0,0,0,0
7,2021,7,7,2,2,6,0,1,1,0,0,0,0,0,0,1,2,0
6,2021,11,23,6,0,1,2,0,0,0,0,0,1,1,0,2,0,1
11,2018,1,18,4,0,5,2,1,1,0,0,0,0,1,0,0,0,0
4,2020,1,14,4,1,5,0,1,1,0,0,0,0,0,0,0,1,0
5,2021,11,15,3,5,2,1,0,1,0,1,0,0,1,0,2,0,0
3,2018,7,21,6,5,3,1,1,0,0,0,0,0,1,0,0,2,0
7,2019,1,8,6,1,5,0,1,1,0,0,0,0,0,0,0,1,0
1,2018,7,9,6,0,1,0,0,0,0,1,0,0,0,0,0,2,0
1,2018,10,23,6,5,2,2,0,1,0,0,0,0,0,0,0,1,1
8,2020,1,19,7,6,7,2,0,1,1,0,0,0,1,0,0,1,0
9,2019,12,20,3,5,2,2,0,1,0,0,0,0,1,0,0,1,0
11,2018,1,17,5,6,4,2,0,1,1,0,0,0,1,0,0,0,1
9,2019,10,15,5,5,3,0,0,1,0,0,0,0,0,0,0,1,0
2,2020,5,11,2,5,2,0,1,1,0,0,0,0,1,1,1,0,0
8,2021,6,13,6,5,3,0,0,1,0,1,0,0,0,0,1,1,1
5,2019,10,18,1,2,6,1,0,1,0,0,0,0,0,0,0,1,0
6,2018,6,11,2,0,3,0,1,0,0,1,0,0,0,0,0,0,0
6,2018,9,13,7,5,2,0,1,1,0,0,0,0,0,0,0,0,0
4,2018,4,13,5,2,6,0,0,1,0,0,0,0,0,0,0,1,0
6,2020,1,16,4,2,6,2,0,1,0,0,0,0,1,0,0,1,0
8,2018,11,12,3,2,6,0,0,1,0,0,0,0,1,0,0,0,1
7,2021,11,16,5,6,4,0,0,1,1,0,0,0,1,0,2,0,0
7,2019,10,16,4,6,4,0,0,1,1,0,0,0,0,0,0,1,1
5,2021,10,15,5,6,4,0,0,1,1,0,0,0,0,0,1,1,0
4,2021,12,15,1,5,3,1,0,1,0,0,0,0,1,1,2,1,1
9,2019,3,20,7,5,3,2,0,1,0,0,0,0,1,0,0,0,0
2,2020,5,9,5,0,2,0,0,1,0,1,0,0,0,1,1,0,0
2,2021,5,15,5,5,3,0,0,1,0,0,0,0,1,1,2,1,0
12,2020,6,14,6,2,6,0,0,1,0,0,0,0,0,0,1,1,0
11,2019,6,8,5,6,4,0,0,1,1,0,0,0,0,0,0,1,0
2,2019,2,9,3,3,6,0,1,0,0,0,1,0,0,0,0,1,0
7,2021,10,12,6,2,6,0,0,1,0,1,0,0,0,0,1,1,0
11,2021,6,13,2,0,1,0,0,0,0,1,0,0,0,0,1,1,0
7,2020,10,19,6,0,2,1,0,1,0,0,0,1,1,1,1,1,0
4,2020,9,9,6,3,6,0,1,1,0,0,0,0,1,0,1,0,0
4,2021,11,16,6,2,6,1,0,1,0,0,0,0,1,0,2,0,0
10,2020,6,17,5,5,3,0,1,1,0,0,0,0,0,0,1,1,0
4,2020,9,15,1,5,2,0,1,1,0,0,0,0,0,0,1,0,0
4,2019,7,9,6,2,6,0,0,1,0,0,0,0,0,0,0,2,0
6,2020,5,11,1,2,2,0,1,1,0,0,0,0,0,1,1,0,0
6,2021,8,11,3,1,1,0,1,1,0,0,0,0,0,0,1,1,0
4,2018,2,15,3,3,6,0,0,1,0,0,0,1,0,0,0,1,0
1,2018,4,10,1,1,7,0,0,1,0,1,0,0,0,0,0,1,0
11,2018,8,16,6,5,3,0,0,1,0,0,0,0,0,0,0,1,0
4,2020,9,15,2,5,2,0,1,1,0,0,0,0,0,0,1,0,0
7,2021,8,6,2,5,3,0,1,1,0,0,0,0,0,0,1,1,0
12,2018,6,10,6,5,2,0,0,1,0,0,0,0,1,0,0,0,0
7,2019,2,7,2,0,1,0,0,0,0,1,0,0,0,0,0,1,0
4,2021,3,9,2,2,6,0,0,1,0,0,0,0,0,0,2,0,0
2,2018,4,16,2,2,6,0,0,1,0,0,0,0,0,0,0,1,0
4,2020,3,13,6,5,2,0,0,1,0,1,0,0,1,1,1,0,1
11,2021,12,10,2,6,4,0,0,1,1,0,0,0,1,1,2,1,1
4,2018,9,8,5,2,6,0,0,1,0,0,0,0,0,0,0,0,0
2,2021,1,13,3,2,6,0,0,1,0,0,0,1,1,1,2,0,0
11,2018,9,13,3,5,2,0,1,1,0,0,0,0,0,0,0,0,0
8,2020,9,10,2,5,2,0,0,1,0,0,0,0,0,0,1,0,0
4,2018,4,11,6,0,6,0,0,1,0,0,0,0,0,0,0,1,0
1,2018,2,9,5,5,3,0,1,1,0,0,0,0,0,0,0,1,0
2,2019,3,15,4,1,5,0,1,1,0,0,0,0,0,0,0,0,0
7,2018,7,13,7,2,6,0,0,1,0,0,0,0,0,0,0,2,0
7,2018,7,7,1,5,3,0,0,1,0,0,0,1,0,0,0,2,1
12,2021,11,7,5,6,4,0,0,1,1,0,0,0,1,0,2,0,0
1,2021,6,14,2,5,3,0,1,1,0,0,0,0,0,0,1,1,0
6,2021,7,15,6,1,1,0,1,1,0,0,0,0,0,0,1,2,0
1,2019,10,8,5,5,3,0,0,1,0,0,0,0,0,0,0,1,0
3,2021,9,22,3,6,4,2,0,1,1,0,0,0,0,0,1,0,1
2,2020,5,14,4,0,1,0,1,0,0,0,0,0,0,1,1,0,0
1,2020,2,20,6,5,2,2,0,1,0,0,0,0,0,0,0,1,0
1,2021,6,15,2,5,3,0,1,1,0,0,0,0,0,0,1,1,0
3,2019,10,17,6,5,3,1,1,1,0,0,0,0,0,0,0,1,0
9,2019,10,20,6,0,1,2,1,0,0,0,0,0,1,0,0,1,0
12,2020,11,8,7,5,3,0,0,1,0,0,0,1,0,1,2,0,0
5,2019,5,7,6,5,3,0,1,1,0,0,0,0,0,0,0,0,0
6,2018,6,16,1,0,7,0,0,0,0,1,0,0,0,0,0,0,0
9,2021,6,12,5,0,2,0,1,1,0,0,0,0,0,0,1,1,0
8,2019,12,23,7,5,2,2,0,1,0,0,0,0,1,0,0,1,0
1,2018,6,13,5,3,6,0,1,0,0,0,0,1,0,0,0,0,0
1,2021,11,17,4,1,5,1,1,1,0,0,0,0,0,0,2,0,0
1,2018,2,7,3,2,2,0,1,1,0,0,0,0,0,0,0,1,0
3,2019,5,7,3,5,2,0,1,1,0,0,0,0,0,0,0,0,0
10,2021,3,16,2,5,2,0,1,1,0,0,0,0,1,0,2,0,0
7,2021,6,9,4,0,6,0,0,1,0,0,0,1,0,0,1,1,0
2,2021,10,17,5,3,5,0,1,1,0,0,0,0,0,0,1,1,0
10,2020,10,8,6,5,2,0,1,0,0,0,1,0,0,1,1,1,1
1,2020,11,11,5,2,6,0,0,1,0,0,0,1,0,1,2,0,0
4,2019,8,17,4,0,4,0,1,0,1,0,0,0,0,0,0,0,0
7,2018,8,13,5,5,2,0,1,1,0,0,0,0,0,0,0,1,0
8,2019,7,20,6,5,3,2,0,1,0,0,0,0,0,0,0,2,0
11,2020,10,13,5,5,2,0,0,1,0,0,0,0,1,1,1,1,0
8,2021,6,17,2,2,6,0,1,1,0,0,0,0,0,0,1,1,0
9,2018,6,9,1,5,2,0,0,1,0,0,0,0,1,0,0,0,0
6,2019,5,1,1,1,5,2,0,1,0,0,0,0,0,0,0,0,1
2,2020,6,15,1,4,6,0,1,1,0,0,0,0,0,0,1,1,0
1,2021,11,20,3,6,2,2,0,0,1,0,0,1,1,0,2,0,1
11,2020,2,14,3,5,3,0,1,1,0,0,0,0,0,0,0,1,1
4,2021,11,11,3,5,3,0,0,1,0,0,0,1,1,0,2,0,0
11,2020,10,11,7,4,6,0,1,0,0,0,0,0,0,1,1,1,0
11,2020,1,8,6,6,4,0,0,1,1,0,0,0,0,0,0,1,0
9,2018,10,11,5,5,2,0,0,1,0,0,0,0,0,0,0,1,0
3,2021,2,17,7,0,2,2,1,1,0,0,0,0,0,1,2,1,0
3,2019,2,17,5,5,3,2,1,1,0,0,0,0,0,0,0,1,0
7,2019,1,17,7,3,5,2,0,1,0,0,0,0,1,0,0,1,0
5,2018,12,17,6,6,2,2,0,1,1,0,0,0,1,0,0,1,0
12,2019,1,6,2,5,3,2,0,1,0,1,0,0,1,0,0,1,0
2,2021,11,16,5,0,3,0,1,1,0,0,0,0,0,0,2,0,0
2,2019,5,8,5,0,1,0,0,0,0,1,0,0,0,0,0,0,1
2,2020,8,5,4,5,3,1,0,1,0,1,0,0,0,0,1,1,0
3,2018,5,19,6,5,3,0,0,1,0,1,0,0,0,0,0,0,1
12,2018,5,18,4,5,2,0,1,1,0,0,0,0,0,0,0,0,0
10,2020,11,13,7,5,3,0,0,1,0,0,0,0,0,1,2,0,0
4,2020,11,14,2,2,2,0,0,0,0,1,0,1,0,1,2,0,0
3,2020,9,12,6,0,7,0,1,0,0,0,0,0,0,0,1,0,1
7,2021,5,16,7,3,6,2,0,1,0,0,0,0,0,1,2,1,0
11,2019,5,8,5,5,2,0,1,0,0,0,1,0,0,0,0,0,1
4,2018,9,16,4,2,6,0,0,1,0,0,0,0,0,0,0,0,0
9,2019,7,18,3,0,1,0,0,0,0,1,0,0,0,0,0,2,1
12,2019,7,12,2,5,3,0,1,1,0,0,0,0,0,0,0,2,0
4,2021,7,19,5,5,3,0,0,1,0,0,0,1,0,0,1,2,0
7,2019,9,19,4,2,6,1,0,1,0,0,0,0,0,0,0,0,0
8,2018,8,6,5,5,2,0,0,0,0,1,1,0,0,0,0,1,0
1,2021,7,13,4,0,6,0,0,1,0,1,0,0,1,0,1,2,0
12,2018,12,15,1,5,7,1,0,1,0,0,0,1,1,0,0,1,0
4,2018,10,15,2,2,6,0,0,1,0,0,0,1,1,0,0,1,0
2,2018,9,9,2,2,6,0,0,1,0,0,0,0,0,0,0,0,0
12,2018,5,15,3,6,4,0,0,1,1,0,0,0,0,0,0,0,0
2,2020,10,17,5,0,4,1,1,0,1,0,0,0,1,1,1,1,0
9,2018,11,5,4,2,2,2,1,1,0,0,0,0,1,0,0,0,0
6,2020,2,19,5,6,4,2,0,0,1,0,0,1,1,0,0,1,1
11,2018,3,10,4,5,3,0,1,1,0,0,0,0,0,0,0,1,0
8,2018,3,15,3,6,4,0,0,1,1,0,0,0,0,0,0,1,0
3,2018,7,18,5,3,6,0,1,1,0,0,0,0,0,0,0,2,0
10,2019,12,14,6,5,2,0,1,0,0,0,0,1,0,0,0,1,0
7,2018,3,14,4,2,6,0,0,1,0,0,0,0,1,0,0,1,0
1,2020,2,14,4,0,1,0,0,0,0,1,0,0,0,0,0,1,0
2,2019,5,18,4,5,2,0,1,0,0,0,0,1,0,0,0,0,0
9,2020,2,12,6,5,7,0,0,1,0,0,0,1,0,0,0,1,0
4,2021,12,16,3,6,4,1,0,1,1,0,0,0,1,1,2,1,1
3,2020,11,12,2,1,5,0,1,1,0,0,0,0,1,1,2,0,0
5,2019,9,21,3,5,3,2,1,1,0,0,0,0,0,0,0,0,0
2,2019,8,7,6,5,2,0,1,1,0,0,0,0,0,0,0,0,0
1,2021,6,19,1,5,2,0,1,1,0,0,0,0,0,0,1,1,0
4,2020,1,7,1,0,1,1,0,0,0,0,0,1,1,0,0,1,0
2,2019,8,12,3,0,7,0,0,0,0,1,0,0,0,0,0,0,0
3,2019,6,11,4,0,2,0,0,1,0,1,0,0,0,0,0,1,0
1,2018,9,17,7,5,7,0,0,1,0,1,0,0,0,0,0,0,0
6,2020,9,15,3,5,3,0,0,1,0,1,0,0,0,0,1,0,0
9,2019,7,17,3,2,7,0,0,1,0,1,0,0,0,0,0,2,0