BEZ,UJAHR,UMONAT,USTUNDE,UWOCHENTAG,UART,UTYP1,ULICHTVERH,IstRad,IstPKW,IstFuss,IstKrad,IstGkfz,IstSonstige,USTRZUSTAND,LOCKDOWN,COVID,FERIEN,UKATEGORIE
4,2020,6,15,5,4,6,0,0,1,0,0,0,1,0,0,1,1,0
2,2018,4,14,1,5,2,0,0,1,0,0,0,0,0,0,0,1,0
3,2020,10,8,5,5,3,0,1,1,0,0,0,0,0,1,1,1,0
5,2019,6,14,1,2,6,0,0,1,0,0,0,0,0,0,0,1,0
3,2019,11,12,3,6,3,0,0,1,1,0,0,0,0,0,0,0,1
4,2021,10,13,4,0,7,0,1,0,0,0,1,0,1,0,1,1,0
4,2018,9,8,1,5,3,0,1,1,0,0,0,0,0,0,0,0,0
9,2020,12,22,6,5,3,2,1,1,0,0,0,0,0,1,2,1,0
7,2019,4,14,5,5,2,0,0,1,0,0,0,0,0,0,0,1,0
2,2019,4,8,2,5,3,0,1,1,0,0,0,0,0,0,0,1,0
4,2018,1,21,3,5,3,2,0,1,0,0,0,0,0,0,0,0,1
1,2021,1,14,2,6,4,0,0,1,1,0,0,0,1,1,2,0,0
1,2020,6,12,3,5,3,0,1,1,0,0,0,0,0,0,1,1,0
1,2019,10,12,5,5,3,0,0,1,0,1,0,0,0,0,0,1,0
8,2020,12,9,5,5,3,0,0,1,0,0,0,0,0,1,2,1,0
1,2018,7,15,5,5,2,0,1,0,0,0,1,0,0,0,0,2,0
3,2021,7,0,1,1,5,2,0,0,0,1,0,1,0,0,1,2,0
6,2020,7,8,4,5,3,0,0,1,0,0,0,0,1,0,1,2,0
8,2019,11,0,3,6,2,2,0,1,1,0,0,0,0,0,0,0,0
8,2020,9,13,4,4,2,0,0,1,0,1,0,0,0,0,1,0,0
7,2019,1,17,5,1,7,1,0,1,0,0,0,0,0,0,0,1,0
3,2021,9,12,4,4,6,0,1,0,0,0,0,0,0,0,1,0,0
9,2018,10,16,2,4,7,0,0,1,0,0,0,0,0,0,0,1,1
5,2018,8,14,4,5,3,0,1,1,0,0,0,0,0,0,0,1,0
7,2018,3,11,5,5,3,0,1,1,0,0,0,0,1,0,0,1,0
3,2019,10,6,2,5,3,2,1,1,0,0,0,0,1,0,0,1,0
9,2020,1,8,4,5,3,0,1,0,0,0,0,0,0,0,0,1,0
9,2020,6,11,2,1,5,0,1,1,0,0,0,0,0,0,1,1,0
12,2019,8,13,7,2,7,0,1,1,0,0,0,0,0,0,0,0,1
1,2019,12,23,4,5,7,2,0,1,0,1,0,0,1,0,0,1,0
4,2019,9,11,4,0,5,0,1,1,0,0,0,0,0,0,0,0,0
10,2020,1,14,2,5,3,0,1,1,0,0,0,0,1,0,0,1,0
4,2020,3,3,1,0,1,2,0,0,0,1,0,0,1,1,1,0,1
7,2018,7,13,4,3,6,0,0,0,0,1,0,1,0,0,0,2,0
11,2018,2,6,3,2,6,1,0,1,0,0,0,1,0,0,0,1,0
1,2021,3,8,3,2,6,0,0,1,0,0,1,0,0,0,2,0,0
2,2018,6,18,2,5,2,0,1,0,0,0,1,0,0,0,0,0,0
1,2019,3,11,2,1,5,0,0,1,0,1,0,0,0,0,0,0,0
3,2018,4,16,3,0,4,0,0,0,1,0,0,1,0,0,0,1,0
9,2021,12,11,2,6,2,0,0,1,1,0,0,0,0,1,2,1,1
7,2019,10,19,6,2,6,2,0,1,0,1,0,0,0,0,0,1,0
3,2019,4,15,5,6,4,0,1,0,1,0,0,0,0,0,0,1,0
12,2018,8,10,2,6,4,0,0,1,1,0,0,0,0,0,0,1,0
6,2020,6,14,5,2,6,0,0,1,0,0,0,0,0,0,1,1,0
8,2020,8,8,6,0,7,0,0,1,0,1,0,0,0,0,1,1,0
5,2021,3,6,1,6,2,0,0,1,1,0,0,0,0,0,2,0,0
7,2018,5,9,5,6,6,0,1,0,1,0,0,0,0,0,0,0,1
7,2021,8,16,3,6,4,0,1,0,1,0,0,0,0,0,1,1,1
6,2020,3,11,3,2,2,0,0,1,0,0,0,0,0,1,1,0,0
11,2021,5,17,4,0,3,0,0,1,0,0,0,1,0,1,2,1,0
8,2018,8,22,6,2,6,2,0,1,0,0,0,0,0,0,0,1,0
1,2019,1,8,3,1,5,0,1,0,0,0,1,0,1,0,0,1,0
4,2019,3,6,2,3,6,0,0,1,0,0,0,0,1,0,0,0,0
6,2020,7,19,2,5,3,0,0,1,0,1,0,0,0,0,1,2,0
1,2019,4,0,7,4,6,2,0,1,0,0,0,0,0,0,0,1,0
3,2021,6,15,3,0,2,0,1,1,0,0,0,0,0,0,1,1,0
3,2021,6,11,5,0,1,0,1,0,0,0,0,0,0,0,1,1,1
7,2021,5,19,4,0,6,0,0,1,0,1,0,0,0,1,2,1,1
9,2021,3,15,2,2,6,0,1,1,0,0,0,0,0,0,2,0,0
4,2018,7,12,5,6,2,0,0,1,1,0,0,0,0,0,0,2,0
8,2020,10,11,7,2,6,0,0,1,0,0,0,0,0,1,1,1,0
4,2018,8,18,6,0,7,0,1,0,0,0,0,0,0,0,0,1,1
2,2019,3,15,6,5,2,0,1,1,0,0,0,0,0,0,0,0,1
8,2021,5,16,2,5,3,0,1,1,0,0,0,0,0,1,2,1,0
1,2018,12,18,4,6,4,2,0,1,1,0,0,0,0,0,0,1,0
1,2021,5,7,3,0,2,0,1,1,0,0,0,0,0,1,2,1,0
8,2021,6,18,6,5,2,0,1,1,0,0,0,0,0,0,1,1,0
1,2021,8,7,4,5,2,0,1,1,0,0,0,0,0,0,1,1,0
11,2019,8,12,2,2,6,0,0,1,0,1,0,0,0,0,0,0,0
4,2021,8,20,1,6,2,2,0,1,1,0,0,0,1,0,1,1,0
8,2018,5,19,2,5,2,0,0,1,0,1,0,0,0,0,0,0,1
5,2018,5,8,4,5,2,0,0,1,0,0,0,0,0,0,0,0,0
7,2018,10,9,5,5,2,0,0,1,0,0,0,1,0,0,0,1,1
2,2019,9,9,5,3,6,0,1,0,0,0,0,0,0,0,0,0,0
1,2021,7,19,7,0,1,0,1,0,0,0,0,0,0,0,1,2,0
7,2019,6,14,6,2,6,0,0,1,0,0,0,0,0,0,0,1,1
9,2019,4,14,5,2,2,0,1,0,0,0,0,1,0,0,0,1,0
6,2021,8,17,2,5,2,0,1,1,0,0,0,0,0,0,1,1,0
7,2021,10,12,7,5,3,0,0,1,0,0,0,0,0,0,1,1,0
8,2018,11,16,7,5,7,1,0,1,0,1,0,0,0,0,0,0,0
1,2021,12,11,5,2,6,0,0,1,0,0,0,0,1,1,2,1,0
11,2020,9,9,3,6,2,0,0,1,1,0,0,0,0,0,1,0,0
7,2021,12,19,5,2,6,0,0,1,0,0,0,0,0,1,2,1,0
9,2019,8,7,4,6,7,0,0,0,1,0,0,1,0,0,0,0,1
3,2020,10,20,3,2,6,2,0,1,0,0,0,0,1,1,1,1,0
2,2019,7,13,2,5,3,0,0,1,0,0,0,0,0,0,0,2,0
11,2020,8,17,3,5,3,0,1,1,0,0,0,0,0,0,1,1,0
2,2020,4,22,3,6,2,2,0,0,1,0,0,1,0,1,2,1,0
9,2021,11,13,7,2,6,0,1,1,0,0,0,0,0,0,2,0,0
4,2020,4,16,6,2,6,0,0,1,0,0,0,0,0,1,2,1,0
2,2019,10,21,3,1,5,2,1,1,0,0,0,0,0,0,0,1,0
10,2018,5,17,6,5,3,0,0,1,0,0,0,0,0,0,0,0,0
4,2021,8,13,2,5,2,0,0,1,0,0,0,0,0,0,1,1,0
5,2019,9,16,7,4,6,0,0,1,0,1,0,0,0,0,0,0,1
2,2019,9,12,7,3,6,0,1,0,0,0,0,1,1,0,0,0,0
4,2021,10,7,4,5,2,0,0,1,0,0,0,0,0,0,1,1,0
2,2019,2,12,4,2,6,0,0,1,0,0,0,0,0,0,0,1,0
12,2018,6,7,3,1,5,0,1,1,0,0,0,0,0,0,0,0,1
1,2019,10,8,5,1,5,0,1,0,0,0,0,1,1,0,0,1,1
1,2019,10,12,2,5,2,0,0,1,0,0,0,0,0,0,0,1,0
1,2021,11,7,6,5,3,0,0,1,0,0,0,0,1,0,2,0,0
2,2021,1,3,1,0,1,2,0,0,0,0,0,1,0,1,2,0,0
3,2018,6,17,2,5,3,0,1,0,0,0,0,0,0,0,0,0,0
5,2018,2,9,2,1,5,0,1,1,0,0,0,0,0,0,0,1,0
1,2019,11,11,3,5,7,0,0,1,0,0,0,0,0,0,0,0,0
1,2021,11,14,2,6,4,0,1,0,1,0,0,0,0,0,2,0,0
2,2019,5,16,5,0,3,0,1,1,0,0,0,0,0,0,0,0,0
2,2018,7,0,2,0,1,2,0,0,0,1,0,0,0,0,0,2,0
10,2019,5,14,3,5,3,0,0,1,0,0,1,0,0,0,0,0,0
6,2019,2,16,5,5,3,0,0,1,0,0,0,0,0,0,0,1,0
8,2019,3,7,2,2,6,0,0,1,0,0,0,0,0,0,0,0,0
2,2019,4,18,7,5,2,0,1,1,0,0,0,0,0,0,0,1,0
8,2019,5,15,7,2,6,0,0,1,0,1,0,0,0,0,0,0,0
2,2020,8,13,7,1,5,0,1,1,0,0,0,0,1,0,1,1,0
4,2021,4,12,2,6,4,0,0,0,1,0,1,0,0,1,2,1,0
2,2019,12,12,6,0,1,0,0,0,0,1,0,0,1,0,0,1,0
1,2018,9,8,3,3,6,0,1,1,0,0,0,0,0,0,0,0,0
7,2019,5,15,4,9,1,0,0,0,0,1,0,0,0,0,0,0,1
7,2019,2,13,1,1,5,0,1,1,0,0,0,0,0,0,0,1,0
3,2020,9,11,4,0,7,0,1,0,0,0,0,0,0,0,1,0,0
8,2019,1,14,5,1,5,0,0,1,0,0,0,0,0,0,0,1,0
12,2020,5,15,6,5,3,0,0,1,0,1,0,0,0,1,1,0,0
8,2020,3,20,2,6,4,2,0,0,1,1,0,0,0,1,1,0,0
4,2019,10,11,6,5,7,0,0,1,0,0,0,0,0,0,0,1,0
12,2021,11,15,7,1,5,0,1,1,0,0,0,0,0,0,2,0,0
5,2020,7,17,3,5,3,0,1,1,0,0,0,0,0,0,1,2,1
6,2020,12,14,5,2,6,1,0,1,0,0,0,0,1,1,2,1,0
7,2020,6,7,4,5,2,0,0,1,0,0,0,1,0,0,1,1,1
4,2020,6,14,3,3,6,0,0,1,0,0,0,0,0,0,1,1,0
3,2019,9,9,7,5,3,0,1,1,0,0,0,0,0,0,0,0,0
7,2019,5,17,7,5,3,0,1,1,0,0,0,0,0,0,0,0,0
9,2020,5,12,5,7,7,0,1,0,0,0,0,0,0,1,1,0,1
4,2021,6,19,2,6,7,0,0,0,1,0,0,1,0,0,1,1,0
9,2019,4,6,3,5,3,0,1,1,0,0,0,0,0,0,0,1,0
9,2019,6,12,3,5,2,0,0,1,0,1,0,0,0,0,0,1,0
7,2021,9,12,4,5,3,0,1,1,0,0,0,0,0,0,1,0,0
6,2019,7,14,4,5,3,0,1,1,0,0,0,0,0,0,0,2,0
1,2021,5,19,5,5,7,0,0,1,0,0,0,0,0,1,2,1,0
3,2021,6,10,3,5,2,0,0,1,0,0,0,0,0,0,1,1,0
7,2020,8,7,2,5,3,0,0,1,0,0,0,0,1,0,1,1,0
12,2020,12,10,2,1,5,0,1,1,0,0,0,0,1,1,2,1,0
4,2018,6,22,5,6,4,2,1,0,1,0,0,0,0,0,0,0,0
2,2021,5,19,4,5,2,0,1,1,0,0,0,0,1,1,2,1,0
8,2019,11,8,7,5,3,0,0,1,0,1,0,0,1,0,0,0,0
1,2020,8,11,7,0,2,0,0,1,0,1,0,0,1,0,1,1,0
4,2018,10,16,1,0,6,0,0,1,0,0,0,0,0,0,0,1,0
1,2019,10,11,3,0,5,0,0,1,0,1,0,1,0,0,0,1,1
2,2018,12,2,7,3,6,2,1,1,0,0,0,0,0,0,0,1,0
4,2019,10,15,4,0,3,0,1,0,0,1,0,0,0,0,0,1,0
6,2018,7,16,2,5,3,0,0,1,0,0,0,0,0,0,0,2,0
10,2021,10,13,7,2,6,0,0,1,0,0,0,0,0,0,1,1,0
4,2019,5,12,4,3,6,0,1,1,0,0,0,0,0,0,0,0,0
7,2021,12,18,4,6,2,2,0,1,1,0,0,0,1,1,2,1,0
2,2018,8,4,4,6,4,0,0,1,1,1,0,0,0,0,0,1,0
4,2021,10,15,4,5,3,0,1,1,0,0,0,0,0,0,1,1,0
4,2019,1,15,4,2,6,0,0,1,0,0,0,0,1,0,0,1,0
2,2020,9,8,3,0,2,0,1,1,0,0,0,0,0,0,1,0,0
1,2018,6,9,6,3,6,0,0,0,0,1,1,0,0,0,0,0,1
4,2021,1,11,5,5,3,0,0,1,0,0,0,0,0,1,2,0,0
6,2020,4,18,2,5,2,0,0,1,0,0,0,0,0,1,2,1,1
6,2020,6,17,6,5,3,0,0,1,0,0,0,0,0,0,1,1,0
9,2018,4,12,7,3,6,0,0,1,0,1,0,0,0,0,0,1,1
5,2021,12,12,3,6,4,0,0,1,1,0,0,0,0,1,2,1,0
2,2020,10,14,1,2,2,0,0,1,0,1,0,0,1,1,1,1,0
3,2019,1,20,5,5,3,2,1,1,0,0,0,0,0,0,0,1,0
2,2021,11,2,7,5,3,2,0,1,0,1,0,0,0,0,2,0,0
1,2019,5,10,3,3,6,0,1,1,0,0,0,0,0,0,0,0,0
2,2019,7,12,3,5,2,0,1,0,0,0,1,0,0,0,0,2,0
2,2020,5,18,6,2,6,0,0,1,0,0,0,0,0,1,1,0,0
10,2018,4,16,4,6,6,0,1,0,1,0,0,0,0,0,0,1,0
4,2018,10,17,6,1,5,1,1,0,0,0,0,1,0,0,0,1,0
8,2018,2,16,4,5,2,0,0,1,0,0,0,0,0,0,0,1,1
12,2020,2,11,2,2,7,0,0,1,0,0,0,0,1,0,0,1,0
5,2021,1,12,5,2,6,0,0,1,0,0,0,0,0,1,2,0,0
1,2019,9,23,6,2,6,2,0,1,0,0,0,0,0,0,0,0,0
8,2021,7,11,6,5,3,0,0,1,0,0,0,0,0,0,1,2,0
9,2020,8,13,4,5,3,0,0,1,0,0,0,0,1,0,1,1,0
2,2020,10,14,6,2,6,0,0,1,0,0,0,1,0,1,1,1,0
12,2020,3,13,6,3,6,0,0,1,0,1,0,0,0,1,1,0,0
7,2020,11,19,2,5,3,2,0,1,0,0,0,0,0,1,2,0,0
4,2019,5,13,5,2,7,0,0,1,0,1,0,0,0,0,0,0,1
6,2021,8,16,4,4,6,0,1,0,0,0,0,1,0,0,1,1,1
1,2020,9,11,4,2,2,0,1,0,0,0,0,1,0,0,1,0,0
2,2018,1,18,7,5,2,2,1,1,0,0,0,0,1,0,0,0,0
12,2019,4,16,1,5,2,0,0,1,0,0,0,0,0,0,0,1,0
9,2021,11,21,5,6,7,2,0,1,1,0,0,0,1,0,2,0,0
7,2018,9,14,5,5,7,0,1,1,0,0,0,0,0,0,0,0,0
1,2019,11,6,6,2,6,2,0,1,0,0,0,0,1,0,0,0,0
4,2018,9,11,2,2,7,0,0,1,0,1,0,0,0,0,0,0,0
1,2021,11,5,3,2,6,2,0,1,0,0,0,0,1,0,2,0,0
5,2018,6,14,3,2,2,0,0,1,0,0,0,1,0,0,0,0,0
5,2019,6,9,6,0,2,0,1,1,0,0,0,0,0,0,0,1,0
8,2020,11,12,1,5,3,0,0,1,0,1,0,0,0,1,2,0,1
11,2019,6,12,2,5,3,0,1,0,0,0,0,0,0,0,0,1,0
4,2021,7,8,5,5,3,0,1,0,0,0,0,1,0,0,1,2,0
10,2019,10,19,4,2,7,2,0,1,0,0,0,0,0,0,0,1,0
7,2018,6,15,5,5,2,0,1,1,0,0,0,0,0,0,0,0,0
7,2021,7,22,3,5,3,2,0,1,0,0,0,0,0,0,1,2,0
6,2020,10,13,1,1,5,0,1,1,0,0,0,0,1,1,1,1,0
4,2018,2,15,5,5,2,0,1,1,0,0,0,0,0,0,0,1,0
6,2020,10,17,3,2,6,0,0,1,0,0,0,0,0,1,1,1,0
4,2019,4,12,6,5,3,0,1,0,0,1,0,0,0,0,0,1,0
5,2019,10,19,5,6,4,2,0,1,1,0,0,0,0,0,0,1,1
1,2021,3,18,6,3,6,0,0,1,0,1,0,0,0,0,2,0,1
1,2019,2,18,1,5,2,2,1,1,0,0,0,0,0,0,0,1,1
4,2021,1,14,3,2,6,0,0,1,0,0,0,1,0,1,2,0,0
3,2020,9,5,3,2,6,0,0,1,0,0,0,1,0,0,1,0,0
1,2019,9,14,6,2,6,0,0,1,0,0,0,0,0,0,0,0,0
2,2020,9,8,5,3,6,0,1,1,0,0,0,0,1,0,1,0,0
12,2021,5,15,2,2,6,0,0,1,0,0,0,0,0,1,2,1,0
2,2019,10,20,2,5,2,2,0,1,0,1,0,0,0,0,0,1,1
9,2019,4,21,4,5,3,2,1,0,0,0,0,0,0,0,0,1,0
2,2020,7,7,6,4,6,0,1,0,0,0,0,0,0,0,1,2,0
4,2018,10,13,2,1,5,0,1,1,0,0,0,1,1,0,0,1,0
12,2018,8,0,1,0,7,2,0,0,0,0,0,1,0,0,0,1,1
10,2019,10,18,3,2,7,1,0,1,0,0,0,0,0,0,0,1,0
10,2021,10,9,7,6,4,0,0,1,1,0,0,0,0,0,1,1,0
3,2018,3,10,5,2,6,0,0,1,0,0,0,0,0,0,0,1,1
7,2018,1,14,2,2,2,0,0,1,0,0,0,1,0,0,0,0,0
11,2019,5,14,6,5,2,0,0,1,0,0,0,1,0,0,0,0,1
12,2019,5,15,5,2,6,0,0,1,0,0,0,0,0,0,0,0,0
6,2018,10,14,3,5,2,0,1,1,0,0,0,0,1,0,0,1,0
11,2020,2,10,5,2,6,0,0,1,0,0,0,1,1,0,0,1,0
2,2019,9,13,4,0,3,0,1,0,0,1,0,0,0,0,0,0,0
7,2020,12,8,5,1,5,0,1,1,0,0,0,0,0,1,2,1,0
7,2019,11,17,5,5,2,2,0,1,0,1,0,0,0,0,0,0,0
6,2021,8,18,2,1,5,0,0,1,0,0,0,0,0,0,1,1,0
1,2019,12,1,1,5,3,2,0,1,0,0,0,1,0,0,0,1,0
11,2018,11,18,5,6,4,2,0,1,1,0,0,0,0,0,0,0,0
6,2021,8,21,1,5,3,2,1,1,0,0,0,0,1,0,1,1,0
1,2018,9,18,1,2,6,0,0,1,0,0,0,0,0,0,0,0,0
8,2019,6,13,7,5,3,0,0,1,0,1,0,0,0,0,0,1,0
8,2018,11,13,5,5,3,0,1,0,0,0,0,1,0,0,0,0,0
1,2020,10,12,4,9,1,0,0,1,0,0,0,0,1,1,1,1,0
2,2018,4,14,1,0,2,0,0,1,0,1,0,0,0,0,0,1,0
4,2021,11,11,4,2,6,0,0,1,0,0,0,0,0,0,2,0,0
2,2018,12,23,7,5,3,2,1,1,0,0,0,0,1,0,0,1,0
11,2018,12,6,2,6,2,2,0,0,1,0,0,1,1,0,0,1,0
2,2021,2,18,3,5,2,2,0,1,0,1,0,0,1,1,2,1,0
7,2021,5,11,7,2,6,0,0,1,0,1,0,0,0,1,2,1,0
4,2019,10,8,3,5,7,0,0,1,0,0,0,0,1,0,0,1,1
1,2020,9,7,2,0,2,0,1,1,0,0,0,0,0,0,1,0,0
2,2021,4,12,5,0,3,0,1,1,0,0,0,0,0,1,2,1,0
1,2019,5,21,3,0,3,2,1,0,0,1,0,0,0,0,0,0,0
4,2018,4,18,5,5,3,0,0,1,0,0,0,0,0,0,0,1,0
4,2019,3,13,4,5,2,0,1,1,0,0,0,0,0,0,0,0,0
6,2019,2,7,4,3,2,0,1,0,0,0,1,0,0,0,0,1,0
3,2019,11,10,5,1,5,0,1,0,0,0,0,1,0,0,0,0,0
10,2021,7,9,5,2,2,0,0,1,0,1,0,0,0,0,1,2,0
3,2021,5,22,7,5,3,2,0,1,0,0,0,1,0,1,2,1,0
4,2019,9,5,2,3,6,2,0,1,0,0,0,0,1,0,0,0,0
6,2021,6,12,7,2,6,0,0,1,0,0,0,0,0,0,1,1,0
6,2021,4,20,5,6,2,2,0,1,1,0,0,0,1,1,2,1,0
11,2021,11,9,2,5,2,0,1,1,0,0,0,0,0,0,2,0,0
1,2020,10,17,2,5,3,0,1,1,0,0,0,0,0,1,1,1,0
6,2019,9,12,4,2,6,0,0,1,0,0,0,1,1,0,0,0,0
4,2020,4,18,4,5,2,0,1,1,0,0,0,0,1,1,2,1,0
12,2018,5,18,2,6,4,0,0,0,1,0,0,1,0,0,0,0,1
7,2018,2,19,1,2,6,2,0,1,0,1,0,0,0,0,0,1,1
12,2018,4,13,2,6,4,0,0,1,1,0,0,0,0,0,0,1,0
4,2019,7,16,4,2,6,0,0,1,0,0,0,0,0,0,0,2,0
3,2018,5,18,3,3,6,0,1,0,0,0,1,0,0,0,0,0,1
8,2019,5,16,1,3,6,0,1,1,0,0,0,0,0,0,0,0,0
1,2019,4,15,3,5,2,0,0,0,0,1,0,1,0,0,0,1,1
10,2019,11,19,5,1,5,2,0,1,0,0,0,1,0,0,0,0,1
8,2020,9,21,6,6,4,2,0,1,1,0,0,0,0,0,1,0,0
9,2018,5,8,2,2,6,0,0,1,0,0,0,0,0,0,0,0,0
1,2021,4,0,6,8,1,2,0,1,0,0,0,0,0,1,2,1,0
2,2021,1,17,2,5,3,2,0,1,0,0,0,1,1,1,2,0,0
10,2018,9,16,6,5,2,0,1,1,0,0,0,0,0,0,0,0,1
8,2019,8,21,7,3,6,2,0,1,0,1,0,0,0,0,0,0,0
11,2018,9,17,1,0,1,0,1,0,0,0,0,0,0,0,0,0,1
6,2018,11,14,3,1,5,0,1,0,0,0,0,1,0,0,0,0,0
8,2018,1,21,5,6,2,2,0,1,1,0,0,0,1,0,0,0,0
7,2020,3,13,4,6,4,0,0,1,1,0,0,0,0,1,1,0,1
4,2019,3,15,7,6,7,0,0,1,1,0,0,0,0,0,0,0,0
2,2019,3,16,1,5,3,0,1,0,0,1,0,0,0,0,0,0,0
9,2020,7,14,2,3,6,0,0,1,0,1,0,0,0,0,1,2,0
4,2018,1,17,5,6,2,2,0,1,1,0,0,0,1,0,0,0,0
8,2020,8,17,6,0,2,0,0,1,0,0,0,1,0,0,1,1,0
12,2019,9,21,2,5,3,2,0,1,0,1,0,0,0,0,0,0,1
8,2018,10,12,4,5,3,0,1,0,0,0,0,1,0,0,0,1,0
5,2021,4,11,6,5,3,0,1,1,0,0,0,0,0,1,2,1,0
7,2018,5,23,1,5,3,2,0,1,0,0,0,0,0,0,0,0,1
10,2018,7,8,3,5,3,0,1,1,0,0,0,0,0,0,0,2,0
4,2018,11,12,6,2,6,0,0,1,0,0,0,0,0,0,0,0,1
3,2020,9,8,5,5,2,0,1,1,0,0,0,0,0,0,1,0,0
11,2019,6,15,4,5,2,0,1,0,0,0,1,0,0,0,0,1,1
6,2018,6,15,5,5,3,0,0,1,0,1,0,0,1,0,0,0,0
4,2018,12,17,2,2,6,2,0,1,0,0,0,0,0,0,0,1,0
3,2019,10,8,4,2,7,1,1,1,0,0,0,0,1,0,0,1,0
5,2021,11,16,4,8,7,1,0,1,0,0,0,0,0,0,2,0,0
2,2019,5,9,4,5,2,0,0,1,0,1,0,0,0,0,0,0,0
2,2018,2,14,3,1,6,0,0,1,0,0,1,0,0,0,0,1,0
3,2019,10,19,2,5,3,2,1,1,0,0,0,0,0,0,0,1,0
12,2019,1,18,3,2,6,2,0,1,0,0,0,0,1,0,0,1,0
1,2021,11,13,3,6,7,0,0,0,1,0,0,1,1,0,2,0,0
12,2021,2,20,5,6,4,2,0,0,1,0,0,1,2,1,2,1,0
6,2019,9,12,4,5,3,0,0,1,0,1,0,0,0,0,0,0,0
4,2019,6,18,7,5,2,0,1,1,0,0,0,0,0,0,0,1,0
6,2021,10,14,5,0,7,0,0,0,0,0,1,1,0,0,1,1,0
7,2019,9,12,6,0,7,0,1,1,0,0,0,0,0,0,0,0,0
1,2021,12,19,5,2,1,2,0,1,0,0,0,0,2,1,2,1,0
6,2020,10,23,2,3,6,2,1,1,0,0,0,0,0,1,1,1,0
2,2019,7,10,5,0,6,0,0,1,0,0,0,1,0,0,0,2,1
2,2020,1,12,5,5,3,0,1,1,0,0,0,0,0,0,0,1,0
12,2020,5,7,6,5,2,0,1,0,0,0,1,0,0,1,1,0,0
3,2018,7,21,4,5,2,0,1,1,0,0,0,0,0,0,0,2,0
6,2018,7,18,5,1,6,0,1,1,0,0,0,0,0,0,0,2,0
8,2018,12,14,3,2,6,0,0,1,0,0,0,0,1,0,0,1,0
2,2019,3,19,5,5,2,2,0,1,0,1,0,0,1,0,0,0,0
1,2021,4,16,5,5,3,0,1,1,0,0,0,0,0,1,2,1,1
4,2019,11,8,5,6,7,0,0,0,1,0,0,1,0,0,0,0,0
4,2019,7,9,4,6,7,0,1,0,0,0,0,1,0,0,0,2,0
4,2020,9,12,1,5,3,0,1,1,0,0,0,0,0,0,1,0,1
11,2018,7,10,4,5,2,0,1,1,0,0,0,0,0,0,0,2,0
1,2018,11,16,6,4,7,2,1,1,0,0,0,0,1,0,0,0,0
9,2021,3,11,7,5,3,0,1,0,0,0,0,1,0,0,2,0,1
2,2018,6,11,3,3,6,0,1,1,0,0,0,0,0,0,0,0,1
3,2019,3,15,3,6,4,0,0,1,1,0,0,0,0,0,0,0,0
12,2018,6,13,5,2,6,0,0,1,0,0,1,0,0,0,0,0,0
6,2018,12,7,3,0,1,1,1,0,0,0,0,0,1,0,0,1,0
5,2018,6,18,4,5,3,0,1,1,0,0,0,0,0,0,0,0,0
5,2019,9,15,2,5,2,0,1,1,0,0,0,0,1,0,0,0,0
5,2019,7,8,5,6,4,0,0,0,1,0,1,0,0,0,0,2,0
12,2020,10,14,7,0,7,0,0,1,0,1,0,0,1,1,1,1,0
1,2020,2,8,3,5,2,0,1,0,0,0,0,1,0,0,0,1,0
7,2018,2,8,2,2,6,0,0,1,0,0,0,0,0,0,0,1,0
6,2019,2,5,5,3,6,2,0,1,0,0,0,0,0,0,0,1,0
11,2018,11,5,3,2,6,2,0,1,0,0,0,0,0,0,0,0,0
6,2021,8,20,3,0,6,2,1,0,0,0,0,1,0,0,1,1,1
9,2019,3,11,5,5,2,0,1,0,0,0,1,0,0,0,0,0,0
7,2020,7,17,2,5,3,0,1,0,0,1,0,0,0,0,1,2,0
2,2018,6,18,7,2,6,0,0,1,0,0,0,0,0,0,0,0,0
6,2018,10,16,6,0,1,0,1,0,0,0,0,0,0,0,0,1,1
7,2020,6,17,2,3,1,0,1,1,0,0,0,0,1,0,1,1,0
5,2018,5,14,2,2,6,0,0,1,0,0,0,0,0,0,0,0,0
9,2020,2,18,7,2,7,2,1,1,0,0,0,0,0,0,0,1,0
9,2020,8,3,6,1,6,2,1,1,0,0,0,0,0,0,1,1,0
5,2021,5,10,6,5,2,0,0,1,0,0,0,0,1,1,2,1,0
3,2019,12,17,4,9,1,2,0,1,0,0,0,0,0,0,0,1,1
7,2019,6,13,3,1,7,0,0,1,0,0,0,0,0,0,0,1,0
5,2018,1,14,5,0,2,0,1,1,0,0,0,0,1,0,0,0,0
1,2021,6,18,5,0,1,0,1,0,0,0,0,0,0,0,1,1,0
7,2020,1,0,2,9,1,2,0,1,0,0,0,0,0,0,0,1,0
11,2020,7,12,7,2,6,0,0,1,0,0,0,1,0,0,1,2,0
3,2020,5,8,5,5,2,0,1,1,0,0,0,0,0,1,1,0,0
2,2021,11,18,5,1,5,2,1,1,0,0,0,0,1,0,2,0,0
12,2018,12,13,6,2,4,0,0,1,1,1,0,0,1,0,0,1,1
9,2020,4,16,4,0,7,0,1,0,0,0,0,0,0,1,2,1,0
4,2021,7,19,3,2,2,0,1,1,0,0,0,0,0,0,1,2,0
8,2019,9,12,5,5,2,0,0,1,0,0,0,0,0,0,0,0,0
6,2018,2,1,7,4,6,2,1,0,0,0,0,1,2,0,0,1,0
9,2021,3,5,6,5,2,2,0,1,0,0,0,1,1,0,2,0,1
7,2021,8,9,6,5,2,0,1,1,0,0,0,0,0,0,1,1,0