BEZ,UJAHR,UMONAT,USTUNDE,UWOCHENTAG,UART,UTYP1,ULICHTVERH,IstRad,IstPKW,IstFuss,IstKrad,IstGkfz,IstSonstige,USTRZUSTAND,LOCKDOWN,COVID,FERIEN,UKATEGORIE
7,2021,6,11,4,2,6,0,0,1,0,0,0,1,0,0,1,1,0
10,2018,3,18,3,5,3,2,0,1,0,0,0,0,1,0,0,1,0
12,2021,9,16,6,6,4,0,0,1,1,0,0,0,0,0,1,0,0
2,2018,7,0,4,5,3,2,1,1,0,0,0,0,1,0,0,2,0
8,2020,11,17,1,5,3,2,0,1,0,0,0,0,0,1,2,0,0
6,2020,3,15,3,5,3,0,1,1,0,0,0,0,1,1,1,0,0
1,2019,11,11,3,3,6,0,1,1,0,0,0,0,1,0,0,0,0
9,2018,6,13,5,0,1,0,1,0,0,0,0,0,0,0,0,0,0
4,2019,12,18,1,5,3,2,0,1,0,1,0,0,0,0,0,1,0
12,2018,2,19,2,2,6,2,0,1,0,0,0,0,1,0,0,1,0
3,2020,11,18,3,1,5,2,0,1,0,1,0,0,1,1,2,0,0
3,2019,3,15,4,5,3,0,0,1,0,0,0,0,0,0,0,0,0
6,2019,3,16,5,5,3,0,1,1,0,0,0,0,1,0,0,0,1
4,2019,6,14,1,5,3,0,1,1,0,0,0,0,0,0,0,1,0
7,2021,5,8,6,0,7,0,0,1,0,0,0,0,0,1,2,1,1
2,2019,9,0,1,9,1,2,0,1,0,0,0,0,0,0,0,0,0
4,2020,6,19,2,6,7,0,1,0,1,0,0,0,0,0,1,1,0
2,2018,5,15,1,5,3,0,1,0,0,0,0,1,0,0,0,0,0
12,2020,7,17,5,5,2,0,1,1,0,0,0,0,0,0,1,2,0
1,2019,10,19,4,0,7,2,0,0,0,0,0,1,1,0,0,1,0
12,2021,9,16,4,5,2,0,0,1,0,1,0,0,0,0,1,0,1
4,2018,12,17,7,0,6,2,0,0,1,1,0,0,1,0,0,1,0
12,2018,9,0,1,2,2,2,0,0,0,0,0,1,1,0,0,0,1
1,2018,2,12,7,5,5,0,1,1,0,0,0,0,1,0,0,1,0
7,2020,12,22,3,0,2,2,0,1,0,1,0,0,0,1,2,1,0
12,2021,4,22,5,4,6,2,0,1,0,0,0,0,1,1,2,1,0
5,2018,1,7,2,2,6,0,0,1,0,0,0,0,1,0,0,0,0
4,2021,10,17,2,5,2,0,1,1,0,0,0,0,0,0,1,1,1
9,2020,6,17,3,6,4,2,1,0,1,0,0,0,0,0,1,1,0
2,2021,8,12,7,0,1,0,1,0,0,0,0,0,0,0,1,1,0
6,2020,8,9,1,5,2,0,1,1,0,0,0,0,0,0,1,1,0
5,2018,1,7,4,6,4,2,0,1,1,0,0,0,1,0,0,0,1
4,2019,9,15,6,5,2,0,1,1,0,0,0,0,0,0,0,0,1
12,2021,5,17,7,1,5,0,0,1,0,0,0,0,1,1,2,1,1
3,2018,4,15,4,3,6,0,0,1,0,1,0,0,0,0,0,1,0
6,2020,12,14,5,5,2,0,0,1,0,0,0,0,0,1,2,1,0
3,2019,9,23,7,5,3,2,0,1,0,0,0,0,0,0,0,0,1
6,2018,3,15,2,2,2,0,1,1,0,0,0,0,0,0,0,1,0
11,2021,8,15,5,6,4,0,0,1,1,0,0,0,0,0,1,1,1
1,2018,4,14,4,6,4,0,0,0,1,1,0,0,0,0,0,1,0
12,2020,7,18,3,2,2,0,0,1,0,0,0,0,0,0,1,2,0
1,2019,10,9,5,0,1,0,0,0,0,1,0,0,1,0,0,1,0
2,2019,10,19,4,2,6,2,0,1,0,1,0,0,1,0,0,1,0
1,2019,12,16,6,2,6,2,0,1,0,0,0,1,1,0,0,1,0
4,2018,8,9,6,2,6,0,1,1,0,0,0,0,0,0,0,1,0
12,2021,10,8,7,9,1,0,0,0,0,1,0,0,1,0,1,1,1
11,2021,1,7,5,2,7,2,0,1,0,0,0,0,1,1,2,0,1
5,2018,6,8,3,2,6,0,0,1,0,0,0,1,0,0,0,0,0
6,2020,8,20,3,5,2,0,1,1,0,0,0,0,1,0,1,1,1
4,2020,2,7,1,9,1,0,0,1,0,0,0,0,0,0,0,1,0
4,2021,3,22,2,5,3,2,0,1,0,0,0,0,0,0,2,0,1
7,2019,8,7,3,5,3,0,1,1,0,0,0,0,0,0,0,0,0
9,2019,10,19,2,4,6,2,0,1,0,0,0,0,0,0,0,1,0
9,2021,5,14,6,5,3,0,1,1,0,0,0,0,0,1,2,1,0
2,2019,6,3,6,1,5,2,1,1,0,0,0,0,0,0,0,1,0
2,2020,10,20,4,6,4,2,0,1,1,0,0,0,1,1,1,1,0
4,2018,1,17,3,6,2,2,0,1,1,0,0,0,1,0,0,0,0
4,2021,6,23,5,3,6,2,0,1,0,0,0,0,0,0,1,1,0
4,2020,1,20,4,5,7,2,0,1,0,1,0,0,1,0,0,1,1
4,2018,9,14,3,3,6,0,0,1,0,1,0,0,0,0,0,0,1
5,2019,6,19,2,2,6,0,0,1,0,0,0,0,0,0,0,1,0
10,2019,1,9,6,5,2,0,0,1,0,0,0,0,1,0,0,1,0
1,2020,10,15,6,5,2,0,0,1,0,0,0,0,1,1,1,1,0
8,2019,7,17,2,2,6,0,0,1,0,1,0,0,0,0,0,2,0
7,2020,8,1,7,1,5,2,1,1,0,0,0,0,0,0,1,1,0
4,2019,7,15,3,1,1,0,0,1,1,0,0,0,0,0,0,2,1
2,2020,6,18,5,5,3,0,1,1,0,0,0,0,1,0,1,1,0
5,2020,1,14,3,5,3,0,1,1,0,0,0,0,0,0,0,1,0
3,2019,6,8,4,0,1,0,0,0,0,1,0,0,0,0,0,1,0
8,2020,9,10,3,6,2,0,0,1,1,0,0,0,0,0,1,0,1
5,2021,4,18,2,1,5,1,0,1,0,0,0,0,0,1,2,1,0
10,2020,5,17,7,0,7,0,0,1,0,0,0,1,0,1,1,0,0
10,2019,5,17,5,5,3,0,1,1,0,0,0,0,0,0,0,0,1
10,2018,3,12,5,5,2,0,1,1,0,0,0,0,1,0,0,1,0
4,2019,9,7,2,5,2,0,1,1,0,0,0,0,1,0,0,0,0
1,2020,3,15,3,2,6,0,0,1,0,0,0,0,0,1,1,0,0
4,2019,10,7,4,1,6,0,0,1,0,0,0,1,0,0,0,1,0
2,2020,12,17,2,0,3,2,1,0,0,0,0,0,1,1,2,1,0
2,2020,6,12,2,5,3,0,1,1,0,0,0,0,0,0,1,1,1
11,2020,7,13,5,2,6,0,0,1,0,0,0,0,1,0,1,2,0
1,2019,3,20,6,6,2,2,0,1,1,0,0,0,1,0,0,0,1
1,2018,12,9,3,5,2,0,0,1,0,0,0,0,1,0,0,1,0
11,2018,9,19,2,2,6,2,0,1,0,0,0,0,0,0,0,0,0
8,2021,5,6,3,5,2,0,0,1,0,0,0,1,0,1,2,1,0
6,2021,7,18,5,3,6,0,1,0,0,0,0,0,0,0,1,2,1
6,2021,10,15,1,5,7,0,1,1,0,0,0,0,0,0,1,1,0
6,2020,12,17,2,2,2,2,0,1,0,0,0,0,1,1,2,1,0
6,2021,11,21,2,5,7,2,0,1,0,1,0,0,0,0,2,0,0
6,2021,10,17,3,2,6,0,0,1,0,0,0,0,1,0,1,1,0
4,2018,8,9,4,6,4,0,1,0,1,0,0,0,0,0,0,1,0
10,2019,6,20,5,5,2,0,0,1,0,0,0,0,0,0,0,1,0
4,2021,6,11,7,5,3,0,1,1,0,0,0,0,0,0,1,1,0
2,2020,8,19,7,4,6,0,1,0,0,0,0,0,0,0,1,1,0
4,2021,7,15,5,6,2,0,0,1,1,0,0,0,1,0,1,2,0
8,2021,9,16,5,0,7,0,0,1,0,1,0,0,1,0,1,0,0
1,2021,12,16,3,5,3,1,0,1,0,0,0,0,1,1,2,1,0
6,2018,7,16,2,0,1,0,1,0,0,0,0,0,0,0,0,2,1
4,2021,6,16,5,2,6,0,1,1,0,0,0,0,0,0,1,1,0
5,2018,9,14,2,2,6,0,0,1,0,0,0,1,0,0,0,0,0
3,2019,12,16,3,6,4,2,0,1,1,0,0,0,1,0,0,1,1
7,2019,3,13,7,1,5,0,0,1,0,0,0,0,1,0,0,0,0
3,2021,6,15,2,2,2,0,0,0,0,1,0,0,0,0,1,1,0
4,2018,5,13,2,5,2,0,0,1,0,0,0,0,0,0,0,0,0
1,2020,7,7,2,0,7,0,0,0,0,1,0,0,1,0,1,2,0
5,2018,11,17,2,0,7,2,0,0,0,1,0,0,1,0,0,0,0
4,2018,2,13,6,3,6,0,0,1,0,0,0,0,0,0,0,1,0
4,2019,5,9,4,2,6,0,0,1,0,1,0,0,0,0,0,0,1
1,2021,8,22,7,5,2,2,1,1,0,0,0,0,1,0,1,1,0
6,2019,7,10,5,0,1,0,0,1,0,1,0,0,0,0,0,2,1
1,2020,9,18,3,5,3,0,0,1,0,1,0,0,0,0,1,0,0
10,2020,2,19,4,5,2,2,0,1,0,0,0,0,1,0,0,1,0
12,2020,5,10,2,6,2,0,0,1,1,0,0,0,1,1,1,0,1
3,2019,7,14,1,3,6,0,0,1,0,0,0,1,0,0,0,2,0
8,2018,11,16,6,5,7,2,0,1,0,1,0,0,1,0,0,0,1
2,2021,6,9,3,0,1,0,1,0,0,0,0,0,0,0,1,1,0
2,2019,1,9,5,3,6,0,0,1,0,0,0,1,0,0,0,1,0
4,2021,4,16,4,2,6,0,0,1,0,0,0,0,0,1,2,1,0
6,2021,5,8,2,1,5,0,1,1,0,0,0,0,0,1,2,1,0
11,2018,10,17,2,5,3,0,1,0,0,0,0,0,0,0,0,1,0
2,2020,7,23,3,6,4,2,1,0,1,0,0,0,0,0,1,2,0
11,2020,7,13,6,5,3,0,0,1,0,0,1,0,0,0,1,2,0
3,2020,5,12,3,3,6,0,1,1,0,0,0,0,1,1,1,0,1
9,2019,9,20,2,2,7,2,0,1,0,0,0,0,0,0,0,0,1
4,2021,9,9,6,6,4,0,1,0,1,0,0,0,0,0,1,0,0
3,2021,9,23,7,5,3,2,0,1,0,0,0,0,0,0,1,0,0
1,2019,3,16,6,0,1,0,0,0,0,1,0,0,1,0,0,0,0
4,2018,10,14,1,2,6,0,0,0,0,0,0,1,0,0,0,1,0
11,2019,10,17,3,3,6,1,0,1,0,0,1,0,1,0,0,1,0
4,2021,10,11,5,3,6,0,1,1,0,0,0,0,0,0,1,1,0
7,2018,4,12,2,5,2,0,1,1,0,0,0,0,0,0,0,1,0
12,2018,9,15,3,1,7,0,0,1,0,1,0,0,0,0,0,0,1
6,2020,10,10,6,2,6,0,1,0,0,0,0,0,0,1,1,1,0
1,2018,6,18,2,5,3,0,0,1,0,0,0,0,0,0,0,0,0
7,2020,5,13,5,5,3,0,1,1,0,0,0,0,0,1,1,0,0
10,2020,11,16,3,0,2,1,1,1,0,0,0,0,0,1,2,0,0
8,2019,11,18,5,2,3,2,0,1,0,0,0,0,1,0,0,0,0
2,2021,4,15,2,5,3,0,0,0,0,1,0,1,0,1,2,1,0
1,2021,7,8,4,5,2,0,1,1,0,0,0,0,0,0,1,2,0
2,2020,8,7,2,5,7,0,1,0,0,1,0,0,0,0,1,1,0
12,2018,9,7,3,0,7,0,0,0,0,1,0,0,1,0,0,0,0
2,2020,1,16,2,2,6,0,0,1,0,0,0,0,0,0,0,1,0
9,2021,6,12,7,8,1,0,0,1,0,0,0,0,0,0,1,1,0
11,2019,8,15,2,0,2,0,0,1,0,1,0,0,0,0,0,0,0
5,2018,3,15,2,0,6,0,0,1,0,1,0,0,1,0,0,1,0
2,2019,11,16,4,5,3,2,1,1,0,0,0,0,1,0,0,0,0
7,2019,8,18,6,5,3,0,1,0,0,0,0,0,0,0,0,0,0
2,2019,11,14,4,6,4,0,0,1,1,0,0,0,1,0,0,0,1
1,2019,11,3,7,2,6,2,0,1,0,0,0,0,0,0,0,0,0
11,2021,5,15,6,5,3,0,1,1,0,0,0,0,1,1,2,1,0
3,2018,12,17,1,2,6,1,0,1,0,0,0,0,0,0,0,1,1
8,2019,7,17,2,3,6,0,0,1,0,1,0,0,1,0,0,2,0
9,2021,8,10,6,5,2,0,1,0,0,0,1,0,0,0,1,1,0
7,2020,8,16,5,5,2,0,1,0,0,1,0,0,0,0,1,1,0
12,2018,9,8,4,0,1,0,1,0,0,0,0,0,0,0,0,0,0
4,2020,10,0,7,5,2,2,0,1,0,1,0,0,1,1,1,1,0
9,2020,1,14,3,6,7,0,1,0,1,0,0,0,0,0,0,1,0
10,2021,8,18,6,1,5,0,1,1,0,0,0,0,0,0,1,1,0
1,2018,5,8,2,5,2,0,1,0,0,0,1,0,0,0,0,0,0
2,2019,3,7,6,3,5,0,1,0,0,0,1,0,0,0,0,0,1
8,2020,9,14,2,6,7,0,0,1,1,0,0,0,0,0,1,0,0
6,2021,7,9,5,5,3,0,1,1,0,0,0,0,1,0,1,2,0
6,2019,6,9,2,5,2,0,0,1,0,0,0,0,0,0,0,1,0
6,2020,1,15,3,5,3,1,1,1,0,0,0,0,1,0,0,1,0
11,2018,12,13,4,5,3,0,1,1,0,0,0,0,0,0,0,1,0
3,2020,3,5,7,0,1,2,1,0,0,0,0,0,0,1,1,0,0
11,2020,6,19,3,5,7,0,1,1,0,0,0,0,0,0,1,1,1
1,2019,5,14,3,5,3,0,1,1,0,0,0,0,0,0,0,0,0
7,2019,1,17,7,5,3,1,1,1,0,0,0,0,1,0,0,1,1
5,2019,1,19,1,6,2,2,0,1,1,0,0,0,1,0,0,1,0
8,2020,11,22,4,8,1,2,0,1,0,0,0,0,0,1,2,0,1
12,2018,10,12,5,0,4,0,0,0,1,1,0,0,1,0,0,1,0
12,2020,7,16,7,0,3,0,1,1,0,0,0,0,0,0,1,2,0
8,2019,2,19,5,5,2,2,0,0,0,1,0,1,1,0,0,1,0
1,2018,5,9,5,5,2,0,1,1,0,0,0,0,0,0,0,0,0
2,2019,5,0,5,1,5,2,1,1,0,0,0,0,0,0,0,0,0
1,2020,3,13,4,5,3,0,1,1,0,0,0,0,0,1,1,0,0
10,2021,5,15,4,6,2,0,0,1,1,0,0,0,0,1,2,1,0
1,2018,8,9,3,5,3,0,1,1,0,0,0,0,0,0,0,1,0
9,2021,10,11,4,5,3,0,0,1,0,0,0,0,0,0,1,1,1
2,2019,10,13,7,1,5,0,1,1,0,0,0,0,0,0,0,1,1
1,2021,9,17,7,5,7,0,1,1,0,0,0,0,0,0,1,0,0
1,2018,4,20,5,1,1,2,0,1,0,0,0,0,0,0,0,1,0
1,2021,3,8,4,6,2,0,0,1,1,0,0,0,0,0,2,0,1
9,2018,7,14,6,4,7,0,0,1,0,0,0,0,0,0,0,2,0
1,2018,10,19,6,6,4,2,1,0,1,0,0,0,0,0,0,1,0
1,2019,11,16,2,6,2,1,0,1,1,0,0,0,1,0,0,0,0
8,2020,6,12,4,5,3,0,0,1,0,0,0,0,0,0,1,1,1
11,2020,8,15,5,5,3,0,1,1,0,0,0,0,0,0,1,1,1
11,2019,4,17,2,5,2,0,1,1,0,0,0,0,0,0,0,1,0
5,2020,11,14,6,6,4,0,0,1,1,0,0,0,0,1,2,0,1
8,2018,5,18,3,6,7,0,1,0,1,0,0,0,0,0,0,0,0
9,2020,9,20,1,1,5,2,0,1,0,0,0,0,1,0,1,0,0
11,2019,11,15,3,2,6,0,0,1,0,0,0,0,0,0,0,0,0
1,2020,11,12,3,2,2,0,0,1,0,0,0,0,0,1,2,0,0
9,2020,9,12,7,5,2,0,0,1,0,0,0,0,1,0,1,0,0
7,2019,1,10,7,1,5,0,0,1,0,0,0,0,1,0,0,1,1
3,2018,8,17,4,5,2,0,0,1,0,0,0,0,0,0,0,1,0
2,2020,5,12,6,4,7,0,1,0,1,0,0,0,0,1,1,0,0
3,2018,8,16,6,6,4,0,0,0,1,0,0,1,0,0,0,1,1
6,2020,3,16,7,0,4,0,0,0,1,1,0,0,0,1,1,0,0
11,2020,11,13,7,5,2,0,1,1,0,0,0,0,0,1,2,0,0
7,2019,6,16,5,0,2,0,1,1,0,0,0,0,1,0,0,1,1
10,2018,8,19,3,0,4,0,0,1,1,0,0,0,0,0,0,1,0
5,2021,4,17,5,0,7,0,1,0,0,0,0,0,0,1,2,1,0
7,2021,5,13,4,6,2,0,0,1,1,0,0,0,0,1,2,1,0
11,2021,9,15,5,4,6,0,0,1,0,0,0,1,0,0,1,0,1
1,2020,10,19,3,5,2,2,1,1,0,0,0,0,1,1,1,1,0
1,2020,10,7,3,2,6,0,1,1,0,0,0,0,0,1,1,1,0
9,2018,2,9,5,2,6,0,0,1,0,0,0,0,0,0,0,1,0
9,2018,3,5,4,0,1,2,0,1,0,0,0,1,2,0,0,1,0
2,2018,10,15,2,5,3,0,1,1,0,0,0,0,1,0,0,1,0
2,2020,9,18,1,6,4,0,1,0,1,0,0,0,0,0,1,0,1
10,2021,5,5,3,3,6,0,0,1,0,0,0,1,0,1,2,1,0
2,2020,4,11,6,2,6,0,0,1,0,1,0,0,0,1,2,1,0
4,2021,5,5,6,0,2,0,0,0,0,0,0,1,0,1,2,1,0
5,2019,7,12,3,2,2,0,1,1,0,0,0,0,0,0,0,2,0
4,2019,9,7,3,2,2,1,0,1,0,0,0,0,0,0,0,0,0
1,2021,2,12,4,1,5,0,1,1,0,0,0,0,1,1,2,1,0
1,2021,9,22,6,5,3,2,0,1,0,0,0,0,0,0,1,0,0
8,2019,5,17,4,5,3,0,0,1,0,0,0,0,0,0,0,0,0
6,2021,4,14,6,2,6,0,0,1,0,0,0,0,0,1,2,1,0
4,2018,11,13,3,1,5,0,1,1,0,0,0,0,0,0,0,0,0
4,2021,12,9,5,2,2,0,0,1,0,0,0,0,1,1,2,1,0
11,2018,6,15,5,5,2,0,1,0,0,0,0,1,1,0,0,0,1
12,2020,9,13,2,5,3,0,1,1,0,0,0,0,0,0,1,0,0
4,2018,2,18,4,0,5,2,1,1,0,0,0,0,0,0,0,1,1
8,2021,8,15,1,2,6,0,0,1,0,1,0,0,0,0,1,1,0
6,2018,9,9,6,5,2,0,1,1,0,0,0,0,0,0,0,0,0
2,2020,10,19,5,0,5,2,1,1,0,0,0,0,1,1,1,1,0
12,2019,1,16,3,0,5,0,0,1,0,1,0,0,1,0,0,1,0
7,2018,11,18,5,1,5,2,1,1,0,0,0,0,0,0,0,0,0
5,2020,3,16,7,5,3,0,1,0,0,0,0,0,0,1,1,0,0
2,2021,4,7,2,1,6,0,1,1,0,0,0,0,0,1,2,1,0
4,2019,10,16,3,2,6,0,0,1,0,0,0,0,0,0,0,1,0
4,2019,9,21,6,5,2,2,1,1,0,0,0,0,1,0,0,0,0
7,2018,10,14,5,5,3,0,0,1,0,0,0,0,1,0,0,1,0
4,2021,11,19,2,2,6,2,0,1,0,0,0,0,1,0,2,0,0
6,2021,2,15,7,5,3,0,1,1,0,0,0,0,0,1,2,1,0
7,2018,9,14,6,2,6,0,0,1,0,0,0,0,0,0,0,0,0
6,2018,7,11,3,5,2,0,1,1,0,0,0,0,0,0,0,2,0
2,2019,10,19,6,0,6,2,0,1,0,1,0,0,0,0,0,1,0
6,2020,9,15,2,5,3,0,0,1,0,0,0,0,0,0,1,0,0
9,2018,6,7,2,6,4,0,0,1,1,0,0,0,0,0,0,0,1
10,2021,12,11,7,5,3,0,0,1,0,0,0,0,1,1,2,1,0
6,2018,6,16,6,0,2,0,1,1,0,0,0,0,0,0,0,0,0
2,2021,9,23,6,2,6,2,0,1,0,0,0,0,0,0,1,0,1
4,2019,12,9,6,5,3,0,1,1,0,0,0,0,1,0,0,1,0
3,2019,11,11,4,5,3,0,0,1,0,0,0,0,0,0,0,0,0
10,2021,6,14,2,5,2,0,1,0,0,0,1,0,0,0,1,1,0
1,2018,3,12,5,2,6,0,0,1,0,0,0,0,1,0,0,1,0
3,2021,8,22,6,9,1,2,0,1,0,0,0,0,1,0,1,1,0
11,2018,6,14,3,5,3,0,0,1,0,1,0,0,0,0,0,0,1
12,2018,9,20,2,5,7,2,0,1,0,0,0,1,0,0,0,0,0
2,2021,5,12,5,1,7,0,0,1,0,0,0,0,0,1,2,1,0
3,2020,8,11,1,2,2,0,0,1,0,0,0,0,0,0,1,1,0
1,2018,5,13,3,2,6,0,0,1,0,0,0,0,0,0,0,0,0
7,2019,9,18,6,5,3,1,1,1,0,0,0,0,1,0,0,0,0
4,2020,4,14,1,5,3,0,1,0,0,1,0,0,0,1,2,1,0
7,2020,11,9,3,2,6,0,0,1,0,0,0,0,0,1,2,0,0
12,2018,6,13,6,5,2,0,0,1,0,1,0,0,0,0,0,0,0
3,2019,6,11,7,5,2,0,1,1,0,0,0,0,0,0,0,1,1
2,2018,8,13,4,0,5,0,0,1,0,0,0,1,0,0,0,1,0
12,2019,2,8,2,2,6,0,0,1,0,0,0,0,0,0,0,1,0
11,2020,3,10,4,5,3,0,0,1,0,0,0,1,0,1,1,0,1
8,2020,8,13,3,2,6,0,0,1,0,0,0,0,0,0,1,1,0
1,2018,2,16,2,3,6,1,0,1,0,1,0,0,0,0,0,1,0
1,2018,9,18,7,6,4,0,0,0,1,0,0,1,0,0,0,0,0
4,2020,5,12,5,1,5,0,1,1,0,0,0,0,0,1,1,0,1
9,2019,3,14,1,3,6,0,1,0,0,0,0,0,0,0,0,0,1
1,2018,4,7,5,2,3,0,0,1,0,0,0,0,0,0,0,1,0
10,2021,6,14,3,5,3,0,0,1,0,1,0,0,0,0,1,1,0
12,2018,10,18,2,5,2,1,0,1,0,0,0,1,0,0,0,1,0
6,2019,5,11,4,5,3,0,0,1,0,0,0,0,1,0,0,0,0
3,2018,7,8,6,2,3,0,1,1,0,0,0,0,0,0,0,2,0
1,2021,10,19,6,5,2,2,1,1,0,0,0,0,0,0,1,1,0
12,2021,11,18,3,2,2,1,0,1,0,1,0,0,1,0,2,0,0
3,2018,8,8,5,5,5,0,0,1,0,0,0,0,0,0,0,1,1
1,2019,7,15,3,6,4,0,0,0,1,1,0,0,0,0,0,2,0
1,2021,3,16,4,5,2,0,1,1,0,0,0,0,0,0,2,0,0
6,2018,8,15,4,5,3,0,0,1,0,0,0,1,0,0,0,1,0
3,2019,8,8,3,5,2,0,0,1,0,1,0,0,0,0,0,0,0
6,2021,4,9,2,2,6,0,0,1,0,0,1,0,0,1,2,1,0
3,2020,7,18,3,2,6,0,0,1,0,0,0,0,0,0,1,2,0
1,2018,7,15,4,1,5,0,1,1,0,0,0,1,0,0,0,2,0
11,2019,5,14,5,5,3,0,1,1,0,0,0,0,1,0,0,0,0
2,2020,3,12,2,6,4,0,1,0,1,0,0,0,0,1,1,0,0
2,2019,6,18,1,5,7,0,1,1,0,0,0,0,0,0,0,1,0
5,2021,5,8,2,5,2,0,0,1,0,0,0,1,0,1,2,1,0
1,2021,8,17,7,6,4,0,0,1,1,0,0,0,0,0,1,1,0
2,2021,10,18,6,0,6,1,0,1,0,1,0,0,1,0,1,1,0
8,2019,12,17,1,1,5,2,0,1,0,0,1,0,1,0,0,1,1
8,2021,9,17,6,1,5,0,0,1,0,0,0,0,0,0,1,0,0
7,2018,2,20,4,0,1,2,0,0,0,1,0,0,1,0,0,1,0
1,2020,9,20,5,5,2,2,1,1,0,0,0,0,0,0,1,0,0
8,2020,4,19,4,5,3,0,0,1,0,0,0,0,0,1,2,1,0
12,2021,9,19,7,6,4,1,0,1,1,0,0,0,0,0,1,0,0
2,2020,8,21,3,3,6,1,0,1,0,1,0,0,1,0,1,1,0
8,2020,7,11,1,1,5,0,0,0,0,1,0,1,0,0,1,2,0
5,2020,4,13,6,5,2,0,0,1,0,1,0,0,0,1,2,1,1
4,2020,9,13,3,5,2,0,0,1,0,1,0,0,0,0,1,0,1
1,2018,4,14,6,5,3,0,0,1,0,0,0,0,0,0,0,1,0
8,2019,7,18,5,5,2,0,0,1,0,0,0,0,0,0,0,2,0
11,2018,1,17,5,6,2,2,0,1,1,0,0,0,1,0,0,0,0
9,2019,5,17,6,5,3,0,1,1,0,0,0,0,0,0,0,0,0
11,2021,6,17,5,4,1,0,1,0,0,0,0,0,0,0,1,1,1
2,2021,12,20,3,4,6,2,1,1,0,0,0,0,0,1,2,1,0
5,2019,9,20,3,6,4,1,0,1,1,0,0,0,0,0,0,0,1
1,2020,1,17,6,2,2,2,0,1,0,0,0,0,1,0,0,1,0
6,2020,8,9,3,5,2,0,0,1,0,0,0,0,0,0,1,1,0
7,2018,12,6,2,5,3,2,0,1,0,0,0,1,1,0,0,1,0
4,2021,7,21,7,5,2,2,0,1,1,0,0,0,0,0,1,2,1
11,2021,8,7,3,5,3,0,1,1,0,0,0,0,0,0,1,1,0
12,2019,4,11,4,0,6,0,1,0,1,0,0,0,0,0,0,1,0
4,2020,2,14,6,2,6,0,0,1,0,0,0,0,1,0,0,1,0
10,2020,1,19,7,2,6,2,0,1,0,0,0,0,1,0,0,1,0
4,2021,8,21,3,0,7,2,0,0,0,1,0,0,0,0,1,1,0
4,2020,3,12,4,2,6,0,0,0,0,0,1,1,1,1,1,0,0
4,2020,8,0,6,2,7,2,0,1,0,1,0,0,0,0,1,1,0
4,2018,6,15,6,5,2,0,1,1,0,0,0,0,0,0,0,0,0
8,2021,7,19,7,2,4,1,0,1,1,0,0,0,0,0,1,2,1
2,2018,9,19,7,0,6,1,1,1,0,0,0,0,0,0,0,0,0
2,2021,8,16,2,5,3,0,0,1,0,0,0,1,0,0,1,1,1
7,2020,10,7,5,6,4,1,1,0,1,0,0,0,0,1,1,1,1
3,2021,8,11,7,5,3,0,1,1,0,0,0,0,0,0,1,1,0
2,2020,5,19,3,5,2,0,1,1,0,0,0,0,0,1,1,0,0
10,2018,9,11,7,2,2,0,1,1,0,0,0,1,0,0,0,0,0
6,2018,6,17,3,1,5,0,1,1,0,0,0,0,0,0,0,0,0
5,2018,5,16,5,5,3,0,1,1,0,0,0,0,0,0,0,0,0
9,2018,9,5,2,5,2,1,0,0,0,1,0,1,0,0,0,0,0
11,2018,8,7,4,6,4,0,0,1,1,0,0,0,0,0,0,1,1
2,2018,5,9,2,7,7,0,1,0,0,0,0,0,0,0,0,0,0
6,2019,4,7,2,0,3,0,0,1,0,1,0,0,1,0,0,1,0
7,2021,8,16,1,5,2,0,1,1,0,0,0,0,0,0,1,1,0
3,2021,4,5,6,5,2,1,1,1,0,0,0,0,0,1,2,1,1
3,2020,7,17,7,0,4,0,1,0,1,0,0,0,0,0,1,2,1
7,2020,9,8,3,4,6,0,1,0,0,0,0,0,0,0,1,0,0
4,2021,7,23,4,9,1,2,0,1,0,0,0,0,0,0,1,2,1
4,2020,9,14,5,5,2,0,1,1,0,0,0,0,0,0,1,0,0
3,2018,5,14,2,1,5,0,0,1,0,1,0,0,0,0,0,0,0
4,2018,12,23,2,3,6,2,0,1,0,1,0,0,0,0,0,1,1
3,2018,5,16,3,6,4,0,0,0,1,1,0,0,0,0,0,0,0
2,2019,2,15,6,5,3,0,1,1,0,0,0,0,0,0,0,1,0
1,2021,9,6,3,8,1,1,0,1,0,0,0,0,1,0,1,0,0
4,2018,9,19,2,5,3,2,1,1,0,0,0,0,0,0,0,0,0
11,2021,10,19,7,0,7,2,1,0,0,0,0,0,0,0,1,1,0
7,2019,4,8,6,9,1,0,0,1,0,0,0,0,0,0,0,1,0
4,2020,6,8,3,2,6,0,0,1,0,0,0,1,0,0,1,1,0
1,2021,4,21,6,1,5,2,1,1,0,0,0,0,0,1,2,1,0
1,2019,6,9,6,6,4,0,0,1,1,0,0,0,0,0,0,1,0
2,2019,6,11,6,6,4,0,1,0,1,0,0,0,0,0,0,1,0
9,2019,10,10,2,5,5,0,0,1,0,0,0,0,0,0,0,1,0
12,2019,12,6,5,2,6,2,0,1,0,0,0,0,1,0,0,1,0
1,2021,12,8,5,1,5,0,1,1,0,0,0,0,0,1,2,1,0
8,2020,10,23,5,1,5,2,0,1,0,1,0,0,0,1,1,1,0
4,2019,10,16,1,0,1,0,0,1,0,0,0,0,0,0,0,1,0