BEZ,UJAHR,UMONAT,USTUNDE,UWOCHENTAG,UART,UTYP1,ULICHTVERH,IstRad,IstPKW,IstFuss,IstKrad,IstGkfz,IstSonstige,USTRZUSTAND,LOCKDOWN,COVID,FERIEN,UKATEGORIE
2,2021,3,17,3,3,6,0,0,0,0,0,0,1,0,0,2,0,0
2,2018,2,9,4,2,6,0,0,1,0,0,0,0,0,0,0,1,0
11,2019,1,16,3,6,4,0,0,1,1,0,0,0,1,0,0,1,1
9,2019,10,7,3,5,3,0,1,1,0,0,0,0,1,0,0,1,0
5,2018,1,6,2,6,4,2,0,1,1,0,0,0,1,0,0,0,1
1,2020,2,18,2,0,1,2,0,1,0,1,0,0,1,0,0,1,0
2,2019,10,7,2,5,3,0,1,1,0,0,0,0,0,0,0,1,0
2,2019,4,5,5,2,6,0,1,1,0,0,0,0,0,0,0,1,1
10,2020,8,13,7,6,4,0,0,1,1,0,0,0,0,0,1,1,1
5,2021,7,17,2,4,3,0,0,1,0,0,0,0,0,0,1,2,0
5,2021,8,8,3,0,1,0,0,1,0,1,0,0,0,0,1,1,0
4,2019,7,16,4,6,4,0,0,1,1,0,0,0,0,0,0,2,0
1,2021,12,14,6,2,6,0,1,1,0,0,0,0,0,1,2,1,0
7,2018,3,17,7,6,2,0,0,1,1,0,0,0,1,0,0,1,0
3,2020,6,17,3,2,1,0,1,1,0,0,0,0,0,0,1,1,0
2,2021,11,15,2,5,3,0,0,1,0,0,0,0,0,0,2,0,0
2,2019,10,4,1,1,5,2,0,1,0,0,0,0,0,0,0,1,0
8,2019,10,15,2,5,2,0,1,1,0,0,0,0,0,0,0,1,0
1,2019,1,17,2,2,7,2,1,1,0,0,0,1,1,0,0,1,0
11,2020,2,13,7,5,3,0,0,1,0,0,0,0,0,0,0,1,0
7,2020,1,23,6,5,2,2,1,1,0,0,0,0,0,0,0,1,0
1,2018,5,22,5,0,1,2,1,0,0,0,0,0,0,0,0,0,1
2,2018,11,23,2,1,5,2,1,1,0,0,0,0,0,0,0,0,0
7,2019,5,6,6,5,2,0,0,1,0,0,0,0,0,0,0,0,0
1,2019,4,10,5,6,4,0,0,0,1,0,0,1,0,0,0,1,0
12,2020,5,15,2,5,2,0,0,1,0,0,0,0,0,1,1,0,0
4,2019,2,17,1,5,7,1,1,1,0,0,0,0,0,0,0,1,0
12,2018,7,14,3,0,2,0,0,1,0,0,0,1,0,0,0,2,0
9,2020,10,9,6,5,7,0,0,1,0,0,0,1,1,1,1,1,1
1,2021,6,16,1,0,1,0,0,0,0,1,0,0,0,0,1,1,0
8,2019,8,6,4,3,6,1,0,1,0,1,0,0,0,0,0,0,0
8,2019,4,11,7,2,2,0,0,0,0,1,0,1,0,0,0,1,0
8,2020,3,16,5,5,3,0,0,0,0,1,0,1,0,1,1,0,1
2,2018,1,17,5,1,5,2,1,1,0,0,0,0,1,0,0,0,0
11,2019,12,4,3,0,2,2,1,0,0,0,0,1,1,0,0,1,0
5,2018,9,14,6,3,6,0,0,1,0,0,0,0,0,0,0,0,0
7,2018,5,14,6,6,2,0,0,1,1,0,0,0,0,0,0,0,1
11,2020,6,9,2,5,2,0,1,0,0,0,0,0,0,0,1,1,0
7,2018,12,16,1,6,2,1,0,1,1,0,0,0,1,0,0,1,1
9,2018,7,7,3,5,3,0,0,1,0,1,0,0,0,0,0,2,0
3,2020,8,7,3,5,3,0,1,1,0,0,0,0,0,0,1,1,0
12,2019,8,10,5,0,1,0,0,0,0,1,0,0,0,0,0,0,0
2,2018,2,1,1,5,3,2,0,1,0,0,0,0,0,0,0,1,0
2,2019,11,14,3,5,2,0,1,1,0,0,0,0,1,0,0,0,1
3,2020,9,20,3,5,3,1,1,1,0,0,0,0,0,0,1,0,0
1,2018,10,12,6,5,3,0,1,1,0,0,0,0,0,0,0,1,0
7,2021,2,17,5,4,6,0,1,0,0,0,0,0,0,1,2,1,0
2,2020,9,19,5,5,3,0,1,1,0,0,0,0,0,0,1,0,0
12,2019,2,11,5,6,7,0,0,1,1,0,0,0,0,0,0,1,0
2,2021,8,16,3,0,1,0,0,0,0,0,0,1,0,0,1,1,0
4,2019,10,15,6,2,6,0,0,1,0,0,0,1,0,0,0,1,0
4,2019,8,9,2,0,1,0,1,0,0,0,0,0,0,0,0,0,0
1,2018,12,12,2,2,6,0,0,1,0,0,0,0,1,0,0,1,0
7,2019,7,11,5,5,2,0,0,1,0,0,1,0,0,0,0,2,0
7,2018,7,14,5,6,4,0,0,1,1,0,0,0,0,0,0,2,1
1,2018,1,2,7,5,3,2,1,1,0,0,0,0,0,0,0,0,1
4,2020,5,8,3,5,2,0,0,1,1,0,0,0,0,1,1,0,0
8,2019,8,16,1,1,5,0,0,1,0,0,0,0,0,0,0,0,1
12,2019,2,10,3,2,2,0,1,0,0,0,0,0,0,0,0,1,0
5,2019,8,12,1,3,6,0,0,1,0,1,0,0,0,0,0,0,0
12,2020,5,12,6,5,2,0,0,1,0,0,0,1,0,1,1,0,0
12,2018,3,13,2,6,4,0,0,1,1,0,0,0,0,0,0,1,0
4,2021,5,16,5,5,3,0,0,1,0,0,0,0,1,1,2,1,0
10,2021,6,12,5,0,6,0,0,1,0,0,0,1,0,0,1,1,0
4,2018,6,12,6,5,5,0,1,0,0,0,0,1,1,0,0,0,0
1,2019,9,23,3,5,3,2,1,0,0,1,0,0,0,0,0,0,0
4,2021,10,0,6,5,2,2,0,1,0,0,1,0,0,0,1,1,0
1,2018,11,21,3,5,3,2,0,1,0,0,0,0,1,0,0,0,0
12,2020,5,13,5,5,3,0,1,1,0,0,0,0,0,1,1,0,0
8,2021,1,15,2,5,3,0,1,0,0,0,0,1,0,1,2,0,0
8,2018,7,16,6,5,2,0,1,1,0,0,0,0,0,0,0,2,0
11,2019,8,17,5,0,6,0,1,0,0,0,0,0,0,0,0,0,0
11,2020,7,19,1,1,5,0,1,1,0,0,0,0,1,0,1,2,0
2,2018,6,16,6,0,1,0,0,0,0,1,0,0,0,0,0,0,0
12,2018,8,14,2,2,6,0,0,1,0,1,0,0,0,0,0,1,0
6,2018,8,12,5,5,2,0,0,1,0,0,0,0,1,0,0,1,0
7,2020,8,12,3,2,6,0,0,1,0,0,0,0,0,0,1,1,0
1,2021,12,14,4,6,4,0,0,1,1,0,0,0,0,1,2,1,0
7,2020,2,20,4,5,3,2,0,1,0,0,0,0,0,0,0,1,0
3,2019,7,12,2,5,3,0,0,1,0,0,0,0,0,0,0,2,0
2,2019,5,23,4,5,3,2,0,1,0,0,0,0,0,0,0,0,0
3,2021,8,22,6,5,2,2,1,1,0,0,0,0,1,0,1,1,0
1,2019,5,9,4,2,6,0,1,0,0,0,0,0,0,0,0,0,0
4,2019,10,10,6,3,2,0,0,1,0,0,1,0,0,0,0,1,0
5,2021,10,10,2,2,6,0,0,1,0,0,0,0,0,0,1,1,0
1,2020,5,18,5,6,2,0,0,1,1,0,0,0,0,1,1,0,0
2,2018,6,21,5,0,1,1,1,0,0,0,0,0,0,0,0,0,0
6,2021,8,19,3,0,1,1,1,0,0,0,0,0,0,0,1,1,0
9,2019,11,13,1,0,7,0,0,0,0,1,0,0,1,0,0,0,0
8,2018,1,6,2,6,4,2,0,1,1,0,0,0,0,0,0,0,1
2,2018,10,10,5,2,6,0,0,1,0,1,0,0,0,0,0,1,0
4,2020,12,23,4,2,6,2,0,1,0,0,0,0,0,1,2,1,0
1,2021,6,15,2,3,2,0,0,1,0,1,0,0,0,0,1,1,0
3,2019,8,11,5,5,7,0,0,1,0,0,0,0,0,0,0,0,0
2,2018,4,18,4,5,2,0,1,0,0,0,0,1,0,0,0,1,0
1,2018,5,11,6,5,2,0,1,1,0,0,0,0,0,0,0,0,0
1,2018,4,9,4,0,3,0,1,1,0,0,0,0,1,0,0,1,0
2,2018,5,17,5,2,1,0,0,1,0,1,0,0,0,0,0,0,0
3,2019,8,10,3,5,3,0,1,0,0,0,0,0,0,0,0,0,0
7,2018,3,9,2,2,6,0,0,1,0,0,0,1,0,0,0,1,0
12,2019,7,14,5,0,5,0,0,1,0,0,0,1,0,0,0,2,0
5,2020,1,18,4,2,6,2,0,1,0,0,0,0,0,0,0,1,1
8,2021,6,13,2,5,3,0,1,0,0,0,0,1,0,0,1,1,0
2,2019,6,1,6,5,3,2,1,1,0,0,0,0,0,0,0,1,1
8,2019,6,19,3,0,6,0,0,1,0,0,0,1,0,0,0,1,0
10,2021,7,6,3,4,5,0,1,1,0,0,0,0,0,0,1,2,0
9,2020,6,11,1,0,1,0,1,0,0,0,0,0,1,0,1,1,1
7,2018,6,18,2,5,2,0,1,1,0,0,0,0,0,0,0,0,0
1,2018,8,11,5,5,2,0,1,0,0,0,1,0,1,0,0,1,0
4,2018,10,17,6,0,2,0,0,1,0,1,0,0,0,0,0,1,0
2,2019,6,8,3,5,3,0,1,1,0,0,0,0,0,0,0,1,0
6,2018,10,10,2,5,2,0,1,1,0,0,0,0,0,0,0,1,0
1,2020,9,11,6,6,7,0,0,1,1,0,0,0,1,0,1,0,0
1,2020,10,19,3,2,2,2,1,1,0,0,0,0,0,1,1,1,0
4,2018,1,13,4,5,2,0,1,1,0,0,0,0,1,0,0,0,0
2,2018,5,16,1,6,4,0,1,0,1,0,0,0,0,0,0,0,0
10,2018,11,6,3,1,5,2,1,1,0,0,0,0,0,0,0,0,0
3,2021,9,21,4,5,2,2,0,1,0,0,0,0,1,0,1,0,0
3,2021,8,15,4,6,4,0,0,1,1,0,0,0,0,0,1,1,1
5,2021,12,11,4,5,3,0,0,1,0,0,0,0,0,1,2,1,0
5,2019,10,11,4,1,5,0,1,0,0,0,0,1,0,0,0,1,0
1,2018,3,19,5,6,2,2,0,1,1,0,0,0,1,0,0,1,0
7,2019,9,7,5,5,3,0,1,1,0,0,0,0,0,0,0,0,0
3,2018,6,18,4,2,6,0,0,1,0,0,0,0,0,0,0,0,1
4,2020,6,8,3,2,6,0,0,1,0,0,0,0,0,0,1,1,0
5,2021,5,16,2,4,2,0,1,1,0,0,0,0,0,1,2,1,0
12,2018,3,15,5,5,3,0,1,1,0,0,0,0,1,0,0,1,0
1,2021,6,17,3,9,1,0,0,0,0,0,0,1,0,0,1,1,0
3,2020,10,9,6,0,7,0,1,0,0,0,0,0,1,1,1,1,1
4,2019,4,12,6,3,6,0,0,1,0,1,0,0,0,0,0,1,0
6,2018,5,16,6,5,3,0,0,1,0,0,0,0,0,0,0,0,0
1,2019,2,16,1,5,3,1,0,1,0,0,0,0,0,0,0,1,0
1,2019,8,10,4,6,4,0,1,0,1,0,0,0,0,0,0,0,1
3,2018,3,13,3,6,4,0,0,1,1,0,0,0,1,0,0,1,0
9,2021,8,14,6,2,7,0,0,1,0,0,0,0,0,0,1,1,0
7,2018,1,15,1,1,5,0,0,1,0,0,0,0,0,0,0,0,1
4,2019,6,18,3,6,2,0,0,1,1,0,0,0,0,0,0,1,0
1,2019,10,18,4,2,6,2,1,1,0,0,0,0,0,0,0,1,0
3,2021,6,15,3,5,2,0,1,1,0,0,0,0,0,0,1,1,0
1,2018,8,9,5,2,2,0,1,1,0,0,0,0,0,0,0,1,0
9,2020,6,22,7,1,5,2,0,1,0,0,0,0,1,0,1,1,0
8,2019,7,7,2,2,2,0,1,1,0,0,0,0,0,0,0,2,0
3,2018,12,7,6,6,4,2,1,0,1,0,0,0,1,0,0,1,0
4,2020,8,18,4,1,5,0,1,1,0,0,0,0,1,0,1,1,0
4,2018,8,14,6,5,7,0,0,1,0,1,0,0,0,0,0,1,0
7,2018,7,16,4,2,2,0,0,1,0,0,0,0,1,0,0,2,0
3,2018,4,15,5,2,2,0,0,1,0,1,0,0,0,0,0,1,1
5,2018,7,17,3,5,2,0,0,1,0,1,0,0,0,0,0,2,0
3,2020,11,16,3,5,2,0,1,1,0,0,0,0,1,1,2,0,0
2,2021,7,21,2,2,6,1,1,0,0,0,0,1,0,0,1,2,1
9,2018,12,10,7,8,7,0,0,1,0,0,0,0,1,0,0,1,0
7,2018,11,10,6,6,4,0,0,1,1,0,0,0,0,0,0,0,1
9,2019,7,19,3,5,2,0,1,1,0,0,0,0,0,0,0,2,0
6,2019,5,9,6,2,2,0,0,1,0,0,0,1,0,0,0,0,0
4,2021,10,22,6,5,3,2,0,1,0,0,0,1,0,0,1,1,0
8,2021,2,12,4,2,6,0,0,1,0,0,0,1,1,1,2,1,0
3,2021,2,12,4,2,6,0,0,1,0,0,0,0,0,1,2,1,0
7,2020,12,15,6,5,2,1,0,1,0,0,0,0,0,1,2,1,1
4,2019,6,17,5,5,3,0,0,1,0,0,0,0,0,0,0,1,0
10,2020,11,22,6,5,2,2,1,1,0,0,0,0,0,1,2,0,1
6,2018,4,16,7,1,5,0,1,1,0,0,0,0,0,0,0,1,0
1,2018,12,17,2,3,6,2,0,1,0,0,0,1,1,0,0,1,0
4,2021,8,16,1,2,6,0,0,1,0,1,0,0,0,0,1,1,0
10,2021,3,9,4,0,3,0,1,1,0,0,0,0,0,0,2,0,0
11,2018,1,11,3,5,3,0,0,1,0,0,1,0,1,0,0,0,0
12,2019,8,8,6,5,2,0,1,1,0,0,0,0,0,0,0,0,0
3,2019,7,11,3,5,3,0,0,1,0,1,0,0,0,0,0,2,0
12,2020,6,17,5,2,6,0,0,1,0,0,0,0,1,0,1,1,0
6,2018,12,10,2,6,7,0,0,1,1,0,0,0,0,0,0,1,0
7,2018,2,13,2,5,3,0,0,1,0,0,1,0,0,0,0,1,0
10,2021,10,16,2,6,4,0,0,1,1,0,0,0,0,0,1,1,1
8,2019,2,13,5,5,3,0,0,1,0,0,0,0,0,0,0,1,0
8,2020,1,11,2,5,3,0,1,1,0,0,0,0,0,0,0,1,1
1,2020,10,2,7,5,2,2,1,1,0,0,0,0,0,1,1,1,0
7,2019,1,12,4,6,2,0,0,1,1,0,0,0,0,0,0,1,0
2,2018,9,8,5,0,1,0,1,0,0,0,0,0,0,0,0,0,0
1,2019,1,9,3,5,2,0,0,1,0,0,0,1,1,0,0,1,0
8,2021,6,13,3,6,4,0,0,1,1,0,0,0,0,0,1,1,0
4,2020,1,15,5,5,3,0,0,1,0,0,0,1,0,0,0,1,0
8,2018,3,18,2,2,6,1,0,1,0,0,0,0,0,0,0,1,0
4,2019,7,15,5,0,7,0,0,0,0,1,0,1,1,0,0,2,0
1,2019,10,23,4,5,2,2,0,1,0,0,0,0,1,0,0,1,0
4,2020,7,9,2,1,5,0,1,1,0,0,0,0,0,0,1,2,0
4,2021,11,14,7,0,5,0,1,0,0,0,0,1,1,0,2,0,0
4,2019,3,16,1,2,6,0,0,1,0,0,0,0,0,0,0,0,1
1,2018,12,20,5,2,6,2,0,1,0,0,0,0,0,0,0,1,0
2,2019,11,1,7,5,3,2,0,1,0,0,0,0,0,0,0,0,0
1,2019,2,14,6,2,6,0,1,1,0,0,0,0,0,0,0,1,0
8,2019,12,3,1,9,1,2,0,1,0,0,0,0,0,0,0,1,0
2,2018,6,18,7,6,4,0,0,1,1,0,0,0,0,0,0,0,1
2,2020,10,1,1,0,1,2,0,0,0,0,0,1,0,1,1,1,0
9,2021,7,4,1,0,1,2,1,0,0,0,0,0,0,0,1,2,0
11,2021,3,9,4,2,6,0,0,1,0,0,0,0,0,0,2,0,0
7,2019,12,11,7,8,1,0,0,1,0,0,0,0,1,0,0,1,1
2,2018,11,6,1,9,1,1,0,1,0,0,0,0,1,0,0,0,0
11,2020,10,6,2,5,3,0,0,1,0,0,0,0,0,1,1,1,0
4,2020,8,19,6,5,5,0,1,1,0,0,0,0,0,0,1,1,1
3,2018,6,5,7,5,3,0,1,1,0,0,0,0,0,0,0,0,0
7,2020,10,13,5,5,3,0,1,0,0,0,0,0,0,1,1,1,0
7,2021,11,19,5,2,2,2,0,1,0,0,0,0,1,0,2,0,0
11,2021,9,21,2,1,5,2,1,1,0,0,0,0,0,0,1,0,1
4,2020,4,10,2,6,2,0,0,1,1,0,0,0,0,1,2,1,0
7,2021,7,11,7,6,4,0,0,1,1,0,0,0,0,0,1,2,0
11,2021,5,16,5,2,6,0,0,1,0,0,0,0,0,1,2,1,0
1,2020,7,8,3,6,4,0,0,1,1,0,0,0,0,0,1,2,0
5,2020,3,14,6,5,2,0,0,1,0,0,0,0,1,1,1,0,0
10,2019,4,8,3,5,2,0,0,1,0,0,0,0,0,0,0,1,0
2,2018,11,17,4,5,2,2,1,1,0,0,0,0,0,0,0,0,0
7,2020,8,20,6,6,7,1,0,1,1,0,0,0,0,0,1,1,0
10,2019,12,17,7,6,4,2,0,0,1,0,0,1,1,0,0,1,0
9,2018,5,16,6,6,4,0,1,0,1,0,0,0,0,0,0,0,0
9,2018,1,8,2,3,6,0,0,1,0,0,1,0,0,0,0,0,0
9,2021,12,10,6,5,3,0,0,1,0,0,0,0,1,1,2,1,0
3,2019,10,17,3,2,6,2,0,1,0,0,0,0,0,0,0,1,0
4,2021,12,12,5,5,7,0,1,1,0,0,0,0,0,1,2,1,0
5,2021,1,14,2,1,5,0,0,1,0,1,0,0,1,1,2,0,0
10,2018,8,14,2,3,6,0,0,1,0,0,1,0,0,0,0,1,0
5,2019,11,6,6,6,4,2,0,1,1,0,0,0,0,0,0,0,1
1,2018,5,10,3,5,2,0,1,1,0,0,0,0,0,0,0,0,0
1,2020,1,17,6,5,2,2,0,0,0,1,0,1,1,0,0,1,0
8,2021,8,16,5,5,7,0,0,1,0,0,0,0,0,0,1,1,0
3,2018,10,8,5,5,3,0,0,1,0,0,0,0,0,0,0,1,0
5,2019,12,5,5,6,2,2,0,0,1,0,0,1,1,0,0,1,0
4,2020,1,16,4,5,2,2,0,1,0,1,0,0,0,0,0,1,0
9,2020,5,7,3,6,4,0,1,0,1,0,0,0,0,1,1,0,0
2,2021,7,20,3,0,1,0,1,0,0,0,0,0,0,0,1,2,0
3,2018,5,13,4,6,4,0,0,1,1,0,0,0,0,0,0,0,1
8,2021,9,20,4,1,5,2,1,1,0,0,0,0,1,0,1,0,0
10,2020,10,14,2,6,2,0,0,1,1,0,0,0,0,1,1,1,0
2,2021,5,14,4,5,3,0,1,1,0,0,0,0,0,1,2,1,0
1,2021,5,15,6,0,6,0,0,1,0,1,0,0,1,1,2,1,0
11,2019,12,12,6,5,7,0,0,1,0,0,0,1,1,0,0,1,0
4,2019,1,17,6,6,2,2,0,1,1,0,0,0,1,0,0,1,1
3,2021,10,18,5,6,2,2,0,1,1,0,0,0,1,0,1,1,0
11,2020,2,18,7,2,2,2,0,1,0,1,0,0,1,0,0,1,0
9,2018,6,21,6,5,3,1,0,1,0,0,0,0,0,0,0,0,0
3,2021,7,19,1,3,6,1,0,1,0,1,0,0,1,0,1,2,0
11,2020,8,17,2,5,2,0,1,0,0,0,0,1,0,0,1,1,0
5,2021,11,17,6,4,6,1,0,1,0,0,0,0,0,0,2,0,1
3,2020,1,6,5,5,3,2,1,0,0,0,0,0,1,0,0,1,1
3,2018,5,16,3,5,2,0,1,1,0,0,0,0,0,0,0,0,0
7,2020,9,9,2,5,3,0,1,0,0,0,0,0,0,0,1,0,0
2,2020,5,9,3,0,7,0,1,0,0,0,0,0,0,1,1,0,0
1,2020,6,21,4,5,3,2,0,1,0,0,0,0,0,0,1,1,0
3,2018,9,16,1,5,3,1,1,0,0,0,0,1,1,0,0,0,0
9,2020,5,10,4,5,3,0,1,1,0,0,0,0,0,1,1,0,1
4,2021,5,14,3,5,7,0,1,1,0,0,0,0,1,1,2,1,0
2,2020,9,14,6,3,6,0,1,0,0,0,0,0,1,0,1,0,0
5,2020,7,16,6,0,6,0,0,0,0,1,0,1,1,0,1,2,0
3,2021,8,10,5,2,1,0,0,1,0,0,0,0,1,0,1,1,0
1,2020,8,18,4,0,6,0,0,1,0,0,0,1,1,0,1,1,0
1,2020,4,7,4,5,2,0,1,1,0,0,0,0,0,1,2,1,0
7,2019,8,20,6,0,1,0,0,0,0,1,0,0,0,0,0,0,0
3,2020,6,7,6,5,2,0,1,1,0,0,0,0,0,0,1,1,1
8,2018,6,14,5,0,2,0,1,1,0,0,0,0,1,0,0,0,0
8,2018,11,8,4,2,6,0,0,1,0,0,0,0,1,0,0,0,0
1,2020,8,14,2,5,2,0,1,0,0,0,1,0,0,0,1,1,0
4,2021,6,16,2,5,5,0,1,1,0,0,0,0,0,0,1,1,0
1,2021,5,1,3,0,1,2,0,0,0,0,0,1,0,1,2,1,0
5,2019,3,12,4,2,6,0,0,1,0,0,1,0,0,0,0,0,1
5,2019,4,17,5,2,6,0,0,1,0,0,0,0,0,0,0,1,0
4,2019,10,9,6,0,1,0,0,0,0,1,0,0,1,0,0,1,0
7,2018,1,19,5,5,7,2,0,1,0,0,0,0,1,0,0,0,0
3,2019,4,17,5,1,5,0,1,1,0,0,0,0,0,0,0,1,0
7,2021,11,16,6,5,2,1,0,1,0,0,0,1,1,0,2,0,0
3,2018,9,18,5,5,2,1,1,1,0,0,0,0,0,0,0,0,0
9,2020,1,10,7,6,4,0,0,1,1,0,0,0,0,0,0,1,0
9,2020,9,15,7,3,6,0,0,1,0,1,0,0,0,0,1,0,0
4,2020,8,13,1,5,2,0,0,1,0,1,0,0,0,0,1,1,0
6,2021,5,20,5,2,1,0,0,1,0,0,0,0,1,1,2,1,1
2,2018,4,14,4,5,3,0,1,0,0,0,0,0,0,0,0,1,1
1,2021,9,9,5,3,5,0,1,0,0,1,0,0,0,0,1,0,1
5,2019,6,18,5,0,2,0,1,1,0,0,0,0,1,0,0,1,0
8,2021,8,13,2,6,7,0,0,0,1,0,0,1,0,0,1,1,0
1,2018,4,19,3,1,5,0,1,1,0,0,0,0,0,0,0,1,0
10,2021,11,16,7,5,2,2,0,1,0,0,0,0,0,0,2,0,0
4,2019,7,11,3,2,6,0,0,1,0,1,0,0,0,0,0,2,0
9,2020,9,16,6,2,6,0,1,1,0,0,0,0,0,0,1,0,0
1,2018,2,14,6,5,3,0,0,1,0,0,0,0,0,0,0,1,0
1,2020,9,13,5,5,3,0,0,1,0,1,0,0,0,0,1,0,0
1,2019,9,14,3,0,1,0,0,0,0,0,0,1,0,0,0,0,1
3,2021,8,10,6,5,3,0,0,1,0,1,0,0,0,0,1,1,0
4,2020,1,15,5,5,2,0,1,1,0,0,0,0,0,0,0,1,0
3,2019,6,16,2,2,7,0,1,1,0,0,0,0,0,0,0,1,1
4,2019,3,15,7,1,5,0,1,1,0,0,0,0,0,0,0,0,0
4,2020,8,20,2,5,2,2,1,1,0,0,0,0,0,0,1,1,0
7,2020,8,4,6,1,5,2,0,1,0,0,0,0,1,0,1,1,0
1,2020,8,9,3,2,6,0,1,0,0,0,1,0,0,0,1,1,0
2,2018,10,16,1,5,2,0,0,1,0,0,0,0,0,0,0,1,0
12,2019,11,20,2,5,2,2,0,1,0,0,0,0,1,0,0,0,0
4,2018,5,8,4,1,5,0,0,1,0,1,0,0,0,0,0,0,0
12,2019,9,15,7,0,6,0,0,1,0,1,0,0,1,0,0,0,0
2,2018,9,8,4,5,3,0,1,0,0,0,0,0,0,0,0,0,0
6,2018,10,15,3,2,7,0,0,1,0,0,0,1,1,0,0,1,0
1,2020,11,17,5,5,2,2,1,1,0,0,0,0,0,1,2,0,0
1,2018,5,9,5,2,6,0,1,1,0,0,0,0,0,0,0,0,0
10,2020,12,16,5,2,6,0,0,1,0,0,0,0,0,1,2,1,0
2,2020,10,20,7,5,3,2,1,1,0,0,0,0,0,1,1,1,0
1,2021,8,14,3,6,4,0,0,0,1,0,0,1,0,0,1,1,0
5,2021,9,7,2,5,2,0,1,1,0,0,0,0,0,0,1,0,0
2,2021,7,10,6,0,5,0,0,1,0,0,0,0,0,0,1,2,0
8,2018,9,14,1,5,3,0,1,0,0,0,0,0,0,0,0,0,0
1,2018,2,16,1,2,6,2,0,1,0,0,0,0,1,0,0,1,0
1,2020,10,16,1,5,2,0,1,1,0,0,0,0,0,1,1,1,0
10,2019,3,15,3,6,4,0,0,0,1,0,0,1,1,0,0,0,0
8,2019,12,18,7,1,5,2,1,1,0,0,0,0,1,0,0,1,0
12,2021,6,15,3,5,2,0,1,1,0,0,0,0,0,0,1,1,0
2,2018,7,19,5,0,7,0,0,1,0,0,0,0,1,0,0,2,1
5,2021,12,15,6,9,1,0,0,1,0,0,0,0,1,1,2,1,0
5,2019,8,19,7,2,6,0,0,1,0,0,0,0,0,0,0,0,0
6,2020,10,14,5,1,5,0,0,1,0,0,0,0,0,1,1,1,0
7,2021,5,15,2,6,4,0,0,1,1,0,0,0,0,1,2,1,0
9,2019,11,9,2,3,6,0,0,1,0,0,0,0,1,0,0,0,0
3,2018,8,13,7,6,7,0,1,0,1,0,0,0,0,0,0,1,0
2,2021,7,13,7,0,7,0,1,0,0,0,0,0,0,0,1,2,0
9,2018,9,20,7,5,3,2,0,1,0,0,0,0,0,0,0,0,0
12,2019,9,18,2,2,6,0,0,1,0,0,0,0,0,0,0,0,0
2,2021,1,12,4,5,2,0,1,1,0,0,0,0,0,1,2,0,0
3,2021,7,15,3,5,2,0,0,1,0,1,0,0,0,0,1,2,0
11,2021,11,15,4,0,1,0,1,0,0,0,0,0,0,0,2,0,1
7,2020,11,7,2,6,3,0,0,1,1,0,0,0,0,1,2,0,0
7,2018,7,7,6,6,4,0,1,0,1,0,0,0,0,0,0,2,0
4,2018,8,11,6,2,6,0,0,1,0,0,0,0,0,0,0,1,0
11,2019,7,12,6,1,5,0,1,1,0,0,0,0,1,0,0,2,0
5,2021,12,10,5,0,3,0,0,1,0,1,0,0,0,1,2,1,0
3,2020,5,14,4,5,3,0,1,1,0,0,0,0,0,1,1,0,0
1,2018,4,14,5,2,7,0,0,1,0,0,0,1,0,0,0,1,0
5,2020,5,12,4,5,3,0,0,1,0,0,0,0,0,1,1,0,0
10,2021,5,21,6,0,1,1,0,0,0,1,0,0,1,1,2,1,0
9,2020,7,20,3,5,3,0,0,1,0,0,0,0,0,0,1,2,0
1,2019,10,17,3,5,3,0,0,1,0,0,0,1,1,0,0,1,0
2,2018,11,11,4,5,3,0,1,1,0,0,0,0,0,0,0,0,0
5,2021,10,15,3,0,1,0,0,0,0,1,0,0,1,0,1,1,0
6,2021,10,10,7,5,3,0,0,1,0,0,0,0,0,0,1,1,1
12,2018,6,21,6,5,3,1,1,1,0,0,0,0,0,0,0,0,0
4,2021,5,16,3,3,6,0,0,1,0,1,0,0,1,1,2,1,0
1,2018,3,8,5,6,7,0,0,1,1,0,0,0,0,0,0,1,0
7,2020,8,12,2,5,2,0,0,1,0,0,0,0,0,0,1,1,0
7,2021,2,21,7,6,4,2,0,1,1,0,0,0,0,1,2,1,1
1,2021,5,13,2,3,6,0,1,0,0,0,0,0,0,1,2,1,0
2,2021,2,12,6,2,6,0,0,1,0,0,0,0,1,1,2,1,0
1,2019,4,18,2,0,5,0,1,0,0,0,0,1,0,0,0,1,0
7,2019,7,13,7,2,2,0,0,1,0,1,0,0,0,0,0,2,0
4,2018,6,16,2,5,7,0,0,1,0,0,0,0,0,0,0,0,0
6,2018,5,5,6,5,3,0,1,0,0,0,0,0,0,0,0,0,1
4,2020,10,14,7,2,6,0,1,0,0,1,0,0,0,1,1,1,1
1,2020,9,15,2,0,3,0,1,0,0,1,0,0,0,0,1,0,0
3,2018,3,15,1,5,2,0,0,1,0,0,0,1,0,0,0,1,0
8,2020,1,12,7,2,2,0,0,1,0,0,0,0,0,0,0,1,0
12,2020,4,16,4,5,3,0,0,1,0,0,0,0,0,1,2,1,0
7,2019,8,10,3,2,6,0,0,1,0,0,0,0,0,0,0,0,0
7,2018,4,17,6,6,7,0,1,0,1,0,0,0,0,0,0,1,0
1,2018,11,13,7,5,3,0,1,1,0,0,0,0,0,0,0,0,0
12,2021,10,18,3,0,3,2,0,1,0,1,0,0,0,0,1,1,0