BEZ,UJAHR,UMONAT,USTUNDE,UWOCHENTAG,UART,UTYP1,ULICHTVERH,IstRad,IstPKW,IstFuss,IstKrad,IstGkfz,IstSonstige,USTRZUSTAND,LOCKDOWN,COVID,FERIEN,UKATEGORIE
11,2021,7,1,1,0,1,2,1,0,0,0,0,0,0,0,1,2,1
8,2018,11,16,3,2,6,1,0,1,0,1,0,0,1,0,0,0,0
8,2020,2,12,3,2,6,0,0,1,0,0,0,0,0,0,0,1,0
8,2019,6,22,2,0,3,2,1,1,0,0,0,0,1,0,0,1,0
4,2018,1,13,1,2,6,0,0,1,0,0,0,0,0,0,0,0,0
9,2020,7,2,6,0,6,2,1,1,0,0,0,0,0,0,1,2,0
12,2021,11,5,3,5,2,2,1,1,0,0,0,0,1,0,2,0,0
11,2020,8,14,5,5,3,0,0,1,0,0,0,1,0,0,1,1,1
12,2020,2,5,2,2,6,2,0,1,0,0,0,0,0,0,0,1,0
11,2018,6,10,7,6,7,0,1,0,1,0,0,0,0,0,0,0,0
6,2019,11,18,3,2,6,2,0,1,0,0,0,0,0,0,0,0,0
3,2021,1,13,3,6,4,0,0,0,1,0,0,1,0,1,2,0,1
7,2020,7,12,5,5,2,0,1,1,0,0,0,0,0,0,1,2,0
2,2018,4,15,2,6,7,0,1,0,1,0,0,0,0,0,0,1,0
3,2020,12,21,6,2,6,2,0,1,0,0,0,1,0,1,2,1,0
5,2019,5,11,3,5,3,0,1,1,0,0,0,0,0,0,0,0,0
8,2019,12,4,2,4,6,2,0,1,0,0,0,0,1,0,0,1,0
10,2021,6,16,5,5,3,0,1,0,0,0,0,1,0,0,1,1,1
9,2018,8,13,3,5,3,0,0,1,0,1,0,0,0,0,0,1,1
11,2018,9,19,5,5,2,1,1,1,0,0,0,0,0,0,0,0,0
2,2018,10,11,4,2,2,0,0,1,0,1,0,0,0,0,0,1,0
3,2021,9,9,3,2,2,0,1,1,0,0,0,0,0,0,1,0,0
8,2019,6,13,3,2,6,0,0,1,0,0,0,0,0,0,0,1,0
1,2020,9,16,7,0,2,0,0,1,0,1,0,0,0,0,1,0,0
10,2021,7,13,4,5,3,0,1,1,0,0,0,0,0,0,1,2,0
7,2021,5,17,2,1,5,0,1,1,0,0,0,1,0,1,2,1,0
6,2021,12,19,1,1,5,2,0,1,0,0,0,0,1,1,2,1,0
1,2021,12,6,6,5,3,2,0,1,0,0,0,0,0,1,2,1,0
3,2021,11,7,3,0,1,0,1,0,0,0,0,0,1,0,2,0,1
4,2020,1,19,1,6,7,2,0,1,1,0,0,0,0,0,0,1,0
7,2018,4,14,2,1,5,0,1,1,0,0,0,0,0,0,0,1,0
5,2021,3,14,6,6,4,0,0,1,1,0,0,0,0,0,2,0,1
3,2018,7,21,5,5,3,2,1,1,0,0,0,0,0,0,0,2,0
7,2021,8,7,2,5,3,0,0,1,0,0,0,0,1,0,1,1,0
12,2018,5,19,6,5,2,0,0,1,0,0,0,0,0,0,0,0,0
9,2018,10,17,3,5,3,0,1,0,0,0,0,0,0,0,0,1,1
9,2020,1,7,5,5,3,1,1,1,0,0,0,0,0,0,0,1,0
5,2021,8,19,6,5,2,0,0,1,0,0,0,0,0,0,1,1,0
2,2019,11,14,4,5,3,0,0,1,0,0,0,0,0,0,0,0,0
8,2020,7,17,2,1,5,0,1,1,0,0,0,0,0,0,1,2,0
3,2018,11,21,3,6,2,2,0,1,1,0,0,0,0,0,0,0,1
1,2018,7,19,2,4,2,0,1,1,0,0,0,0,0,0,0,2,0
3,2020,10,13,6,0,3,0,1,1,0,0,0,0,0,1,1,1,0
2,2020,11,0,1,5,3,2,1,1,0,0,0,0,0,1,2,0,0
2,2018,8,15,7,5,2,0,1,1,0,0,0,0,0,0,0,1,0
3,2021,6,1,1,0,1,2,0,0,0,0,0,1,0,0,1,1,0
7,2019,6,14,6,0,6,0,0,1,0,1,0,0,0,0,0,1,0
1,2018,6,7,3,6,4,0,0,1,1,0,0,0,0,0,0,0,1
8,2021,4,20,2,0,1,2,1,0,0,0,0,0,0,1,2,1,0
10,2019,7,10,1,8,1,0,0,1,0,0,0,0,0,0,0,2,0
1,2019,3,8,4,1,5,0,1,0,0,0,0,1,0,0,0,0,0
8,2018,12,17,7,3,6,2,0,1,0,0,0,0,1,0,0,1,0
7,2018,12,15,5,3,6,1,0,1,0,0,1,0,0,0,0,1,0
6,2021,12,7,4,2,6,2,0,1,0,0,0,0,1,1,2,1,0
9,2019,7,0,7,5,3,2,1,0,0,1,0,0,0,0,0,2,1
2,2019,4,17,3,2,6,0,1,1,0,0,0,0,0,0,0,1,0
7,2019,1,16,7,3,6,1,1,0,0,0,0,1,1,0,0,1,0
3,2020,10,8,4,5,3,0,0,1,0,1,0,0,0,1,1,1,0
1,2018,12,13,4,0,1,0,1,0,0,0,0,0,1,0,0,1,0
7,2021,3,14,4,3,6,0,0,0,0,1,1,0,0,0,2,0,0
1,2020,8,12,6,5,2,0,1,1,0,0,0,0,0,0,1,1,1
6,2020,3,16,3,0,1,0,1,0,0,0,0,0,0,1,1,0,1
11,2021,7,8,4,5,7,0,0,1,0,1,0,0,1,0,1,2,0
1,2020,8,18,5,1,5,0,1,1,0,0,0,0,0,0,1,1,0
9,2020,6,13,6,0,1,0,1,0,0,0,0,0,0,0,1,1,1
2,2021,12,23,3,0,1,2,0,0,0,1,0,0,2,1,2,1,0
4,2018,1,16,3,2,6,0,0,1,0,0,1,0,0,0,0,0,0
2,2018,1,17,5,6,2,1,0,1,1,0,0,0,1,0,0,0,0
4,2020,3,15,4,6,7,0,0,0,1,0,0,1,0,1,1,0,0
6,2020,7,17,4,6,4,0,0,1,1,0,0,0,0,0,1,2,0
1,2021,5,20,2,5,3,0,1,1,0,0,0,0,0,1,2,1,0
3,2019,10,20,5,6,4,2,1,0,1,0,0,0,1,0,0,1,0
7,2018,11,13,1,2,7,0,0,1,0,0,0,0,0,0,0,0,1
3,2020,8,19,1,5,2,0,1,1,0,0,0,0,0,0,1,1,0
2,2020,1,20,4,6,2,2,0,1,1,0,0,0,1,0,0,1,0
3,2020,1,10,6,5,3,0,0,1,0,0,0,1,0,0,0,1,0
12,2018,3,17,2,5,3,0,0,1,0,0,0,0,0,0,0,1,0
1,2021,9,19,3,2,6,1,0,1,0,0,0,0,0,0,1,0,0
4,2018,7,8,6,5,3,0,1,1,0,0,0,0,0,0,0,2,0
1,2020,4,15,5,3,6,0,1,0,0,0,0,0,0,1,2,1,0
5,2018,5,13,5,5,3,0,1,1,0,0,0,0,0,0,0,0,0
10,2021,6,15,6,5,3,0,1,1,0,0,0,0,0,0,1,1,0
5,2020,3,16,2,0,1,0,0,0,0,1,0,0,0,1,1,0,0
8,2021,7,15,3,0,7,0,0,0,0,0,0,1,0,0,1,2,0
2,2021,6,10,5,0,7,0,0,1,0,1,1,0,0,0,1,1,0
7,2019,12,13,3,6,2,0,0,1,1,0,0,0,0,0,0,1,0
9,2021,3,15,3,0,7,0,0,1,0,0,0,0,0,0,2,0,0
12,2021,5,16,1,1,5,0,0,1,0,1,0,0,0,1,2,1,0
11,2018,7,7,3,5,3,0,1,1,0,0,0,0,0,0,0,2,0
9,2018,5,19,3,5,3,0,1,1,0,0,0,0,0,0,0,0,1
9,2020,12,15,3,6,7,0,0,0,1,0,0,1,0,1,2,1,1
12,2018,5,0,2,5,3,2,0,1,0,0,1,0,0,0,0,0,0
4,2021,10,8,2,0,2,0,0,1,0,1,0,0,0,0,1,1,0
6,2020,10,10,7,0,1,0,1,0,0,0,0,0,0,1,1,1,0
1,2018,3,13,2,5,3,0,0,1,0,0,0,0,0,0,0,1,0
3,2019,12,22,6,0,5,2,0,1,1,0,0,0,0,0,0,1,0
1,2021,8,20,2,5,2,1,1,1,0,0,0,0,1,0,1,1,0
8,2021,10,13,3,2,7,0,0,1,0,0,0,0,0,0,1,1,1
8,2020,9,22,4,0,1,2,1,0,0,0,0,0,0,0,1,0,0
10,2018,5,13,2,1,3,0,0,1,0,1,0,0,0,0,0,0,1
7,2019,4,8,4,5,3,0,0,1,0,0,0,0,0,0,0,1,0
4,2021,2,8,2,6,4,0,0,0,1,0,0,1,0,1,2,1,0
10,2021,3,13,2,2,6,0,0,1,0,0,0,0,0,0,2,0,0
11,2019,9,6,6,4,7,0,0,1,0,0,0,1,0,0,0,0,1
1,2018,8,21,6,1,7,2,0,1,0,0,0,0,0,0,0,1,0
4,2021,11,15,5,5,7,0,0,1,0,0,0,0,0,0,2,0,1
8,2018,1,17,6,1,5,2,0,1,0,0,0,0,1,0,0,0,0
1,2019,10,9,3,5,2,0,1,1,0,0,0,0,1,0,0,1,0
12,2019,11,16,2,6,6,2,0,1,1,0,0,0,1,0,0,0,0
4,2019,8,13,7,2,6,0,0,1,0,0,0,0,0,0,0,0,0
1,2019,9,14,2,5,2,0,0,1,0,0,0,0,0,0,0,0,1
10,2019,8,17,7,5,2,0,1,1,0,0,0,0,0,0,0,0,0
1,2020,12,19,2,5,3,2,1,1,0,0,0,0,0,1,2,1,0
1,2019,5,19,5,1,5,0,1,1,0,0,0,0,0,0,0,0,0
1,2018,8,10,5,5,2,0,1,1,0,0,0,0,1,0,0,1,0
8,2021,12,10,4,5,2,0,1,1,0,0,0,0,1,1,2,1,0
6,2018,1,5,3,6,2,2,0,1,1,0,0,0,1,0,0,0,0
2,2019,2,17,3,8,1,2,0,1,0,0,0,0,0,0,0,1,0
4,2018,6,12,3,5,2,0,1,1,0,0,0,0,0,0,0,0,1
12,2020,6,13,3,6,7,0,0,0,1,0,0,1,0,0,1,1,0
3,2021,6,11,4,6,2,0,0,0,1,1,0,0,0,0,1,1,0
7,2019,3,11,7,5,3,0,0,1,0,0,0,1,0,0,0,0,0
7,2020,2,18,3,2,6,2,0,1,0,0,0,0,1,0,0,1,0
4,2021,6,12,5,3,6,0,1,0,0,0,0,1,0,0,1,1,0
4,2018,2,20,5,1,5,2,0,1,0,0,0,0,0,0,0,1,0
7,2018,8,11,4,5,2,0,0,1,0,1,0,0,0,0,0,1,0
5,2019,7,13,3,1,5,0,1,1,0,0,0,0,0,0,0,2,0
6,2018,2,14,2,4,1,0,0,1,0,0,0,0,0,0,0,1,0
9,2019,11,8,2,6,4,0,0,1,1,0,0,0,1,0,0,0,1
12,2021,8,8,5,5,3,0,0,1,0,1,0,0,0,0,1,1,1
9,2020,9,13,3,5,2,0,1,1,0,0,0,0,0,0,1,0,0
6,2021,4,21,2,2,6,2,0,1,0,0,1,0,0,1,2,1,0
12,2019,8,21,3,0,1,2,0,0,0,1,0,0,0,0,0,0,0
2,2019,8,18,5,5,2,0,0,1,0,1,0,0,0,0,0,0,0
9,2018,8,17,4,5,2,0,1,1,0,0,0,0,0,0,0,1,0
7,2019,6,9,3,1,5,0,0,1,0,0,0,0,0,0,0,1,1
7,2019,2,16,6,2,6,1,0,1,0,0,0,0,0,0,0,1,0
2,2019,6,9,3,5,2,0,1,1,0,0,0,0,0,0,0,1,0
6,2021,6,16,4,2,6,0,0,1,0,0,0,0,0,0,1,1,0
1,2021,8,14,4,0,2,0,1,1,0,0,0,0,0,0,1,1,0
1,2020,10,18,3,5,2,0,1,0,0,0,0,1,0,1,1,1,0
10,2021,9,9,2,5,3,0,1,1,0,0,0,0,0,0,1,0,0
6,2021,5,17,6,6,4,0,0,1,1,0,0,0,0,1,2,1,0
7,2021,11,18,3,2,6,2,0,1,0,0,1,0,1,0,2,0,0
7,2020,2,22,4,5,7,2,0,1,0,0,0,0,0,0,0,1,0
2,2018,5,16,4,5,2,0,1,0,0,0,0,1,0,0,0,0,0
12,2019,1,21,6,2,6,2,0,1,0,0,0,0,1,0,0,1,0
8,2020,3,13,6,6,2,0,0,0,1,0,0,1,0,1,1,0,0
2,2018,3,16,4,5,2,0,0,1,0,1,0,0,0,0,0,1,0
11,2018,12,16,5,6,4,2,0,1,1,0,0,0,1,0,0,1,0
5,2021,9,7,5,5,3,0,1,1,0,0,0,0,0,0,1,0,0
1,2018,3,8,4,5,3,0,0,1,0,0,0,0,1,0,0,1,0
7,2020,10,11,4,5,2,0,1,0,0,0,1,0,0,1,1,1,0
1,2018,2,15,6,1,6,0,1,0,0,0,0,1,0,0,0,1,0
7,2021,3,10,3,5,2,0,1,0,0,1,0,0,0,0,2,0,0
12,2019,10,0,6,6,4,2,0,1,1,0,0,0,1,0,0,1,1
4,2019,9,14,6,5,3,0,0,1,0,0,0,0,0,0,0,0,0
6,2021,7,17,6,3,6,0,0,1,0,0,0,1,0,0,1,2,0
6,2018,7,14,2,3,6,0,1,0,0,0,1,0,0,0,0,2,0
9,2019,6,9,3,5,2,0,1,1,0,0,0,0,0,0,0,1,1
8,2018,1,17,5,2,6,2,0,1,0,0,0,0,1,0,0,0,0
4,2021,11,19,5,5,2,2,1,1,0,0,0,0,1,0,2,0,0
2,2019,8,8,3,5,3,0,0,1,0,1,0,0,0,0,0,0,0
7,2019,10,20,5,6,4,2,0,1,1,0,0,0,1,0,0,1,0
8,2021,10,15,2,5,2,0,1,1,0,0,0,0,0,0,1,1,0
1,2021,3,15,4,1,5,0,1,1,0,0,0,0,0,0,2,0,0
12,2019,6,19,3,5,3,1,0,1,0,0,0,0,0,0,0,1,0
11,2018,10,15,4,5,2,0,1,1,0,0,0,0,0,0,0,1,0
7,2018,1,15,5,5,3,0,1,1,0,0,0,0,1,0,0,0,0
3,2021,9,7,2,2,3,0,1,1,0,0,0,0,0,0,1,0,0
11,2020,9,16,3,2,3,0,1,0,0,1,0,0,0,0,1,0,0
7,2020,6,17,2,6,4,0,1,0,1,0,0,0,0,0,1,1,0
2,2018,2,6,3,0,1,1,0,0,0,1,0,0,2,0,0,1,0
8,2019,8,9,3,5,2,0,1,1,0,0,0,0,0,0,0,0,0
12,2019,7,7,6,2,6,0,0,1,0,0,0,0,1,0,0,2,0
2,2021,9,21,6,5,3,2,1,0,0,1,0,0,0,0,1,0,0
1,2019,4,7,5,0,1,0,0,0,0,1,0,0,1,0,0,1,1
2,2018,2,19,5,5,7,2,1,1,0,0,0,0,0,0,0,1,0
12,2019,7,19,2,2,6,0,0,1,0,0,0,0,0,0,0,2,0
8,2019,1,12,6,5,3,0,0,1,0,0,0,1,1,0,0,1,0
2,2020,6,12,6,5,3,0,1,1,0,0,0,0,0,0,1,1,0
8,2019,12,0,6,6,2,2,0,1,1,0,0,0,0,0,0,1,1
3,2021,11,13,5,5,3,0,0,1,0,0,0,0,1,0,2,0,0
6,2021,10,22,3,6,4,2,0,1,1,0,0,0,1,0,1,1,0
5,2020,4,17,6,5,2,0,1,1,0,0,0,0,0,1,2,1,0
10,2018,10,12,5,3,6,0,1,1,0,0,0,0,1,0,0,1,1
10,2018,8,16,2,5,3,0,0,1,0,0,0,0,0,0,0,1,0
8,2019,8,15,5,5,3,0,1,0,0,0,0,0,0,0,0,0,0
12,2019,5,12,5,5,3,0,1,1,0,0,0,0,0,0,0,0,0
4,2019,10,7,1,2,6,0,0,1,0,0,0,0,0,0,0,1,0
2,2020,3,12,5,2,6,0,0,1,0,0,0,0,0,1,1,0,0
5,2019,6,5,5,2,6,0,0,1,0,0,0,0,0,0,0,1,0
3,2020,3,6,6,5,3,1,0,1,0,0,0,0,1,1,1,0,1
2,2018,1,11,6,1,5,0,1,1,0,0,0,0,0,0,0,0,0
3,2019,7,20,3,1,5,1,1,1,0,0,0,0,0,0,0,2,0
4,2018,10,17,5,2,2,0,1,1,0,0,0,0,0,0,0,1,0
4,2018,6,8,3,2,6,0,0,1,0,0,0,0,0,0,0,0,0
4,2019,7,9,5,0,7,0,1,0,0,0,0,0,0,0,0,2,0
10,2018,6,16,5,5,2,0,1,1,0,0,0,0,0,0,0,0,0
9,2019,5,7,3,5,2,0,1,0,0,0,1,0,0,0,0,0,1
5,2021,9,19,4,6,4,1,1,0,1,0,0,0,1,0,1,0,0
11,2019,10,15,5,0,2,1,0,1,0,0,0,1,0,0,0,1,0
12,2020,6,13,7,0,6,0,1,0,0,0,0,0,0,0,1,1,0
4,2019,1,8,5,0,2,0,1,1,0,0,0,0,0,0,0,1,0
3,2019,1,7,5,2,6,0,0,1,0,0,0,0,0,0,0,1,0
2,2018,4,13,5,3,6,0,1,1,0,0,0,0,0,0,0,1,0
3,2020,3,19,4,6,4,2,0,1,1,0,0,0,0,1,1,0,0
12,2018,5,12,7,5,3,0,0,1,0,0,0,1,0,0,0,0,1
7,2020,9,9,5,5,2,0,0,1,0,0,0,0,0,0,1,0,0
1,2020,4,21,6,3,6,2,0,1,0,0,0,0,0,1,2,1,0
8,2019,1,19,5,5,3,2,0,1,0,0,0,0,0,0,0,1,0
5,2018,5,14,2,2,6,0,0,1,0,1,0,0,0,0,0,0,0
4,2020,2,13,4,1,5,0,0,1,0,0,0,0,0,0,0,1,1
10,2021,3,15,5,5,3,0,0,1,0,0,0,1,0,0,2,0,0
6,2020,6,14,3,2,6,0,0,1,0,0,0,0,0,0,1,1,0
7,2020,5,1,1,9,1,2,0,1,0,0,0,0,0,1,1,0,1
7,2021,8,10,4,1,5,0,1,1,0,0,0,0,0,0,1,1,0
10,2018,6,8,3,0,1,0,0,0,0,1,0,0,0,0,0,0,0
9,2021,4,17,5,9,1,0,0,0,0,1,0,0,0,1,2,1,1
8,2020,10,14,1,5,2,0,1,1,0,0,0,0,0,1,1,1,0
4,2020,7,9,4,2,6,0,0,1,0,0,0,0,0,0,1,2,1
2,2019,5,15,6,3,6,0,1,0,0,0,0,0,0,0,0,0,0
3,2019,5,13,6,0,7,0,0,1,0,1,0,0,0,0,0,0,0
3,2019,8,8,1,0,1,0,1,0,0,0,0,0,1,0,0,0,1
1,2020,3,17,5,6,4,0,0,1,1,0,0,0,0,1,1,0,0
9,2020,4,20,2,5,2,1,0,1,0,0,0,0,0,1,2,1,0
11,2021,10,15,5,5,2,0,1,1,0,0,0,0,0,0,1,1,0
1,2019,11,10,3,2,2,0,0,1,0,0,0,0,0,0,0,0,0
1,2019,6,8,5,5,3,0,1,1,0,0,0,0,1,0,0,1,0
2,2021,7,18,3,5,2,0,1,1,0,0,0,0,0,0,1,2,0
6,2019,1,22,3,5,2,2,0,1,0,0,0,0,0,0,0,1,0
7,2019,12,21,7,2,2,2,0,1,0,0,0,0,0,0,0,1,0
6,2021,3,15,3,5,2,0,0,1,0,1,0,0,0,0,2,0,1
3,2018,5,15,1,5,2,0,1,1,0,0,0,0,0,0,0,0,0
4,2018,9,7,5,2,6,0,0,1,0,1,0,0,0,0,0,0,1
1,2019,8,6,3,5,2,0,1,1,0,0,0,0,0,0,0,0,0
2,2020,4,15,2,5,3,0,0,1,0,0,0,0,0,1,2,1,1
3,2020,3,9,5,5,3,0,1,0,0,0,0,0,0,1,1,0,0
1,2019,9,10,2,0,1,0,1,1,0,0,0,0,0,0,0,0,0
7,2021,3,15,5,2,6,0,0,1,0,0,0,0,0,0,2,0,0
1,2018,5,6,1,2,6,0,0,1,0,1,0,0,0,0,0,0,0
2,2018,8,16,5,5,2,0,0,1,0,1,0,0,0,0,0,1,0
2,2018,5,8,4,5,3,0,1,1,0,0,0,0,0,0,0,0,1
1,2018,6,21,3,5,2,1,1,1,0,0,0,0,0,0,0,0,0
7,2021,9,8,6,1,5,0,1,1,0,0,0,0,0,0,1,0,0
12,2020,7,10,5,2,7,0,0,1,0,0,0,1,0,0,1,2,0
3,2020,3,15,7,5,2,0,0,1,0,0,0,0,0,1,1,0,0
12,2021,6,21,7,4,6,2,0,1,0,1,0,0,0,0,1,1,1
1,2019,10,10,4,2,6,0,0,1,0,0,0,0,1,0,0,1,0
4,2018,5,9,4,5,2,0,1,1,0,0,0,0,0,0,0,0,0
3,2021,4,18,6,5,2,0,1,1,0,0,0,0,0,1,2,1,0
4,2021,4,13,3,2,6,0,0,1,0,0,0,0,0,1,2,1,0
3,2018,5,11,4,6,4,0,1,0,1,0,0,0,0,0,0,0,0
7,2020,9,12,7,2,6,0,0,1,0,0,0,0,0,0,1,0,0
4,2021,11,15,4,5,2,0,1,1,0,0,0,0,0,0,2,0,0
6,2021,11,19,2,0,1,2,1,0,0,0,0,0,1,0,2,0,0
7,2019,8,18,4,5,2,0,1,1,0,0,0,0,0,0,0,0,0
7,2021,7,16,4,0,3,0,1,1,0,0,0,0,0,0,1,2,0
3,2019,8,18,6,5,7,0,0,1,0,0,0,0,0,0,0,0,0
11,2020,9,1,6,8,1,2,0,1,0,0,0,0,0,0,1,0,0
3,2019,7,16,3,5,3,0,1,1,0,0,0,0,0,0,0,2,0
4,2021,8,13,3,5,2,0,1,1,0,0,0,0,0,0,1,1,1
4,2018,4,8,2,8,1,0,0,1,0,0,0,0,0,0,0,1,0
6,2018,6,16,1,5,2,0,1,0,0,0,0,0,0,0,0,0,0
12,2019,11,15,5,6,4,1,0,1,1,0,0,0,1,0,0,0,0
1,2020,12,14,7,5,3,0,0,1,0,0,0,0,0,1,2,1,0
6,2019,4,13,7,0,7,0,1,0,0,0,0,0,0,0,0,1,0
6,2019,3,18,5,6,2,1,0,1,1,0,0,0,0,0,0,0,0
6,2019,9,17,4,1,1,0,0,1,0,0,0,0,1,0,0,0,0
4,2019,4,16,3,5,3,0,0,1,0,0,0,0,0,0,0,1,0
11,2018,4,15,3,5,2,0,1,1,0,0,0,0,0,0,0,1,0
3,2020,9,14,6,2,7,0,0,1,0,1,0,0,0,0,1,0,0
4,2018,9,8,2,0,3,0,1,0,0,1,0,0,0,0,0,0,0
6,2020,8,16,5,0,1,0,1,0,0,0,0,0,0,0,1,1,1
7,2018,6,16,4,8,1,0,0,0,0,1,0,0,0,0,0,0,0
2,2019,3,8,7,5,2,0,0,1,0,0,0,0,0,0,0,0,1
12,2018,9,14,2,2,6,0,0,1,0,0,0,0,1,0,0,0,0
9,2020,8,7,5,3,6,0,0,1,0,1,0,1,0,0,1,1,0
8,2019,2,12,4,2,6,0,0,1,0,0,0,0,0,0,0,1,0
1,2018,4,14,2,5,7,0,1,1,0,0,0,0,0,0,0,1,0
5,2018,4,0,2,6,2,2,0,1,1,0,0,0,0,0,0,1,0
3,2021,9,7,6,0,6,0,0,0,0,1,0,1,1,0,1,0,0
4,2019,9,10,7,6,7,0,0,1,1,0,0,0,0,0,0,0,0
11,2019,9,5,5,2,6,2,0,1,0,0,1,0,1,0,0,0,0
2,2018,4,18,2,5,5,0,0,1,0,1,0,0,0,0,0,1,0
2,2021,7,21,7,0,1,1,0,0,0,1,0,0,0,0,1,2,0
6,2018,1,15,5,5,2,0,0,1,0,0,0,0,1,0,0,0,0
4,2021,6,8,3,5,3,0,0,1,0,0,0,0,0,0,1,1,0
2,2018,4,17,4,5,3,0,1,1,0,0,0,0,0,0,0,1,0
12,2018,5,10,4,5,3,0,0,1,0,1,0,0,0,0,0,0,0
10,2019,12,18,1,5,3,2,0,1,0,0,0,1,1,0,0,1,0
9,2018,6,17,2,5,2,0,1,1,0,0,0,0,0,0,0,0,0
2,2020,2,19,7,1,5,2,1,1,0,0,0,0,1,0,0,1,0
7,2018,4,18,3,2,6,0,0,1,0,1,0,0,0,0,0,1,1
6,2018,6,13,2,5,3,0,1,0,0,0,0,1,0,0,0,0,0
1,2021,1,13,7,5,2,0,1,1,0,0,0,0,1,1,2,0,0
7,2018,7,10,6,5,2,0,0,1,0,1,0,0,0,0,0,2,1
9,2021,11,10,4,1,5,0,1,1,0,0,0,0,0,0,2,0,0
3,2021,1,11,6,5,3,0,1,1,0,0,0,0,0,1,2,0,0
3,2021,2,7,6,5,2,0,1,1,0,0,0,0,0,1,2,1,0
4,2020,4,16,6,5,2,0,1,1,0,0,0,0,0,1,2,1,0
4,2018,11,10,2,1,5,0,1,1,0,0,0,0,0,0,0,0,0
6,2019,9,13,2,2,6,0,0,1,0,1,0,0,1,0,0,0,0
8,2019,2,7,5,5,2,0,0,1,0,0,0,1,1,0,0,1,0
1,2020,7,7,4,5,3,0,1,1,0,0,0,0,0,0,1,2,1
4,2018,3,18,4,2,6,2,0,1,0,0,0,0,0,0,0,1,0
3,2018,10,16,4,5,3,0,1,1,0,0,0,0,0,0,0,1,0
6,2019,9,18,2,5,3,0,1,1,0,0,0,0,0,0,0,0,0
1,2018,10,9,2,5,2,0,0,1,0,0,0,0,0,0,0,1,0
12,2019,5,11,2,6,4,0,0,1,1,0,0,0,0,0,0,0,0
1,2018,2,10,5,2,6,0,0,1,0,0,0,0,0,0,0,1,0
6,2019,12,11,7,5,2,0,1,1,0,0,0,0,1,0,0,1,0
8,2018,10,13,3,0,6,0,0,1,0,1,0,0,1,0,0,1,1
6,2019,7,16,2,0,5,0,1,1,0,0,0,0,0,0,0,2,0
8,2019,7,0,3,6,4,2,0,1,1,0,0,0,0,0,0,2,1
3,2019,10,13,6,5,3,0,0,1,0,0,0,1,0,0,0,1,0
4,2021,4,11,6,0,4,0,0,0,1,0,0,1,0,1,2,1,0
12,2018,4,13,4,5,2,0,0,1,0,1,0,0,0,0,0,1,0
9,2018,6,17,1,0,1,0,1,0,0,0,0,0,0,0,0,0,0
5,2020,3,17,7,5,3,0,0,1,0,0,0,0,0,1,1,0,0
8,2020,7,18,5,2,6,0,1,1,0,0,0,0,0,0,1,2,0
12,2020,4,13,6,5,2,0,1,0,0,0,1,0,0,1,2,1,0
4,2021,5,15,2,5,2,0,1,1,0,0,0,0,0,1,2,1,0
1,2021,5,17,6,3,6,0,1,1,0,0,0,0,1,1,2,1,0
4,2018,4,9,3,2,6,0,1,1,0,0,0,0,0,0,0,1,0
9,2018,8,9,6,2,6,0,0,1,0,0,0,0,0,0,0,1,0
11,2021,10,14,5,5,3,0,0,1,0,1,0,0,0,0,1,1,0
1,2021,9,13,2,5,2,0,1,1,0,0,0,0,0,0,1,0,0
1,2020,3,9,2,0,1,0,0,0,0,1,0,0,0,1,1,0,1
3,2018,7,7,6,5,3,0,0,1,0,0,0,0,0,0,0,2,0
4,2018,6,23,7,5,3,2,0,1,0,0,0,1,1,0,0,0,0
6,2021,12,9,6,6,7,0,0,1,1,0,0,0,0,1,2,1,0
9,2018,8,0,2,1,1,2,0,1,0,0,0,1,0,0,0,1,0
4,2018,10,14,4,6,4,0,0,1,1,0,0,0,0,0,0,1,1
3,2018,4,1,6,0,7,2,0,0,1,0,0,1,1,0,0,1,0
2,2018,7,17,5,6,4,0,0,1,1,0,0,0,0,0,0,2,0
1,2019,6,12,5,5,2,0,0,1,0,1,0,0,0,0,0,1,0
7,2018,4,1,1,1,6,2,0,1,0,0,0,0,0,0,0,1,0
2,2018,6,15,3,6,7,0,0,1,1,0,0,0,0,0,0,0,1
4,2018,7,19,6,2,6,0,0,1,0,0,0,0,0,0,0,2,0
8,2018,6,13,5,5,3,0,1,1,0,0,0,0,0,0,0,0,0
4,2021,10,8,6,5,3,0,0,1,0,0,1,0,0,0,1,1,0
9,2020,7,17,2,0,1,0,1,0,0,0,0,0,1,0,1,2,1
9,2021,5,16,2,0,1,0,1,0,0,0,0,0,0,1,2,1,0
4,2019,5,17,4,6,4,0,0,1,1,0,0,0,0,0,0,0,0
9,2021,5,19,3,5,3,1,0,1,0,0,0,0,0,1,2,1,1
2,2018,10,21,7,2,6,2,0,1,0,0,0,1,0,0,0,1,0
11,2021,8,7,5,1,5,0,0,1,0,0,0,0,0,0,1,1,0
9,2020,8,8,4,5,3,0,1,1,0,0,0,0,1,0,1,1,0
7,2018,4,13,2,0,5,0,1,0,0,0,0,1,0,0,0,1,0
7,2021,6,16,2,5,2,0,1,1,0,0,0,0,0,0,1,1,0
8,2021,3,12,3,5,2,0,1,1,0,0,0,0,0,0,2,0,0
6,2020,9,13,4,1,5,0,1,1,0,0,0,0,0,0,1,0,0
2,2021,7,17,5,2,6,0,0,1,0,1,0,0,1,0,1,2,1
9,2018,1,7,5,6,2,1,0,1,1,0,0,0,1,0,0,0,1
1,2019,8,11,7,2,6,0,0,1,0,0,0,0,0,0,0,0,0