BEZ,UJAHR,UMONAT,USTUNDE,UWOCHENTAG,UART,UTYP1,ULICHTVERH,IstRad,IstPKW,IstFuss,IstKrad,IstGkfz,IstSonstige,USTRZUSTAND,LOCKDOWN,COVID,FERIEN,UKATEGORIE
5,2018,4,13,4,5,2,0,0,1,0,0,0,1,0,0,0,1,0
12,2020,11,12,2,5,7,0,0,1,0,0,0,0,1,1,2,0,0
12,2021,8,21,1,8,1,2,0,1,0,0,0,0,0,0,1,1,0
1,2018,1,12,2,5,3,0,1,0,0,0,0,1,0,0,0,0,0
11,2020,11,15,6,6,4,0,0,1,1,0,0,0,1,1,2,0,1
7,2021,7,14,4,0,2,0,0,1,0,0,0,1,0,0,1,2,1
7,2021,12,7,3,1,5,1,1,1,0,0,0,0,1,1,2,1,0
9,2020,7,12,2,5,7,0,1,1,0,0,0,0,0,0,1,2,0
5,2020,8,16,2,0,1,0,0,0,0,1,0,0,1,0,1,1,0
11,2021,8,15,2,2,6,0,0,1,0,1,0,0,0,0,1,1,0
1,2018,6,15,6,0,6,0,0,1,0,1,0,0,0,0,0,0,0
5,2018,10,15,7,5,3,0,0,1,0,0,0,0,0,0,0,1,0
3,2019,2,14,6,2,6,0,0,1,0,0,0,0,0,0,0,1,0
6,2020,1,14,1,5,2,0,1,1,0,0,0,0,0,0,0,1,0
12,2018,5,8,6,5,3,0,1,1,0,0,0,0,0,0,0,0,1
2,2021,3,11,5,5,2,0,1,1,0,0,0,0,0,0,2,0,0
6,2021,9,13,5,2,6,0,0,1,0,0,0,0,0,0,1,0,0
12,2021,1,6,5,4,6,2,0,1,0,0,1,0,1,1,2,0,1
3,2020,6,19,5,5,3,0,1,1,0,0,0,0,0,0,1,1,0
7,2021,6,7,3,5,5,0,0,1,0,1,0,0,0,0,1,1,0
4,2020,9,18,3,2,6,0,1,1,0,0,0,0,0,0,1,0,0
6,2019,12,8,3,0,1,0,1,0,0,0,0,0,2,0,0,1,0
4,2018,4,9,5,3,6,0,1,1,0,0,0,0,0,0,0,1,0
1,2021,7,17,5,4,6,0,0,1,0,0,0,0,0,0,1,2,0
2,2020,6,13,2,0,1,0,1,0,0,0,0,0,0,0,1,1,0
1,2019,6,9,7,5,2,0,1,0,0,0,1,0,0,0,0,1,1
9,2021,3,8,7,5,2,0,1,1,0,0,0,0,1,0,2,0,0
11,2018,6,13,4,0,2,0,0,1,0,0,0,1,0,0,0,0,0
11,2018,12,19,5,0,1,2,0,0,0,1,0,0,1,0,0,1,0
6,2019,1,15,2,4,6,0,0,1,0,0,0,0,1,0,0,1,0
4,2019,8,14,7,2,6,0,0,1,0,1,0,0,0,0,0,0,0
7,2019,5,9,2,0,5,0,0,1,0,0,0,1,0,0,0,0,1
12,2019,10,14,7,5,3,0,0,1,0,0,0,0,0,0,0,1,0
4,2018,7,7,4,2,6,0,0,1,0,0,0,0,0,0,0,2,0
4,2021,8,12,1,2,6,0,0,1,0,0,0,0,0,0,1,1,0
4,2018,8,9,4,5,2,0,0,1,0,0,0,0,0,0,0,1,0
12,2021,8,19,2,8,1,0,0,1,0,0,0,0,0,0,1,1,0
11,2020,6,22,2,5,3,2,1,0,0,1,0,0,0,0,1,1,1
7,2021,12,10,4,3,6,0,0,1,0,0,0,1,1,1,2,1,0
1,2018,3,13,3,2,6,0,0,1,0,0,0,1,1,0,0,1,0
1,2020,12,19,5,5,2,2,1,1,0,0,0,0,0,1,2,1,0
1,2018,6,9,6,5,2,0,1,1,0,0,0,0,0,0,0,0,0
3,2021,9,14,4,3,6,0,0,1,0,0,1,0,0,0,1,0,0
1,2020,10,8,4,5,2,0,1,1,0,0,0,0,0,1,1,1,0
7,2020,7,15,3,2,6,0,0,1,0,0,0,0,0,0,1,2,0
1,2021,6,19,5,5,2,0,1,1,0,0,0,0,0,0,1,1,0
1,2019,12,20,1,2,6,2,0,1,0,0,0,1,1,0,0,1,0
6,2019,11,14,5,0,7,0,0,1,0,0,0,0,1,0,0,0,1
12,2020,8,11,5,2,6,0,0,1,0,0,0,0,0,0,1,1,0
5,2020,1,15,4,2,6,0,0,1,0,0,0,1,1,0,0,1,0
1,2018,5,17,6,5,3,0,0,1,0,0,0,0,0,0,0,0,0
4,2019,5,9,4,2,6,0,0,1,0,0,0,0,0,0,0,0,1
11,2019,10,15,2,2,6,0,0,1,0,0,0,0,0,0,0,1,0
9,2018,11,8,3,5,2,0,1,0,0,0,0,1,0,0,0,0,0
1,2018,6,21,1,5,2,1,0,1,0,0,0,0,0,0,0,0,0
5,2021,10,6,6,2,6,1,0,1,0,1,0,0,0,0,1,1,0
6,2020,7,11,2,6,4,0,1,0,1,0,0,0,0,0,1,2,1
8,2021,2,18,6,0,7,2,0,1,0,0,0,0,0,1,2,1,0
1,2020,11,18,6,5,3,2,1,1,0,0,0,0,0,1,2,0,0
1,2018,4,15,3,2,6,0,0,1,0,0,0,0,0,0,0,1,0
11,2018,7,18,5,4,6,0,0,1,0,0,0,0,0,0,0,2,0
11,2021,2,16,5,6,7,0,0,1,1,0,0,0,0,1,2,1,0
11,2019,5,13,1,5,3,0,1,1,0,0,0,0,0,0,0,0,1
10,2018,8,18,6,5,3,0,1,1,0,0,0,0,0,0,0,1,0
3,2019,9,8,5,0,2,0,1,1,0,0,0,0,0,0,0,0,0
2,2020,8,0,3,5,3,2,0,0,0,1,0,1,0,0,1,1,0
1,2018,5,11,5,5,2,0,1,1,0,0,0,0,0,0,0,0,0
5,2021,10,15,6,6,7,0,0,0,1,0,0,1,0,0,1,1,0
3,2018,1,3,3,9,1,2,0,0,0,0,0,1,1,0,0,0,0
1,2019,6,19,3,5,2,0,1,1,0,0,0,0,0,0,0,1,0
12,2019,6,19,3,0,4,1,0,0,1,0,0,1,0,0,0,1,0
4,2020,2,12,3,5,3,0,1,1,0,0,0,0,1,0,0,1,0
4,2018,4,15,4,1,5,0,0,1,0,0,0,0,0,0,0,1,0
12,2021,5,18,6,5,2,0,0,1,0,0,0,1,0,1,2,1,0
7,2019,5,13,6,0,3,0,0,1,0,0,0,1,0,0,0,0,1
3,2019,5,11,5,2,6,0,0,1,0,0,0,0,0,0,0,0,1
12,2020,8,7,4,6,7,0,0,1,1,0,0,0,0,0,1,1,0
6,2021,1,22,5,2,6,2,0,1,0,0,0,0,1,1,2,0,1
7,2018,12,7,4,6,4,1,0,1,1,0,0,0,1,0,0,1,1
4,2021,9,15,2,5,2,0,1,1,0,0,0,0,0,0,1,0,0
1,2018,10,8,6,5,2,0,1,1,0,0,0,1,0,0,0,1,0
9,2020,12,13,7,5,3,0,1,0,0,0,0,0,0,1,2,1,0
9,2020,6,17,7,0,1,0,1,0,0,0,0,0,0,0,1,1,0
2,2018,9,15,7,5,2,0,1,1,0,0,0,0,0,0,0,0,0
3,2018,3,15,1,1,5,0,1,1,0,0,0,0,0,0,0,1,0
2,2021,7,17,6,2,1,0,0,1,0,0,0,0,0,0,1,2,0
10,2020,10,12,5,5,3,0,1,1,0,0,0,0,0,1,1,1,0
2,2019,8,9,7,2,6,0,0,1,0,0,0,0,0,0,0,0,0
4,2021,5,16,1,2,6,0,0,1,0,1,0,0,0,1,2,1,1
1,2021,6,10,7,0,1,0,1,0,0,0,0,0,0,0,1,1,0
3,2018,9,13,5,2,7,0,0,1,0,1,0,0,0,0,0,0,1
1,2020,5,10,5,0,1,0,0,0,0,1,0,0,0,1,1,0,0
1,2021,6,19,4,0,5,0,1,1,0,0,0,0,0,0,1,1,0
11,2020,8,11,2,5,2,0,1,1,0,0,0,0,0,0,1,1,0
2,2019,10,9,1,5,3,0,1,1,0,0,0,0,0,0,0,1,0
7,2020,9,13,4,6,4,0,0,1,1,0,0,0,1,0,1,0,0
11,2018,12,6,4,0,1,2,0,0,0,1,0,0,2,0,0,1,0
7,2018,5,20,7,1,5,1,1,1,0,0,0,0,0,0,0,0,0
10,2018,3,9,5,2,6,0,0,1,0,0,0,1,1,0,0,1,0
8,2020,6,10,5,6,2,0,0,1,1,0,0,0,0,0,1,1,0
8,2020,10,17,5,2,6,1,0,1,0,0,0,0,1,1,1,1,0
9,2021,1,1,1,6,4,2,0,1,1,0,0,0,0,1,2,0,0
6,2020,4,17,4,3,6,0,1,0,0,0,0,1,0,1,2,1,0
6,2021,10,8,4,5,2,0,1,1,0,0,0,0,0,0,1,1,0
2,2021,4,9,4,5,5,0,1,1,0,0,0,0,0,1,2,1,1
11,2019,5,12,6,3,6,0,1,0,0,0,0,1,0,0,0,0,0
7,2019,11,7,5,5,2,0,1,1,0,0,0,0,0,0,0,0,0
9,2018,7,18,3,2,6,0,0,1,0,0,0,0,0,0,0,2,0
1,2020,4,10,2,6,2,0,0,0,1,0,0,1,0,1,2,1,0
12,2021,5,12,1,5,3,0,0,1,0,0,0,0,0,1,2,1,0
6,2020,9,18,4,6,4,0,0,1,1,0,0,0,0,0,1,0,1
9,2019,8,9,7,2,2,0,0,1,0,0,0,0,0,0,0,0,0
12,2018,1,18,5,5,2,2,1,1,0,0,0,0,1,0,0,0,0
12,2020,2,14,6,5,3,0,0,1,0,1,0,0,0,0,0,1,0
3,2020,9,8,5,5,2,0,0,1,0,1,0,0,0,0,1,0,0
7,2018,2,15,5,5,2,0,0,1,0,0,0,0,0,0,0,1,0
9,2021,8,6,3,6,4,0,0,0,1,1,0,0,0,0,1,1,0
12,2018,10,5,2,2,6,2,0,1,0,0,0,0,0,0,0,1,0
1,2018,7,22,2,6,4,1,0,1,1,0,0,0,0,0,0,2,1
11,2019,10,10,4,0,1,0,1,0,0,0,0,0,1,0,0,1,1
2,2018,10,17,3,5,3,1,1,0,0,0,0,0,1,0,0,1,0
5,2018,10,17,3,5,3,0,1,1,0,0,0,0,1,0,0,1,0
6,2020,12,10,2,5,3,0,1,1,0,0,0,0,1,1,2,1,0
4,2018,1,16,6,5,2,1,0,1,0,0,0,0,1,0,0,0,0
4,2020,6,15,2,6,7,0,1,0,1,0,0,0,0,0,1,1,1
5,2020,9,15,5,3,6,0,0,1,0,0,0,0,0,0,1,0,0
4,2018,12,20,4,6,4,2,1,0,1,0,0,0,0,0,0,1,1
9,2018,4,6,6,5,3,0,1,1,0,0,0,0,0,0,0,1,0
3,2018,1,7,5,6,2,2,0,1,1,0,0,0,1,0,0,0,0
9,2020,12,7,5,5,3,0,1,1,0,0,0,0,0,1,2,1,0
1,2021,6,17,5,5,2,0,1,0,0,1,0,0,0,0,1,1,1
8,2019,10,1,1,1,5,2,0,1,0,0,0,1,0,0,0,1,1
1,2019,4,15,2,5,3,0,1,0,0,0,0,0,0,0,0,1,0
3,2018,9,9,3,6,4,0,0,1,1,0,0,0,0,0,0,0,0
1,2021,7,17,5,2,2,0,0,1,0,0,0,0,1,0,1,2,0
5,2018,11,17,5,5,2,2,1,1,0,0,0,0,0,0,0,0,0
5,2019,9,12,5,5,2,0,1,1,0,0,0,0,0,0,0,0,1
6,2019,7,18,4,0,6,0,1,0,0,0,0,1,0,0,0,2,0
4,2018,7,14,3,3,6,0,0,0,0,1,0,1,0,0,0,2,0
3,2021,6,15,4,0,2,0,1,1,0,0,0,0,0,0,1,1,0
12,2020,6,7,3,5,2,0,0,1,0,1,0,0,0,0,1,1,0
12,2020,7,21,2,5,2,0,1,1,0,0,0,0,0,0,1,2,0
3,2019,2,10,5,5,2,0,0,1,0,0,0,0,0,0,0,1,0
7,2020,8,19,3,5,2,2,0,0,0,1,0,1,1,0,1,1,0
7,2019,11,13,2,1,5,0,0,1,0,0,0,0,0,0,0,0,0
1,2020,8,14,4,5,3,0,1,0,0,0,0,1,1,0,1,1,0
12,2021,3,13,2,5,7,0,0,1,0,0,0,0,0,0,2,0,0
3,2018,2,11,6,1,5,0,0,1,0,0,0,0,0,0,0,1,0
1,2021,8,13,1,6,7,0,1,0,1,0,0,0,0,0,1,1,0
1,2020,11,8,3,5,2,0,1,1,0,0,0,0,0,1,2,0,0
4,2019,3,18,7,2,6,2,0,1,0,0,0,1,0,0,0,0,0
4,2020,4,8,6,5,2,0,0,1,0,0,0,0,0,1,2,1,0
7,2018,6,18,6,0,2,0,1,1,0,0,0,0,0,0,0,0,0
1,2019,7,8,6,5,3,0,1,1,0,0,0,0,0,0,0,2,1
3,2020,9,9,2,5,3,0,1,1,0,0,0,0,0,0,1,0,0
1,2021,8,18,3,0,1,0,1,0,0,0,0,0,1,0,1,1,0
3,2021,12,5,5,8,1,2,0,0,0,1,0,0,1,1,2,1,0
9,2021,5,22,7,1,5,2,1,1,0,0,0,0,0,1,2,1,0
9,2020,2,14,5,2,7,0,0,1,0,0,0,1,0,0,0,1,0
2,2019,3,15,7,0,4,0,1,0,1,0,0,0,0,0,0,0,0
7,2018,8,15,3,5,3,0,0,1,0,0,0,0,0,0,0,1,0
1,2020,8,11,2,5,2,0,1,1,0,0,0,0,0,0,1,1,1
9,2019,10,8,2,0,2,0,1,1,0,0,0,0,0,0,0,1,0
10,2021,2,15,6,6,4,0,0,1,1,0,0,0,0,1,2,1,0
6,2019,10,14,6,5,3,0,1,1,0,0,0,0,0,0,0,1,0
5,2019,12,18,4,5,2,1,0,1,0,0,0,1,0,0,0,1,0
10,2020,5,11,6,5,3,0,1,1,0,0,0,0,0,1,1,0,0
1,2019,4,13,4,1,5,0,1,1,0,0,0,0,0,0,0,1,0
2,2019,7,10,4,0,5,0,1,0,0,0,0,1,0,0,0,2,0
1,2019,8,10,1,1,5,0,1,1,0,0,0,0,0,0,0,0,0
11,2018,6,10,1,5,3,0,0,1,0,0,0,0,0,0,0,0,0
9,2019,6,16,3,5,3,0,1,0,0,0,1,0,0,0,0,1,1
8,2018,2,17,4,2,6,2,0,1,0,0,0,0,0,0,0,1,0
12,2020,11,9,3,5,7,0,0,1,0,1,0,0,1,1,2,0,0
12,2019,6,12,2,0,2,0,0,1,0,1,0,0,0,0,0,1,0
2,2019,6,18,6,6,4,0,1,0,1,0,0,0,0,0,0,1,1
2,2021,4,12,3,6,4,0,0,1,1,0,0,0,0,1,2,1,0
2,2019,11,11,6,2,6,0,0,1,0,0,0,0,0,0,0,0,0
6,2019,1,15,2,5,2,0,0,1,0,1,0,0,0,0,0,1,0
2,2019,3,22,2,2,6,2,1,0,0,0,1,0,1,0,0,0,0
10,2018,6,16,4,2,6,0,0,1,0,0,0,0,0,0,0,0,0
1,2019,4,17,5,2,6,0,0,1,0,0,0,0,0,0,0,1,0
10,2018,8,6,6,0,6,1,0,0,0,1,0,1,0,0,0,1,0
9,2019,5,18,7,2,6,0,0,1,0,0,0,0,1,0,0,0,0
1,2018,4,17,5,5,7,0,0,1,0,1,0,0,0,0,0,1,0
11,2018,7,8,5,5,3,0,1,1,0,0,0,0,0,0,0,2,0
9,2018,6,11,6,5,3,0,1,1,0,0,0,0,0,0,0,0,0
2,2019,2,1,7,1,5,2,1,1,0,0,0,0,0,0,0,1,0
4,2019,6,19,5,5,2,0,1,1,0,0,0,0,0,0,0,1,0
10,2019,10,14,4,2,6,0,0,1,0,0,0,0,0,0,0,1,0
8,2019,8,10,6,5,2,0,1,1,0,0,0,0,0,0,0,0,0
2,2021,10,18,7,5,3,0,0,1,0,0,0,1,0,0,1,1,0
1,2021,10,19,1,5,3,2,0,1,0,0,0,0,0,0,1,1,0
4,2018,9,9,5,5,3,0,0,1,0,0,0,0,0,0,0,0,0
9,2018,10,9,4,6,7,0,0,1,1,0,0,0,0,0,0,1,0
12,2018,11,16,2,6,2,0,0,1,1,0,0,0,0,0,0,0,0
1,2020,7,15,7,5,3,0,1,1,0,0,0,0,0,0,1,2,0
1,2019,6,17,3,5,2,0,1,1,0,0,0,0,0,0,0,1,0
4,2020,3,10,2,0,7,0,1,0,0,0,0,0,0,1,1,0,0
8,2019,2,14,6,5,2,0,0,1,0,0,0,1,0,0,0,1,0
7,2019,3,11,3,3,6,0,0,0,0,1,0,1,0,0,0,0,1
6,2021,9,20,3,0,3,1,1,0,0,0,0,0,0,0,1,0,0
1,2021,12,23,4,3,6,2,0,1,0,0,0,0,1,1,2,1,1
1,2019,12,21,2,3,6,2,1,0,0,0,0,0,1,0,0,1,1
11,2020,6,11,2,2,6,0,0,1,0,1,0,0,0,0,1,1,0
7,2020,10,10,5,1,5,0,0,1,0,0,0,0,0,1,1,1,1
1,2018,3,4,6,5,3,1,1,1,0,0,0,0,0,0,0,1,0
5,2021,8,17,3,6,4,0,0,0,1,0,0,1,0,0,1,1,1
4,2020,4,15,6,2,1,0,1,1,0,0,0,0,0,1,2,1,0
1,2019,9,14,7,2,6,0,0,1,0,0,0,0,1,0,0,0,0
12,2020,11,12,7,2,7,0,0,1,0,0,0,0,0,1,2,0,0
2,2019,6,10,3,3,2,0,0,1,0,1,0,0,0,0,0,1,0
8,2019,8,22,6,1,5,2,1,1,0,0,0,0,0,0,0,0,0
12,2018,2,14,7,6,7,0,0,1,1,0,0,0,1,0,0,1,0
4,2018,9,15,5,5,2,0,1,1,0,0,0,0,0,0,0,0,0
1,2019,7,19,3,3,6,0,1,0,1,0,0,1,0,0,0,2,0
11,2019,6,11,4,5,2,0,1,1,0,0,0,0,0,0,0,1,0
8,2019,9,19,3,5,2,1,0,1,0,0,0,0,0,0,0,0,0
2,2019,6,9,5,5,2,0,1,1,0,0,0,0,0,0,0,1,0
4,2018,9,13,2,0,1,0,1,1,0,0,0,0,0,0,0,0,0
1,2019,10,17,5,6,4,0,1,0,1,0,0,0,0,0,0,1,0
3,2021,9,18,5,5,2,0,1,1,0,0,0,0,0,0,1,0,0
7,2021,10,14,6,5,2,0,0,1,0,0,0,0,0,0,1,1,0
6,2020,7,17,4,5,3,0,1,1,0,0,0,0,0,0,1,2,0
2,2018,7,17,3,5,3,0,0,1,0,0,0,0,0,0,0,2,0
3,2020,8,9,4,0,6,0,1,1,0,0,0,0,0,0,1,1,0
1,2019,11,23,1,5,3,2,0,1,0,0,0,0,1,0,0,0,0
1,2018,3,2,7,7,7,2,0,0,0,1,0,0,0,0,0,1,0
1,2021,6,16,4,5,2,0,1,1,0,0,0,0,0,0,1,1,0
7,2021,8,8,4,4,6,0,1,0,0,0,0,0,0,0,1,1,0
12,2019,1,8,4,5,2,0,0,1,0,0,0,0,1,0,0,1,0
11,2021,11,7,2,5,2,1,1,0,0,0,0,1,1,0,2,0,0
7,2021,11,17,7,6,4,2,0,1,1,0,0,0,1,0,2,0,0
7,2020,7,9,6,2,6,0,0,1,0,0,0,1,1,0,1,2,0
1,2020,9,7,5,0,6,0,0,1,0,1,0,0,0,0,1,0,0
1,2018,5,16,4,5,2,0,0,1,0,0,0,0,0,0,0,0,0
11,2019,11,9,6,5,2,0,0,1,0,0,0,0,0,0,0,0,0
1,2019,9,14,4,0,6,0,0,1,0,0,0,1,0,0,0,0,0
3,2021,9,15,3,2,3,0,0,1,0,1,0,0,0,0,1,0,0
3,2020,9,14,3,6,7,0,1,0,1,0,0,0,0,0,1,0,0
12,2020,8,12,1,5,2,0,0,1,0,1,0,0,1,0,1,1,0
5,2021,4,4,3,9,1,2,0,1,0,0,0,0,0,1,2,1,1
1,2019,8,17,7,5,2,0,0,1,0,0,0,0,0,0,0,0,0
1,2018,3,18,5,5,3,0,1,1,0,0,0,0,0,0,0,1,0
3,2018,2,15,1,6,4,0,0,1,1,0,0,0,0,0,0,1,0
6,2019,10,17,3,5,3,1,1,1,0,0,0,0,1,0,0,1,0
3,2020,3,13,6,5,3,0,1,1,0,0,0,0,0,1,1,0,0
8,2019,12,18,2,6,4,2,0,1,1,0,0,0,1,0,0,1,0
5,2021,3,6,4,2,6,0,0,1,0,1,0,0,0,0,2,0,0
5,2020,4,18,4,5,2,0,1,1,0,0,0,0,0,1,2,1,1
2,2021,1,19,7,5,3,2,0,1,0,0,0,1,0,1,2,0,0
2,2020,7,12,5,2,6,0,0,1,0,0,0,0,1,0,1,2,0
9,2018,5,17,2,6,2,0,0,1,1,0,0,0,0,0,0,0,0
1,2021,8,12,2,3,6,0,0,1,0,1,0,0,0,0,1,1,0
7,2018,8,9,4,6,4,0,0,1,1,0,0,0,0,0,0,1,1
10,2021,6,19,6,0,1,0,0,0,0,0,0,1,0,0,1,1,0
8,2019,10,7,3,5,3,0,1,1,0,0,0,0,1,0,0,1,0
5,2020,10,14,5,5,2,0,1,1,0,0,0,0,1,1,1,1,0
3,2018,9,7,7,0,1,1,0,0,0,1,0,0,1,0,0,0,0
8,2018,4,17,3,2,6,0,0,1,0,0,0,0,0,0,0,1,0
5,2019,6,7,3,3,6,0,0,1,0,1,0,0,0,0,0,1,0
3,2021,6,13,1,5,3,0,1,1,1,0,0,0,0,0,1,1,1
6,2020,5,11,4,2,6,0,0,1,0,0,0,0,0,1,1,0,0
7,2020,10,11,7,0,3,0,0,0,0,1,0,1,1,1,1,1,0
3,2019,11,13,3,6,4,0,0,1,1,0,0,0,1,0,0,0,0
7,2019,7,14,2,2,6,0,0,1,0,1,0,0,1,0,0,2,0
12,2020,9,16,2,5,7,0,0,1,0,1,0,0,0,0,1,0,0
10,2019,10,20,4,0,7,2,0,1,0,1,0,0,1,0,0,1,0
2,2018,6,16,3,3,6,0,0,1,0,1,0,0,0,0,0,0,0
1,2021,10,14,7,5,2,0,1,1,0,0,0,0,0,0,1,1,0
2,2020,2,15,6,0,2,0,1,1,0,0,0,0,0,0,0,1,0
5,2018,2,12,6,5,2,0,1,1,0,0,0,0,0,0,0,1,0
2,2019,4,13,2,5,3,0,1,1,0,0,0,0,1,0,0,1,0
8,2021,10,15,6,5,7,0,0,1,0,0,0,0,0,0,1,1,0
2,2020,11,17,3,1,5,2,1,1,0,0,0,0,0,1,2,0,0
4,2021,8,19,5,0,7,1,0,1,0,0,0,0,0,0,1,1,0
2,2019,6,14,4,0,3,0,1,0,0,0,0,0,1,0,0,1,0
3,2020,4,12,1,5,3,0,0,1,0,0,0,0,0,1,2,1,0
7,2019,9,10,2,5,2,0,0,1,0,1,0,0,0,0,0,0,1
6,2018,4,9,6,0,7,0,0,1,0,1,0,0,1,0,0,1,0
1,2018,10,14,5,6,7,0,1,0,1,0,0,0,0,0,0,1,0
10,2019,5,6,4,5,2,0,1,1,0,0,0,0,0,0,0,0,0
9,2018,11,15,7,6,4,0,0,1,1,0,0,0,0,0,0,0,0
10,2021,10,18,6,9,1,2,0,0,0,1,0,0,0,0,1,1,0
10,2018,7,17,2,5,3,0,0,1,0,1,0,0,0,0,0,2,1
11,2018,7,7,5,5,2,0,1,1,0,0,0,0,0,0,0,2,0
12,2019,8,22,2,5,3,2,0,1,0,0,0,1,1,0,0,0,1
4,2018,11,10,5,6,4,0,1,0,1,0,0,0,0,0,0,0,0
3,2018,3,7,6,1,5,0,0,1,0,0,1,0,0,0,0,1,0
1,2018,5,16,3,5,2,0,1,1,0,0,0,0,0,0,0,0,1
4,2020,9,8,4,5,3,0,1,0,0,1,0,0,0,0,1,0,0
11,2020,10,19,1,2,3,2,0,1,0,0,0,0,0,1,1,1,0
2,2019,6,9,3,3,6,0,1,0,0,1,0,0,0,0,0,1,0
10,2018,10,15,6,5,3,0,1,1,0,0,0,0,0,0,0,1,0
6,2018,7,9,4,2,7,0,0,1,0,0,0,0,0,0,0,2,0
3,2020,10,9,4,0,7,0,1,0,0,0,0,1,1,1,1,1,0
6,2021,11,15,3,2,2,0,0,1,0,1,0,0,1,0,2,0,0
9,2019,5,17,4,2,6,0,1,1,0,0,0,0,0,0,0,0,0
4,2021,5,18,7,3,6,0,0,1,0,0,0,0,0,1,2,1,0
7,2018,3,10,6,6,2,0,0,1,1,0,0,0,0,0,0,1,0
3,2019,6,7,4,5,3,0,1,0,0,0,0,0,0,0,0,1,1
2,2021,8,21,2,5,3,2,0,1,0,0,0,0,1,0,1,1,0
1,2019,10,14,5,6,4,0,0,1,1,0,0,0,0,0,0,1,1
4,2020,12,9,3,2,6,0,0,1,0,0,0,1,0,1,2,1,0
5,2021,3,16,4,5,3,0,0,1,0,0,0,0,0,0,2,0,0
12,2018,1,21,7,0,1,2,0,0,0,1,0,0,1,0,0,0,0
1,2020,4,16,2,3,6,0,1,1,0,0,1,0,0,1,2,1,0
4,2020,10,20,7,5,3,2,0,1,0,0,0,0,0,1,1,1,0
12,2018,4,16,2,2,6,0,1,1,0,0,0,0,0,0,0,1,0
12,2019,6,22,4,5,3,2,0,1,0,0,0,0,1,0,0,1,0
2,2021,11,20,3,5,3,2,1,0,0,0,0,1,0,0,2,0,0
1,2019,1,10,2,1,5,0,0,1,0,0,0,0,1,0,0,1,0
2,2018,4,13,1,6,7,0,0,1,1,0,0,0,0,0,0,1,0
1,2021,8,17,4,6,7,0,1,0,1,0,0,0,0,0,1,1,0
8,2018,12,6,3,6,2,2,0,1,1,0,0,0,1,0,0,1,0
5,2020,2,11,4,5,3,0,0,1,0,0,0,0,1,0,0,1,0
2,2021,4,13,1,5,2,0,1,1,0,0,0,0,0,1,2,1,0
10,2018,8,9,5,0,6,0,0,0,0,0,0,1,0,0,0,1,0
3,2018,10,18,3,2,6,1,0,1,0,0,0,0,1,0,0,1,0
6,2019,1,14,1,5,3,0,1,1,0,0,0,0,0,0,0,1,1
6,2018,11,17,5,2,2,2,0,1,1,0,0,0,0,0,0,0,0
4,2019,6,11,3,2,7,0,1,1,0,0,0,0,0,0,0,1,1
4,2021,8,16,3,2,6,0,0,1,0,0,0,0,0,0,1,1,0
9,2018,5,10,2,0,2,0,1,1,0,0,0,0,0,0,0,0,0
1,2018,5,18,2,3,6,0,0,1,0,1,0,1,0,0,0,0,0
1,2021,11,16,5,3,6,2,0,0,0,1,0,1,1,0,2,0,0
7,2018,5,9,3,2,6,0,0,1,0,0,0,0,0,0,0,0,0
2,2018,11,14,6,5,3,0,1,0,0,0,0,1,0,0,0,0,0
8,2021,4,15,5,3,6,0,0,1,0,1,0,0,0,1,2,1,0
8,2020,2,9,2,6,2,0,0,0,1,0,1,0,1,0,0,1,0
2,2018,5,22,1,6,7,2,1,0,1,0,0,0,0,0,0,0,0
10,2020,9,5,6,9,1,2,0,0,0,0,1,0,1,0,1,0,0
2,2020,5,15,2,2,6,0,1,0,0,1,0,0,0,1,1,0,0
6,2020,1,12,7,2,7,0,0,0,0,1,1,0,1,0,0,1,1
1,2019,9,12,6,5,2,0,1,1,0,0,0,0,1,0,0,0,0
4,2021,5,20,7,5,3,0,0,1,0,0,0,1,0,1,2,1,0
2,2018,9,18,3,3,6,1,0,1,0,1,0,0,0,0,0,0,0
7,2019,8,8,6,6,2,0,0,0,1,0,0,1,0,0,0,0,0
7,2020,8,21,3,6,4,1,0,1,1,0,0,0,1,0,1,1,1
1,2021,3,19,3,1,6,2,1,1,0,0,0,1,0,0,2,0,0
4,2018,9,17,1,1,5,0,1,1,0,0,0,1,0,0,0,0,0
6,2019,5,12,5,6,2,0,0,0,1,0,0,1,1,0,0,0,0
7,2018,9,9,2,3,6,0,1,1,0,0,0,0,0,0,0,0,0
3,2018,2,19,7,6,2,2,0,1,1,0,0,0,1,0,0,1,0
6,2018,9,21,7,0,6,2,1,1,0,0,0,0,0,0,0,0,1
3,2019,2,20,2,5,3,2,0,1,0,0,0,0,1,0,0,1,0
12,2019,5,17,4,2,6,0,0,1,0,0,0,0,1,0,0,0,0
7,2019,7,9,3,5,2,0,0,1,0,1,0,0,0,0,0,2,0
2,2020,2,17,2,5,2,2,0,1,0,0,0,0,1,0,0,1,0
7,2020,9,15,4,0,1,0,1,1,0,0,0,0,0,0,1,0,0
4,2019,4,18,2,1,5,0,0,1,0,0,0,0,0,0,0,1,0
8,2019,10,23,5,2,6,2,0,1,0,0,0,0,1,0,0,1,0
9,2019,5,15,5,6,7,0,0,1,1,0,0,0,0,0,0,0,0
9,2018,2,9,7,0,1,0,0,0,0,1,0,0,1,0,0,1,0