BEZ,UJAHR,UMONAT,USTUNDE,UWOCHENTAG,UART,UTYP1,ULICHTVERH,IstRad,IstPKW,IstFuss,IstKrad,IstGkfz,IstSonstige,USTRZUSTAND,LOCKDOWN,COVID,FERIEN,UKATEGORIE
9,2021,5,6,6,2,7,0,0,1,0,0,0,1,1,1,2,1,0
4,2019,11,12,7,6,7,0,0,1,1,0,0,0,0,0,0,0,0
5,2018,5,10,3,1,5,0,1,1,0,0,0,0,0,0,0,0,0
8,2020,4,18,3,5,3,0,1,1,0,0,0,0,0,1,2,1,0
2,2019,4,19,6,5,7,1,0,1,0,0,0,0,0,0,0,1,0
7,2019,4,14,4,6,4,0,0,1,1,0,0,0,0,0,0,1,0
2,2018,7,17,5,5,3,0,1,1,0,0,0,0,0,0,0,2,0
4,2021,7,13,7,0,1,0,1,0,0,0,0,0,0,0,1,2,1
10,2021,6,13,3,6,4,0,0,1,1,0,0,0,0,0,1,1,0
5,2019,6,8,6,2,6,0,0,1,0,0,0,0,0,0,0,1,0
4,2020,2,19,6,2,6,2,0,1,0,0,0,0,0,0,0,1,0
1,2019,5,17,3,6,4,0,0,1,1,0,0,0,0,0,0,0,0
6,2020,5,7,5,5,2,0,1,0,0,0,0,1,0,1,1,0,1
5,2019,2,7,3,2,6,0,0,1,0,0,0,0,0,0,0,1,0
9,2021,12,10,2,5,2,0,1,1,0,0,0,0,0,1,2,1,0
6,2020,9,17,2,3,6,0,0,1,0,1,0,0,0,0,1,0,0
3,2020,9,16,5,0,3,0,0,1,0,1,0,0,0,0,1,0,0
7,2018,9,16,4,5,3,0,0,1,0,1,0,0,0,0,0,0,1
4,2020,8,16,4,5,2,0,1,1,0,0,0,0,0,0,1,1,0
5,2020,3,12,3,5,2,0,0,1,0,0,0,0,1,1,1,0,0
12,2021,12,15,2,0,7,1,0,1,0,0,0,1,0,1,2,1,0
11,2020,8,7,2,2,2,0,0,1,0,0,0,0,0,0,1,1,0
12,2021,10,16,3,2,6,0,0,1,0,0,0,1,0,0,1,1,0
9,2019,8,14,4,5,7,0,0,1,0,1,0,0,0,0,0,0,0
2,2018,2,16,6,1,5,0,1,1,0,0,0,0,0,0,0,1,0
7,2019,8,9,6,1,5,0,1,1,0,0,0,0,0,0,0,0,0
3,2020,6,9,6,1,5,0,1,0,0,0,1,0,0,0,1,1,1
3,2020,3,16,3,6,4,0,0,1,1,0,0,0,1,1,1,0,1
6,2020,5,16,5,1,5,0,0,1,0,0,0,0,0,1,1,0,0
12,2019,4,12,5,5,2,0,0,1,0,0,0,0,0,0,0,1,0
2,2018,6,17,7,5,3,0,1,0,0,1,0,0,0,0,0,0,0
2,2020,1,0,1,6,4,2,0,1,1,0,0,0,0,0,0,1,0
1,2020,10,9,6,5,3,0,1,1,0,0,0,0,0,1,1,1,1
4,2018,10,11,2,5,2,0,0,1,0,1,0,0,0,0,0,1,1
10,2019,5,15,2,5,3,0,1,1,0,0,0,0,0,0,0,0,1
4,2021,6,14,3,4,6,0,0,0,0,0,0,1,0,0,1,1,1
8,2019,12,10,5,2,6,0,0,1,0,0,1,0,0,0,0,1,1
2,2020,2,15,2,5,2,0,0,1,0,0,0,0,1,0,0,1,0
7,2018,9,18,6,5,2,1,0,1,0,0,0,0,1,0,0,0,0
5,2019,3,13,7,0,1,0,0,0,0,1,0,0,0,0,0,0,0
2,2020,5,14,3,2,2,0,0,1,0,1,0,0,0,1,1,0,0
2,2018,6,17,5,0,4,0,0,0,1,1,0,0,0,0,0,0,1
5,2019,12,22,6,6,2,2,0,1,1,0,0,0,0,0,0,1,0
4,2020,9,13,4,3,6,0,1,1,0,0,0,0,0,0,1,0,0
1,2021,9,6,6,2,6,1,0,1,0,1,0,0,0,0,1,0,0
6,2019,4,12,6,0,5,0,1,1,0,0,0,0,0,0,0,1,0
9,2018,8,11,4,3,6,0,0,1,0,0,0,0,0,0,0,1,0
9,2020,11,5,4,0,6,2,0,1,0,1,0,0,0,1,2,0,1
5,2020,12,18,5,6,4,2,0,0,1,0,0,1,1,1,2,1,0
1,2020,7,10,3,5,3,0,1,0,0,0,0,0,0,0,1,2,1
1,2021,10,11,3,5,3,0,0,1,0,0,0,0,1,0,1,1,0
8,2020,4,15,7,0,1,0,0,0,0,1,0,0,0,1,2,1,1
7,2021,3,11,5,5,7,0,0,1,0,0,0,0,1,0,2,0,1
7,2021,3,19,2,6,2,1,0,1,1,0,0,0,1,0,2,0,0
1,2021,5,14,1,6,7,0,0,0,1,0,0,1,0,1,2,1,0
1,2019,8,13,3,6,4,0,1,0,1,0,0,0,0,0,0,0,0
2,2021,8,5,2,2,6,0,1,1,0,0,0,0,0,0,1,1,0
6,2020,1,7,6,6,2,0,0,1,1,0,0,0,1,0,0,1,1
4,2020,10,17,7,5,2,1,1,1,0,0,0,0,0,1,1,1,0
9,2018,7,22,4,1,5,2,1,1,0,0,0,0,0,0,0,2,1
6,2020,10,17,1,2,6,0,0,1,0,1,0,0,0,1,1,1,0
6,2019,11,7,4,5,2,0,1,1,0,0,0,0,1,0,0,0,1
11,2020,7,16,4,5,7,0,1,1,0,0,0,0,0,0,1,2,0
1,2018,6,20,5,6,4,0,0,1,1,0,0,0,0,0,0,0,0
11,2021,3,12,3,5,2,0,1,1,0,0,0,0,0,0,2,0,0
2,2019,5,19,6,6,4,0,0,1,1,0,0,0,0,0,0,0,1
1,2021,9,8,2,1,5,0,0,1,0,0,0,0,0,0,1,0,0
2,2019,7,20,3,2,6,0,0,1,0,0,0,1,0,0,0,2,0
2,2019,6,8,2,5,2,0,1,1,0,0,0,0,0,0,0,1,0
12,2018,3,17,6,5,3,1,1,1,0,0,0,0,0,0,0,1,0
1,2021,9,5,5,5,3,1,1,1,0,0,0,0,0,0,1,0,0
3,2019,4,13,3,5,2,0,0,0,0,1,0,1,0,0,0,1,0
2,2018,9,10,2,5,2,0,1,0,0,0,1,0,0,0,0,0,0
7,2021,8,11,2,5,3,0,0,1,0,0,0,0,1,0,1,1,0
4,2020,10,19,3,6,2,2,0,1,1,0,0,0,1,1,1,1,0
5,2018,6,4,7,5,3,0,1,1,0,0,0,0,0,0,0,0,1
4,2019,7,12,3,2,6,0,0,1,0,1,0,0,0,0,0,2,0
2,2021,7,9,7,0,1,0,0,0,0,1,0,0,1,0,1,2,1
4,2019,8,17,6,0,7,0,1,0,0,0,0,0,0,0,0,0,1
6,2018,5,7,6,2,6,0,0,1,0,1,1,0,0,0,0,0,0
1,2021,11,18,7,0,1,2,1,0,0,0,0,0,0,0,2,0,0
1,2019,2,16,5,6,4,0,0,1,1,0,0,0,0,0,0,1,1
5,2021,10,2,4,0,7,2,0,0,0,0,0,1,1,0,1,1,1
4,2018,1,8,2,5,3,0,1,1,0,0,0,0,1,0,0,0,0
5,2020,11,18,3,2,6,2,0,1,0,0,0,1,0,1,2,0,0
4,2020,10,18,6,5,3,1,1,1,0,0,0,0,1,1,1,1,0
10,2021,5,17,4,5,2,0,0,1,0,0,0,1,1,1,2,1,0
8,2018,8,9,2,5,2,0,1,1,0,0,0,0,0,0,0,1,0
5,2020,4,17,7,1,5,0,1,1,0,0,0,0,0,1,2,1,0
7,2020,9,12,1,0,7,0,0,1,0,0,0,1,0,0,1,0,0
2,2021,9,14,2,1,5,0,1,0,0,0,0,1,0,0,1,0,1
3,2021,7,9,7,0,7,0,1,0,0,0,0,0,0,0,1,2,0
8,2020,11,14,3,5,3,0,0,1,0,0,0,1,1,1,2,0,0
5,2021,4,11,4,5,3,0,0,1,0,0,1,0,1,1,2,1,1
4,2018,9,11,6,5,2,0,1,1,0,0,0,0,0,0,0,0,0
5,2020,5,11,2,7,7,0,0,1,0,0,0,0,1,1,1,0,1
1,2019,11,8,4,5,3,0,1,1,0,0,0,0,1,0,0,0,0
3,2020,1,16,2,3,6,1,1,0,0,1,0,0,0,0,0,1,0
5,2019,3,11,1,5,3,0,1,1,0,0,0,0,0,0,0,0,0
10,2019,11,7,6,6,4,2,0,1,1,0,0,0,1,0,0,0,0
2,2020,6,14,1,0,7,0,0,1,1,0,0,0,0,0,1,1,0
3,2019,1,10,2,5,7,0,0,1,0,0,0,0,1,0,0,1,0
9,2019,6,11,5,5,2,0,1,1,0,0,0,0,0,0,0,1,0
4,2019,3,9,4,6,4,0,1,0,1,0,0,0,0,0,0,0,0
6,2020,9,11,2,3,6,0,1,0,0,0,0,0,0,0,1,0,1
1,2019,3,15,2,1,5,0,1,1,0,0,0,0,1,0,0,0,0
11,2019,6,15,6,2,6,0,0,1,0,0,0,1,0,0,0,1,0
2,2018,11,8,3,5,2,0,1,1,0,0,0,0,1,0,0,0,0
9,2018,12,18,4,5,3,2,1,1,0,0,0,0,0,0,0,1,0
1,2020,9,14,4,5,3,0,0,1,0,0,0,0,1,0,1,0,0
8,2020,1,20,3,9,1,2,0,1,0,0,0,0,1,0,0,1,0
10,2020,9,21,1,0,1,1,1,0,0,0,0,0,0,0,1,0,0
2,2020,9,9,4,5,2,0,1,0,0,1,0,0,0,0,1,0,0
10,2021,6,7,2,6,2,0,0,1,1,0,0,0,0,0,1,1,1
3,2020,4,14,3,0,6,0,1,0,0,0,0,1,0,1,2,1,0
1,2018,10,11,2,5,2,0,1,1,0,0,0,0,1,0,0,1,0
3,2021,11,12,5,5,3,0,1,1,0,0,0,0,0,0,2,0,0
11,2021,2,10,7,2,1,0,0,1,0,0,0,0,2,1,2,1,0
7,2018,12,6,4,0,1,2,0,0,0,1,0,0,2,0,0,1,1
11,2019,12,19,2,3,6,2,0,1,0,0,0,0,1,0,0,1,0
4,2020,3,11,4,5,2,0,1,1,0,0,0,0,0,1,1,0,0
4,2020,1,19,1,2,6,2,0,1,0,0,0,0,0,0,0,1,0
5,2018,5,2,2,5,3,2,0,1,0,0,0,0,0,0,0,0,0
1,2019,12,18,2,5,2,2,0,1,0,0,0,0,0,0,0,1,0
2,2019,5,9,1,4,6,0,1,0,0,0,0,0,0,0,0,0,0
12,2020,12,12,1,5,3,0,0,1,0,0,0,0,1,1,2,1,0
6,2021,10,11,3,3,6,0,0,0,0,1,0,1,0,0,1,1,1
1,2020,8,15,2,5,3,0,0,0,0,1,0,1,0,0,1,1,0
1,2021,11,0,6,0,7,2,1,0,0,0,0,0,1,0,2,0,0
2,2020,11,1,7,0,1,2,1,0,0,0,0,0,0,1,2,0,1
6,2020,10,19,5,5,2,2,1,0,0,0,0,0,0,1,1,1,1
10,2020,5,16,5,0,5,0,0,1,0,0,0,1,0,1,1,0,0
1,2020,10,9,3,3,6,0,0,1,0,1,0,0,0,1,1,1,0
12,2020,10,18,7,2,6,2,0,1,0,0,0,1,1,1,1,1,0
8,2020,6,17,2,5,3,0,1,1,0,0,0,0,0,0,1,1,0
6,2020,6,8,2,5,2,0,1,1,0,0,0,0,0,0,1,1,0
5,2018,6,15,3,5,2,0,1,1,0,0,0,0,0,0,0,0,0
5,2021,11,8,4,5,3,0,1,1,0,0,0,0,0,0,2,0,0
10,2019,9,11,7,0,1,0,0,0,0,1,0,0,0,0,0,0,0
9,2021,6,17,3,6,4,0,1,0,1,0,0,0,0,0,1,1,0
3,2021,5,9,7,5,2,0,1,1,0,0,0,0,0,1,2,1,0
7,2020,9,9,5,5,3,0,1,1,0,0,0,0,0,0,1,0,0
6,2020,1,11,4,5,2,0,0,1,0,0,0,0,0,0,0,1,0
2,2020,5,14,7,6,7,0,1,0,1,0,0,0,0,1,1,0,0
4,2019,5,8,3,0,6,0,0,1,0,0,0,0,0,0,0,0,0
3,2020,8,21,3,6,2,1,0,1,1,0,0,0,0,0,1,1,0
1,2021,7,15,6,5,2,0,0,1,0,1,0,0,1,0,1,2,0
1,2021,2,14,2,2,6,0,0,1,0,0,0,0,0,1,2,1,0
5,2021,10,15,1,0,7,0,1,0,0,0,0,0,0,0,1,1,1
2,2018,5,16,1,5,3,0,1,1,0,0,0,0,0,0,0,0,0
3,2019,3,20,7,0,1,2,1,0,0,0,0,0,0,0,0,0,0
1,2019,3,13,4,5,2,0,1,1,0,0,0,0,0,0,0,0,0
12,2018,9,11,4,6,7,0,0,0,1,0,0,1,0,0,0,0,0
1,2018,12,10,2,1,5,0,1,1,0,0,0,1,0,0,0,1,0
9,2019,6,18,3,5,2,0,0,1,0,1,0,0,0,0,0,1,0
1,2019,5,20,1,5,3,1,1,1,0,0,0,0,0,0,0,0,0
3,2020,6,21,7,1,5,0,0,1,0,0,0,0,0,0,1,1,0
1,2021,9,3,7,5,3,2,0,1,0,0,0,1,0,0,1,0,0
1,2021,11,20,7,5,2,2,0,1,0,0,0,1,0,0,2,0,0
1,2020,7,21,2,2,2,2,1,1,0,0,0,0,0,0,1,2,0
7,2018,8,6,5,5,3,0,1,0,0,0,0,0,0,0,0,1,1
5,2018,10,8,3,6,4,0,0,1,1,0,0,0,0,0,0,1,0
7,2020,8,14,5,5,3,0,1,1,0,0,0,0,0,0,1,1,0
1,2018,9,11,6,6,2,0,0,1,1,0,0,0,0,0,0,0,0
9,2019,7,13,3,5,3,0,1,1,0,0,0,0,0,0,0,2,1
3,2019,11,18,6,0,5,2,0,1,0,0,0,0,0,0,0,0,0
5,2018,2,21,7,5,2,2,0,1,0,0,0,0,0,0,0,1,0
1,2018,10,14,5,6,4,0,0,1,1,0,0,0,0,0,0,1,0
1,2018,4,9,2,1,5,0,1,1,0,0,0,0,0,0,0,1,0
4,2018,9,7,5,5,2,0,1,1,0,0,0,0,0,0,0,0,0
1,2021,12,14,1,5,3,0,0,1,0,1,0,0,1,1,2,1,1
12,2020,9,10,6,5,3,0,0,1,0,0,0,1,0,0,1,0,1
1,2020,6,16,5,5,3,0,1,1,0,0,0,0,1,0,1,1,1
3,2018,1,17,1,3,6,2,0,0,0,1,0,1,0,0,0,0,0
4,2021,1,15,7,2,6,0,0,1,0,0,0,0,0,1,2,0,0
7,2020,10,10,3,1,7,0,0,1,0,0,0,0,0,1,1,1,0
3,2021,9,15,4,5,3,0,1,1,0,0,0,0,1,0,1,0,0
1,2021,10,17,7,6,4,0,0,1,1,0,0,0,0,0,1,1,0
7,2018,2,8,6,0,2,0,0,1,0,0,0,1,0,0,0,1,0
12,2020,8,14,6,2,2,0,0,1,0,0,0,1,0,0,1,1,0
3,2020,3,14,3,0,1,0,1,0,0,0,0,0,0,1,1,0,0
9,2021,3,7,3,2,6,0,0,1,0,1,0,0,0,0,2,0,0
4,2020,6,20,2,3,6,0,1,1,0,0,0,0,0,0,1,1,0
1,2019,12,17,4,6,2,2,1,0,1,0,0,0,0,0,0,1,0
7,2018,6,19,4,1,5,0,1,1,0,0,0,0,0,0,0,0,0
4,2021,7,14,7,2,6,0,0,1,0,0,0,0,0,0,1,2,0
12,2020,5,11,6,2,6,0,0,1,0,0,0,0,0,1,1,0,0
3,2020,7,4,5,1,7,1,0,1,0,0,0,0,0,0,1,2,0
12,2019,8,17,1,5,3,0,0,1,0,1,0,0,0,0,0,0,0
1,2019,1,15,7,2,6,1,0,1,0,0,0,0,1,0,0,1,0
4,2018,7,15,5,5,2,0,1,0,0,0,1,0,0,0,0,2,1
8,2020,10,8,2,5,3,0,0,1,0,0,0,0,1,1,1,1,0
2,2019,11,6,5,5,5,2,1,0,0,0,0,1,0,0,0,0,0
1,2018,3,20,1,8,1,2,0,1,0,0,0,0,0,0,0,1,0
8,2018,12,16,6,6,4,2,0,1,1,0,0,0,1,0,0,1,0
11,2018,3,10,1,8,1,0,0,1,0,0,0,0,0,0,0,1,1
9,2020,9,15,4,5,3,0,1,1,0,0,0,0,1,0,1,0,0
1,2018,1,17,2,1,5,2,1,1,0,0,0,0,1,0,0,0,1
3,2019,9,15,2,5,3,0,0,1,0,0,0,0,0,0,0,0,0
6,2020,6,11,2,5,2,0,1,1,0,0,0,0,0,0,1,1,1
7,2020,4,7,5,0,3,0,1,0,0,0,0,1,0,1,2,1,0
9,2020,7,19,1,0,3,0,0,1,0,1,0,0,0,0,1,2,0
12,2020,6,16,3,5,3,0,0,1,0,1,0,0,0,0,1,1,0
2,2018,4,15,1,5,2,0,1,1,0,0,0,0,0,0,0,1,0
12,2018,6,18,7,3,2,0,0,1,0,1,0,0,0,0,0,0,0
1,2021,11,8,4,2,6,0,1,1,0,0,0,0,1,0,2,0,0
7,2021,1,3,1,9,1,2,0,1,0,0,0,0,0,1,2,0,0
5,2021,8,12,7,0,7,0,0,0,0,1,0,0,1,0,1,1,0
7,2019,6,13,2,5,3,0,1,0,0,0,0,0,0,0,0,1,1
6,2018,4,16,6,0,7,0,0,1,0,0,0,1,0,0,0,1,0
10,2019,4,11,5,2,6,0,0,1,0,0,0,0,0,0,0,1,0
5,2018,2,7,5,6,2,0,0,1,1,0,0,0,0,0,0,1,0
2,2019,9,11,3,3,6,0,0,1,0,0,0,0,0,0,0,0,0
10,2021,7,16,2,6,4,0,0,1,1,0,0,0,0,0,1,2,0
3,2018,9,4,1,0,1,2,1,0,0,0,0,0,0,0,0,0,1
3,2020,8,14,1,0,7,0,0,0,0,1,0,0,1,0,1,1,0
4,2021,8,16,6,2,6,0,0,1,0,0,0,0,0,0,1,1,0
4,2018,12,16,5,0,2,1,1,1,0,0,0,0,0,0,0,1,0
2,2020,6,18,3,1,5,0,1,1,0,0,0,0,0,0,1,1,0
7,2018,7,8,2,4,6,0,1,0,0,0,0,0,0,0,0,2,0
11,2018,8,15,4,5,2,0,0,1,0,0,0,0,0,0,0,1,0
6,2018,12,16,4,6,2,1,0,1,1,0,0,0,1,0,0,1,0
9,2019,10,16,6,6,4,0,0,0,1,0,0,1,0,0,0,1,0
12,2019,2,16,5,5,2,0,1,1,0,0,0,0,0,0,0,1,0
12,2018,5,16,2,0,1,0,0,0,0,1,0,0,0,0,0,0,0
7,2019,3,15,4,6,4,0,0,1,1,0,0,0,0,0,0,0,1
2,2020,1,7,3,2,6,1,0,1,0,0,0,0,0,0,0,1,0
7,2018,3,17,4,5,2,0,1,1,0,0,0,0,0,0,0,1,1
12,2021,2,12,5,1,5,0,0,1,0,0,0,0,0,1,2,1,0
4,2019,8,13,4,1,5,0,0,1,0,0,0,1,0,0,0,0,1
3,2020,11,8,6,5,2,0,1,0,0,0,1,0,0,1,2,0,0
10,2018,6,14,6,5,2,0,1,1,0,0,0,0,0,0,0,0,0
11,2020,1,17,6,6,4,2,0,1,1,0,0,0,0,0,0,1,1
7,2021,8,19,2,5,2,0,1,1,0,0,0,0,0,0,1,1,0
1,2019,2,6,6,2,6,0,0,1,0,0,0,0,0,0,0,1,0
1,2020,11,16,1,0,5,2,0,1,0,1,0,0,0,1,2,0,0
11,2020,11,12,3,6,4,0,0,0,1,0,0,1,0,1,2,0,0
8,2018,5,20,1,5,3,1,0,1,0,0,0,0,0,0,0,0,0
4,2019,5,13,5,1,5,0,1,1,0,0,0,0,1,0,0,0,0
9,2018,8,0,5,2,6,2,0,1,0,0,0,0,0,0,0,1,0
4,2019,5,16,6,5,2,0,1,1,0,0,0,0,0,0,0,0,0
11,2018,2,12,7,5,3,0,0,1,0,0,0,0,0,0,0,1,0
2,2021,8,10,3,2,6,0,0,1,0,1,0,0,0,0,1,1,0
10,2019,12,17,6,5,2,2,1,1,0,0,0,0,1,0,0,1,1
12,2020,3,17,1,5,3,0,0,1,0,0,0,0,0,1,1,0,0
4,2021,12,13,5,0,1,0,0,0,0,1,0,0,1,1,2,1,1
7,2020,6,15,4,5,2,0,1,1,0,0,0,0,0,0,1,1,1
7,2019,6,10,2,1,5,0,1,1,0,0,0,0,0,0,0,1,0
12,2018,12,20,1,2,6,2,0,1,0,0,0,0,1,0,0,1,0
1,2020,11,9,5,6,2,0,0,0,1,0,0,1,0,1,2,0,0
5,2019,4,3,7,9,1,2,0,1,0,0,1,0,0,0,0,1,1
3,2019,2,18,5,2,2,2,0,1,0,0,0,0,0,0,0,1,0
6,2019,6,11,5,5,2,0,0,1,0,1,0,0,0,0,0,1,0
12,2019,6,16,4,5,2,0,0,1,0,0,0,0,0,0,0,1,0
2,2021,7,16,1,6,4,0,1,0,1,0,0,0,0,0,1,2,1
4,2018,9,17,2,3,2,0,0,1,0,1,0,0,0,0,0,0,0
2,2019,12,6,6,1,5,2,1,1,0,0,0,0,1,0,0,1,0
1,2020,8,13,3,2,2,0,0,1,0,0,0,0,0,0,1,1,0
11,2021,7,16,5,5,2,0,1,1,0,0,0,0,1,0,1,2,0
9,2020,11,8,6,5,2,0,1,1,0,0,0,0,0,1,2,0,1
1,2019,8,7,5,5,3,0,0,1,0,0,0,0,0,0,0,0,0
1,2019,3,18,5,5,3,0,1,1,0,0,0,0,0,0,0,0,0
8,2019,1,11,4,2,6,0,0,0,0,0,1,1,1,0,0,1,0
7,2019,10,13,5,1,5,0,0,0,0,0,1,1,0,0,0,1,0
2,2018,8,12,6,4,6,0,1,0,0,0,0,0,0,0,0,1,0
5,2018,6,11,2,5,2,0,1,1,0,0,0,0,0,0,0,0,0
1,2018,1,11,4,0,1,0,0,0,0,1,0,0,1,0,0,0,0
9,2020,10,9,5,5,2,0,1,1,0,0,0,0,0,1,1,1,0
4,2018,4,13,7,5,3,0,1,1,0,0,0,0,0,0,0,1,0
6,2020,7,18,1,1,6,0,1,1,0,0,0,1,0,0,1,2,0
3,2019,8,7,5,1,5,0,1,1,0,0,0,0,0,0,0,0,0
5,2020,5,15,4,5,3,0,1,1,0,0,0,0,0,1,1,0,0
9,2020,8,11,2,6,7,0,1,0,1,0,0,0,0,0,1,1,0
2,2020,4,11,5,3,6,0,1,0,0,0,1,0,0,1,2,1,0
5,2021,5,13,7,2,6,0,0,1,0,0,0,0,0,1,2,1,0
8,2018,2,16,6,2,6,0,0,1,0,0,0,0,0,0,0,1,0
9,2020,7,16,2,6,4,0,1,0,1,0,0,0,0,0,1,2,1
10,2018,3,16,5,5,3,0,0,1,0,0,0,0,0,0,0,1,0
6,2018,10,16,6,3,6,1,0,1,0,0,0,0,0,0,0,1,0
10,2019,6,19,6,5,3,0,1,1,0,0,0,0,0,0,0,1,1
8,2021,11,12,5,2,6,0,0,1,0,0,0,0,1,0,2,0,0
4,2018,3,10,5,6,7,0,0,1,1,0,0,0,0,0,0,1,0
4,2019,7,20,3,2,7,1,0,1,0,0,0,0,0,0,0,2,0
9,2021,6,18,3,0,1,0,1,0,0,0,0,0,0,0,1,1,0
8,2021,8,16,3,5,3,0,1,1,0,0,0,0,0,0,1,1,0
1,2018,6,16,5,0,7,0,1,0,0,0,0,0,0,0,0,0,0
7,2018,9,11,5,3,6,0,1,0,0,0,0,0,0,0,0,0,0
6,2021,4,17,3,0,6,0,1,1,0,0,0,0,0,1,2,1,0
1,2020,1,16,5,6,4,1,0,1,1,0,0,0,0,0,0,1,0
1,2018,10,17,3,0,1,2,0,0,0,1,0,0,1,0,0,1,0
8,2018,3,14,6,0,4,0,0,0,1,0,0,1,0,0,0,1,0
10,2020,1,7,5,1,1,2,0,1,0,0,1,0,0,0,0,1,1
3,2019,6,9,3,2,6,0,0,1,0,1,0,0,0,0,0,1,0
12,2018,8,10,3,1,5,0,1,1,0,0,0,0,0,0,0,1,0
10,2018,5,20,3,5,3,0,1,1,0,0,0,0,0,0,0,0,1
11,2020,5,8,2,5,3,0,0,1,0,0,0,0,0,1,1,0,0
2,2018,8,8,6,5,2,0,0,1,0,1,0,0,0,0,0,1,0
12,2021,9,15,4,2,2,0,1,0,0,0,0,1,0,0,1,0,0
4,2020,12,14,3,5,2,1,1,1,0,0,0,0,0,1,2,1,0
5,2021,8,13,5,3,6,0,0,1,0,1,0,0,0,0,1,1,1
9,2019,11,22,4,0,1,2,0,0,0,0,0,1,0,0,0,0,0
6,2021,12,12,5,5,2,0,1,1,0,0,0,0,0,1,2,1,1
6,2018,10,18,7,2,6,2,0,1,0,0,0,0,1,0,0,1,0
7,2019,10,19,4,5,2,2,1,1,0,0,0,0,0,0,0,1,0
10,2018,9,13,3,2,6,0,0,1,0,0,0,0,0,0,0,0,0
10,2018,7,12,2,2,6,0,0,1,0,0,0,0,0,0,0,2,0
10,2020,11,5,5,3,6,2,1,0,0,1,0,0,0,1,2,0,1
5,2021,6,11,2,5,3,0,1,1,0,0,0,0,0,0,1,1,0
1,2018,3,18,3,6,4,0,1,0,1,0,0,0,0,0,0,1,0
10,2018,7,5,4,5,3,0,0,1,0,0,0,0,0,0,0,2,0
11,2021,11,7,3,6,4,0,0,1,1,0,0,0,1,0,2,0,1
8,2018,5,15,4,1,5,0,1,1,0,0,0,0,0,0,0,0,0
4,2021,8,16,2,5,3,0,0,1,0,0,0,0,1,0,1,1,1
8,2021,12,17,3,6,7,1,0,1,1,0,0,0,1,1,2,1,0
10,2019,3,16,5,6,4,0,0,1,1,0,0,0,1,0,0,0,0
11,2021,1,14,5,5,3,0,1,1,0,0,0,0,0,1,2,0,1
6,2021,5,14,4,2,6,0,1,1,0,0,0,0,0,1,2,1,0
1,2020,6,22,3,5,3,2,0,1,0,0,0,0,0,0,1,1,0
1,2019,12,8,3,0,2,0,0,0,1,0,0,1,0,0,0,1,0
7,2020,2,16,2,2,6,1,0,1,0,0,0,0,1,0,0,1,0
2,2020,5,14,2,2,6,0,0,1,0,0,0,0,1,1,1,0,0
4,2020,6,10,2,5,7,0,0,1,0,1,0,0,0,0,1,1,0
6,2019,10,13,6,2,6,0,0,1,0,0,0,0,1,0,0,1,0
1,2018,3,20,3,5,3,2,0,1,0,0,0,0,1,0,0,1,1
7,2019,11,15,6,5,3,0,1,1,0,0,0,0,0,0,0,0,0
7,2020,7,12,3,1,5,0,1,1,0,0,0,0,0,0,1,2,0
1,2020,5,15,6,5,2,0,0,1,0,0,0,0,0,1,1,0,1
6,2018,11,9,2,2,6,0,0,1,0,0,0,0,0,0,0,0,0
12,2018,5,12,2,2,6,0,0,1,0,0,0,1,0,0,0,0,0
11,2020,11,13,3,0,1,0,0,0,0,1,0,0,1,1,2,0,0
1,2018,8,16,5,2,2,0,0,1,0,0,0,0,0,0,0,1,1
7,2018,7,10,2,5,2,0,1,0,0,0,0,1,0,0,0,2,0
2,2018,5,15,4,5,2,0,1,1,0,0,0,0,0,0,0,0,1
5,2019,8,11,7,5,3,0,1,1,0,0,0,0,0,0,0,0,0
7,2019,4,16,7,6,4,0,0,1,1,0,0,0,0,0,0,1,0
1,2019,6,7,4,1,5,0,1,1,0,0,0,0,0,0,0,1,0
2,2019,5,13,7,5,2,0,1,1,0,0,0,0,0,0,0,0,0
4,2019,12,23,3,6,2,2,0,1,1,0,0,0,1,0,0,1,0
11,2021,10,18,6,6,3,1,0,1,1,0,0,0,1,0,1,1,0
3,2021,11,21,6,2,6,2,0,1,0,0,0,0,0,0,2,0,1
8,2019,7,21,7,6,2,1,0,1,1,0,0,0,1,0,0,2,0
6,2018,2,3,2,5,3,2,0,1,0,0,1,0,1,0,0,1,0
6,2021,11,15,2,5,3,1,0,1,0,0,0,1,1,0,2,0,0
1,2018,5,12,3,5,2,0,0,1,0,1,0,0,0,0,0,0,0
2,2021,3,14,4,6,7,0,0,1,1,0,0,0,0,0,2,0,0
11,2018,10,15,6,3,6,0,0,1,0,0,0,0,0,0,0,1,0
4,2018,8,13,7,0,6,0,1,0,0,0,0,0,0,0,0,1,1
11,2020,3,17,7,2,6,0,0,1,0,0,0,0,0,1,1,0,1
1,2020,1,10,5,3,6,0,0,1,0,0,1,0,0,0,0,1,0
7,2019,5,8,2,5,3,0,0,1,0,0,0,0,0,0,0,0,1
1,2020,1,15,5,5,3,0,1,1,0,0,0,0,0,0,0,1,0
9,2020,5,17,1,2,6,0,0,1,0,0,0,0,0,1,1,0,0
2,2021,5,9,3,0,4,0,1,0,1,0,0,0,1,1,2,1,0
11,2019,3,15,7,5,3,0,1,1,0,0,0,0,1,0,0,0,1