BEZ,UJAHR,UMONAT,USTUNDE,UWOCHENTAG,UART,UTYP1,ULICHTVERH,IstRad,IstPKW,IstFuss,IstKrad,IstGkfz,IstSonstige,USTRZUSTAND,LOCKDOWN,COVID,FERIEN,UKATEGORIE
1,2021,3,19,5,0,1,2,0,0,0,0,0,1,1,0,2,0,0
4,2018,1,10,2,3,6,0,0,1,0,0,0,0,0,0,0,0,0
7,2020,2,14,3,2,6,0,0,1,0,0,0,0,1,0,0,1,0
6,2020,10,8,4,3,6,0,1,1,0,0,0,0,0,1,1,1,0
12,2021,5,9,4,5,3,0,0,1,0,0,0,0,0,1,2,1,0
7,2018,1,20,3,6,2,2,0,1,1,0,0,0,1,0,0,0,1
7,2021,9,4,7,5,3,2,0,1,0,0,0,0,0,0,1,0,0
8,2020,3,17,1,2,6,0,0,1,0,0,0,0,0,1,1,0,0
12,2018,6,12,4,1,5,0,1,1,0,0,0,0,0,0,0,0,0
2,2019,8,14,5,0,1,0,1,1,0,0,0,0,0,0,0,0,0
1,2021,10,16,5,3,6,0,0,1,0,0,0,1,0,0,1,1,0
11,2019,6,15,3,3,6,0,1,1,0,0,0,0,0,0,0,1,0
2,2018,1,20,2,5,3,2,0,1,0,0,0,1,1,0,0,0,0
8,2019,9,18,5,5,2,0,1,0,0,0,0,1,0,0,0,0,0
2,2021,8,15,3,4,3,0,1,1,0,0,0,0,0,0,1,1,0
5,2020,7,9,5,4,6,0,0,1,0,0,0,1,0,0,1,2,1
4,2021,11,15,2,6,4,0,0,1,1,0,0,0,1,0,2,0,0
2,2020,8,11,5,2,2,0,1,1,0,0,0,0,0,0,1,1,0
12,2018,10,19,7,8,2,2,0,1,0,0,0,0,0,0,0,1,0
4,2021,11,7,4,5,3,0,0,1,0,1,0,0,0,0,2,0,0
4,2018,1,11,5,6,2,0,0,1,1,0,0,0,1,0,0,0,1
3,2019,10,7,4,5,2,0,0,1,0,0,0,1,0,0,0,1,1
4,2020,11,13,3,2,6,0,0,1,0,0,0,0,0,1,2,0,0
11,2020,8,9,4,6,4,0,0,1,1,0,0,0,0,0,1,1,0
1,2018,5,11,2,5,3,0,1,1,0,0,0,0,0,0,0,0,1
4,2019,6,15,2,3,2,0,1,0,0,0,0,1,0,0,0,1,0
8,2018,8,13,2,2,6,0,0,1,0,0,0,1,0,0,0,1,0
7,2020,3,16,5,3,6,0,0,1,0,1,0,0,0,1,1,0,0
3,2018,10,10,5,5,3,0,0,1,0,0,0,0,0,0,0,1,0
5,2019,8,16,5,2,6,0,0,1,0,0,0,0,0,0,0,0,0
7,2018,4,18,4,1,1,0,0,1,0,0,1,1,0,0,0,1,1
9,2018,12,17,5,6,4,2,0,1,1,0,0,0,1,0,0,1,1
8,2021,2,20,2,1,5,2,0,1,0,0,0,0,2,1,2,1,0
2,2020,6,9,2,0,4,0,1,0,1,0,0,0,0,0,1,1,0
9,2018,6,7,5,5,3,0,1,0,0,0,0,1,0,0,0,0,0
7,2019,9,6,5,3,6,2,0,1,0,0,1,0,0,0,0,0,0
2,2019,3,8,3,5,2,0,1,1,0,0,0,0,0,0,0,0,0
5,2019,5,16,4,2,6,0,0,1,0,0,0,0,0,0,0,0,0
4,2018,8,17,2,5,7,0,0,1,0,1,0,0,0,0,0,1,0
9,2021,7,21,4,0,1,1,1,0,0,0,0,0,0,0,1,2,1
9,2018,7,12,5,0,5,0,0,1,0,1,0,0,1,0,0,2,0
1,2018,5,11,5,1,5,0,1,1,0,0,0,0,0,0,0,0,1
4,2019,7,10,4,5,2,0,0,1,0,0,0,0,0,0,0,2,0
7,2021,11,18,5,2,6,2,0,1,0,0,0,0,1,0,2,0,0
7,2018,11,6,3,3,6,2,1,1,0,0,0,0,1,0,0,0,0
8,2019,4,9,5,1,5,0,1,1,0,0,0,0,0,0,0,1,0
12,2018,2,19,5,6,4,2,0,1,1,0,0,0,0,0,0,1,1
6,2018,7,6,5,1,7,0,0,1,0,0,0,0,0,0,0,2,0
7,2020,6,22,6,2,7,2,0,1,0,0,0,0,0,0,1,1,0
8,2020,6,15,3,5,3,0,1,1,0,0,0,0,0,0,1,1,0
1,2019,4,16,3,5,2,0,0,1,0,1,0,0,0,0,0,1,0
1,2019,2,22,4,5,3,2,0,1,0,0,0,0,0,0,0,1,0
7,2020,6,9,7,5,3,0,1,1,0,0,0,0,0,0,1,1,0
9,2021,11,21,7,5,2,2,0,1,0,0,0,0,0,0,2,0,0
8,2019,7,16,4,1,1,0,0,1,0,1,0,0,0,0,0,2,0
4,2019,1,12,4,6,4,0,0,1,1,0,0,0,0,0,0,1,0
1,2020,9,15,5,6,7,0,1,0,1,0,0,0,0,0,1,0,0
9,2019,2,15,3,6,4,0,0,1,1,0,0,0,0,0,0,1,1
8,2019,1,13,3,4,6,0,0,1,0,0,0,0,0,0,0,1,0
7,2020,9,5,2,0,1,2,0,0,0,1,0,0,1,0,1,0,0
7,2021,11,20,2,6,4,2,0,0,1,0,0,1,0,0,2,0,0
9,2020,8,11,7,2,6,0,0,1,0,0,0,0,0,0,1,1,0
8,2018,3,18,5,5,3,2,0,1,0,0,0,0,1,0,0,1,0
4,2020,3,9,3,3,6,0,0,1,0,0,1,0,0,1,1,0,0
5,2019,10,10,3,5,2,0,1,1,0,0,0,0,0,0,0,1,0
2,2018,5,18,6,0,6,0,1,0,1,0,0,0,0,0,0,0,0
2,2021,3,12,4,5,3,0,1,1,0,0,0,0,0,0,2,0,0
10,2020,6,17,2,1,5,0,0,1,0,0,0,0,0,0,1,1,0
4,2019,10,7,6,5,3,0,1,1,0,0,0,0,1,0,0,1,0
11,2018,4,19,3,5,3,1,0,1,0,0,0,0,0,0,0,1,0
11,2018,12,21,7,6,4,2,0,1,1,0,0,0,1,0,0,1,0
11,2020,2,16,4,6,4,0,0,1,1,0,0,0,0,0,0,1,0
1,2020,11,22,6,6,2,2,0,0,1,1,0,0,0,1,2,0,1
4,2018,5,15,2,0,1,0,1,0,0,0,0,0,0,0,0,0,0
6,2020,4,20,7,1,6,2,0,1,0,0,0,1,0,1,2,1,1
1,2020,6,13,6,5,2,0,1,1,0,0,0,0,0,0,1,1,0
10,2018,1,15,5,5,2,0,1,1,0,0,0,0,0,0,0,0,0
7,2018,8,13,6,0,6,0,0,1,0,0,1,0,0,0,0,1,0
7,2020,8,10,4,2,6,0,0,0,0,1,0,1,1,0,1,1,0
2,2018,3,15,1,5,3,0,1,0,0,0,0,1,0,0,0,1,0
3,2018,9,20,5,3,6,2,1,0,0,0,0,0,0,0,0,0,0
8,2020,6,6,4,5,7,0,0,1,0,0,0,0,0,0,1,1,0
2,2021,10,18,3,0,1,2,0,0,0,1,0,0,1,0,1,1,0
10,2020,7,9,5,6,4,0,0,1,1,0,0,0,0,0,1,2,1
12,2019,6,16,2,5,2,0,1,0,0,0,0,1,0,0,0,1,0
5,2020,11,7,3,5,3,0,0,1,0,1,0,0,1,1,2,0,0
6,2019,8,14,5,0,5,0,0,0,0,1,0,1,0,0,0,0,0
10,2018,2,9,6,5,2,0,1,0,0,0,0,1,0,0,0,1,0
11,2018,1,17,5,2,6,1,0,1,0,0,0,0,1,0,0,0,0
9,2020,8,17,4,0,1,0,1,0,0,0,0,0,0,0,1,1,0
4,2018,6,8,6,5,2,0,1,0,0,0,1,0,0,0,0,0,0
4,2019,6,17,2,0,7,0,0,0,0,1,0,0,1,0,0,1,0
4,2020,8,16,2,2,6,0,0,1,0,0,0,1,0,0,1,1,0
1,2021,10,16,6,2,2,0,1,1,0,0,0,0,0,0,1,1,0
5,2019,6,11,7,0,2,0,0,1,0,0,0,1,0,0,0,1,0
3,2020,10,9,7,5,3,0,0,1,0,0,0,0,0,1,1,1,1
1,2018,5,11,6,1,5,0,1,1,0,0,0,0,0,0,0,0,0
6,2020,5,23,5,1,5,2,1,1,0,0,0,0,0,1,1,0,0
2,2019,6,14,6,0,1,0,0,0,0,1,0,0,0,0,0,1,0
7,2019,2,13,2,5,7,0,0,0,0,0,0,1,0,0,0,1,0
9,2019,1,17,2,2,7,1,0,1,0,0,0,0,0,0,0,1,0
7,2021,4,15,3,3,6,0,0,1,0,0,0,0,0,1,2,1,0
3,2019,4,14,4,2,2,0,0,1,0,0,0,0,0,0,0,1,0
4,2019,12,15,2,5,3,1,1,1,0,0,0,0,1,0,0,1,0
12,2020,9,12,3,0,1,0,0,0,0,1,0,0,0,0,1,0,0
4,2019,1,8,4,2,6,0,0,1,0,0,0,0,0,0,0,1,0
6,2020,2,9,2,5,2,0,1,1,0,0,0,0,1,0,0,1,0
6,2020,5,12,3,0,3,0,0,1,0,1,0,0,0,1,1,0,0
1,2020,5,15,3,5,2,0,1,1,0,0,0,0,0,1,1,0,0
2,2019,10,19,2,1,5,2,1,1,0,0,0,0,0,0,0,1,0
5,2021,6,15,4,2,6,0,0,1,0,0,0,0,1,0,1,1,0
6,2021,9,0,5,0,7,2,0,0,0,1,0,0,1,0,1,0,0
4,2021,6,12,4,2,6,0,0,1,0,0,0,0,0,0,1,1,0
12,2020,10,17,3,2,6,0,0,1,0,0,0,1,0,1,1,1,0
1,2021,6,12,5,3,6,0,0,1,0,0,1,0,0,0,1,1,0
2,2018,11,13,1,5,2,0,1,1,0,0,0,0,1,0,0,0,0
11,2018,7,10,3,2,6,0,0,1,0,0,0,0,0,0,0,2,0
12,2020,3,15,2,1,5,0,0,1,0,1,0,0,1,1,1,0,0
6,2018,11,8,6,2,6,0,0,1,0,0,1,0,1,0,0,0,0
7,2019,9,14,2,5,3,0,0,1,0,0,0,1,0,0,0,0,0
3,2018,4,18,1,6,7,0,1,0,1,0,0,0,1,0,0,1,0
4,2020,7,9,4,5,2,0,1,0,0,0,0,1,0,0,1,2,0
6,2019,1,18,4,5,3,2,1,1,0,0,0,0,0,0,0,1,0
10,2020,11,10,2,3,6,0,0,1,0,0,1,0,0,1,2,0,0
1,2021,1,15,5,1,5,0,1,0,0,0,0,1,1,1,2,0,0
11,2019,1,7,5,6,4,1,0,1,1,0,0,0,1,0,0,1,1
9,2020,2,15,1,5,2,0,1,1,0,0,0,0,1,0,0,1,0
2,2021,7,15,6,5,3,0,1,1,0,0,0,0,0,0,1,2,0
1,2021,10,11,3,0,1,0,0,0,0,1,0,0,1,0,1,1,0
4,2021,8,17,4,1,5,0,1,1,0,0,0,0,0,0,1,1,0
6,2020,1,17,7,5,3,2,0,1,0,0,0,0,1,0,0,1,0
1,2018,4,6,2,5,3,0,1,1,0,0,0,0,0,0,0,1,1
2,2020,11,17,2,5,3,2,1,1,0,0,0,0,0,1,2,0,0
4,2021,12,18,5,6,2,2,0,1,1,0,0,0,1,1,2,1,0
2,2019,10,1,1,5,2,2,0,1,0,0,0,0,0,0,0,1,0
11,2018,9,8,3,2,6,0,0,1,0,0,0,0,0,0,0,0,0
6,2020,5,10,6,2,7,0,0,1,0,1,0,0,0,1,1,0,1
7,2019,11,7,3,6,4,0,0,1,1,0,0,0,0,0,0,0,0
6,2018,8,19,6,6,4,0,1,0,1,0,0,0,0,0,0,1,0
6,2021,5,11,2,5,3,0,0,1,0,0,0,1,0,1,2,1,0
7,2018,4,7,3,5,3,0,0,1,0,0,0,0,0,0,0,1,1
1,2021,11,12,5,1,5,0,1,1,0,0,0,0,1,0,2,0,0
1,2019,3,19,5,1,5,2,1,1,0,0,0,0,0,0,0,0,0
1,2020,1,16,6,0,3,2,0,1,0,1,0,0,1,0,0,1,0
2,2020,12,7,2,5,2,1,1,1,0,0,0,0,1,1,2,1,0
3,2021,8,17,3,5,2,0,1,0,0,0,0,1,0,0,1,1,0
11,2021,3,7,4,5,3,0,1,1,0,0,0,0,0,0,2,0,0
3,2020,4,15,4,5,3,0,0,1,0,1,0,0,0,1,2,1,0
8,2020,4,21,6,5,3,2,0,1,0,0,0,0,0,1,2,1,0
1,2019,11,17,5,2,6,2,0,1,0,0,0,0,1,0,0,0,0
3,2019,8,4,1,5,3,2,0,1,0,0,0,0,0,0,0,0,0
9,2021,4,14,4,2,6,0,0,1,0,0,0,1,0,1,2,1,0
2,2020,11,20,6,5,2,2,1,1,0,0,0,0,0,1,2,0,0
2,2020,8,20,3,2,2,1,1,0,0,1,0,0,1,0,1,1,0
9,2021,10,18,3,2,6,2,0,1,0,1,0,0,1,0,1,1,0
3,2019,7,21,2,0,2,2,0,1,0,1,0,0,1,0,0,2,0
7,2019,10,13,2,2,3,0,0,1,0,1,0,0,0,0,0,1,0
2,2019,2,17,3,6,7,2,0,1,1,0,0,0,0,0,0,1,0
9,2019,4,16,3,5,3,0,1,1,0,0,0,0,0,0,0,1,1
8,2021,2,13,5,1,7,0,0,1,1,0,0,0,1,1,2,1,1
1,2019,9,8,5,5,3,0,1,0,0,1,0,0,1,0,0,0,0
3,2020,6,10,6,3,6,0,1,0,0,0,0,0,0,0,1,1,0
4,2020,11,17,6,2,6,2,0,1,0,0,0,0,1,1,2,0,0
7,2018,3,14,4,5,7,0,1,1,0,0,0,0,0,0,0,1,1
7,2021,9,19,3,6,4,2,0,0,1,0,0,1,0,0,1,0,0
8,2021,3,17,7,6,2,1,0,1,1,0,0,0,1,0,2,0,0
5,2020,6,9,3,2,6,0,0,1,0,0,0,1,0,0,1,1,0
2,2018,3,20,6,5,2,2,0,1,0,0,0,0,0,0,0,1,0
9,2020,2,19,5,6,4,2,0,1,1,0,0,0,1,0,0,1,1
4,2020,3,17,2,1,5,1,1,1,0,0,0,0,0,1,1,0,0
9,2020,5,12,7,2,6,0,0,1,0,0,0,0,0,1,1,0,0
1,2018,10,19,2,6,2,2,0,1,1,0,0,0,0,0,0,1,0
12,2018,6,11,3,1,7,0,0,0,0,0,1,1,0,0,0,0,0
3,2021,11,9,5,5,2,0,1,1,0,0,0,0,0,0,2,0,0
3,2020,7,17,5,5,3,0,1,0,0,1,0,0,0,0,1,2,0
8,2020,8,6,4,1,5,0,1,1,0,0,0,0,0,0,1,1,0
9,2021,2,17,4,0,1,1,1,0,0,0,0,0,0,1,2,1,0
4,2019,12,7,2,5,3,2,1,1,0,0,0,0,0,0,0,1,0
6,2021,2,13,7,0,6,0,1,0,0,0,0,1,0,1,2,1,0
4,2019,7,17,4,0,6,0,0,1,0,1,0,0,1,0,0,2,0
1,2021,5,14,3,6,4,0,0,1,1,0,0,0,0,1,2,1,0
7,2018,8,18,4,5,3,0,1,1,0,0,0,0,0,0,0,1,0
4,2019,10,18,7,2,6,1,0,1,0,0,0,0,1,0,0,1,0
8,2020,11,20,1,5,3,2,0,1,0,0,0,0,1,1,2,0,0
9,2020,10,19,2,0,3,2,0,1,0,1,0,0,1,1,1,1,0
12,2020,10,10,4,5,3,0,0,1,0,0,0,0,0,1,1,1,0
6,2021,11,17,3,1,5,2,0,1,0,0,0,0,0,0,2,0,0
9,2020,3,18,5,5,3,2,0,1,0,0,0,1,0,1,1,0,0
2,2018,5,19,4,5,2,0,1,0,0,1,0,0,0,0,0,0,0
1,2018,6,20,5,5,3,1,1,1,0,0,0,0,0,0,0,0,0
2,2021,10,10,5,5,2,0,0,1,0,0,0,0,1,0,1,1,0
1,2019,3,8,5,5,3,0,1,1,0,0,0,0,0,0,0,0,0
10,2021,10,4,1,9,1,2,0,1,0,0,0,0,0,0,1,1,0
4,2021,7,15,5,1,5,0,1,1,0,0,0,0,0,0,1,2,0
1,2018,6,16,6,3,6,0,0,1,0,1,0,0,0,0,0,0,0
1,2018,6,19,5,5,7,0,0,1,0,1,0,0,0,0,0,0,0
3,2021,8,10,3,0,2,0,0,1,0,0,0,1,0,0,1,1,0
7,2018,12,7,4,0,1,0,0,1,0,1,0,0,1,0,0,1,0
1,2020,1,19,3,0,6,2,0,1,0,1,0,0,1,0,0,1,1
5,2019,6,11,3,2,2,0,0,1,0,0,0,0,0,0,0,1,0
1,2020,7,14,1,2,6,0,0,1,0,0,0,0,0,0,1,2,0
10,2021,1,14,5,2,7,0,0,1,0,0,0,0,0,1,2,0,0
4,2021,7,16,6,5,3,0,1,1,0,0,0,0,0,0,1,2,0
1,2020,2,23,1,2,6,2,0,1,0,0,0,0,1,0,0,1,0
2,2021,4,15,6,5,2,0,1,1,0,0,0,0,0,1,2,1,0
2,2020,8,13,4,6,4,0,1,0,1,0,0,0,1,0,1,1,0
9,2019,12,20,3,5,2,2,1,1,0,0,0,0,1,0,0,1,0
1,2018,12,2,7,8,1,2,0,1,1,0,0,0,1,0,0,1,1
11,2018,11,10,2,5,2,0,1,1,0,0,0,0,0,0,0,0,0
11,2020,12,21,1,5,3,2,0,1,0,0,0,0,1,1,2,1,0
2,2020,11,14,4,1,5,0,1,1,0,0,0,0,0,1,2,0,0
8,2019,6,21,5,2,6,1,1,1,0,0,0,0,1,0,0,1,0
1,2019,8,18,4,2,6,0,0,1,0,1,0,0,0,0,0,0,0
7,2021,3,13,3,5,3,0,0,1,0,1,0,0,0,0,2,0,0
3,2018,9,17,2,2,6,0,0,1,0,0,0,0,0,0,0,0,0
2,2018,11,21,6,0,7,2,0,1,0,0,0,0,1,0,0,0,0
2,2021,9,19,3,2,7,2,0,1,0,1,0,0,0,0,1,0,0
4,2021,3,19,1,9,1,2,0,1,0,0,0,0,0,0,2,0,0
7,2021,8,12,5,5,2,0,0,1,0,0,0,0,0,0,1,1,0
7,2020,8,18,7,1,5,0,0,1,0,0,0,1,0,0,1,1,0
8,2019,10,3,6,5,2,2,1,0,0,0,0,1,0,0,0,1,0
10,2019,8,15,4,5,3,0,1,1,0,0,0,0,0,0,0,0,0
1,2019,7,6,3,2,2,0,0,1,0,0,0,0,0,0,0,2,0
2,2018,4,16,5,5,3,0,1,1,0,0,0,0,0,0,0,1,1
8,2018,8,20,6,0,7,1,0,1,0,0,0,0,0,0,0,1,0
7,2019,1,8,2,6,4,0,0,0,1,0,1,0,1,0,0,1,0
3,2020,9,13,2,6,4,0,0,1,1,0,0,0,0,0,1,0,1
9,2020,12,20,5,2,6,2,0,1,0,1,0,0,1,1,2,1,0
9,2019,3,8,3,5,3,0,1,1,0,0,0,0,1,0,0,0,0
1,2020,8,14,5,5,2,0,1,1,0,0,0,0,0,0,1,1,0
6,2019,1,16,3,6,4,1,0,1,1,0,0,0,0,0,0,1,1
2,2018,12,21,2,0,3,2,0,1,0,0,0,1,1,0,0,1,0
5,2019,9,14,6,5,3,0,0,1,0,0,0,1,0,0,0,0,0
9,2021,12,12,4,1,5,0,0,1,0,0,1,0,0,1,2,1,0
1,2018,7,17,1,5,2,0,1,1,0,0,0,0,0,0,0,2,0
1,2019,2,16,5,0,6,0,1,1,0,0,0,0,0,0,0,1,0
4,2018,10,8,5,2,2,0,0,1,0,0,0,1,1,0,0,1,1
6,2018,9,17,2,5,7,0,0,1,0,0,0,0,0,0,0,0,0
7,2019,5,17,7,6,7,0,0,1,1,0,0,0,1,0,0,0,0
8,2018,3,7,2,6,4,0,0,0,1,0,0,1,2,0,0,1,1
7,2018,1,17,5,5,2,1,1,0,0,0,0,1,2,0,0,0,0
1,2018,2,9,5,0,1,0,1,0,0,0,0,0,2,0,0,1,0
4,2018,7,11,5,5,2,0,1,1,0,0,0,0,1,0,0,2,0
12,2021,8,10,2,5,3,0,0,1,0,0,0,0,0,0,1,1,0
5,2019,1,20,1,6,4,2,0,1,1,0,0,0,0,0,0,1,0
1,2018,4,19,2,3,6,1,1,0,0,0,0,0,0,0,0,1,0
4,2021,11,21,2,3,6,2,0,1,0,1,0,0,1,0,2,0,0
1,2021,9,18,3,0,3,1,0,1,0,1,0,0,0,0,1,0,0
3,2019,5,18,5,2,6,0,0,1,0,0,0,0,0,0,0,0,0
10,2021,8,7,3,6,4,0,0,1,1,0,0,0,0,0,1,1,0
2,2021,10,3,6,0,1,2,0,0,0,0,0,1,0,0,1,1,1
3,2020,6,8,3,5,3,0,0,1,0,0,0,0,0,0,1,1,0
5,2019,5,12,7,2,7,0,0,1,0,0,0,0,0,0,0,0,0
6,2021,8,20,2,2,6,2,0,1,0,0,0,0,1,0,1,1,0
2,2018,1,10,2,6,4,0,1,0,1,0,0,0,0,0,0,0,0
2,2019,6,11,5,5,3,0,0,1,0,0,0,0,0,0,0,1,0
1,2019,9,16,3,1,1,0,0,1,0,0,0,0,1,0,0,0,0
1,2018,9,20,7,6,4,2,0,0,1,1,0,0,0,0,0,0,0
3,2020,10,17,2,5,3,0,1,1,0,0,0,0,0,1,1,1,0
11,2020,6,16,2,2,6,0,0,1,0,0,0,1,0,0,1,1,0
1,2018,11,18,2,3,6,2,1,1,0,0,0,0,0,0,0,0,0
1,2019,2,22,3,0,7,2,1,0,0,0,0,0,0,0,0,1,0
5,2019,4,11,4,0,7,0,0,1,0,0,0,0,0,0,0,1,1
4,2020,12,11,5,6,2,0,0,1,1,0,0,0,0,1,2,1,0
5,2019,3,8,1,9,1,0,0,1,0,0,0,0,1,0,0,0,1
1,2018,8,13,5,5,3,0,0,1,0,1,0,0,0,0,0,1,0
2,2018,12,18,5,5,3,2,1,1,0,0,0,0,0,0,0,1,0
11,2019,8,12,7,2,6,0,0,1,0,0,0,0,0,0,0,0,0
12,2019,8,15,7,5,2,0,0,1,0,0,0,0,0,0,0,0,0
5,2019,2,7,4,0,2,0,1,1,0,0,0,0,0,0,0,1,0
12,2019,4,17,1,2,6,0,0,1,0,0,0,0,0,0,0,1,0
3,2019,7,6,3,5,3,0,0,1,0,0,0,1,0,0,0,2,0
7,2020,1,14,6,2,2,0,0,1,0,0,0,0,0,0,0,1,0
7,2021,10,7,7,0,7,1,0,1,0,0,0,1,0,0,1,1,0
7,2020,9,20,2,4,6,1,0,1,0,0,0,0,0,0,1,0,1
1,2019,11,11,2,2,6,0,0,1,0,0,0,0,0,0,0,0,0
1,2020,12,22,5,1,5,2,1,0,0,0,0,1,1,1,2,1,0
4,2020,1,13,4,5,3,0,1,1,0,0,0,0,0,0,0,1,0
10,2020,9,5,3,0,1,2,1,0,0,0,0,0,1,0,1,0,0
1,2019,4,15,2,2,2,0,0,1,0,0,0,0,0,0,0,1,0
1,2018,4,23,6,5,7,2,1,1,0,0,0,0,0,0,0,1,0
7,2018,4,15,5,6,4,0,0,1,1,0,0,0,1,0,0,1,0
12,2020,1,23,6,5,3,2,0,1,0,1,0,0,0,0,0,1,0
6,2020,10,13,3,0,3,0,1,1,0,0,0,0,0,1,1,1,0
12,2019,3,19,7,6,2,2,0,1,1,0,0,0,1,0,0,0,0
7,2018,2,19,6,5,7,2,0,1,0,0,0,0,0,0,0,1,0
12,2020,3,15,7,5,2,0,1,1,0,0,0,0,0,1,1,0,0
3,2018,8,9,2,2,2,0,1,1,0,0,0,0,0,0,0,1,0
1,2020,8,8,4,3,6,0,1,0,0,0,0,0,0,0,1,1,0
4,2019,8,9,4,5,7,0,0,1,0,0,0,0,0,0,0,0,0
2,2021,6,7,2,0,1,0,1,0,0,0,0,1,0,0,1,1,0
7,2019,3,15,5,2,6,0,0,1,0,0,0,0,1,0,0,0,0
4,2021,5,9,2,5,2,0,0,1,0,1,0,0,0,1,2,1,1
1,2020,9,21,4,2,6,2,0,1,0,0,0,1,0,0,1,0,0
4,2018,5,5,7,5,5,1,1,1,0,0,0,0,0,0,0,0,0
7,2020,9,15,4,2,6,0,0,1,0,1,0,0,0,0,1,0,0
11,2018,7,12,5,5,3,0,0,1,0,0,0,0,0,0,0,2,0
3,2018,6,22,7,2,6,2,0,1,0,0,0,0,0,0,0,0,0
5,2021,12,11,6,5,2,0,0,1,0,0,0,0,0,1,2,1,0
3,2020,7,15,2,2,6,0,1,1,0,0,1,0,0,0,1,2,1
4,2018,12,9,4,2,6,0,0,1,0,0,0,0,0,0,0,1,0
3,2019,9,17,4,6,7,0,0,1,1,0,0,0,0,0,0,0,1
7,2018,6,18,6,5,7,0,1,1,0,0,0,0,0,0,0,0,0
3,2018,8,13,6,5,3,0,1,0,0,0,0,0,0,0,0,1,0
12,2020,6,12,5,1,5,0,0,1,0,0,0,0,0,0,1,1,0
2,2019,6,10,3,3,6,0,0,1,0,0,0,1,0,0,0,1,0
7,2019,10,7,5,2,6,0,0,1,0,0,0,1,1,0,0,1,0
11,2018,6,8,5,5,3,0,1,1,0,0,0,0,0,0,0,0,0
3,2018,4,7,2,5,3,0,1,1,0,0,0,0,0,0,0,1,1
3,2018,6,13,7,5,3,0,1,1,0,0,0,0,0,0,0,0,0
4,2021,6,17,3,2,6,0,1,1,0,0,0,0,0,0,1,1,0
9,2019,5,9,5,6,4,0,0,1,1,0,0,0,0,0,0,0,1
2,2021,8,9,6,5,3,0,1,1,0,0,0,0,0,0,1,1,0
10,2019,12,17,3,2,6,2,1,1,0,0,0,0,0,0,0,1,0
2,2018,10,19,3,3,5,2,0,1,0,0,0,0,0,0,0,1,0
1,2020,10,15,6,5,2,0,1,0,0,0,0,1,0,1,1,1,0
12,2020,4,19,5,0,1,1,1,0,0,0,0,0,0,1,2,1,0
12,2020,2,15,7,5,5,0,0,1,0,1,0,0,0,0,0,1,0
4,2020,12,19,4,3,6,2,0,1,0,0,0,0,1,1,2,1,0
1,2019,10,12,5,3,6,0,0,1,0,1,0,0,0,0,0,1,0
8,2018,12,7,3,5,3,0,0,1,0,0,0,0,1,0,0,1,1
5,2018,7,16,4,5,3,0,0,1,0,1,0,0,1,0,0,2,0
1,2018,6,23,6,0,1,2,1,0,0,0,0,0,0,0,0,0,0
4,2018,9,14,4,2,6,0,0,1,0,0,0,0,0,0,0,0,0
1,2021,11,21,2,5,3,2,0,1,0,0,0,0,1,0,2,0,0
7,2020,3,10,5,2,6,0,0,1,0,0,0,1,1,1,1,0,0
11,2021,9,18,4,5,3,0,0,1,0,0,0,1,0,0,1,0,0
1,2019,9,13,1,0,7,0,0,0,0,0,0,1,0,0,0,0,0
1,2021,12,15,3,0,2,1,0,1,0,0,0,1,1,1,2,1,0
4,2018,9,10,4,1,5,0,1,0,0,0,0,1,0,0,0,0,0
1,2019,1,3,3,5,3,2,0,1,0,0,0,1,1,0,0,1,0
8,2018,4,14,6,5,3,0,0,1,0,0,0,0,0,0,0,1,0
2,2021,6,17,2,1,5,0,1,1,0,0,0,0,0,0,1,1,0
12,2018,8,21,7,9,1,2,0,1,0,0,0,0,0,0,0,1,0
2,2020,5,17,1,5,2,0,1,1,0,0,0,0,0,1,1,0,0
3,2018,2,2,1,0,1,2,1,0,0,0,0,0,0,0,0,1,0
7,2020,8,16,4,5,2,0,0,1,0,1,0,0,1,0,1,1,1
2,2021,9,18,7,3,2,0,0,1,0,1,0,0,1,0,1,0,0
2,2018,9,15,7,5,3,0,1,1,0,0,0,0,0,0,0,0,0
6,2020,12,5,7,3,6,2,0,1,0,0,0,0,0,1,2,1,0
10,2021,9,17,6,2,6,0,0,1,0,0,0,0,0,0,1,0,0
3,2019,6,12,1,4,6,0,0,1,0,0,0,0,0,0,0,1,0
8,2021,3,15,4,3,6,0,1,0,0,0,0,1,0,0,2,0,0
8,2019,5,11,4,5,2,0,1,1,0,0,0,0,0,0,0,0,0
10,2021,12,14,4,5,3,0,0,1,0,0,0,0,0,1,2,1,0
8,2020,8,12,5,5,2,0,1,1,0,0,0,0,1,0,1,1,0
10,2018,2,6,3,5,3,1,1,1,0,0,0,0,0,0,0,1,0
3,2018,5,9,4,0,6,0,1,1,0,0,0,0,0,0,0,0,0
7,2020,11,7,2,5,2,0,0,1,0,0,0,1,1,1,2,0,0
4,2018,3,21,2,9,1,2,0,1,0,0,0,0,0,0,0,1,0
10,2019,4,15,2,6,4,0,0,0,1,0,0,1,0,0,0,1,1
7,2021,11,17,6,6,7,2,0,1,1,0,0,0,0,0,2,0,0
11,2020,8,12,6,1,7,0,0,1,0,0,0,1,0,0,1,1,0
12,2021,11,14,6,5,2,0,1,1,0,0,0,0,0,0,2,0,0
6,2018,7,15,1,1,5,0,1,1,0,0,0,0,0,0,0,2,1