BEZ,UJAHR,UMONAT,USTUNDE,UWOCHENTAG,UART,UTYP1,ULICHTVERH,IstRad,IstPKW,IstFuss,IstKrad,IstGkfz,IstSonstige,USTRZUSTAND,LOCKDOWN,COVID,FERIEN,UKATEGORIE
9,2018,1,6,5,6,4,2,0,1,1,0,0,0,0,0,0,0,0
3,2018,10,11,3,0,7,0,0,1,0,0,0,0,1,0,0,1,1
10,2021,7,15,1,4,1,0,1,0,0,0,0,0,0,0,1,2,0
4,2018,2,19,5,2,6,2,0,1,0,0,0,0,0,0,0,1,0
7,2019,12,19,2,6,2,2,0,1,1,0,0,0,1,0,0,1,0
6,2020,9,17,6,5,3,0,0,1,0,1,0,0,0,0,1,0,1
1,2018,2,11,3,2,6,0,0,1,0,0,0,0,0,0,0,1,0
7,2019,4,12,3,5,3,0,0,1,0,0,0,0,0,0,0,1,0
7,2019,5,12,2,5,3,0,1,1,0,0,0,0,0,0,0,0,0
11,2021,10,16,1,5,2,0,0,1,0,0,0,0,0,0,1,1,0
2,2021,6,8,5,2,6,0,0,1,0,0,0,0,0,0,1,1,1
5,2019,11,7,4,5,2,0,0,0,0,0,0,1,0,0,0,0,1
10,2020,3,2,5,4,7,2,1,0,0,0,0,0,0,1,1,0,0
3,2020,9,22,5,5,7,2,1,1,0,0,0,0,1,0,1,0,0
9,2018,5,18,2,0,3,0,1,1,0,0,0,0,0,0,0,0,0
9,2021,7,8,5,5,2,0,0,0,0,1,0,1,0,0,1,2,0
5,2021,9,7,6,5,2,0,1,1,0,0,0,0,0,0,1,0,0
6,2018,4,19,5,5,2,1,0,1,0,1,0,0,0,0,0,1,0
4,2018,10,18,3,6,4,1,0,1,1,0,0,0,1,0,0,1,0
10,2020,6,16,1,0,7,0,0,0,0,0,0,1,0,0,1,1,0
7,2021,5,14,7,5,2,0,0,1,0,0,0,0,0,1,2,1,0
7,2019,1,10,7,5,3,0,0,1,0,0,0,0,0,0,0,1,1
7,2018,10,5,3,9,1,1,0,1,0,0,0,0,1,0,0,1,0
7,2018,6,17,7,0,3,0,0,1,0,1,0,0,0,0,0,0,0
1,2018,4,15,4,5,3,0,1,1,0,0,0,0,0,0,0,1,1
6,2018,8,10,7,5,2,0,0,1,0,0,0,0,0,0,0,1,0
12,2019,5,15,5,0,1,0,0,0,0,1,0,0,1,0,0,0,1
2,2019,2,4,1,5,3,2,0,1,0,0,0,0,0,0,0,1,0
7,2018,12,12,2,5,3,0,0,1,0,0,0,0,0,0,0,1,1
6,2019,10,7,2,0,2,1,1,1,0,0,0,0,1,0,0,1,0
7,2019,10,14,3,6,7,0,0,0,1,0,0,1,0,0,0,1,0
9,2019,6,7,5,5,3,0,1,1,0,0,0,0,0,0,0,1,0
2,2019,5,14,7,6,4,0,0,1,1,0,0,0,0,0,0,0,1
9,2018,7,13,6,6,4,0,0,0,1,0,0,1,0,0,0,2,0
1,2018,5,9,4,5,3,0,1,1,0,0,0,0,0,0,0,0,0
7,2020,2,7,4,5,3,0,0,1,0,0,0,0,0,0,0,1,0
8,2018,2,9,3,6,4,0,0,1,1,0,0,0,0,0,0,1,0
3,2018,12,10,6,5,7,0,1,1,0,0,0,0,1,0,0,1,0
1,2019,9,16,2,5,3,0,0,0,0,1,0,1,1,0,0,0,1
2,2019,9,20,1,5,2,2,1,1,0,0,0,0,0,0,0,0,0
4,2019,1,10,4,3,6,0,0,1,0,0,1,1,1,0,0,1,1
7,2019,9,8,6,0,1,0,1,0,0,0,0,0,1,0,0,0,0
10,2018,12,17,5,6,4,2,0,0,1,0,0,1,1,0,0,1,1
10,2019,11,18,3,6,4,2,0,0,1,0,0,1,0,0,0,0,1
1,2021,7,22,6,2,6,2,0,1,0,0,0,0,1,0,1,2,0
2,2019,8,17,3,5,2,0,1,1,0,0,0,0,0,0,0,0,0
3,2018,4,0,4,5,3,2,0,1,0,0,0,1,0,0,0,1,1
1,2018,8,16,6,5,2,0,1,1,0,0,0,0,0,0,0,1,0
12,2019,10,21,7,4,6,2,0,1,0,0,0,0,0,0,0,1,1
3,2020,3,18,3,5,3,2,1,1,0,0,0,0,1,1,1,0,0
6,2019,1,17,4,0,1,2,0,0,0,1,0,0,1,0,0,1,1
11,2021,3,14,2,5,3,0,0,1,0,0,0,0,0,0,2,0,0
1,2018,9,10,4,0,3,0,1,1,0,0,0,0,0,0,0,0,0
12,2021,10,14,6,6,4,0,0,1,1,0,0,0,0,0,1,1,0
10,2019,1,13,2,5,2,0,0,1,0,0,0,0,0,0,0,1,0
7,2020,6,11,6,2,6,0,0,1,0,0,0,0,0,0,1,1,0
1,2020,11,10,5,0,1,0,0,0,0,1,0,0,1,1,2,0,0
1,2018,8,12,4,2,7,0,0,1,0,1,0,0,0,0,0,1,0
4,2019,4,12,7,6,4,0,1,0,1,0,0,0,0,0,0,1,1
8,2019,3,13,3,6,2,0,0,1,1,0,0,0,0,0,0,0,0
12,2021,9,17,6,2,6,0,0,1,0,1,0,0,0,0,1,0,0
4,2019,5,9,4,3,6,0,0,1,0,0,0,0,0,0,0,0,0
5,2019,7,14,5,5,3,0,0,1,0,1,0,0,0,0,0,2,0
6,2021,8,19,3,5,3,0,1,1,0,0,0,0,0,0,1,1,0
11,2021,10,13,6,2,6,0,0,1,0,0,0,0,1,0,1,1,0
5,2018,12,16,5,6,2,2,0,1,1,0,0,0,1,0,0,1,0
7,2018,2,0,7,2,3,2,0,1,0,0,0,0,0,0,0,1,0
11,2020,10,18,4,1,5,1,1,1,0,0,0,0,1,1,1,1,0
1,2019,10,18,7,1,5,2,0,1,0,0,0,1,0,0,0,1,0
4,2019,5,17,6,2,6,0,0,1,0,0,0,0,0,0,0,0,1
11,2020,6,12,5,6,4,0,0,1,1,0,0,0,0,0,1,1,0
2,2018,5,18,3,5,3,0,1,1,0,0,0,0,0,0,0,0,0
2,2020,2,19,3,3,6,2,1,1,0,0,0,0,0,0,0,1,0
4,2021,4,18,3,5,3,0,1,0,0,1,0,0,1,1,2,1,1
3,2021,8,7,2,2,6,0,0,1,0,1,0,0,1,0,1,1,0
4,2019,12,12,7,5,7,0,0,1,0,1,0,0,0,0,0,1,0
6,2020,7,10,2,2,6,0,0,1,0,0,0,0,0,0,1,2,0
6,2020,5,13,2,5,3,0,0,1,0,0,0,0,0,1,1,0,0
3,2019,12,14,6,0,1,0,1,0,0,0,0,0,1,0,0,1,1
1,2018,3,13,2,0,1,0,1,0,0,0,0,0,1,0,0,1,0
6,2021,9,13,4,2,6,0,0,1,0,1,0,0,1,0,1,0,1
3,2019,10,18,4,3,6,1,0,1,0,1,0,0,1,0,0,1,0
1,2021,10,19,7,1,5,2,1,1,0,0,0,0,0,0,1,1,0
1,2019,12,17,5,2,6,2,0,1,0,0,0,1,0,0,0,1,0
8,2018,8,14,4,1,6,0,0,1,0,1,0,0,0,0,0,1,0
9,2020,10,17,3,0,3,2,1,0,0,0,0,1,0,1,1,1,0
6,2019,6,14,6,2,6,0,0,1,0,0,1,0,0,0,0,1,0
4,2020,11,7,7,1,5,0,0,0,0,0,1,1,1,1,2,0,0
6,2021,9,15,7,0,3,0,0,0,0,1,0,0,0,0,1,0,0
3,2018,11,13,5,5,3,0,0,1,0,0,0,1,0,0,0,0,1
7,2021,5,18,1,5,2,0,1,1,0,0,0,0,0,1,2,1,0
1,2020,3,9,1,5,2,0,1,1,0,0,0,0,0,1,1,0,0
12,2019,4,14,4,0,2,0,1,0,0,0,0,1,0,0,0,1,0
9,2018,3,10,3,0,7,0,1,0,0,0,0,0,0,0,0,1,0
2,2018,10,5,4,0,1,2,0,0,0,1,0,0,1,0,0,1,0
2,2020,2,16,1,2,6,2,0,1,0,0,0,0,1,0,0,1,0
4,2021,1,7,2,1,5,2,1,1,0,0,0,0,1,1,2,0,0
2,2018,11,10,7,5,2,0,1,1,0,0,0,0,0,0,0,0,0
1,2018,10,12,5,3,6,0,0,1,0,0,1,0,1,0,0,1,0
4,2021,6,17,1,6,7,0,0,0,1,0,0,1,0,0,1,1,0
9,2021,6,22,3,4,1,2,1,1,0,0,0,0,0,0,1,1,0
2,2020,3,22,4,2,6,2,0,1,0,0,0,0,0,1,1,0,0
9,2021,10,13,2,2,6,0,0,0,0,1,0,1,0,0,1,1,0
12,2021,3,16,5,5,2,0,1,0,0,0,0,1,0,0,2,0,0
1,2018,6,7,3,5,3,0,1,1,0,0,0,0,0,0,0,0,1
12,2019,11,10,5,5,2,0,1,1,0,0,0,0,0,0,0,0,0
11,2018,10,16,4,2,2,0,1,1,0,0,0,0,0,0,0,1,0
2,2021,3,17,4,5,2,0,1,1,0,0,0,0,0,0,2,0,0
2,2018,5,12,6,5,3,0,1,0,0,0,0,0,0,0,0,0,0
12,2021,1,9,2,6,4,0,0,1,1,0,0,0,1,1,2,0,0
4,2020,7,12,5,6,4,0,1,0,1,0,0,0,0,0,1,2,0
2,2018,10,15,7,2,6,0,0,1,0,0,0,1,0,0,0,1,0
12,2019,3,21,7,5,3,2,0,1,0,0,0,0,0,0,0,0,0
7,2020,10,18,2,5,2,1,0,1,0,0,0,0,1,1,1,1,0
1,2020,11,15,6,2,6,0,0,1,0,0,0,0,0,1,2,0,0
8,2018,5,16,7,0,2,0,0,1,0,0,0,1,0,0,0,0,0
10,2020,10,16,5,5,3,0,1,1,0,0,0,0,1,1,1,1,0
2,2018,12,7,3,6,4,1,0,1,1,0,0,0,1,0,0,1,0
2,2021,4,18,6,0,1,1,1,0,0,0,0,0,0,1,2,1,0
9,2019,5,16,1,6,7,0,0,0,1,1,0,0,0,0,0,0,0
3,2018,7,17,3,5,3,0,1,1,0,0,0,0,0,0,0,2,0
1,2020,10,9,3,5,2,0,1,1,0,0,0,0,0,1,1,1,0
8,2021,8,11,5,5,3,0,0,1,0,0,0,0,0,0,1,1,1
12,2018,4,17,3,2,6,0,0,1,0,0,0,0,0,0,0,1,0
6,2018,8,13,5,1,5,0,1,0,0,0,0,1,0,0,0,1,0
11,2018,5,8,3,1,5,0,0,1,0,0,0,1,0,0,0,0,0
2,2020,5,9,1,5,3,0,1,1,0,0,0,0,0,1,1,0,0
6,2019,4,18,6,5,5,0,1,1,0,0,0,0,0,0,0,1,0
4,2019,8,6,6,5,3,0,0,1,0,1,0,0,0,0,0,0,0
10,2020,2,15,2,5,3,0,1,1,0,0,0,0,1,0,0,1,1
4,2018,2,21,4,6,7,2,0,1,1,0,0,0,0,0,0,1,0
5,2021,1,16,3,9,1,2,0,1,0,0,0,0,1,1,2,0,1
6,2020,6,6,2,0,6,0,1,1,0,0,0,0,0,0,1,1,0
6,2019,9,8,3,1,5,0,1,1,0,0,0,0,0,0,0,0,1
6,2018,9,13,2,2,1,0,0,1,0,1,0,0,0,0,0,0,1
4,2020,11,18,4,2,6,2,0,1,0,0,0,0,0,1,2,0,0
1,2021,10,11,5,6,4,0,0,1,1,0,0,0,0,0,1,1,0
9,2020,10,16,2,3,6,0,0,1,0,0,0,0,1,1,1,1,0
9,2021,6,15,4,5,2,0,1,1,0,0,0,0,0,0,1,1,0
1,2020,9,9,4,5,2,0,1,1,0,0,0,0,0,0,1,0,0
11,2021,6,13,2,0,6,0,1,0,0,1,0,0,0,0,1,1,0
2,2018,9,15,6,5,3,0,1,1,0,0,0,0,0,0,0,0,0
8,2020,8,5,6,1,7,1,0,1,0,0,0,0,0,0,1,1,0
2,2018,1,21,1,6,2,2,0,1,1,0,0,0,0,0,0,0,0
1,2018,11,11,5,1,5,0,1,1,0,0,0,0,0,0,0,0,0
5,2021,6,14,4,2,6,0,0,1,0,0,0,0,1,0,1,1,0
9,2020,3,16,5,5,2,0,0,1,0,0,0,0,0,1,1,0,0
7,2021,4,16,4,0,6,0,0,0,0,1,0,0,1,1,2,1,0
4,2018,10,9,4,1,5,0,1,0,0,0,1,0,0,0,0,1,0
7,2020,3,8,5,3,6,0,1,1,0,0,0,0,0,1,1,0,0
3,2021,12,14,3,5,2,0,0,1,0,0,0,0,0,1,2,1,0
1,2019,8,16,6,1,5,0,0,1,0,0,0,1,0,0,0,0,1
8,2021,12,16,3,5,7,2,0,1,0,0,0,0,1,1,2,1,0
3,2020,9,13,5,4,5,0,0,0,0,0,0,1,0,0,1,0,0
11,2019,6,1,1,0,1,2,0,0,0,1,0,0,0,0,0,1,0
10,2018,2,6,6,0,1,1,1,0,0,0,0,0,2,0,0,1,0
4,2021,5,2,2,5,5,2,0,1,0,0,0,0,0,1,2,1,0
6,2020,9,19,5,5,2,1,1,1,0,0,0,0,0,0,1,0,0
4,2019,4,15,6,3,6,0,0,1,0,1,0,0,0,0,0,1,0
1,2020,3,20,7,2,2,2,0,1,0,0,0,0,0,1,1,0,0
3,2019,7,22,4,0,3,2,0,1,0,1,0,0,0,0,0,2,0
1,2021,11,18,7,6,4,2,0,0,1,1,0,0,1,0,2,0,0
12,2021,4,15,4,6,4,0,0,1,1,0,0,0,0,1,2,1,0
7,2019,8,17,7,5,3,0,1,1,0,0,0,0,0,0,0,0,0
10,2021,11,14,3,0,7,0,0,0,0,1,1,0,1,0,2,0,0
11,2018,10,10,7,6,7,0,0,1,1,0,0,0,0,0,0,1,0
11,2019,7,22,7,5,2,2,1,1,0,0,0,0,1,0,0,2,0
4,2018,9,15,4,0,1,0,1,0,0,0,0,0,0,0,0,0,0
1,2018,10,8,2,5,1,0,0,1,0,1,0,0,0,0,0,1,0
4,2021,9,10,5,2,2,0,0,1,0,1,0,0,0,0,1,0,0
8,2020,6,17,2,1,7,0,0,1,0,0,0,0,0,0,1,1,0
6,2021,9,14,1,3,6,0,1,1,0,0,0,0,0,0,1,0,0
12,2021,2,20,3,5,3,2,0,1,0,0,0,0,1,1,2,1,0
3,2020,9,10,3,5,2,0,1,0,0,0,0,1,0,0,1,0,1
4,2018,1,14,3,2,6,0,0,1,0,0,0,0,1,0,0,0,0
9,2018,1,15,5,5,2,1,1,0,0,0,0,1,1,0,0,0,0
1,2019,7,13,3,5,7,0,0,1,0,1,0,0,0,0,0,2,1
12,2021,7,8,2,2,6,0,0,1,0,0,0,0,1,0,1,2,0
7,2018,3,0,7,5,2,2,0,1,0,0,0,1,0,0,0,1,0
5,2019,4,12,3,2,6,0,0,1,0,0,0,0,0,0,0,1,0
1,2018,9,17,4,0,3,0,0,1,0,1,0,0,0,0,0,0,0
2,2021,10,14,4,3,6,0,0,1,0,0,0,0,0,0,1,1,0
3,2018,3,15,4,5,3,0,1,1,0,0,0,0,1,0,0,1,0
11,2021,4,9,3,0,2,0,0,1,0,0,0,1,0,1,2,1,0
3,2019,10,17,7,5,7,0,0,1,0,0,0,1,0,0,0,1,0
9,2018,3,17,6,9,7,0,0,1,0,0,0,1,0,0,0,1,1
2,2018,4,8,3,3,6,0,1,1,0,0,0,0,0,0,0,1,0
4,2021,4,14,4,5,2,0,1,1,0,0,0,0,0,1,2,1,0
8,2021,10,11,6,1,5,0,1,0,0,0,1,0,0,0,1,1,0
12,2020,4,8,5,0,3,0,1,0,0,0,0,1,0,1,2,1,0
3,2019,12,12,5,5,3,0,0,1,0,0,0,0,0,0,0,1,0
3,2020,8,19,1,2,6,0,0,1,0,0,0,0,0,0,1,1,1
6,2018,10,15,5,2,6,0,0,1,0,0,0,0,0,0,0,1,0
8,2020,1,17,2,6,7,2,1,0,1,0,0,0,0,0,0,1,0
7,2018,2,16,3,6,4,0,0,1,1,0,0,0,0,0,0,1,0
8,2020,2,19,6,5,5,2,0,1,0,0,0,0,0,0,0,1,0
7,2020,5,12,6,1,5,0,1,1,0,0,0,0,0,1,1,0,0
6,2020,7,9,4,0,4,0,0,0,1,0,0,1,0,0,1,2,0
7,2019,11,12,3,2,2,0,0,1,0,0,0,0,0,0,0,0,0
12,2018,6,9,2,2,6,0,0,1,0,1,0,0,0,0,0,0,0
11,2018,7,5,4,0,1,0,0,0,0,1,0,0,1,0,0,2,0
8,2019,7,12,3,5,7,0,0,1,0,1,0,0,0,0,0,2,0
6,2020,3,20,7,6,6,2,0,1,1,0,0,0,0,1,1,0,0
1,2019,7,17,5,5,7,0,1,0,0,0,0,1,0,0,0,2,0
4,2020,10,16,5,2,6,0,0,1,0,0,0,0,0,1,1,1,0
1,2019,5,19,5,2,6,0,0,1,0,0,0,0,1,0,0,0,0
7,2018,3,17,1,5,2,0,1,1,0,0,0,0,0,0,0,1,0
2,2018,11,19,4,1,5,2,0,1,0,0,0,1,0,0,0,0,0
3,2021,7,14,5,0,7,0,0,0,0,0,0,1,0,0,1,2,0
10,2019,8,15,5,2,6,0,0,1,0,0,0,0,0,0,0,0,0
1,2018,4,16,6,5,2,0,0,1,0,1,0,0,0,0,0,1,0
11,2021,11,13,5,5,3,0,1,1,0,0,0,0,0,0,2,0,0
6,2019,5,16,1,5,3,0,0,1,0,0,0,0,0,0,0,0,0
1,2018,10,20,1,1,1,2,0,1,0,0,0,0,1,0,0,1,0
3,2019,5,8,6,3,6,0,1,1,0,0,0,0,0,0,0,0,0
8,2019,4,9,4,2,7,0,0,0,0,1,0,1,0,0,0,1,0
2,2019,4,19,2,2,6,0,1,1,0,0,0,0,0,0,0,1,0
10,2018,10,13,3,5,2,0,1,1,0,0,0,0,0,0,0,1,0
1,2020,12,12,3,5,5,0,0,1,0,0,0,0,0,1,2,1,0
8,2020,8,16,4,5,2,0,0,1,0,1,0,0,0,0,1,1,1
11,2020,10,19,3,5,2,2,1,0,0,1,0,0,0,1,1,1,0
1,2018,9,12,7,5,3,0,0,1,0,1,0,0,0,0,0,0,1
6,2021,2,17,2,0,1,2,0,0,0,1,0,0,0,1,2,1,0
7,2021,4,13,4,2,6,0,0,1,0,0,0,0,0,1,2,1,0
7,2020,9,12,3,1,7,0,0,1,0,0,0,0,0,0,1,0,0
2,2018,11,6,5,2,3,1,1,1,0,0,0,0,0,0,0,0,0
10,2020,11,5,5,5,2,2,1,1,0,0,0,0,0,1,2,0,0
1,2020,7,18,1,2,6,0,0,1,0,1,0,0,0,0,1,2,0
4,2020,10,6,5,3,6,0,0,1,0,0,1,0,0,1,1,1,0
12,2019,12,17,7,5,2,2,0,1,0,1,0,0,1,0,0,1,1
3,2019,11,15,2,5,2,0,1,1,0,0,0,0,0,0,0,0,0
3,2021,12,0,3,1,5,2,0,1,0,0,0,1,0,1,2,1,0
8,2019,5,15,4,5,3,0,1,1,0,0,0,0,0,0,0,0,0
1,2021,5,20,4,2,6,1,0,1,0,0,0,0,0,1,2,1,0
5,2020,6,13,6,5,2,0,0,1,0,0,0,0,0,0,1,1,1
4,2018,6,8,2,5,2,0,1,0,0,0,0,1,0,0,0,0,0
12,2018,8,18,3,0,1,0,0,0,0,1,0,0,0,0,0,1,0
6,2020,11,17,2,5,3,2,0,1,0,0,0,0,0,1,2,0,0
1,2021,7,11,5,0,7,0,1,0,0,0,0,0,0,0,1,2,0
9,2020,9,0,3,2,6,2,0,1,0,1,0,0,0,0,1,0,0
5,2021,4,8,6,5,2,0,1,1,0,0,0,0,0,1,2,1,1
3,2019,5,16,5,5,3,0,0,1,0,0,0,0,0,0,0,0,0
4,2018,6,17,4,2,6,0,0,1,0,0,0,0,0,0,0,0,0
6,2020,7,15,5,1,5,0,1,1,0,0,0,0,1,0,1,2,0
7,2018,8,14,6,0,3,0,0,1,0,0,0,1,0,0,0,1,0
2,2018,2,13,7,2,2,0,0,1,0,0,0,0,0,0,0,1,0
1,2019,6,13,4,5,2,0,0,1,0,0,0,0,0,0,0,1,0
3,2018,8,15,5,2,6,0,0,1,0,0,0,0,0,0,0,1,0
1,2020,2,14,7,2,6,0,0,1,0,0,0,0,0,0,0,1,0
11,2019,7,13,7,0,1,0,1,0,0,0,0,0,0,0,0,2,0
8,2019,3,16,3,6,7,0,0,1,1,0,0,0,0,0,0,0,1
7,2019,5,16,4,5,2,0,0,1,0,1,0,0,0,0,0,0,0
8,2018,5,15,3,5,3,0,0,1,0,0,0,0,0,0,0,0,0
7,2021,2,18,3,5,3,2,0,1,0,0,0,0,1,1,2,1,0
3,2020,3,15,3,5,3,0,0,1,0,0,0,0,0,1,1,0,0
3,2020,2,17,2,6,2,2,0,1,1,0,0,0,1,0,0,1,0
2,2020,11,10,2,2,6,0,0,1,0,0,0,1,1,1,2,0,0
7,2020,8,12,4,1,5,0,1,1,0,0,0,0,0,0,1,1,0
4,2021,4,13,4,5,5,0,0,1,0,1,0,0,0,1,2,1,1
12,2020,11,7,3,2,6,2,0,1,0,0,0,0,1,1,2,0,0
7,2018,1,9,3,6,4,0,0,1,1,0,0,0,1,0,0,0,0
1,2018,5,8,6,6,4,0,1,0,1,0,0,0,0,0,0,0,1
8,2019,8,9,5,5,2,0,1,1,0,0,0,0,0,0,0,0,0
3,2020,6,16,5,6,4,0,0,1,1,0,0,0,0,0,1,1,0
1,2020,7,14,7,2,6,0,0,1,0,0,0,0,0,0,1,2,0
4,2020,7,19,3,5,2,0,1,1,0,0,0,0,0,0,1,2,1
1,2020,7,14,3,3,2,0,1,1,0,0,0,0,0,0,1,2,0
9,2020,10,16,4,5,3,0,1,1,0,0,0,0,1,1,1,1,0
4,2020,4,12,2,5,3,0,1,1,0,0,0,0,0,1,2,1,0
4,2018,6,13,6,3,6,0,0,1,0,0,1,0,0,0,0,0,0
3,2021,9,15,5,5,7,0,0,1,0,1,0,0,0,0,1,0,0
1,2019,12,11,7,2,6,0,0,1,0,1,0,0,1,0,0,1,0
4,2019,3,14,5,6,4,0,0,1,1,0,0,0,1,0,0,0,1
1,2019,7,12,5,5,3,0,0,1,0,1,0,0,0,0,0,2,1
7,2020,6,20,5,2,6,1,0,1,0,0,0,1,0,0,1,1,0
3,2021,3,17,2,3,2,1,0,1,0,1,0,0,0,0,2,0,1
2,2019,10,17,6,5,3,1,1,1,0,0,0,0,1,0,0,1,0
8,2019,2,8,6,6,4,0,0,1,1,0,0,0,0,0,0,1,0
4,2018,4,16,3,5,2,0,1,1,0,0,0,0,0,0,0,1,0
2,2018,9,9,5,5,3,0,1,0,0,0,0,0,1,0,0,0,0
11,2019,1,19,3,1,5,2,1,1,0,0,0,0,1,0,0,1,0
2,2018,2,12,4,5,2,0,0,1,0,0,0,0,0,0,0,1,0
1,2021,7,22,6,2,6,2,0,1,0,1,0,0,0,0,1,2,0
6,2019,9,19,2,2,6,1,0,1,0,0,0,0,1,0,0,0,0
4,2021,3,12,6,5,3,0,0,1,0,0,0,0,0,0,2,0,1
3,2020,5,16,4,6,4,0,0,1,1,0,0,0,0,1,1,0,1
5,2019,10,18,3,5,2,0,0,1,0,0,0,0,0,0,0,1,0
2,2021,6,21,2,5,3,1,1,1,0,0,0,0,0,0,1,1,0
10,2021,10,13,3,1,5,0,0,1,0,0,0,0,1,0,1,1,0
4,2018,5,16,5,2,6,0,1,1,0,0,0,0,0,0,0,0,0
12,2021,9,12,4,1,5,0,0,1,0,0,0,0,0,0,1,0,0
1,2020,9,12,7,5,3,0,1,1,0,0,0,0,1,0,1,0,0
4,2020,10,15,5,5,2,0,0,1,0,0,0,0,0,1,1,1,0
1,2021,11,16,7,3,6,2,0,1,0,1,0,0,1,0,2,0,0
9,2021,6,16,2,0,2,0,1,1,0,0,0,0,0,0,1,1,0
7,2019,11,13,4,1,5,0,1,1,0,0,0,0,1,0,0,0,0
3,2019,5,8,4,5,2,0,1,1,0,0,0,0,0,0,0,0,0
4,2019,3,7,3,3,6,0,0,1,0,1,0,0,0,0,0,0,0
5,2021,6,6,3,3,6,0,0,1,0,1,0,0,0,0,1,1,1
2,2021,8,21,3,5,3,2,1,1,0,0,0,0,0,0,1,1,0
12,2021,9,11,4,5,3,0,0,1,0,1,0,0,0,0,1,0,1
1,2021,9,6,3,0,2,0,1,1,0,0,0,0,0,0,1,0,0
4,2019,7,18,2,1,7,0,1,1,0,0,0,0,0,0,0,2,0
10,2018,9,18,5,9,1,1,0,1,0,0,0,0,1,0,0,0,0
1,2018,8,8,4,5,2,0,0,1,0,1,0,0,0,0,0,1,0
6,2019,5,7,2,6,4,0,1,0,1,0,0,0,0,0,0,0,0
8,2019,1,16,4,5,2,2,0,1,0,0,0,0,0,0,0,1,0
9,2019,9,9,6,5,2,0,0,1,0,0,0,0,1,0,0,0,1
8,2019,9,14,2,6,2,0,0,1,1,0,0,0,1,0,0,0,0
2,2020,8,11,7,2,6,0,1,1,0,0,0,0,0,0,1,1,0
1,2019,11,12,2,5,2,0,0,1,0,1,0,0,1,0,0,0,1
11,2021,2,12,1,3,6,0,0,1,0,0,0,1,2,1,2,1,0
9,2020,12,13,4,5,3,0,0,1,0,0,0,1,0,1,2,1,0
1,2018,11,17,6,2,6,2,0,1,0,0,0,1,0,0,0,0,0
6,2018,11,8,5,5,3,0,1,1,0,0,0,0,0,0,0,0,0
2,2020,11,22,1,2,7,2,1,0,0,0,0,1,0,1,2,0,0
2,2019,1,10,3,5,3,1,1,1,0,0,0,0,1,0,0,1,0
8,2021,9,20,6,5,7,2,0,1,0,1,0,0,0,0,1,0,0
3,2020,6,21,6,0,2,1,1,1,0,0,0,0,0,0,1,1,0
3,2020,11,8,5,4,6,0,1,0,0,0,0,0,0,1,2,0,1
4,2019,7,10,3,6,4,0,0,1,1,0,0,0,0,0,0,2,0
7,2019,9,22,5,5,2,2,0,1,0,0,0,0,0,0,0,0,0
9,2020,4,19,4,5,2,0,1,1,0,0,0,0,0,1,2,1,1
8,2019,5,6,3,5,3,0,0,1,0,0,0,0,0,0,0,0,0
1,2019,9,14,2,5,3,0,0,1,0,1,0,0,0,0,0,0,0
8,2020,10,20,2,3,6,2,0,1,0,0,0,0,0,1,1,1,0
5,2020,11,16,5,0,1,2,1,0,0,0,0,0,1,1,2,0,0
4,2018,9,14,3,1,5,0,1,1,0,0,0,0,0,0,0,0,0
6,2018,5,10,6,5,3,0,1,1,0,0,0,0,0,0,0,0,0
5,2021,4,15,3,2,6,0,0,1,0,0,0,0,0,1,2,1,0
3,2020,9,9,2,1,5,0,0,1,0,1,0,0,0,0,1,0,0
4,2019,6,14,6,6,7,0,0,1,1,0,0,0,0,0,0,1,1
1,2021,6,9,6,5,3,0,0,1,0,0,0,0,0,0,1,1,0
7,2021,6,10,6,5,2,0,0,1,0,0,0,0,0,0,1,1,0
1,2020,6,19,6,4,3,0,1,0,0,0,0,1,1,0,1,1,0
4,2019,10,19,3,9,1,2,0,1,0,0,0,0,0,0,0,1,0
11,2018,7,18,3,5,2,0,1,1,0,0,0,0,0,0,0,2,0
5,2020,5,16,7,0,7,0,1,0,0,0,0,0,0,1,1,0,0
1,2019,5,11,7,3,6,0,1,0,0,0,0,0,0,0,0,0,0
6,2020,5,15,4,5,2,0,1,1,0,0,0,0,0,1,1,0,0
1,2020,11,13,5,0,2,0,1,0,0,1,0,0,0,1,2,0,0
11,2021,7,17,5,2,6,0,0,1,0,0,0,0,1,0,1,2,0
4,2018,4,15,7,5,2,0,1,1,0,0,0,0,1,0,0,1,0
2,2020,8,9,2,5,2,0,1,1,0,0,0,0,0,0,1,1,1
8,2019,12,9,3,5,2,0,0,1,0,0,0,0,1,0,0,1,0
4,2019,6,7,3,1,5,0,1,1,0,0,0,0,0,0,0,1,1
8,2018,9,13,7,1,5,0,1,1,0,0,0,0,0,0,0,0,0
4,2018,1,11,5,2,6,0,0,1,0,0,0,0,0,0,0,0,0
1,2020,9,13,6,5,2,0,1,1,0,0,0,0,1,0,1,0,0
3,2020,5,18,1,0,1,0,0,0,0,1,0,0,1,1,1,0,1
1,2021,11,16,2,0,7,1,0,0,0,0,0,1,1,0,2,0,1
11,2020,9,16,4,0,1,0,1,0,0,0,0,0,0,0,1,0,1
8,2018,7,15,5,8,1,0,0,0,0,1,0,0,0,0,0,2,0
8,2020,5,12,5,2,6,0,0,1,0,0,0,1,0,1,1,0,0
1,2021,10,10,7,2,6,0,0,1,0,0,0,1,1,0,1,1,0