BEZ,UJAHR,UMONAT,USTUNDE,UWOCHENTAG,UART,UTYP1,ULICHTVERH,IstRad,IstPKW,IstFuss,IstKrad,IstGkfz,IstSonstige,USTRZUSTAND,LOCKDOWN,COVID,FERIEN,UKATEGORIE
4,2019,12,19,4,2,7,2,0,1,0,0,0,0,1,0,0,1,0
12,2019,7,13,2,3,6,0,0,1,0,0,0,0,0,0,0,2,0
12,2018,7,17,3,3,6,0,0,1,0,0,0,0,0,0,0,2,0
8,2020,12,19,1,5,3,2,0,1,0,0,0,0,0,1,2,1,0
3,2021,5,7,2,5,3,0,0,1,0,1,0,0,0,1,2,1,0
1,2018,9,16,4,6,7,0,1,0,1,0,0,0,0,0,0,0,0
10,2020,10,14,3,0,3,0,0,1,0,0,0,0,0,1,1,1,0
4,2021,4,15,4,3,6,0,0,1,0,1,0,0,0,1,2,1,0
1,2020,4,19,6,5,2,0,1,1,0,0,0,0,0,1,2,1,0
2,2019,7,12,6,0,7,0,1,0,0,0,0,0,0,0,0,2,0
10,2020,11,10,3,0,7,0,0,1,0,0,0,0,0,1,2,0,0
11,2019,12,18,4,5,2,2,0,1,0,1,0,0,0,0,0,1,1
11,2020,4,4,4,5,2,2,0,1,0,1,0,0,0,1,2,1,0
2,2018,1,11,6,6,7,0,1,0,1,0,0,0,1,0,0,0,0
9,2019,10,15,5,3,6,0,0,0,0,0,0,1,0,0,0,1,0
4,2021,8,7,6,2,6,0,1,0,0,0,0,0,0,0,1,1,0
4,2021,2,23,1,2,6,2,0,1,0,0,0,0,1,1,2,1,0
5,2021,3,13,2,0,6,0,0,1,0,0,0,1,0,0,2,0,0
3,2021,4,9,5,5,3,0,1,1,0,0,0,0,0,1,2,1,0
3,2019,3,12,4,4,6,0,0,1,0,0,0,0,0,0,0,0,1
4,2018,9,11,6,5,2,0,1,1,0,0,0,0,0,0,0,0,0
4,2018,6,7,5,2,6,0,0,1,0,1,0,0,0,0,0,0,0
7,2019,1,23,7,9,1,2,0,1,0,0,0,0,1,0,0,1,1
2,2018,5,8,3,5,2,0,1,0,0,1,0,0,0,0,0,0,0
2,2020,8,12,7,5,2,0,1,1,0,0,0,0,0,0,1,1,0
4,2020,3,16,2,3,6,0,0,1,0,1,0,0,0,1,1,0,1
3,2021,4,23,1,5,2,2,1,1,0,0,0,0,0,1,2,1,0
11,2021,10,6,2,5,3,2,1,1,0,0,0,0,2,0,1,1,0
6,2021,9,14,3,2,6,0,0,1,0,0,0,1,0,0,1,0,0
8,2018,9,17,4,6,4,0,0,1,1,0,0,0,0,0,0,0,0
1,2020,9,21,6,0,2,2,1,0,0,1,0,0,0,0,1,0,0
1,2019,3,16,3,2,6,0,0,1,0,0,0,0,0,0,0,0,0
8,2021,2,20,6,2,7,2,0,1,0,0,0,1,2,1,2,1,0
3,2020,9,12,6,1,5,0,1,0,0,0,0,1,1,0,1,0,0
6,2019,1,9,3,2,6,0,0,1,0,0,0,0,1,0,0,1,0
5,2020,2,12,3,2,6,0,0,1,0,0,0,0,0,0,0,1,0
8,2018,9,14,4,5,3,0,0,1,0,1,0,0,0,0,0,0,0
4,2018,8,7,6,5,7,0,0,1,0,1,0,0,0,0,0,1,0
7,2019,5,14,1,3,6,0,0,1,0,1,0,0,0,0,0,0,0
1,2018,12,22,3,2,6,2,0,1,0,0,0,0,0,0,0,1,1
1,2021,6,17,3,5,3,0,1,1,0,0,0,0,0,0,1,1,0
2,2020,8,15,4,2,2,0,1,0,0,0,0,0,0,0,1,1,1
7,2018,2,16,6,6,4,0,0,1,1,0,0,0,0,0,0,1,0
6,2018,7,12,6,5,2,0,1,1,0,0,0,0,0,0,0,2,0
11,2019,5,14,4,2,6,0,0,0,0,0,1,1,0,0,0,0,0
2,2021,8,10,3,3,6,0,1,0,0,0,0,0,0,0,1,1,1
1,2021,7,19,6,3,6,0,0,1,0,0,0,0,1,0,1,2,0
4,2021,11,19,2,6,4,2,1,0,1,0,0,0,1,0,2,0,0
2,2019,6,13,4,6,4,0,0,1,1,0,0,0,0,0,0,1,0
1,2021,8,10,4,5,3,0,0,1,0,1,0,0,0,0,1,1,0
9,2020,4,10,5,5,3,0,1,1,0,0,0,0,0,1,2,1,0
4,2019,6,19,7,5,2,0,1,1,0,0,0,0,0,0,0,1,1
4,2021,2,9,3,5,2,0,0,1,0,0,0,0,2,1,2,1,0
10,2019,11,7,4,6,2,1,0,1,1,0,0,0,1,0,0,0,0
2,2020,7,8,3,0,7,0,1,0,0,0,0,0,0,0,1,2,0
3,2021,7,10,6,4,6,0,1,0,0,0,0,0,1,0,1,2,0
8,2021,6,13,7,3,6,0,1,0,0,0,0,0,0,0,1,1,0
9,2019,11,14,1,1,7,0,1,0,0,0,0,1,1,0,0,0,0
8,2020,8,9,5,5,3,0,1,1,0,0,0,0,0,0,1,1,0
2,2018,6,14,4,5,3,0,1,1,0,0,0,0,0,0,0,0,0
7,2018,5,20,5,4,7,0,1,0,0,0,0,0,0,0,0,0,1
12,2018,11,11,1,5,3,0,0,1,0,0,0,0,1,0,0,0,0
10,2019,4,9,7,2,2,0,0,1,0,1,0,0,0,0,0,1,0
12,2018,11,17,1,5,2,2,0,1,0,0,0,0,1,0,0,0,0
3,2019,1,7,2,3,6,2,0,1,0,0,1,0,0,0,0,1,0
2,2018,11,19,6,6,4,1,0,1,1,0,0,0,0,0,0,0,1
1,2020,4,21,7,2,6,2,0,1,0,1,0,0,0,1,2,1,0
8,2019,10,19,6,2,3,2,1,1,0,0,0,0,1,0,0,1,0
7,2019,8,19,7,5,7,2,0,1,0,0,0,0,0,0,0,0,0
2,2018,8,13,4,5,3,0,0,0,0,1,0,0,0,0,0,1,0
6,2020,5,19,7,1,5,0,0,1,0,0,0,0,0,1,1,0,0
3,2019,6,22,1,0,7,2,1,0,0,0,0,0,0,0,0,1,0
1,2018,10,10,1,5,3,0,1,1,0,0,0,0,0,0,0,1,0
3,2019,11,17,6,2,6,2,0,1,0,0,0,0,0,0,0,0,0
4,2021,8,17,1,5,2,0,1,1,0,0,0,0,0,0,1,1,0
8,2020,6,17,2,0,3,0,1,1,0,0,0,0,0,0,1,1,0
10,2019,11,17,4,5,2,2,1,1,0,0,0,0,1,0,0,0,0
6,2021,2,18,6,5,3,2,0,1,0,0,0,0,1,1,2,1,0
6,2020,9,15,5,3,6,0,0,0,0,1,0,0,0,0,1,0,0
3,2018,7,10,3,0,3,0,1,1,0,0,0,0,0,0,0,2,1
1,2019,9,9,2,3,6,0,1,1,0,0,0,0,0,0,0,0,0
10,2019,6,11,3,5,5,0,0,1,0,0,0,0,0,0,0,1,0
1,2020,2,22,1,5,3,2,0,1,0,0,0,0,1,0,0,1,0
9,2021,5,12,6,6,7,0,0,1,1,0,0,0,0,1,2,1,0
2,2018,5,13,3,5,3,0,1,1,0,0,0,0,0,0,0,0,0
7,2020,2,8,3,5,2,0,0,1,0,0,0,0,1,0,0,1,0
2,2021,9,13,7,2,6,0,0,1,0,0,0,0,0,0,1,0,0
6,2020,9,14,7,5,7,0,0,1,0,0,0,0,0,0,1,0,0
7,2019,9,20,5,2,6,2,0,1,0,1,0,0,0,0,0,0,0
1,2019,1,13,5,5,2,0,0,1,0,1,0,0,1,0,0,1,0
2,2020,9,15,3,5,3,0,1,0,0,0,0,0,0,0,1,0,0
6,2020,9,17,1,5,2,0,1,1,0,0,0,0,0,0,1,0,0
5,2021,5,23,1,1,5,2,1,1,0,0,0,0,0,1,2,1,0
4,2021,4,12,4,0,5,0,1,1,0,0,0,0,0,1,2,1,1
2,2021,7,16,3,5,3,0,1,1,0,0,0,0,0,0,1,2,0
9,2021,10,21,7,5,3,2,0,1,0,0,0,0,0,0,1,1,0
3,2019,8,20,7,1,5,1,0,1,0,0,0,0,0,0,0,0,0
2,2019,6,12,4,2,6,0,1,1,0,0,0,0,0,0,0,1,0
1,2019,12,16,3,5,2,2,0,1,0,0,0,0,1,0,0,1,0
4,2021,8,10,3,5,2,0,1,1,0,0,0,0,0,0,1,1,0
4,2018,8,21,2,0,7,2,0,0,0,1,0,1,1,0,0,1,0
3,2019,5,8,5,5,2,0,1,0,0,0,0,1,0,0,0,0,0
1,2021,9,13,3,2,6,0,0,1,0,0,0,0,0,0,1,0,0
5,2018,4,8,2,5,2,0,0,1,0,1,0,0,1,0,0,1,1
7,2021,9,18,2,2,6,0,1,1,0,0,0,0,0,0,1,0,0
7,2021,9,15,4,5,2,0,1,1,0,0,0,0,0,0,1,0,0
1,2018,5,15,7,5,2,0,1,1,0,0,0,0,0,0,0,0,0
1,2019,8,22,7,2,6,2,0,1,0,0,0,0,0,0,0,0,0
8,2018,10,17,7,1,5,1,1,1,0,0,0,0,0,0,0,1,0
6,2018,10,18,1,0,1,2,0,0,0,1,0,0,0,0,0,1,1
3,2019,10,17,3,6,4,0,0,1,1,0,0,0,0,0,0,1,0
8,2018,10,12,1,3,6,0,1,1,0,0,0,0,0,0,0,1,1
7,2021,11,8,3,5,3,0,0,0,0,1,0,1,0,0,2,0,1
3,2020,4,22,3,7,7,2,0,0,0,1,0,0,0,1,2,1,0
9,2021,3,11,3,2,6,0,0,1,0,0,0,1,0,0,2,0,0
4,2018,5,9,7,8,1,0,0,0,0,1,0,0,0,0,0,0,1
7,2018,11,6,3,3,6,1,0,0,0,0,1,1,0,0,0,0,0
12,2018,9,15,6,0,3,0,1,0,0,0,0,0,0,0,0,0,0
10,2019,10,10,6,6,4,0,0,1,1,0,0,0,0,0,0,1,0
4,2020,1,16,4,2,6,2,0,1,0,0,0,0,1,0,0,1,0
9,2018,6,13,6,5,3,0,1,1,0,0,0,0,0,0,0,0,0
11,2019,6,10,1,5,3,0,0,1,0,0,1,0,0,0,0,1,0
11,2018,5,15,4,5,2,0,1,1,0,0,0,0,0,0,0,0,0
1,2018,8,11,4,5,2,0,1,1,0,0,0,0,0,0,0,1,0
1,2020,1,18,6,5,5,2,0,1,0,0,0,0,0,0,0,1,0
4,2018,8,16,3,0,4,0,0,0,1,1,0,0,0,0,0,1,0
5,2021,5,17,3,6,2,0,0,1,1,0,0,0,0,1,2,1,1
3,2021,3,12,4,5,2,0,1,1,0,0,0,0,0,0,2,0,0
5,2018,10,14,6,3,6,0,1,1,0,0,0,0,0,0,0,1,1
6,2020,12,19,5,6,4,2,0,1,1,0,0,0,1,1,2,1,1
2,2018,9,16,5,5,3,0,1,1,0,0,0,0,0,0,0,0,0
12,2019,6,11,7,0,7,0,0,1,0,0,0,1,0,0,0,1,1
10,2021,12,9,5,4,1,0,0,1,0,0,1,0,2,1,2,1,1
5,2018,9,15,4,6,4,0,0,1,1,0,0,0,0,0,0,0,1
6,2020,5,0,7,2,6,2,0,1,0,0,0,0,0,1,1,0,0
7,2021,4,1,1,5,2,2,0,1,0,0,0,0,1,1,2,1,0
5,2021,5,5,2,5,2,1,1,1,0,0,0,0,1,1,2,1,1
4,2021,11,19,5,1,5,2,1,1,0,0,0,0,1,0,2,0,0
4,2020,6,19,2,1,5,0,1,1,0,0,0,0,0,0,1,1,0
9,2021,9,19,1,1,5,1,1,1,0,0,0,0,0,0,1,0,0
12,2021,10,10,7,5,2,0,0,1,0,0,0,0,0,0,1,1,1
2,2019,12,21,3,6,4,2,0,1,1,0,0,0,0,0,0,1,0
6,2018,1,8,4,2,6,0,0,1,0,0,0,0,1,0,0,0,0
1,2018,11,11,6,5,3,0,1,1,0,0,0,0,0,0,0,0,0
5,2018,11,21,3,5,3,2,0,1,0,0,0,0,0,0,0,0,0
4,2020,1,12,2,6,3,0,0,1,1,0,0,0,0,0,0,1,0
3,2021,6,15,5,1,5,0,0,1,0,1,0,0,0,0,1,1,0
12,2021,11,17,5,6,4,2,0,0,1,0,0,1,1,0,2,0,0
4,2021,6,15,3,2,6,0,0,1,0,1,0,0,0,0,1,1,0
7,2019,12,17,6,6,4,2,0,1,1,0,0,0,1,0,0,1,1
11,2019,9,14,3,5,3,0,1,1,0,0,0,0,1,0,0,0,0
9,2018,6,19,4,5,3,0,1,1,0,0,0,0,0,0,0,0,0
10,2018,2,18,4,2,6,0,0,1,0,0,0,0,0,0,0,1,0
3,2020,1,11,3,5,3,0,1,1,0,0,0,0,0,0,0,1,0
3,2018,8,7,6,5,3,0,1,0,0,0,0,0,0,0,0,1,0
1,2019,4,16,2,2,6,0,0,1,0,0,0,0,0,0,0,1,0
8,2021,9,15,4,5,3,0,1,1,0,0,0,0,1,0,1,0,0
11,2019,2,5,6,5,3,2,0,1,0,0,0,0,0,0,0,1,0
12,2019,12,16,5,6,4,1,0,1,1,0,0,0,1,0,0,1,0
6,2020,3,12,1,4,6,0,0,1,0,1,0,0,0,1,1,0,1
1,2018,6,10,5,5,2,0,1,0,0,0,0,1,0,0,0,0,0
5,2018,10,9,2,5,3,0,1,1,0,0,0,0,0,0,0,1,0
4,2020,7,10,4,2,6,0,0,1,0,0,0,0,0,0,1,2,0
4,2018,7,17,5,5,2,0,1,1,0,0,0,0,0,0,0,2,0
7,2019,4,8,4,5,2,0,1,1,0,0,0,0,0,0,0,1,0
2,2019,5,19,6,0,6,0,0,1,0,0,0,1,0,0,0,0,0
5,2019,7,12,7,5,2,0,0,1,0,0,0,0,0,0,0,2,1
10,2021,8,14,7,2,6,0,0,1,0,0,0,0,0,0,1,1,0
3,2019,4,11,1,5,3,0,0,1,0,0,0,0,1,0,0,1,0
4,2018,1,18,3,2,6,2,0,1,0,1,0,0,0,0,0,0,0
2,2018,8,7,3,0,2,0,1,1,0,0,0,0,0,0,0,1,0
12,2019,10,1,3,9,1,2,0,1,0,0,0,0,0,0,0,1,1
7,2019,5,9,6,6,4,0,0,1,1,0,0,0,0,0,0,0,1
1,2018,6,14,7,5,2,0,0,1,0,1,0,0,0,0,0,0,0
1,2021,1,20,6,0,7,2,0,1,0,0,0,0,0,1,2,0,0
4,2021,9,15,3,5,3,0,0,1,0,0,0,0,0,0,1,0,0
1,2021,9,16,3,6,7,0,0,0,1,0,0,1,0,0,1,0,0
7,2018,1,6,4,5,2,2,1,1,0,0,0,0,1,0,0,0,0
10,2018,9,11,3,5,2,0,1,1,0,0,0,0,0,0,0,0,0
1,2019,6,20,6,2,6,0,0,1,0,1,0,0,0,0,0,1,0
12,2019,9,12,6,2,6,0,0,1,0,1,0,0,0,0,0,0,1
6,2019,1,0,7,1,5,2,0,0,0,1,1,0,1,0,0,1,0
10,2019,8,21,1,0,1,2,1,0,0,0,0,0,0,0,0,0,1
10,2021,9,5,2,3,6,2,0,1,0,1,0,0,0,0,1,0,1
7,2020,1,15,6,6,7,0,1,0,1,0,0,0,0,0,0,1,0
3,2018,9,9,5,5,3,0,0,1,0,0,0,0,0,0,0,0,0
7,2019,8,8,6,0,7,0,0,0,1,0,0,1,0,0,0,0,0
7,2019,12,17,5,6,4,2,0,1,1,0,0,0,1,0,0,1,1
4,2018,4,10,4,3,6,0,1,0,0,0,0,1,0,0,0,1,0
2,2018,12,0,5,0,3,2,1,1,0,0,0,0,0,0,0,1,0
4,2019,7,14,2,3,6,0,0,1,0,0,0,0,0,0,0,2,0
4,2020,6,17,3,2,6,0,0,1,0,1,0,0,0,0,1,1,0
9,2019,2,11,6,4,2,0,0,1,0,0,0,0,0,0,0,1,0
7,2020,7,9,6,5,2,0,1,1,0,0,0,0,0,0,1,2,0
7,2020,8,15,4,5,2,0,1,1,0,0,0,0,0,0,1,1,0
1,2019,8,14,3,5,2,0,1,1,0,0,0,0,0,0,0,0,0
4,2021,9,17,2,2,7,0,1,1,0,0,0,0,0,0,1,0,0
8,2019,4,17,5,2,6,0,0,1,0,1,0,0,0,0,0,1,0
7,2018,4,16,1,2,6,0,0,1,0,0,0,0,0,0,0,1,0
8,2021,2,11,3,6,7,0,0,0,1,0,0,1,0,1,2,1,0
2,2018,7,8,2,3,6,0,1,0,0,0,1,0,0,0,0,2,0
3,2018,11,15,5,5,7,0,0,1,0,1,0,0,0,0,0,0,1
5,2020,2,16,3,2,6,0,0,1,0,1,0,0,0,0,0,1,1
1,2020,8,16,5,3,6,0,1,0,0,1,0,0,0,0,1,1,0
1,2019,10,16,5,1,5,0,1,1,0,0,0,0,1,0,0,1,0
4,2019,8,10,5,5,3,0,0,1,0,0,0,0,0,0,0,0,0
4,2020,1,11,5,5,2,0,0,1,0,0,0,0,0,0,0,1,0
8,2019,3,9,5,6,4,0,0,0,1,1,0,0,0,0,0,0,0
11,2020,10,16,4,0,1,0,1,0,0,0,0,0,1,1,1,1,0
4,2019,11,17,2,5,3,2,0,1,0,0,0,0,1,0,0,0,0
3,2020,3,19,4,5,2,2,1,1,0,0,0,0,0,1,1,0,0
8,2021,4,18,3,6,4,0,0,1,1,0,0,0,0,1,2,1,0
8,2020,2,7,5,2,6,0,0,1,0,0,0,0,0,0,0,1,0
10,2020,3,9,2,5,2,0,1,1,0,0,0,0,0,1,1,0,0
1,2021,10,19,1,8,1,2,0,1,0,0,0,0,1,0,1,1,0
2,2019,6,15,7,1,5,0,1,0,0,0,0,0,0,0,0,1,0
4,2018,5,8,2,2,6,0,1,0,0,0,0,0,0,0,0,0,0
10,2021,2,22,1,0,1,2,0,1,0,1,0,0,0,1,2,1,0
10,2020,5,1,7,0,1,2,1,0,0,0,0,0,0,1,1,0,1
7,2019,10,13,2,5,2,0,1,0,0,0,0,1,0,0,0,1,0
1,2018,12,15,2,0,7,0,1,1,0,0,0,0,1,0,0,1,0
8,2019,10,15,2,0,6,0,1,0,0,0,0,1,0,0,0,1,0
1,2021,12,15,7,0,1,1,1,0,0,0,0,0,1,1,2,1,0
8,2018,10,9,7,5,2,0,1,1,0,0,0,0,0,0,0,1,0
4,2018,9,9,3,6,4,0,0,0,1,1,0,0,0,0,0,0,0
3,2018,7,15,4,0,7,0,1,0,0,0,0,0,0,0,0,2,0
4,2020,8,9,3,2,6,0,0,1,0,0,0,0,0,0,1,1,0
3,2020,8,9,3,3,6,0,1,1,0,0,0,0,0,0,1,1,0
2,2021,2,8,2,5,2,0,1,1,0,0,0,0,0,1,2,1,0
2,2018,6,23,2,1,5,2,1,1,0,0,0,0,0,0,0,0,0
9,2019,3,7,5,5,3,0,0,1,0,0,0,1,1,0,0,0,0
7,2020,3,14,5,2,6,0,0,1,0,0,0,0,0,1,1,0,0
3,2021,1,12,2,5,7,0,1,1,0,0,0,0,2,1,2,0,0
1,2018,11,20,4,2,6,2,0,1,0,1,0,0,1,0,0,0,0
12,2019,4,13,6,2,6,0,0,1,0,0,0,0,0,0,0,1,0
12,2018,1,19,6,2,2,0,0,1,0,0,0,0,0,0,0,0,0
7,2019,4,11,5,5,3,0,1,1,0,0,0,0,0,0,0,1,0
5,2018,4,17,2,2,6,0,1,1,0,0,0,0,0,0,0,1,0
7,2018,5,9,3,5,2,0,1,1,0,0,0,0,0,0,0,0,0
7,2021,8,20,7,6,7,1,0,0,1,0,0,1,0,0,1,1,0
1,2020,9,15,1,5,2,0,1,1,0,0,0,0,0,0,1,0,1
11,2018,4,16,1,0,6,0,1,1,0,0,0,0,0,0,0,1,1
2,2021,3,18,5,1,5,2,1,1,0,0,0,0,0,0,2,0,0
10,2018,4,22,5,5,2,2,0,1,0,0,0,0,0,0,0,1,1
1,2019,9,10,6,2,6,0,0,1,0,0,0,0,0,0,0,0,0
4,2018,7,16,3,4,6,0,1,1,0,0,0,0,0,0,0,2,0
9,2021,10,13,6,0,1,0,0,0,0,1,0,0,0,0,1,1,0
6,2018,10,17,1,6,4,1,0,0,1,0,0,1,1,0,0,1,1
1,2018,4,23,2,1,5,2,1,1,0,0,0,0,0,0,0,1,0
6,2020,8,18,3,5,3,0,1,1,0,0,0,0,0,0,1,1,0
10,2021,3,14,6,5,2,0,1,1,0,0,0,0,1,0,2,0,0
5,2021,5,14,7,5,2,0,1,0,0,0,0,1,0,1,2,1,0
7,2020,6,15,6,1,5,0,0,0,0,0,0,1,0,0,1,1,0
5,2021,8,17,6,5,2,0,0,1,0,0,0,0,0,0,1,1,0
5,2019,1,11,1,1,1,0,0,1,0,1,0,0,1,0,0,1,1
6,2018,3,13,5,0,2,0,0,1,0,0,0,0,0,0,0,1,0
4,2019,7,12,5,1,5,0,1,0,0,0,0,1,0,0,0,2,0
1,2018,11,8,6,1,5,0,1,1,0,0,0,0,0,0,0,0,0
6,2018,8,11,3,5,2,0,0,1,0,1,0,0,0,0,0,1,0
8,2020,7,16,7,2,6,0,0,1,0,0,0,0,0,0,1,2,0
1,2019,9,10,2,6,7,0,0,1,1,0,0,0,0,0,0,0,0
12,2018,11,15,5,2,6,0,0,1,0,0,0,1,0,0,0,0,0
9,2019,6,15,5,2,6,0,0,1,0,0,0,0,0,0,0,1,0
6,2021,9,7,3,1,5,0,1,1,0,0,0,0,0,0,1,0,0
8,2021,1,12,2,5,7,0,0,1,0,0,1,0,1,1,2,0,0
7,2020,11,18,2,2,6,2,0,1,0,0,0,0,1,1,2,0,0
5,2020,2,10,5,5,2,0,0,1,0,0,1,0,1,0,0,1,1
4,2020,10,5,6,1,5,2,1,0,0,0,1,0,1,1,1,1,0
2,2019,8,18,5,0,3,0,0,1,0,1,0,0,0,0,0,0,0
1,2019,11,9,3,6,4,0,1,0,1,0,0,0,1,0,0,0,0
12,2019,7,8,7,5,3,0,0,1,0,1,0,0,0,0,0,2,0
2,2021,6,17,6,5,2,0,0,1,0,1,0,0,0,0,1,1,0
8,2021,6,23,4,1,5,2,1,1,0,0,0,0,0,0,1,1,0
7,2021,7,15,7,2,6,0,0,1,0,0,0,0,0,0,1,2,0
9,2018,11,16,2,2,2,2,0,1,0,0,0,0,1,0,0,0,0
11,2021,4,7,2,3,6,0,1,0,0,0,1,0,0,1,2,1,0
1,2020,3,9,6,2,6,0,0,1,0,0,0,0,0,1,1,0,0
5,2020,9,21,3,5,2,2,0,1,0,0,0,0,0,0,1,0,1
2,2020,4,15,7,2,1,0,1,1,0,0,0,0,0,1,2,1,0
12,2021,10,7,4,2,6,0,0,0,0,1,1,0,1,0,1,1,0
11,2021,12,10,5,5,2,0,1,1,0,0,0,0,0,1,2,1,0
3,2019,9,16,5,6,7,0,1,0,1,0,0,0,0,0,0,0,0
4,2020,2,17,2,2,6,2,1,1,0,0,0,0,1,0,0,1,0
7,2018,5,4,3,5,2,1,1,0,0,0,0,1,0,0,0,0,1
3,2019,4,13,4,8,1,0,0,1,0,0,0,0,0,0,0,1,0
8,2019,7,18,7,5,2,0,0,1,0,1,0,0,0,0,0,2,1
3,2020,10,13,5,5,2,0,1,1,0,0,0,0,0,1,1,1,0
4,2021,6,10,2,3,6,0,1,1,0,0,0,0,0,0,1,1,0
11,2020,6,19,4,5,7,0,1,1,0,0,0,0,0,0,1,1,0
2,2021,8,17,4,5,3,0,1,1,0,0,0,0,0,0,1,1,0
10,2021,5,7,3,2,6,0,0,1,0,0,0,0,0,1,2,1,1
9,2019,8,9,3,5,3,0,0,1,0,0,1,0,0,0,0,0,0
9,2021,6,18,1,5,2,0,1,1,0,0,0,0,0,0,1,1,0
9,2018,7,21,3,1,5,1,1,1,0,0,0,0,0,0,0,2,0
7,2021,9,16,6,2,7,0,0,1,0,0,0,0,0,0,1,0,0
8,2020,4,12,5,0,1,0,1,0,0,0,0,0,0,1,2,1,0
12,2019,7,15,6,2,6,0,0,1,0,0,0,0,0,0,0,2,0
3,2020,9,18,3,0,1,0,1,1,0,0,0,0,0,0,1,0,0
4,2019,2,13,7,6,7,0,0,1,1,0,0,0,0,0,0,1,1
4,2019,10,19,4,6,2,2,0,1,1,0,0,0,0,0,0,1,0
12,2018,1,16,5,2,6,0,0,1,0,0,0,1,1,0,0,0,0
7,2019,5,10,3,1,5,0,1,0,0,0,0,1,0,0,0,0,1
2,2019,7,6,5,5,2,0,0,1,0,0,0,0,0,0,0,2,0
1,2019,7,11,5,3,2,0,0,1,0,0,0,0,0,0,0,2,0
3,2018,4,20,2,5,2,1,1,1,0,0,0,0,0,0,0,1,0
3,2018,10,9,2,4,2,0,1,1,0,0,0,0,0,0,0,1,0
1,2018,2,23,5,5,2,2,0,1,0,0,0,0,0,0,0,1,1
1,2020,2,22,5,5,3,2,1,1,0,0,0,0,1,0,0,1,0
12,2021,6,12,2,5,2,0,0,1,0,0,0,0,0,0,1,1,0
3,2018,11,1,4,6,2,2,0,1,1,0,0,0,0,0,0,0,0
4,2019,3,18,2,6,2,1,0,1,1,0,0,0,0,0,0,0,0
1,2020,1,15,2,1,5,1,1,1,0,0,0,0,1,0,0,1,0
8,2018,8,19,6,5,2,0,0,1,0,1,0,0,0,0,0,1,1
4,2018,5,17,4,5,2,0,1,1,0,0,0,0,0,0,0,0,1
4,2018,6,18,6,2,6,0,0,1,0,0,0,1,0,0,0,0,0
6,2019,10,16,5,5,2,0,0,1,0,0,0,0,0,0,0,1,0
4,2019,6,18,3,5,2,0,0,1,0,1,0,0,0,0,0,1,1
5,2021,7,7,3,3,6,0,1,1,0,0,0,0,0,0,1,2,0
6,2018,5,16,3,0,6,0,0,1,0,0,0,1,0,0,0,0,1
1,2021,2,15,6,1,5,0,0,1,0,0,0,0,1,1,2,1,0
7,2018,2,19,3,6,2,2,0,1,1,0,0,0,0,0,0,1,1
2,2021,8,8,2,3,6,0,0,1,0,0,1,0,1,0,1,1,0
11,2020,5,12,3,3,6,0,0,1,0,1,0,0,0,1,1,0,0
6,2019,6,10,7,5,3,0,0,1,0,0,1,0,0,0,0,1,0
10,2021,7,20,6,5,3,0,1,1,0,0,0,0,0,0,1,2,0
12,2020,10,17,3,5,3,0,0,1,0,0,0,1,0,1,1,1,0
10,2019,8,17,2,5,3,0,1,0,0,0,0,0,0,0,0,0,0
4,2018,12,18,6,3,6,2,1,1,0,0,0,0,1,0,0,1,0
12,2020,8,12,7,2,6,0,0,1,0,0,0,0,0,0,1,1,0
8,2019,5,16,1,0,1,0,0,0,0,1,0,0,1,0,0,0,0
4,2019,4,16,5,0,4,0,1,0,1,0,0,0,0,0,0,1,0
1,2020,8,18,5,5,3,0,0,1,0,0,0,0,0,0,1,1,0
2,2018,7,14,4,3,6,0,0,1,0,1,0,0,0,0,0,2,0
8,2019,3,23,6,5,3,2,1,1,0,0,0,0,0,0,0,0,0
3,2021,7,15,6,5,3,0,1,0,0,1,0,0,0,0,1,2,1
9,2018,10,6,3,5,3,2,1,1,0,0,0,0,0,0,0,1,0
1,2021,6,7,4,1,5,0,0,1,1,0,1,0,0,0,1,1,0
4,2018,11,8,6,5,3,0,0,1,0,0,0,0,1,0,0,0,0
9,2021,4,9,4,0,7,0,1,0,0,0,0,0,0,1,2,1,1
4,2019,10,15,5,9,1,0,0,0,0,1,0,0,0,0,0,1,1
8,2020,5,7,2,5,3,0,1,1,0,0,0,0,1,1,1,0,0
2,2021,6,21,6,0,3,0,1,1,0,0,0,0,0,0,1,1,0
3,2021,7,15,2,4,6,0,1,0,0,0,0,0,0,0,1,2,0
9,2018,8,12,4,5,3,0,1,1,0,0,0,0,0,0,0,1,0
9,2020,8,12,3,0,1,0,1,0,0,0,0,0,0,0,1,1,0
4,2020,5,9,5,1,5,0,0,1,0,0,0,0,0,1,1,0,0
2,2019,6,20,2,3,6,0,0,1,0,0,0,0,0,0,0,1,0
1,2018,10,12,3,2,6,0,0,1,0,0,0,0,0,0,0,1,0
10,2019,9,14,1,5,3,0,0,1,0,0,0,1,1,0,0,0,0
8,2021,6,7,6,6,4,0,0,1,1,0,0,0,0,0,1,1,0
2,2020,7,16,4,1,5,0,0,1,0,0,0,1,0,0,1,2,0
7,2019,5,14,1,0,7,0,0,1,0,1,0,0,0,0,0,0,0
2,2019,3,0,3,5,3,2,0,1,0,0,0,0,1,0,0,0,0
4,2018,1,22,6,2,6,2,0,1,0,0,1,0,0,0,0,0,0
2,2019,4,20,6,3,6,1,0,1,0,0,0,0,0,0,0,1,0