BEZ,UJAHR,UMONAT,USTUNDE,UWOCHENTAG,UART,UTYP1,ULICHTVERH,IstRad,IstPKW,IstFuss,IstKrad,IstGkfz,IstSonstige,USTRZUSTAND,LOCKDOWN,COVID,FERIEN,UKATEGORIE
4,2021,9,12,2,5,7,0,0,1,0,0,0,0,0,0,1,0,0
12,2021,7,11,6,6,4,0,0,1,1,0,0,0,0,0,1,2,1
6,2018,7,8,3,2,2,0,0,1,0,0,0,0,0,0,0,2,0
4,2020,7,10,6,2,2,0,0,1,0,0,0,0,0,0,1,2,0
8,2021,11,16,5,2,6,2,0,1,0,0,0,0,1,0,2,0,0
3,2018,8,20,4,0,1,0,0,0,0,1,0,0,0,0,0,1,1
3,2019,4,17,3,5,3,0,0,1,0,0,0,0,0,0,0,1,1
11,2021,12,14,5,5,3,0,0,1,0,0,0,0,1,1,2,1,0
4,2018,10,8,5,5,2,0,1,1,0,0,0,0,0,0,0,1,0
9,2018,6,17,3,5,2,0,1,0,0,0,1,0,0,0,0,0,0
2,2019,9,20,7,1,5,2,1,1,0,0,0,0,0,0,0,0,0
12,2021,3,10,2,2,6,0,1,0,0,0,0,1,0,0,2,0,0
4,2020,8,19,6,5,2,0,1,1,0,0,0,0,0,0,1,1,0
12,2021,9,20,3,0,7,1,0,1,0,0,0,0,0,0,1,0,0
12,2020,8,7,3,1,5,0,1,1,0,0,0,0,0,0,1,1,0
8,2020,8,7,2,5,3,0,0,1,0,0,0,0,0,0,1,1,0
2,2021,11,12,4,5,2,0,1,0,0,1,0,0,0,0,2,0,0
1,2019,2,9,5,5,2,0,1,1,0,0,0,0,0,0,0,1,0
8,2019,8,7,3,5,2,0,1,0,0,0,0,1,0,0,0,0,0
6,2020,8,10,4,2,6,0,0,1,0,0,1,0,0,0,1,1,0
1,2019,4,9,6,2,6,0,0,1,0,1,0,0,0,0,0,1,0
5,2019,12,13,6,5,7,0,0,1,0,1,0,0,1,0,0,1,0
8,2020,7,20,4,3,6,0,1,1,0,0,0,0,0,0,1,2,0
7,2018,9,15,6,5,3,0,0,1,0,0,0,0,0,0,0,0,0
12,2019,1,14,6,6,2,0,0,1,1,0,0,0,1,0,0,1,0
7,2019,8,16,6,5,2,0,1,1,0,0,0,0,0,0,0,0,1
10,2018,10,16,3,5,3,1,0,1,0,1,0,0,0,0,0,1,0
2,2020,10,22,7,4,6,2,1,0,0,0,0,1,0,1,1,1,0
2,2020,2,19,1,0,7,2,0,1,1,0,0,0,1,0,0,1,0
6,2019,7,10,6,5,2,0,1,1,0,0,0,0,0,0,0,2,0
7,2018,3,19,3,6,4,2,0,1,1,0,0,0,1,0,0,1,0
7,2020,3,15,4,5,3,0,0,1,0,0,0,1,0,1,1,0,0
6,2018,3,18,4,5,2,2,0,1,0,0,0,0,0,0,0,1,0
3,2020,1,16,6,0,1,2,0,0,0,1,0,0,1,0,0,1,0
2,2019,10,1,7,5,3,2,1,1,0,0,0,0,0,0,0,1,0
1,2020,4,16,3,2,6,0,0,1,0,0,0,0,0,1,2,1,0
7,2020,7,11,4,6,4,0,0,1,1,0,0,0,1,0,1,2,1
2,2018,8,9,3,5,2,0,1,1,0,0,0,0,0,0,0,1,0
9,2019,12,7,3,6,4,2,0,1,1,0,0,0,1,0,0,1,0
8,2020,9,19,5,5,2,1,1,0,0,0,0,1,0,0,1,0,0
12,2019,6,8,4,5,3,0,0,1,0,0,0,1,0,0,0,1,0
4,2019,11,19,3,5,3,1,0,1,0,0,0,0,0,0,0,0,0
7,2021,11,7,4,2,6,1,0,1,0,0,0,1,1,0,2,0,0
4,2020,11,8,3,0,6,0,0,1,0,1,0,0,0,1,2,0,0
4,2020,10,17,6,0,3,1,1,1,0,0,0,0,1,1,1,1,0
8,2020,4,21,7,5,3,2,0,1,0,0,0,1,0,1,2,1,0
5,2019,2,21,5,2,6,2,0,1,0,0,1,0,0,0,0,1,0
1,2021,10,14,3,6,7,0,0,1,1,0,0,0,0,0,1,1,0
12,2020,5,13,3,5,2,0,0,1,0,0,0,0,0,1,1,0,1
5,2020,7,17,6,6,7,0,0,0,1,0,1,0,0,0,1,2,1
5,2021,7,19,3,0,2,0,0,1,0,0,0,1,0,0,1,2,0
12,2019,11,18,5,6,4,2,0,1,1,0,0,0,1,0,0,0,0
5,2018,12,16,4,5,2,1,1,1,0,0,0,0,1,0,0,1,0
2,2020,6,11,7,6,7,0,1,0,1,0,0,0,0,0,1,1,0
2,2021,6,15,5,5,2,0,1,1,0,0,0,0,0,0,1,1,0
1,2021,5,22,6,0,1,2,1,0,0,0,0,0,0,1,2,1,0
1,2020,3,15,2,5,3,0,0,1,0,0,0,0,0,1,1,0,0
10,2021,11,10,3,5,2,0,0,1,0,0,1,0,0,0,2,0,0
10,2020,6,17,2,8,7,0,0,1,0,0,0,0,0,0,1,1,0
4,2019,5,11,2,3,6,0,0,1,0,0,0,0,0,0,0,0,0
1,2019,7,15,4,5,7,0,0,1,0,0,0,0,0,0,0,2,1
9,2021,1,17,3,2,6,2,0,1,0,1,0,0,2,1,2,0,0
5,2019,1,14,4,5,3,0,0,1,0,0,0,1,1,0,0,1,0
8,2019,3,16,4,3,6,0,0,1,0,1,0,1,0,0,0,0,1
8,2019,3,8,3,5,3,0,0,1,0,0,0,0,0,0,0,0,1
3,2021,7,0,7,3,6,2,1,1,0,0,0,0,0,0,1,2,1
9,2018,2,11,7,6,3,0,0,1,1,0,0,0,0,0,0,1,1
10,2018,11,17,6,2,6,2,0,1,0,0,0,0,0,0,0,0,0
2,2018,5,11,3,3,6,0,0,0,0,1,1,0,0,0,0,0,1
3,2021,7,9,1,2,6,0,1,1,0,0,0,0,0,0,1,2,0
8,2020,5,17,2,1,5,0,1,1,0,0,0,0,0,1,1,0,0
9,2018,10,14,4,5,2,0,1,1,0,0,0,0,0,0,0,1,1
1,2021,5,20,6,1,5,1,1,1,0,0,0,0,1,1,2,1,0
8,2018,7,9,1,1,5,0,1,1,0,0,0,0,0,0,0,2,0
6,2021,4,13,6,6,4,0,0,1,1,0,0,0,0,1,2,1,1
7,2019,1,11,5,6,7,0,0,1,1,0,0,0,1,0,0,1,0
5,2018,6,6,1,9,1,0,0,0,0,1,0,0,0,0,0,0,0
4,2020,7,20,6,0,1,1,0,0,0,0,0,1,0,0,1,2,1
2,2018,12,18,6,5,3,2,1,1,0,0,0,0,1,0,0,1,0
7,2018,12,10,6,5,2,0,0,1,0,0,0,0,1,0,0,1,0
3,2018,7,16,2,3,6,0,1,1,0,0,0,0,0,0,0,2,0
7,2020,5,19,3,1,5,1,1,1,0,0,0,0,0,1,1,0,0
6,2018,4,8,6,1,5,0,1,1,0,0,0,0,0,0,0,1,1
2,2018,4,17,3,5,2,0,1,0,0,0,0,1,0,0,0,1,0
8,2018,5,21,7,3,6,2,1,0,0,0,0,0,0,0,0,0,1
4,2021,11,7,4,5,2,0,0,1,0,0,0,0,1,0,2,0,0
4,2021,11,15,4,5,3,0,1,1,0,0,0,0,1,0,2,0,0
6,2020,2,16,5,5,3,0,0,1,0,1,0,0,1,0,0,1,0
6,2018,7,14,5,0,7,0,0,1,0,0,0,0,0,0,0,2,1
2,2021,5,16,7,2,6,0,0,1,0,0,0,0,0,1,2,1,0
4,2020,6,11,2,5,3,0,1,0,0,0,0,1,0,0,1,1,0
2,2020,5,22,6,0,1,2,1,0,0,0,0,0,0,1,1,0,0
8,2020,10,2,1,1,5,2,1,1,0,0,0,0,0,1,1,1,1
12,2021,6,22,7,2,6,2,0,1,0,0,0,0,0,0,1,1,0
9,2020,8,7,3,2,6,0,1,1,0,0,0,0,0,0,1,1,0
7,2018,4,7,6,5,3,0,1,1,0,0,0,0,0,0,0,1,0
4,2018,4,17,6,6,4,0,0,1,1,0,0,0,0,0,0,1,0
1,2018,8,17,6,3,6,0,1,1,0,0,0,0,0,0,0,1,0
9,2019,8,12,5,5,3,0,0,1,0,0,0,0,0,0,0,0,0
11,2018,9,10,6,5,3,0,0,1,0,0,0,0,0,0,0,0,0
11,2018,12,13,6,6,7,0,0,0,1,0,0,1,0,0,0,1,1
11,2018,7,17,4,5,2,0,1,1,0,0,0,0,0,0,0,2,1
5,2018,12,16,4,8,1,2,0,1,0,0,0,0,1,0,0,1,0
3,2021,6,8,5,0,1,0,1,0,0,0,0,0,0,0,1,1,0
4,2021,11,15,4,0,2,0,0,1,0,0,0,1,0,0,2,0,0
1,2019,2,11,6,6,2,0,0,0,1,0,0,1,1,0,0,1,1
1,2018,5,18,7,3,6,0,0,1,0,0,0,0,0,0,0,0,0
2,2020,2,17,5,6,4,2,0,1,1,0,0,0,0,0,0,1,0
7,2018,8,8,3,5,2,0,1,1,0,0,0,0,0,0,0,1,0
3,2019,10,9,4,5,2,0,1,1,0,0,0,0,1,0,0,1,0
12,2021,3,13,4,2,2,0,0,1,0,0,0,0,0,0,2,0,0
8,2018,8,17,7,2,2,0,0,1,0,0,0,0,0,0,0,1,0
8,2020,11,13,5,5,3,0,0,1,0,1,0,0,0,1,2,0,1
9,2019,12,23,4,6,2,2,0,1,1,0,0,0,0,0,0,1,0
12,2018,7,17,3,6,4,0,0,1,1,0,0,0,0,0,0,2,1
2,2021,6,9,1,1,5,0,1,1,0,0,0,0,0,0,1,1,0
5,2020,11,12,4,6,7,0,0,0,1,0,0,1,0,1,2,0,1
6,2018,9,11,1,2,6,0,0,1,0,0,0,0,0,0,0,0,0
11,2018,10,12,3,5,7,0,0,1,0,0,0,1,0,0,0,1,0
12,2020,5,14,5,5,2,0,1,1,0,0,0,0,0,1,1,0,0
5,2021,8,6,5,5,3,1,0,1,0,0,0,1,0,0,1,1,0
6,2020,6,9,1,4,6,0,1,0,0,0,0,0,0,0,1,1,1
7,2019,11,15,7,6,2,0,0,0,1,0,0,1,1,0,0,0,0
4,2021,11,9,3,6,7,0,0,1,1,0,0,0,1,0,2,0,0
2,2020,6,18,5,5,2,0,1,1,0,0,0,0,0,0,1,1,0
3,2020,12,9,5,5,2,0,1,1,0,0,0,0,1,1,2,1,0
7,2018,10,7,2,3,6,0,1,1,0,0,0,1,0,0,0,1,0
4,2020,4,15,3,2,6,0,0,1,0,0,0,0,0,1,2,1,0
1,2020,8,20,7,5,3,0,1,1,0,0,0,0,0,0,1,1,0
1,2018,4,12,5,0,2,0,1,1,0,0,0,0,1,0,0,1,0
1,2021,7,19,3,1,5,0,0,1,0,1,0,0,0,0,1,2,0
12,2020,7,16,6,5,3,0,1,1,0,0,0,0,0,0,1,2,0
12,2019,2,14,6,5,3,0,1,1,0,0,0,0,0,0,0,1,0
7,2021,7,18,5,2,6,0,0,1,0,0,0,0,0,0,1,2,0
1,2020,6,7,4,4,6,0,0,1,0,0,0,1,0,0,1,1,0
1,2018,11,18,6,2,6,2,0,1,0,0,0,0,0,0,0,0,0
1,2018,4,12,5,0,1,0,0,0,0,1,0,0,1,0,0,1,0
5,2021,8,15,2,0,6,0,0,1,0,1,0,0,1,0,1,1,1
5,2018,6,13,2,6,4,0,0,1,1,0,0,0,0,0,0,0,1
3,2019,6,16,4,6,4,0,1,0,1,0,0,0,0,0,0,1,0
8,2021,6,16,5,5,3,0,0,1,0,0,0,0,0,0,1,1,0
7,2018,6,9,5,0,3,0,0,1,0,0,0,1,0,0,0,0,0
7,2020,10,23,7,1,5,2,0,1,0,0,0,0,0,1,1,1,0
12,2020,7,14,5,0,7,0,1,0,0,0,0,0,0,0,1,2,0
6,2021,10,14,4,2,6,0,0,1,0,0,0,0,0,0,1,1,0
1,2020,9,9,3,2,6,0,1,1,0,0,0,0,0,0,1,0,0
4,2019,3,16,5,0,3,0,1,1,0,0,0,0,0,0,0,0,0
8,2020,5,20,2,0,1,1,0,0,0,1,0,0,1,1,1,0,1
1,2021,5,14,3,5,2,0,0,1,0,0,1,0,0,1,2,1,0
6,2019,11,14,6,1,5,0,1,1,0,0,0,0,0,0,0,0,0
2,2020,10,19,1,6,4,2,0,1,1,0,0,0,0,1,1,1,0
12,2019,11,11,2,5,2,0,0,1,0,0,0,1,0,0,0,0,0
10,2019,3,12,7,6,4,0,0,1,1,0,0,0,0,0,0,0,0
1,2021,5,19,4,3,6,0,0,1,0,0,0,0,0,1,2,1,0
6,2021,10,10,4,5,2,0,1,1,0,0,0,0,0,0,1,1,1
9,2019,6,16,2,5,2,0,0,0,0,1,0,1,0,0,0,1,0
4,2021,4,20,6,5,2,2,0,1,0,0,0,0,0,1,2,1,0
5,2021,8,14,3,5,2,0,1,1,0,0,0,0,1,0,1,1,0
11,2020,10,9,5,2,2,0,0,1,0,0,0,0,1,1,1,1,0
5,2020,10,23,7,6,4,2,0,1,1,0,0,0,0,1,1,1,0
5,2018,4,16,1,5,3,0,1,1,0,0,0,0,0,0,0,1,0
11,2019,4,10,4,2,2,0,1,0,0,0,0,1,0,0,0,1,0
4,2020,6,11,2,3,6,0,1,0,0,0,0,1,0,0,1,1,0
2,2021,9,15,5,6,7,0,0,0,1,0,0,1,0,0,1,0,0
7,2019,7,15,4,6,4,0,1,0,1,0,0,0,0,0,0,2,0
2,2020,8,14,2,6,4,0,0,0,1,1,0,0,0,0,1,1,0
10,2021,11,13,5,5,3,0,0,1,0,0,0,0,0,0,2,0,0
4,2018,3,10,5,1,5,0,1,1,0,0,0,0,1,0,0,1,0
7,2019,9,16,6,5,3,0,0,1,0,0,0,0,1,0,0,0,0
1,2019,7,17,2,1,5,0,1,1,0,0,0,0,1,0,0,2,0
1,2018,10,12,4,5,2,0,1,1,0,0,0,0,0,0,0,1,0
7,2019,6,16,1,5,2,0,1,1,0,0,0,0,0,0,0,1,0
4,2019,11,18,3,0,1,2,1,0,0,0,0,0,0,0,0,0,0
4,2018,10,17,2,0,2,0,1,1,0,0,0,0,1,0,0,1,0
5,2018,5,18,1,2,6,0,0,1,0,0,0,0,0,0,0,0,0
1,2018,10,18,5,5,3,0,1,1,0,0,0,0,0,0,0,1,0
12,2019,12,18,6,5,3,2,0,1,0,0,0,0,1,0,0,1,0
4,2019,11,19,5,6,7,2,0,0,1,0,0,1,0,0,0,0,0
4,2020,2,16,4,2,6,0,0,1,0,0,0,0,0,0,0,1,0
12,2021,11,16,7,5,2,2,0,1,0,0,0,0,0,0,2,0,0
8,2021,1,9,7,1,5,0,0,1,0,0,0,0,1,1,2,0,0
6,2021,11,7,5,2,6,2,0,1,0,0,0,0,1,0,2,0,0
1,2020,9,7,6,0,1,0,1,0,0,0,0,0,1,0,1,0,0
3,2019,10,12,2,2,6,0,0,1,0,0,0,0,0,0,0,1,0
4,2021,11,16,5,6,4,2,0,1,1,0,0,0,1,0,2,0,0
1,2021,7,18,5,1,5,0,1,1,0,0,0,0,1,0,1,2,0
3,2018,2,8,6,5,3,0,1,1,0,0,0,0,1,0,0,1,0
9,2020,2,7,3,4,6,0,1,0,0,0,0,0,0,0,0,1,0
1,2021,11,15,7,1,5,0,1,1,0,0,0,0,0,0,2,0,0
9,2019,10,11,2,0,6,0,1,0,0,0,0,1,0,0,0,1,0
1,2018,1,6,3,5,3,2,1,1,0,0,0,0,0,0,0,0,0
5,2018,7,18,3,5,2,0,0,0,0,1,0,1,0,0,0,2,0
12,2020,4,16,7,1,7,0,0,1,0,1,0,0,0,1,2,1,1
1,2020,6,16,3,5,2,0,1,1,0,0,0,0,0,0,1,1,0
1,2018,8,9,7,2,6,0,0,1,0,0,0,0,0,0,0,1,0
7,2020,5,16,6,2,2,0,0,1,0,1,0,0,0,1,1,0,0
4,2020,12,11,7,2,6,0,0,1,0,0,0,0,0,1,2,1,0
8,2021,11,8,2,3,6,0,1,1,0,0,0,0,0,0,2,0,0
12,2020,8,18,5,5,2,0,1,1,0,0,0,0,0,0,1,1,1
7,2021,12,18,1,1,5,2,0,1,0,0,0,0,1,1,2,1,1
2,2019,9,14,3,1,5,0,0,1,0,0,0,1,0,0,0,0,0
3,2018,5,9,5,6,7,0,1,0,1,0,0,0,0,0,0,0,0
11,2019,11,10,1,0,1,0,0,0,0,1,0,0,1,0,0,0,1
8,2019,9,9,3,2,6,0,0,1,0,0,0,0,0,0,0,0,0
12,2020,12,14,6,5,2,0,0,1,0,0,0,0,0,1,2,1,0
3,2018,8,19,6,6,2,0,0,1,1,0,0,0,0,0,0,1,0
1,2021,7,16,6,5,3,0,1,1,0,0,0,0,0,0,1,2,0
7,2021,8,22,5,5,3,2,1,1,0,0,0,0,0,0,1,1,0
12,2020,5,8,2,1,7,0,1,1,0,0,0,0,1,1,1,0,0
9,2020,2,15,7,2,7,0,1,1,0,0,0,0,0,0,0,1,0
8,2020,6,17,2,0,1,0,1,0,0,0,0,0,0,0,1,1,0
7,2020,8,15,6,3,6,0,1,0,0,0,1,0,0,0,1,1,0
1,2021,7,18,2,3,6,0,1,0,0,0,0,0,0,0,1,2,0
1,2021,9,13,4,5,3,0,1,1,0,0,0,0,0,0,1,0,0
3,2021,7,2,4,2,6,2,1,0,0,0,0,0,1,0,1,2,0
6,2018,5,20,4,6,4,0,0,1,1,0,0,0,0,0,0,0,0
8,2019,1,14,1,5,2,0,0,1,0,0,0,0,1,0,0,1,0
9,2018,5,9,3,2,7,0,0,1,0,0,0,0,0,0,0,0,0
2,2020,2,11,3,6,2,0,0,0,1,0,0,1,1,0,0,1,0
3,2018,10,6,5,5,3,2,1,0,0,1,0,0,1,0,0,1,0
6,2020,9,22,1,2,6,2,0,1,0,0,0,1,0,0,1,0,1
10,2019,2,21,2,9,1,2,0,0,0,1,0,0,0,0,0,1,1
7,2020,11,17,2,1,5,2,1,1,0,0,0,0,0,1,2,0,0
2,2020,9,9,3,5,2,0,1,1,0,0,0,0,0,0,1,0,0
2,2019,3,2,7,2,4,2,0,1,1,0,0,0,0,0,0,0,0
7,2019,10,12,2,2,6,0,0,1,0,0,0,0,0,0,0,1,0
2,2018,6,22,7,2,6,2,0,1,0,0,0,0,1,0,0,0,0
11,2019,6,14,1,5,3,0,0,1,0,0,0,0,0,0,0,1,0
9,2018,12,16,6,2,6,2,0,1,0,0,0,0,0,0,0,1,0
9,2020,9,7,6,0,1,0,1,0,0,0,0,0,0,0,1,0,0
1,2021,11,12,1,5,3,0,0,1,0,0,0,0,1,0,2,0,0
3,2021,5,15,6,5,2,0,1,0,0,0,0,1,1,1,2,1,0
6,2018,8,16,7,0,4,0,0,0,1,1,0,0,0,0,0,1,1
8,2018,6,18,6,6,4,0,0,1,1,0,0,0,0,0,0,0,1
1,2019,10,22,5,2,6,2,0,1,0,0,0,0,1,0,0,1,0
9,2021,10,14,6,0,4,0,0,0,1,1,0,0,0,0,1,1,0
9,2021,10,7,4,2,6,0,0,1,0,1,0,0,1,0,1,1,0
9,2020,7,19,4,5,3,0,1,1,0,0,0,0,1,0,1,2,0
2,2018,7,7,3,5,2,0,1,1,0,0,0,0,0,0,0,2,0
9,2018,8,18,5,6,7,0,0,0,1,0,0,1,0,0,0,1,0
9,2019,6,18,7,3,6,0,0,1,0,0,0,0,0,0,0,1,1
3,2019,12,14,7,2,1,0,1,1,0,0,0,0,1,0,0,1,0
4,2019,6,16,5,5,3,0,1,0,0,0,0,1,0,0,0,1,0
10,2019,2,6,4,5,2,2,0,1,0,0,0,1,1,0,0,1,0
10,2020,1,10,2,5,3,0,0,1,0,0,0,0,0,0,0,1,0
10,2018,9,13,1,0,3,0,1,1,0,0,0,0,1,0,0,0,0
2,2018,8,2,7,5,3,2,1,1,0,0,0,0,0,0,0,1,0
4,2020,7,18,1,6,7,0,0,1,1,0,0,0,0,0,1,2,0
2,2018,12,17,6,6,4,1,0,1,1,0,0,0,0,0,0,1,1
3,2021,11,15,6,2,6,0,0,1,0,0,0,0,0,0,2,0,0
10,2019,4,7,4,5,2,0,0,1,0,1,0,1,0,0,0,1,1
9,2019,8,15,5,0,6,0,1,1,0,0,0,0,0,0,0,0,0
11,2018,8,13,4,5,3,0,1,1,0,0,0,0,0,0,0,1,0
11,2018,9,7,6,5,3,0,0,1,0,1,0,0,0,0,0,0,1
4,2019,5,11,7,5,5,0,0,1,0,1,0,0,0,0,0,0,1
7,2020,1,4,6,5,3,2,1,1,0,0,0,0,0,0,0,1,0
1,2019,6,15,6,5,2,0,1,1,0,0,0,0,0,0,0,1,0
11,2021,9,16,3,6,2,0,0,1,1,0,0,0,0,0,1,0,0
8,2021,7,11,3,6,4,0,0,1,1,0,0,0,0,0,1,2,1
8,2018,10,9,6,2,2,0,1,1,0,0,0,0,0,0,0,1,0
1,2019,8,14,6,5,3,0,1,1,0,0,0,0,0,0,0,0,1
8,2021,2,10,3,5,2,0,0,1,0,0,0,0,2,1,2,1,0
4,2020,8,13,4,5,3,0,0,1,0,0,0,0,1,0,1,1,0
5,2020,8,15,4,2,6,0,0,1,0,1,0,0,0,0,1,1,0
1,2019,8,18,3,1,5,0,1,1,0,0,0,0,0,0,0,0,0
3,2021,11,5,7,0,6,2,0,1,0,0,0,0,0,0,2,0,0
2,2018,11,14,6,6,4,0,0,1,1,0,0,0,0,0,0,0,0
4,2021,3,6,2,2,6,0,0,1,0,1,0,0,0,0,2,0,0
2,2019,10,1,1,5,3,2,0,1,0,0,0,0,0,0,0,1,1
1,2021,9,9,6,5,3,0,1,1,0,0,0,0,0,0,1,0,0
7,2020,7,19,2,2,6,0,0,1,0,0,0,0,1,0,1,2,0
7,2019,6,11,2,0,1,0,0,0,0,1,0,0,0,0,0,1,1
2,2018,9,9,5,0,2,0,1,1,0,0,0,0,0,0,0,0,0
4,2020,11,16,3,5,3,2,0,1,0,0,0,0,1,1,2,0,0
3,2019,6,14,2,6,4,0,0,0,1,1,0,0,0,0,0,1,0
3,2019,8,17,6,5,5,0,0,1,0,1,0,0,0,0,0,0,0
3,2018,5,14,7,5,2,0,1,1,0,0,0,0,0,0,0,0,0
12,2020,8,20,3,1,5,1,0,1,0,0,0,0,1,0,1,1,0
8,2019,10,17,3,6,4,2,0,0,1,1,0,0,0,0,0,1,0
8,2019,8,6,4,5,3,0,1,0,0,0,0,1,0,0,0,0,0
11,2019,2,13,4,5,2,0,1,1,0,0,0,0,0,0,0,1,0
3,2021,12,16,6,1,5,1,1,1,0,0,0,0,1,1,2,1,0
6,2020,11,14,5,0,5,0,1,0,0,0,0,1,0,1,2,0,0
11,2020,2,7,4,0,3,0,0,0,0,0,0,1,0,0,0,1,0
7,2018,5,12,3,6,4,0,0,1,1,0,0,0,0,0,0,0,0
1,2019,1,13,4,6,4,0,0,0,1,0,0,1,0,0,0,1,0
1,2020,9,19,2,5,3,1,1,0,0,1,0,0,0,0,1,0,0
11,2021,6,17,4,0,5,0,1,1,0,0,0,0,0,0,1,1,0
5,2020,11,8,6,0,1,0,1,0,0,0,0,0,0,1,2,0,0
9,2021,9,17,5,2,6,0,0,1,0,0,0,0,0,0,1,0,0
9,2021,6,10,2,5,3,0,1,1,0,0,0,0,0,0,1,1,1
2,2021,5,13,4,2,6,0,0,1,0,0,0,0,0,1,2,1,0
2,2018,5,4,7,5,3,1,1,1,0,0,0,0,0,0,0,0,1
11,2019,3,19,5,6,2,2,0,1,1,0,0,0,1,0,0,0,0
9,2019,12,7,4,2,2,1,0,1,0,0,0,0,0,0,0,1,0
1,2020,6,15,5,2,6,0,0,1,0,0,0,0,0,0,1,1,0
4,2018,6,15,4,0,2,0,1,0,0,0,0,1,0,0,0,0,0
7,2019,4,12,2,3,6,0,0,1,0,0,0,0,0,0,0,1,0
6,2021,8,9,2,2,6,0,0,1,0,0,0,0,0,0,1,1,0
1,2021,7,7,6,5,3,0,0,0,0,1,1,0,0,0,1,2,1
8,2019,8,15,3,1,5,0,0,1,0,0,0,0,0,0,0,0,0
1,2021,9,7,6,5,7,0,1,0,0,0,0,1,0,0,1,0,0
4,2018,3,14,2,5,2,0,0,1,0,0,0,0,1,0,0,1,0
4,2019,4,15,5,5,7,0,0,1,0,0,0,0,0,0,0,1,0
7,2019,1,10,6,5,3,0,1,1,0,0,0,0,1,0,0,1,0
5,2021,9,13,6,2,6,0,0,1,0,0,0,0,0,0,1,0,1
2,2020,12,16,5,6,2,2,0,1,1,0,0,0,0,1,2,1,0
1,2018,10,12,2,2,6,0,0,1,0,0,0,1,0,0,0,1,0
4,2018,12,8,2,0,6,0,0,1,0,1,0,0,1,0,0,1,0
5,2021,11,17,7,6,2,2,0,1,1,0,0,0,1,0,2,0,0
12,2020,1,16,2,2,6,0,0,1,0,0,0,0,1,0,0,1,0
12,2021,8,15,5,8,1,0,1,0,0,0,0,0,1,0,1,1,1
10,2019,8,21,4,5,2,2,0,1,0,1,0,0,0,0,0,0,1
1,2018,2,17,4,5,3,1,0,1,0,0,0,0,1,0,0,1,0
2,2019,7,13,5,1,5,0,0,1,0,1,0,1,0,0,0,2,0
1,2020,6,22,4,0,1,2,1,0,0,0,0,0,0,0,1,1,0
9,2019,6,7,4,5,2,0,0,1,0,1,0,0,0,0,0,1,0
4,2020,10,9,6,1,5,0,1,1,0,0,0,0,0,1,1,1,0
7,2021,5,19,2,1,5,0,1,0,0,0,0,1,1,1,2,1,0
6,2019,6,21,1,0,4,2,0,0,1,0,0,1,0,0,0,1,0
2,2021,5,19,3,3,6,0,1,0,0,0,0,0,0,1,2,1,0
4,2020,11,11,7,0,2,0,0,1,0,1,0,0,1,1,2,0,0
4,2019,1,14,5,5,2,0,0,1,0,0,0,0,1,0,0,1,0
12,2021,9,18,6,5,2,0,0,1,0,1,0,0,0,0,1,0,0
4,2020,10,21,6,2,6,2,0,1,0,0,0,0,1,1,1,1,0
7,2021,12,17,3,5,7,2,0,1,0,0,0,1,0,1,2,1,0
8,2021,10,11,4,1,5,0,1,1,0,0,1,0,0,0,1,1,0
3,2019,6,11,6,6,3,0,0,1,1,0,0,0,0,0,0,1,0
7,2019,10,17,5,5,3,2,0,1,0,1,0,0,0,0,0,1,0
7,2020,8,11,1,2,6,0,1,1,0,0,0,0,0,0,1,1,0
9,2020,6,10,2,0,2,0,1,1,0,0,0,0,0,0,1,1,0
8,2018,11,21,4,2,6,2,0,1,0,0,1,0,0,0,0,0,1
2,2020,9,14,3,5,2,0,1,1,0,0,0,0,0,0,1,0,0
1,2020,9,15,2,5,2,0,1,1,0,0,0,0,0,0,1,0,0
5,2020,9,10,4,3,6,0,0,1,0,0,1,0,0,0,1,0,0
5,2019,3,15,3,0,4,0,0,0,1,0,0,1,0,0,0,0,0
7,2019,12,18,4,0,7,2,1,0,0,0,0,0,1,0,0,1,0
3,2018,4,16,7,2,6,0,0,1,0,0,0,0,0,0,0,1,0
12,2020,9,11,7,8,1,0,0,0,0,1,0,0,0,0,1,0,0
3,2021,10,2,1,0,7,2,1,0,0,0,0,0,0,0,1,1,0
1,2019,8,18,3,1,5,0,1,1,0,0,0,1,0,0,0,0,0
12,2019,1,3,1,6,4,2,0,1,1,0,0,0,0,0,0,1,1
4,2021,5,16,4,2,6,0,0,1,0,0,0,1,0,1,2,1,0
3,2018,11,5,2,5,3,2,0,1,0,0,0,0,1,0,0,0,0
9,2021,2,20,2,5,3,2,1,1,0,0,0,0,0,1,2,1,0
4,2020,2,16,4,2,6,0,0,1,0,0,0,0,0,0,0,1,0
4,2019,3,14,3,1,5,0,0,1,0,1,0,0,0,0,0,0,0
6,2019,7,9,5,0,3,0,1,0,0,0,0,0,0,0,0,2,0
8,2021,7,15,6,5,3,0,0,1,0,0,0,0,0,0,1,2,0
12,2018,4,18,2,0,1,0,1,0,0,0,0,0,0,0,0,1,0
7,2018,9,23,7,5,3,2,0,1,0,0,0,0,1,0,0,0,0
6,2019,3,8,3,5,3,0,1,0,0,0,0,1,0,0,0,0,0
12,2019,5,8,4,5,3,0,1,1,0,0,0,0,0,0,0,0,0
3,2021,12,8,5,4,6,0,0,1,0,0,0,1,2,1,2,1,0
7,2019,9,11,4,1,5,0,0,1,0,0,0,0,1,0,0,0,0