BEZ,UJAHR,UMONAT,USTUNDE,UWOCHENTAG,UART,UTYP1,ULICHTVERH,IstRad,IstPKW,IstFuss,IstKrad,IstGkfz,IstSonstige,USTRZUSTAND,LOCKDOWN,COVID,FERIEN,UKATEGORIE
1,2018,10,22,6,1,5,2,1,1,0,0,0,0,0,0,0,1,0
12,2020,6,13,4,2,6,0,1,1,0,0,0,0,0,0,1,1,0
8,2020,6,11,7,5,7,0,0,1,0,1,0,0,0,0,1,1,0
3,2021,5,11,3,0,6,0,1,1,0,0,0,0,1,1,2,1,0
5,2019,12,19,6,2,6,2,0,1,0,0,0,0,0,0,0,1,0
1,2018,8,18,3,1,5,0,0,1,0,1,0,0,0,0,0,1,0
6,2020,9,11,1,0,7,0,0,1,0,0,0,0,0,0,1,0,0
4,2020,1,18,7,8,1,2,0,1,0,0,0,0,0,0,0,1,0
8,2018,8,17,5,1,5,0,1,1,0,0,0,0,0,0,0,1,0
10,2020,2,22,6,6,4,2,0,0,1,0,0,1,1,0,0,1,1
11,2021,10,12,2,5,2,0,0,1,0,0,0,0,0,0,1,1,0
7,2021,8,8,4,5,2,0,1,0,0,0,1,0,0,0,1,1,0
2,2021,8,14,6,5,2,0,1,1,0,0,0,0,0,0,1,1,0
6,2018,5,15,5,1,5,0,1,1,0,0,0,0,0,0,0,0,1
9,2021,7,20,2,8,1,1,0,1,0,0,0,0,0,0,1,2,0
2,2021,7,13,3,5,3,0,1,1,0,0,0,0,0,0,1,2,0
1,2018,7,7,6,5,3,0,1,1,0,0,0,0,0,0,0,2,0
5,2020,12,20,3,5,3,2,0,1,0,0,0,0,1,1,2,1,0
7,2018,8,13,3,2,6,0,0,1,0,0,0,0,0,0,0,1,0
4,2018,5,8,3,3,6,0,0,1,0,0,1,0,0,0,0,0,0
2,2019,2,23,6,6,7,2,0,1,1,0,0,0,0,0,0,1,0
10,2021,8,15,3,3,6,0,1,1,0,0,0,0,1,0,1,1,0
3,2018,1,14,4,1,5,0,1,1,0,0,0,0,0,0,0,0,0
1,2021,4,15,6,0,1,0,1,0,0,0,0,0,0,1,2,1,0
2,2018,6,10,4,5,2,0,0,1,0,1,0,0,0,0,0,0,0
1,2019,5,19,3,0,6,1,0,1,0,0,0,1,0,0,0,0,0
12,2019,7,22,7,6,7,2,1,0,1,0,0,0,1,0,0,2,0
1,2018,10,17,1,1,5,1,1,1,0,0,0,0,0,0,0,1,0
12,2019,1,15,1,5,3,1,0,1,0,0,0,0,1,0,0,1,0
4,2020,2,22,1,6,2,2,0,1,1,0,0,0,1,0,0,1,0
4,2018,5,2,1,1,5,2,0,1,0,0,0,0,0,0,0,0,0
7,2020,4,14,5,5,3,0,0,1,0,0,0,0,0,1,2,1,0
1,2019,1,17,3,0,7,1,0,0,0,1,0,1,1,0,0,1,1
5,2020,6,20,6,5,2,0,0,1,0,1,0,0,0,0,1,1,0
9,2019,2,14,2,5,3,0,1,1,0,0,0,0,0,0,0,1,0
6,2020,4,21,1,5,2,2,0,1,0,0,0,0,0,1,2,1,1
1,2019,6,14,1,5,2,0,0,1,0,1,0,0,0,0,0,1,0
3,2021,5,1,1,1,5,2,1,1,0,0,0,0,0,1,2,1,1
9,2019,1,2,3,2,4,2,0,1,1,0,0,0,1,0,0,1,0
3,2018,11,16,5,5,3,1,0,1,0,0,0,0,0,0,0,0,0
8,2021,3,15,3,5,2,0,1,0,0,1,0,0,0,0,2,0,0
4,2020,8,10,5,5,5,0,0,1,0,1,0,0,0,0,1,1,0
9,2019,9,14,7,5,2,0,0,1,0,0,0,1,0,0,0,0,0
5,2021,8,10,6,5,2,0,0,1,0,0,0,0,1,0,1,1,0
9,2021,6,17,4,5,2,0,0,1,0,0,0,0,0,0,1,1,0
9,2019,10,11,2,0,7,0,1,0,0,0,0,0,0,0,0,1,1
10,2018,11,11,5,2,7,0,0,1,0,0,0,0,0,0,0,0,0
1,2021,8,6,1,8,1,0,0,1,0,0,0,0,1,0,1,1,0
3,2019,5,22,6,5,3,2,0,1,0,0,0,0,0,0,0,0,0
9,2018,5,15,4,5,2,0,0,1,0,0,1,0,0,0,0,0,0
2,2018,12,20,7,4,1,2,1,1,0,0,0,0,0,0,0,1,0
3,2021,6,23,7,5,2,2,1,1,0,0,0,0,0,0,1,1,0
12,2018,8,9,5,2,6,0,0,1,0,0,0,0,1,0,0,1,0
11,2020,9,8,5,5,3,0,1,1,0,0,0,0,0,0,1,0,0
5,2019,5,12,5,2,4,0,0,1,1,0,0,0,1,0,0,0,0
12,2019,4,8,5,5,2,0,1,1,0,0,0,0,0,0,0,1,0
4,2020,10,10,7,3,6,0,0,1,0,0,1,0,1,1,1,1,0
2,2020,4,16,4,6,4,0,1,0,1,0,0,0,0,1,2,1,0
5,2018,7,16,4,5,2,0,1,1,0,0,0,0,1,0,0,2,0
7,2021,3,8,4,5,2,0,1,1,0,0,0,0,0,0,2,0,0
11,2020,10,8,6,1,5,0,0,1,0,1,0,0,1,1,1,1,0
2,2021,6,17,3,5,2,0,1,1,0,0,0,0,0,0,1,1,0
2,2021,10,17,2,5,2,1,1,1,0,0,0,0,0,0,1,1,0
12,2019,8,8,5,6,4,0,0,1,1,0,0,0,0,0,0,0,0
2,2018,1,19,7,5,3,2,1,1,0,0,0,0,0,0,0,0,0
2,2018,6,9,2,2,3,0,1,1,0,0,0,0,0,0,0,0,0
2,2018,2,1,1,5,2,2,0,1,0,0,0,0,0,0,0,1,0
4,2018,2,16,3,5,2,0,1,1,0,0,0,0,2,0,0,1,1
9,2020,8,8,7,5,3,0,1,0,0,1,0,0,0,0,1,1,0
6,2020,7,10,4,5,2,0,1,0,0,0,1,0,0,0,1,2,1
6,2019,5,13,6,5,7,0,1,1,0,0,0,0,0,0,0,0,0
6,2018,10,11,4,5,2,0,0,1,0,0,0,0,0,0,0,1,0
1,2019,8,12,7,5,3,0,0,1,0,0,0,1,0,0,0,0,0
5,2021,11,18,4,5,2,2,1,1,0,0,0,0,1,0,2,0,0
1,2019,8,18,3,2,2,0,1,1,0,0,0,0,0,0,0,0,0
3,2021,12,12,1,0,7,0,0,1,0,0,0,0,1,1,2,1,1
10,2018,8,12,6,2,6,0,0,1,0,0,0,0,0,0,0,1,0
12,2020,3,14,7,5,2,0,1,1,0,0,0,0,0,1,1,0,0
1,2021,8,21,7,5,3,2,1,1,0,0,0,0,0,0,1,1,1
2,2019,11,6,3,5,2,2,1,1,0,0,0,0,0,0,0,0,0
9,2018,8,11,2,6,4,0,0,1,1,0,0,0,0,0,0,1,1
7,2020,5,12,6,2,6,0,0,1,0,0,0,0,0,1,1,0,0
4,2020,9,13,6,5,2,0,0,1,0,1,0,0,1,0,1,0,0
3,2020,9,14,4,0,5,0,1,1,0,0,0,0,0,0,1,0,0
8,2019,9,5,5,5,7,1,0,1,0,0,0,0,0,0,0,0,0
6,2020,12,17,2,0,6,2,0,0,0,0,0,1,1,1,2,1,0
3,2018,12,9,4,5,3,0,0,1,0,0,0,0,0,0,0,1,0
6,2019,10,15,2,5,7,0,0,1,0,0,0,0,0,0,0,1,0
12,2021,8,20,1,2,6,2,0,1,0,0,0,0,1,0,1,1,0
6,2021,11,13,3,3,6,0,0,1,0,0,0,1,0,0,2,0,0
3,2020,1,14,6,2,7,0,1,1,0,0,0,0,0,0,0,1,0
4,2021,10,2,1,8,1,2,0,1,0,0,0,1,0,0,1,1,0
11,2021,9,15,2,2,6,0,1,0,0,0,1,0,0,0,1,0,0
12,2019,3,16,2,9,1,0,0,1,0,0,0,1,1,0,0,0,1
1,2021,10,12,6,5,3,0,0,1,0,1,0,0,0,0,1,1,0
12,2019,12,9,4,5,3,0,0,1,0,0,0,0,0,0,0,1,0
1,2021,7,11,1,2,6,0,0,1,0,1,0,0,0,0,1,2,1
1,2021,12,9,1,6,4,0,0,0,1,0,0,1,2,1,2,1,0
10,2019,6,17,4,5,3,0,1,1,0,0,0,0,0,0,0,1,0
5,2021,5,14,3,2,2,0,0,1,0,1,0,0,0,1,2,1,1
8,2019,1,21,4,1,5,2,1,1,0,0,0,0,0,0,0,1,0
11,2018,4,16,5,0,1,0,1,1,0,0,0,0,0,0,0,1,0
1,2019,8,15,6,0,7,0,0,0,0,1,0,0,0,0,0,0,0
8,2019,7,19,6,5,7,0,1,1,0,0,0,0,0,0,0,2,0
6,2020,2,10,4,2,6,0,0,1,0,0,1,0,0,0,0,1,0
3,2019,3,8,4,2,7,0,0,1,0,0,0,0,0,0,0,0,0
1,2018,3,10,5,5,2,0,1,1,0,0,0,0,1,0,0,1,0
3,2020,5,18,3,6,7,0,0,1,1,0,0,0,0,1,1,0,0
5,2018,6,11,3,3,2,0,0,1,0,0,1,0,0,0,0,0,0
8,2020,11,9,2,2,6,0,0,1,0,1,0,0,1,1,2,0,0
5,2019,2,11,3,2,2,0,0,1,0,0,0,0,0,0,0,1,0
1,2018,3,10,5,6,4,0,0,1,1,0,0,0,1,0,0,1,1
8,2021,12,11,3,6,2,0,0,1,1,0,0,0,2,1,2,1,0
3,2020,10,10,6,0,1,0,1,0,0,0,0,0,1,1,1,1,0
5,2018,4,13,3,6,4,0,1,0,1,0,0,0,0,0,0,1,0
1,2021,6,17,4,0,6,0,1,1,0,0,0,0,0,0,1,1,0
10,2021,5,14,5,5,2,0,0,1,0,0,0,0,1,1,2,1,0
7,2018,1,17,3,6,4,2,0,1,1,0,0,0,1,0,0,0,0
1,2020,11,9,4,6,4,0,0,0,1,0,0,1,0,1,2,0,0
11,2020,10,18,4,0,3,2,0,1,0,0,0,0,1,1,1,1,0
4,2018,10,10,4,5,3,0,0,1,0,0,0,0,0,0,0,1,0
8,2020,11,8,6,0,7,0,1,0,0,0,0,0,1,1,2,0,0
1,2020,7,2,6,8,1,2,0,1,0,0,0,0,0,0,1,2,1
9,2019,10,16,3,2,6,0,0,0,0,0,0,1,0,0,0,1,0
2,2019,11,14,3,5,2,0,0,1,0,0,1,0,0,0,0,0,0
9,2019,9,15,4,0,3,0,1,0,0,0,0,1,0,0,0,0,0
4,2021,12,23,7,5,2,2,0,1,0,0,0,0,0,1,2,1,0
10,2021,11,19,4,2,7,2,1,1,0,0,0,0,1,0,2,0,0
1,2018,5,15,3,2,6,0,0,1,0,0,0,0,0,0,0,0,0
12,2020,1,11,7,0,6,0,0,1,0,0,0,1,1,0,0,1,1
1,2021,10,20,4,6,7,2,0,1,1,0,0,0,0,0,1,1,0
5,2018,7,9,3,0,2,0,1,1,0,0,0,0,0,0,0,2,0
12,2018,5,13,6,0,2,0,0,0,1,0,0,1,0,0,0,0,0
5,2018,2,15,4,5,7,0,0,1,0,0,0,0,0,0,0,1,0
2,2018,8,21,5,1,1,2,1,1,0,0,0,0,1,0,0,1,0
11,2019,2,19,5,0,1,2,1,0,0,0,0,0,0,0,0,1,1
12,2021,11,14,1,3,6,0,0,1,0,0,0,0,0,0,2,0,0
1,2019,5,8,6,2,6,0,0,1,0,1,0,0,0,0,0,0,0
9,2021,4,0,3,3,6,2,0,1,0,0,1,0,0,1,2,1,0
9,2020,2,12,7,2,2,0,0,0,0,1,0,1,1,0,0,1,0
1,2020,2,19,1,2,6,2,1,0,0,0,0,1,1,0,0,1,0
12,2020,12,12,4,5,3,0,0,1,0,0,0,1,0,1,2,1,0
6,2018,5,9,1,5,3,0,0,1,0,0,0,0,0,0,0,0,0
1,2018,9,11,3,1,5,0,0,0,0,1,0,1,0,0,0,0,0
3,2019,9,14,5,5,3,0,0,1,0,0,0,0,0,0,0,0,0
9,2019,12,18,6,1,5,2,1,1,0,0,0,0,0,0,0,1,0
3,2018,9,9,5,1,5,0,0,1,0,1,0,0,0,0,0,0,0
6,2021,8,16,5,5,2,0,1,0,0,0,0,1,0,0,1,1,0
12,2018,6,7,2,3,6,0,0,1,0,0,1,0,0,0,0,0,0
9,2019,9,12,4,5,3,0,0,0,0,0,0,1,0,0,0,0,0
1,2019,6,10,6,2,6,0,0,1,0,0,0,0,0,0,0,1,0
4,2019,12,16,3,2,6,2,0,1,0,0,0,0,0,0,0,1,0
12,2020,3,21,4,0,3,2,1,1,0,0,0,0,0,1,1,0,0
3,2019,2,9,4,5,3,0,0,1,0,0,0,0,0,0,0,1,0
1,2019,7,17,7,5,7,0,0,1,0,1,0,0,0,0,0,2,0
5,2020,3,11,6,0,2,0,1,1,0,0,0,0,1,1,1,0,0
1,2018,8,10,4,2,2,0,1,0,0,0,0,1,0,0,0,1,0
5,2018,8,13,1,5,3,0,1,1,0,0,0,0,0,0,0,1,0
11,2021,9,12,3,5,3,0,0,1,0,0,0,0,0,0,1,0,0
6,2018,7,6,3,5,3,0,1,1,0,0,0,0,0,0,0,2,0
5,2021,6,17,2,6,7,0,0,0,1,0,0,1,0,0,1,1,0
2,2018,7,23,7,5,3,2,0,1,0,0,0,0,0,0,0,2,0
8,2019,5,8,4,5,3,0,0,1,0,1,0,0,1,0,0,0,0
7,2018,5,18,4,0,1,0,1,0,0,0,0,0,0,0,0,0,0
6,2021,7,20,7,1,5,0,0,1,0,1,0,0,0,0,1,2,0
6,2019,4,10,7,3,6,0,0,1,0,0,0,0,0,0,0,1,0
1,2019,7,11,5,6,2,0,0,0,1,0,0,1,0,0,0,2,0
8,2018,10,8,5,6,7,0,0,1,1,0,0,0,0,0,0,1,1
3,2019,6,18,7,5,3,0,0,1,0,0,0,0,0,0,0,1,0
1,2021,12,15,3,5,2,0,1,1,0,0,0,0,0,1,2,1,0
8,2021,1,6,5,5,3,2,1,1,0,0,0,0,2,1,2,0,0
2,2019,1,16,5,6,4,1,0,1,1,0,0,0,0,0,0,1,1
1,2019,8,20,2,5,3,2,1,1,0,0,0,0,0,0,0,0,0
10,2021,8,14,2,5,2,0,1,1,0,0,0,0,0,0,1,1,0
4,2018,8,5,2,0,1,1,0,0,0,1,0,0,0,0,0,1,0
12,2018,8,19,4,0,3,1,0,1,0,1,0,0,0,0,0,1,0
7,2018,11,12,5,1,5,0,1,1,0,0,0,0,0,0,0,0,0
5,2020,9,13,6,2,6,0,0,1,0,0,0,0,0,0,1,0,0
11,2018,3,6,4,5,2,0,1,1,0,0,0,0,0,0,0,1,0
1,2021,4,10,4,5,7,0,1,1,0,0,0,0,0,1,2,1,0
10,2020,6,12,6,5,2,0,1,1,0,0,0,0,0,0,1,1,0
3,2021,11,18,3,3,6,2,1,0,0,0,0,0,0,0,2,0,0
3,2020,9,13,5,6,4,0,1,0,1,0,0,0,0,0,1,0,0
8,2021,7,17,7,3,6,0,0,1,0,1,0,0,0,0,1,2,1
9,2020,7,1,1,0,1,2,0,0,0,1,0,0,0,0,1,2,1
9,2019,3,8,2,5,3,0,0,1,0,0,0,0,0,0,0,0,0
4,2021,6,18,3,5,2,0,1,1,0,0,0,0,0,0,1,1,0
6,2018,6,17,5,5,3,0,1,0,0,0,0,0,0,0,0,0,0
7,2018,10,20,5,0,3,2,1,1,0,0,0,0,0,0,0,1,0
2,2020,9,19,3,1,5,0,1,1,0,0,0,0,0,0,1,0,0
6,2018,12,13,7,1,5,0,0,1,0,0,0,0,0,0,0,1,0
12,2021,11,13,3,6,4,0,0,1,1,0,0,0,0,0,2,0,1
1,2018,9,13,6,2,2,0,0,1,0,0,0,0,0,0,0,0,0
10,2020,5,11,4,2,6,0,0,1,0,0,0,0,0,1,1,0,0
5,2020,6,11,4,0,6,0,0,1,0,0,0,1,0,0,1,1,0
7,2019,9,14,2,2,6,0,0,1,0,1,0,0,1,0,0,0,0
10,2021,8,12,7,5,2,0,0,1,0,0,0,1,0,0,1,1,0
3,2020,7,5,6,2,1,0,0,1,0,0,0,0,1,0,1,2,0
11,2019,1,13,7,2,6,0,0,1,0,0,0,0,1,0,0,1,0
6,2019,2,7,6,5,2,1,1,1,0,0,0,0,1,0,0,1,0
9,2018,5,14,2,6,4,0,0,1,1,0,0,0,0,0,0,0,0
4,2020,4,17,1,2,6,0,0,1,0,0,0,0,0,1,2,1,0
10,2020,6,10,2,5,3,0,0,1,0,1,0,0,0,0,1,1,0
1,2018,3,17,4,5,2,0,1,1,0,0,0,0,0,0,0,1,0
7,2019,2,16,2,6,7,0,1,0,1,0,0,0,0,0,0,1,0
5,2020,1,21,7,2,6,2,0,1,0,0,0,0,0,0,0,1,0
3,2021,4,18,6,6,7,0,1,0,1,0,0,0,1,1,2,1,0
6,2018,6,22,5,9,1,2,0,0,0,0,0,1,0,0,0,0,0
8,2019,11,5,6,6,2,2,0,1,1,0,0,0,1,0,0,0,0
6,2018,4,9,1,6,7,0,0,0,1,0,0,1,0,0,0,1,0
5,2020,6,12,6,5,2,0,1,1,0,0,0,0,0,0,1,1,0
4,2018,10,19,5,5,2,2,0,1,0,1,0,0,0,0,0,1,0
1,2020,10,19,3,1,5,2,1,1,0,0,0,0,0,1,1,1,0
2,2018,6,17,5,1,5,0,1,1,0,0,0,0,0,0,0,0,0
1,2018,6,15,2,5,2,0,1,1,0,0,0,0,0,0,0,0,0
4,2018,5,13,5,5,7,0,0,1,0,1,0,0,0,0,0,0,0
10,2019,1,7,4,5,3,1,1,1,0,0,0,0,1,0,0,1,0
4,2018,3,12,1,5,7,0,0,1,0,0,0,0,0,0,0,1,0
11,2021,1,12,6,0,1,0,1,0,0,0,0,0,1,1,2,0,0
8,2019,11,20,4,1,5,2,1,1,0,0,0,0,0,0,0,0,0
4,2018,6,21,6,5,2,2,0,1,0,0,0,0,0,0,0,0,0
2,2020,8,17,4,5,3,0,1,0,0,0,0,1,1,0,1,1,0
8,2018,5,21,4,5,3,1,0,1,0,0,0,0,0,0,0,0,0
2,2021,1,14,4,1,5,0,1,1,0,0,0,0,1,1,2,0,0
2,2018,4,13,2,6,2,0,0,1,1,0,0,0,0,0,0,1,0
9,2021,12,17,2,1,5,2,1,1,0,0,0,0,0,1,2,1,0
8,2021,3,12,1,6,4,0,1,0,1,0,0,0,0,0,2,0,0
9,2020,12,11,3,2,2,0,0,1,0,0,0,1,1,1,2,1,0
11,2021,12,8,6,2,2,1,1,0,0,0,0,1,1,1,2,1,1
7,2020,10,12,1,6,4,0,0,1,1,0,0,0,1,1,1,1,0
5,2020,5,14,5,5,2,0,0,1,0,0,0,0,0,1,1,0,0
8,2021,4,16,6,0,6,0,0,1,0,0,0,1,0,1,2,1,0
3,2021,5,18,7,5,2,0,1,1,0,0,0,0,0,1,2,1,0
11,2019,3,17,2,0,1,0,1,0,0,0,0,0,1,0,0,0,1
1,2018,8,12,4,0,1,0,1,0,0,0,0,0,0,0,0,1,1
2,2018,10,9,6,6,4,0,0,0,1,0,0,1,0,0,0,1,0
2,2018,9,18,6,5,3,0,1,1,0,0,0,0,0,0,0,0,0
12,2020,7,20,1,1,5,0,1,1,0,0,0,0,0,0,1,2,0
3,2019,5,16,3,5,3,0,1,1,0,0,0,0,0,0,0,0,0
9,2021,6,13,6,0,1,0,1,0,0,0,0,0,0,0,1,1,0
7,2020,6,9,5,5,2,0,0,1,0,0,0,0,0,0,1,1,0
8,2020,12,12,4,6,7,0,0,0,1,0,0,1,0,1,2,1,0
10,2018,2,8,3,5,3,0,1,1,0,0,0,0,0,0,0,1,0
4,2021,4,13,6,5,3,0,0,1,0,0,0,0,0,1,2,1,0
8,2019,11,10,4,0,6,0,0,1,0,1,0,0,1,0,0,0,0
9,2019,6,17,5,2,6,0,0,1,0,1,0,0,0,0,0,1,0
2,2021,7,13,2,0,3,0,0,1,0,0,0,1,0,0,1,2,0
10,2021,10,9,3,5,2,0,0,0,0,0,1,1,1,0,1,1,0
4,2019,2,18,4,6,2,2,0,1,1,0,0,0,1,0,0,1,0
7,2019,4,9,3,0,2,0,0,1,0,0,0,1,0,0,0,1,0
4,2018,7,16,4,2,7,0,1,1,0,0,0,0,1,0,0,2,0
1,2018,11,7,3,6,4,2,0,1,1,0,0,0,1,0,0,0,0
7,2020,11,14,2,6,4,0,0,1,1,0,0,0,0,1,2,0,1
4,2018,9,21,3,0,6,2,0,1,0,1,0,0,0,0,0,0,0
1,2020,11,8,4,0,1,0,1,0,0,0,0,0,0,1,2,0,1
11,2018,3,19,3,6,4,2,0,1,1,0,0,0,1,0,0,1,0
4,2020,5,17,2,0,7,0,1,0,0,0,0,1,0,1,1,0,0
2,2019,10,15,6,5,2,0,0,1,0,1,0,0,0,0,0,1,1
5,2019,5,9,4,5,3,0,0,1,0,0,0,0,0,0,0,0,0
1,2018,8,9,4,5,2,0,1,1,0,0,0,0,0,0,0,1,1
2,2021,5,18,5,6,7,0,0,0,1,0,0,1,0,1,2,1,0
8,2019,1,9,5,0,3,0,0,1,0,1,0,0,0,0,0,1,0
3,2020,9,18,1,1,5,0,1,1,0,0,0,0,0,0,1,0,0
1,2019,10,13,4,2,6,0,0,0,0,1,1,0,0,0,0,1,1
8,2020,8,12,1,5,3,0,1,1,0,0,0,0,1,0,1,1,0
6,2020,1,8,2,6,2,1,0,1,1,0,0,0,0,0,0,1,0
7,2020,4,7,5,5,2,0,1,1,0,0,0,0,0,1,2,1,0
5,2021,9,15,4,5,3,0,0,1,0,0,0,1,1,0,1,0,1
4,2021,6,9,3,5,3,0,0,1,0,0,0,0,0,0,1,1,0
1,2018,5,18,5,5,2,0,1,1,0,0,0,0,0,0,0,0,0
7,2018,6,16,7,2,6,0,0,1,0,0,0,0,0,0,0,0,0
9,2020,2,6,6,1,5,1,0,1,0,0,0,0,0,0,0,1,0
11,2021,8,16,5,5,3,0,1,1,0,0,0,0,0,0,1,1,0
7,2019,6,13,6,6,7,0,0,1,1,0,0,0,0,0,0,1,0
7,2019,11,13,7,0,1,0,0,0,0,1,0,0,1,0,0,0,1
7,2020,11,4,7,1,5,2,0,1,0,0,0,1,1,1,2,0,0
6,2018,8,7,3,3,6,0,1,1,0,0,0,0,0,0,0,1,0
7,2020,4,18,7,0,5,0,1,1,0,0,0,0,0,1,2,1,1
5,2020,10,13,3,0,4,0,0,0,1,0,0,1,0,1,1,1,0
4,2018,1,7,4,6,2,1,0,1,1,0,0,0,1,0,0,0,1
8,2018,8,20,5,2,6,1,0,1,0,1,0,0,0,0,0,1,0
5,2019,4,14,2,5,3,0,0,1,0,1,0,0,0,0,0,1,0
1,2020,9,10,2,5,3,0,1,1,0,0,0,0,0,0,1,0,0
12,2021,9,14,4,6,4,0,0,1,1,0,0,0,0,0,1,0,0
2,2020,7,14,3,5,2,0,0,1,0,0,0,0,0,0,1,2,0
1,2018,9,9,3,5,2,0,1,1,0,0,0,0,0,0,0,0,0
1,2020,6,18,6,2,6,0,0,1,0,0,0,0,0,0,1,1,0
2,2020,2,1,3,0,1,2,0,0,0,0,0,1,1,0,0,1,0
4,2018,8,13,6,2,6,0,0,1,0,0,0,0,0,0,0,1,0
5,2019,2,5,2,3,6,2,1,0,0,0,0,1,1,0,0,1,0
5,2018,5,8,4,6,4,0,0,1,1,0,0,0,0,0,0,0,0
6,2018,11,8,2,0,3,0,1,0,0,0,0,1,0,0,0,0,1
5,2018,11,8,3,5,2,0,0,1,0,0,0,0,0,0,0,0,0
4,2018,12,17,5,2,1,1,0,1,0,0,0,0,1,0,0,1,1
2,2020,10,18,6,5,3,1,1,1,0,0,0,0,0,1,1,1,0
8,2018,11,21,3,5,2,2,1,1,0,0,0,0,0,0,0,0,0
11,2019,7,19,4,5,3,0,0,1,0,0,0,0,0,0,0,2,0
1,2018,7,15,4,5,3,0,0,1,0,0,0,0,0,0,0,2,0
4,2021,9,10,4,3,6,0,0,1,0,0,1,0,0,0,1,0,0
3,2020,5,17,1,1,5,0,1,1,0,0,0,0,0,1,1,0,0
1,2019,4,17,7,6,7,0,1,0,1,0,0,0,0,0,0,1,0
4,2020,2,15,6,3,1,0,1,1,0,0,0,0,0,0,0,1,1
5,2020,7,15,4,2,6,0,0,0,1,0,0,1,0,0,1,2,0
8,2020,5,13,3,5,3,0,1,1,0,0,0,0,0,1,1,0,0
11,2018,11,8,3,3,6,0,1,0,0,0,1,0,0,0,0,0,0
2,2018,7,20,4,1,5,0,0,1,0,0,0,1,0,0,0,2,0
2,2019,8,19,1,0,1,0,1,0,0,0,0,0,0,0,0,0,0
1,2018,1,18,5,5,2,2,0,1,0,0,0,1,1,0,0,0,1
3,2019,8,7,6,2,6,0,0,1,0,1,0,0,0,0,0,0,0
1,2021,11,8,4,5,2,0,1,1,0,0,0,0,0,0,2,0,0
3,2019,10,10,4,5,2,0,1,0,0,0,0,1,0,0,0,1,0
1,2018,7,9,2,5,7,0,0,1,0,0,0,0,0,0,0,2,1
4,2018,7,14,1,0,6,0,0,1,0,1,0,0,0,0,0,2,0
1,2019,9,13,3,5,2,0,0,1,0,0,0,0,0,0,0,0,0
4,2018,1,10,5,6,2,0,0,1,1,0,0,0,1,0,0,0,1
8,2020,7,10,4,1,5,0,1,1,0,0,0,0,0,0,1,2,0
2,2019,12,7,1,5,3,2,0,1,0,0,0,0,1,0,0,1,0
6,2019,12,18,6,6,2,2,0,1,1,0,0,0,1,0,0,1,1
7,2019,8,17,3,0,1,0,0,0,0,0,0,1,0,0,0,0,1
3,2018,12,8,6,6,7,0,1,0,1,0,0,0,0,0,0,1,0
4,2018,5,18,6,5,5,0,1,1,0,0,0,0,0,0,0,0,0
4,2019,1,9,5,0,2,0,1,1,0,0,0,0,1,0,0,1,0
1,2019,7,12,6,5,3,0,1,1,0,0,0,0,0,0,0,2,0
3,2019,5,21,5,0,7,2,0,1,0,0,0,0,0,0,0,0,0
6,2019,5,12,2,1,5,0,0,1,0,0,0,0,0,0,0,0,0
9,2021,7,15,2,5,2,0,0,1,0,0,0,0,0,0,1,2,0
12,2021,4,11,6,2,6,0,0,1,0,0,0,0,0,1,2,1,0
2,2019,6,15,6,0,7,0,0,0,0,1,0,1,1,0,0,1,0
9,2021,9,11,6,5,3,0,0,1,0,0,0,0,0,0,1,0,0
2,2021,8,20,1,1,7,1,0,1,1,0,0,0,0,0,1,1,0
3,2021,7,16,6,5,2,0,1,1,0,0,0,0,0,0,1,2,0
8,2018,9,15,4,5,2,0,1,1,0,0,0,0,0,0,0,0,0
1,2021,7,8,6,5,2,0,1,1,0,0,0,0,1,0,1,2,0
3,2019,7,6,4,0,3,0,0,1,0,1,0,0,0,0,0,2,0
4,2020,7,16,5,5,2,0,0,1,0,1,0,0,0,0,1,2,0
5,2020,10,16,6,2,7,0,0,1,0,1,0,0,1,1,1,1,0
1,2019,5,11,4,2,6,0,0,1,0,0,0,0,0,0,0,0,0
6,2020,5,12,7,0,7,0,0,1,0,0,0,0,0,1,1,0,1
4,2021,6,18,4,1,5,0,1,1,0,0,0,0,0,0,1,1,0
12,2020,8,17,5,0,2,0,1,1,0,0,0,0,0,0,1,1,0
8,2021,6,0,1,5,3,2,0,1,0,0,0,0,0,0,1,1,0
6,2020,9,18,7,5,3,0,1,1,0,0,0,0,0,0,1,0,1
1,2019,7,16,7,5,2,0,1,1,0,0,0,0,0,0,0,2,0
9,2020,8,9,6,0,7,0,1,0,0,0,0,0,0,0,1,1,1
2,2020,6,16,1,1,1,0,1,1,0,0,0,0,0,0,1,1,0
7,2021,1,18,6,6,3,2,0,1,1,0,0,0,1,1,2,0,1
2,2020,6,17,7,5,2,0,0,1,0,0,0,0,1,0,1,1,0
2,2020,4,7,5,0,7,0,0,0,0,1,1,0,1,1,2,1,0
5,2019,5,18,7,5,2,0,0,1,0,0,0,0,0,0,0,0,0
7,2018,8,13,6,5,3,0,1,0,0,1,0,0,1,0,0,1,0
9,2021,12,8,4,1,1,1,0,1,0,0,0,0,1,1,2,1,0
5,2020,6,10,4,2,6,0,0,1,0,0,0,0,0,0,1,1,0
5,2019,4,17,6,5,2,0,1,0,0,0,0,1,0,0,0,1,0
4,2019,10,0,5,5,3,2,0,1,0,0,0,0,1,0,0,1,0
7,2020,8,11,2,0,6,0,0,1,0,0,0,1,0,0,1,1,0