BEZ,UJAHR,UMONAT,USTUNDE,UWOCHENTAG,UART,UTYP1,ULICHTVERH,IstRad,IstPKW,IstFuss,IstKrad,IstGkfz,IstSonstige,USTRZUSTAND,LOCKDOWN,COVID,FERIEN,UKATEGORIE
4,2018,1,16,2,2,6,2,0,1,0,0,0,1,0,0,0,0,0
12,2020,6,11,6,1,5,0,1,1,0,0,0,0,0,0,1,1,1
4,2020,7,7,5,2,6,0,0,1,0,0,1,0,0,0,1,2,0
6,2019,4,9,4,5,2,0,0,1,0,0,0,0,0,0,0,1,0
2,2018,10,12,4,6,2,0,0,1,1,0,0,0,0,0,0,1,1
3,2021,8,7,5,6,4,0,0,1,1,0,0,0,0,0,1,1,0
1,2018,5,15,2,5,2,0,1,1,0,0,0,0,0,0,0,0,0
4,2019,8,16,5,2,6,0,0,1,0,0,0,1,0,0,0,0,0
3,2019,6,15,5,0,7,0,0,1,0,0,0,0,0,0,0,1,0
6,2020,11,17,2,5,2,1,1,1,0,0,0,0,0,1,2,0,0
4,2018,10,23,3,6,2,2,0,1,1,0,0,0,1,0,0,1,0
12,2018,3,14,5,6,4,0,0,1,1,0,0,0,0,0,0,1,0
2,2019,6,3,2,0,1,2,1,0,0,0,0,0,0,0,0,1,0
3,2021,1,3,1,9,1,2,0,1,0,0,0,0,2,1,2,0,0
7,2018,5,19,3,5,3,0,1,1,0,0,0,0,0,0,0,0,1
6,2019,5,17,1,1,5,0,1,1,0,0,0,0,0,0,0,0,0
2,2020,6,17,2,5,3,0,1,1,0,1,0,0,0,0,1,1,0
1,2019,9,16,6,5,3,0,0,1,0,0,0,1,0,0,0,0,1
2,2018,7,12,6,1,5,0,1,0,0,0,1,0,0,0,0,2,0
4,2019,12,12,4,5,2,0,0,1,0,0,0,0,1,0,0,1,0
1,2018,9,8,4,6,2,0,0,0,1,0,0,1,0,0,0,0,0
10,2020,8,16,5,5,3,0,1,1,0,0,0,0,0,0,1,1,1
3,2020,7,12,3,7,7,0,0,0,0,1,0,0,0,0,1,2,1
8,2019,9,7,2,2,7,0,0,1,0,0,0,0,0,0,0,0,0
11,2019,8,20,1,0,1,1,0,0,0,1,0,0,1,0,0,0,1
8,2020,10,18,5,3,6,1,1,1,0,0,0,0,1,1,1,1,0
4,2020,2,19,1,5,3,2,1,1,0,0,0,0,1,0,0,1,1
2,2021,5,15,2,2,2,0,0,1,0,0,0,0,0,1,2,1,0
7,2021,5,17,1,5,2,0,1,1,0,0,0,0,0,1,2,1,0
4,2019,8,7,3,5,2,0,1,1,0,0,0,0,0,0,0,0,0
8,2018,9,19,6,5,2,0,1,1,0,0,0,0,0,0,0,0,0
10,2019,12,13,7,5,2,0,0,1,0,0,0,0,1,0,0,1,0
6,2019,7,15,6,5,7,0,0,0,0,1,0,1,0,0,0,2,1
5,2019,1,17,1,5,3,2,1,1,0,0,0,0,0,0,0,1,1
4,2019,2,19,4,3,6,2,0,1,0,0,0,0,0,0,0,1,0
7,2018,3,9,5,5,3,0,0,1,0,0,0,0,0,0,0,1,0
3,2021,8,7,2,0,7,0,0,0,1,0,0,1,1,0,1,1,0
12,2018,9,23,6,5,2,2,0,1,0,1,0,0,0,0,0,0,0
1,2021,4,9,3,5,3,0,0,1,0,0,0,0,0,1,2,1,0
1,2020,9,19,6,6,7,2,0,1,1,0,0,0,0,0,1,0,0
8,2019,3,15,3,6,4,0,0,1,1,0,0,0,1,0,0,0,0
2,2019,8,6,5,0,4,0,1,0,1,0,0,0,1,0,0,0,0
6,2018,7,14,4,5,3,0,0,1,0,0,0,0,0,0,0,2,0
1,2018,9,9,2,5,3,0,1,1,0,0,0,0,0,0,0,0,0
1,2020,5,2,6,5,3,2,0,1,0,0,0,1,0,1,1,0,0
3,2018,8,14,6,6,4,0,0,1,1,0,0,0,0,0,0,1,0
2,2021,12,10,3,1,7,0,0,1,0,0,0,0,0,1,2,1,0
9,2020,10,14,2,5,2,0,1,1,0,0,0,0,0,1,1,1,0
9,2021,6,8,2,4,6,0,0,1,0,0,0,0,0,0,1,1,1
1,2018,1,20,5,5,3,2,1,1,0,0,0,0,1,0,0,0,0
4,2020,6,12,6,2,6,0,0,1,0,0,0,0,0,0,1,1,0
7,2018,4,17,3,9,1,0,0,1,0,0,0,0,0,0,0,1,0
11,2019,8,17,5,0,1,0,0,0,0,1,0,0,0,0,0,0,1
5,2018,9,22,7,1,1,2,0,1,0,0,0,0,0,0,0,0,0
6,2021,7,15,5,0,2,0,0,0,0,0,0,1,1,0,1,2,0
12,2021,11,21,1,5,3,2,0,1,0,0,0,0,0,0,2,0,0
11,2018,6,12,3,5,3,0,0,1,0,1,0,0,0,0,0,0,0
8,2021,3,17,4,5,2,1,0,1,0,0,0,1,0,0,2,0,1
3,2020,6,18,1,9,1,0,0,1,0,0,0,0,0,0,1,1,1
2,2021,1,15,3,0,2,0,1,1,0,0,0,0,1,1,2,0,0
1,2021,11,14,2,5,2,0,0,1,0,0,0,1,0,0,2,0,0
1,2020,6,11,2,2,6,0,0,1,0,0,0,0,0,0,1,1,0
4,2018,8,19,1,0,6,0,0,1,0,0,0,1,0,0,0,1,0
10,2021,8,13,3,5,2,0,1,1,0,0,0,0,0,0,1,1,0
4,2018,4,18,4,2,2,0,0,1,0,0,0,0,0,0,0,1,0
4,2019,2,12,6,5,3,0,0,1,0,0,1,0,0,0,0,1,1
9,2018,8,15,6,5,2,0,0,1,0,0,0,0,0,0,0,1,0
6,2018,7,7,2,5,2,0,1,1,0,0,0,0,0,0,0,2,0
5,2019,8,17,5,5,2,0,0,1,0,0,0,0,0,0,0,0,0
9,2021,7,14,7,2,7,0,0,1,0,0,0,0,0,0,1,2,0
6,2021,9,21,7,5,3,2,1,1,0,0,0,0,0,0,1,0,0
1,2021,5,9,4,5,2,0,1,1,0,0,0,0,0,1,2,1,0
1,2020,9,15,2,5,2,0,0,1,0,0,0,0,0,0,1,0,0
9,2018,12,15,4,0,2,0,1,1,0,0,0,0,0,0,0,1,0
8,2020,4,20,4,1,5,2,1,1,0,0,0,1,0,1,2,1,0
2,2020,7,13,2,5,7,0,0,1,0,1,0,0,0,0,1,2,0
2,2021,6,10,3,3,6,0,1,1,0,0,0,0,0,0,1,1,0
7,2021,6,22,4,5,2,2,1,1,0,0,0,0,0,0,1,1,0
1,2021,10,14,3,5,3,0,1,1,0,0,0,0,0,0,1,1,0
9,2019,1,6,2,6,2,2,0,1,1,0,0,0,1,0,0,1,1
1,2018,6,7,6,3,6,0,1,0,0,0,0,0,0,0,0,0,0
6,2019,10,9,3,2,6,0,1,1,0,0,0,0,0,0,0,1,0
8,2021,11,22,5,5,3,2,0,1,0,0,0,0,1,0,2,0,0
3,2020,2,15,7,5,2,0,0,1,0,0,0,0,1,0,0,1,0
2,2018,9,19,1,5,3,0,1,0,0,0,0,0,0,0,0,0,0
11,2018,3,7,2,5,3,0,0,1,0,0,0,0,2,0,0,1,0
4,2019,1,8,1,1,1,0,0,1,0,0,0,0,1,0,0,1,1
8,2019,9,11,3,5,2,0,0,1,0,0,0,1,0,0,0,0,0
9,2020,8,15,3,5,3,0,1,0,0,0,0,1,0,0,1,1,1
7,2019,2,15,2,2,6,0,0,1,0,0,0,1,0,0,0,1,0
12,2019,7,19,4,2,4,0,0,1,1,0,0,0,0,0,0,2,0
5,2019,8,19,7,6,4,1,0,1,1,0,0,0,0,0,0,0,0
7,2019,11,13,4,2,2,0,0,1,0,0,0,0,1,0,0,0,0
9,2018,4,21,6,6,4,2,0,1,1,0,0,0,1,0,0,1,1
2,2020,12,19,5,5,2,2,1,1,0,0,0,0,1,1,2,1,0
9,2019,11,12,7,5,2,0,0,1,0,0,0,0,1,0,0,0,0
1,2021,5,9,3,2,6,0,0,1,0,0,0,0,0,1,2,1,0
2,2019,1,16,5,5,2,1,1,1,0,0,0,0,0,0,0,1,0
5,2018,6,16,3,6,7,0,1,0,1,0,0,0,0,0,0,0,0
2,2018,9,11,5,5,2,0,1,0,0,0,0,0,0,0,0,0,0
11,2020,6,7,5,5,7,0,0,1,0,1,0,0,0,0,1,1,0
5,2021,3,5,5,8,1,2,0,1,0,0,0,0,1,0,2,0,0
3,2019,8,15,5,6,4,0,0,1,1,0,0,0,0,0,0,0,0
12,2019,12,17,6,6,2,2,0,1,1,0,0,0,1,0,0,1,0
4,2019,3,10,7,5,2,0,0,1,0,0,0,0,0,0,0,0,0
3,2018,9,17,5,5,2,0,1,0,0,0,0,1,0,0,0,0,0
1,2020,7,8,4,3,6,0,1,1,0,0,0,0,0,0,1,2,0
1,2019,5,9,4,5,2,0,0,1,0,0,0,0,1,0,0,0,0
1,2019,2,17,3,2,6,2,1,1,0,0,0,0,0,0,0,1,0
9,2019,3,16,7,0,2,0,1,1,0,0,0,0,1,0,0,0,0
10,2018,2,0,4,1,5,2,0,1,0,0,0,0,0,0,0,1,0
2,2020,7,20,7,0,5,0,1,1,0,0,0,0,0,0,1,2,0
3,2018,4,20,1,2,6,2,0,1,0,0,0,0,0,0,0,1,0
8,2018,6,23,5,2,6,2,0,1,0,0,0,0,0,0,0,0,0
8,2021,2,18,5,0,4,1,0,0,1,1,0,0,0,1,2,1,0
5,2021,10,19,5,0,3,0,0,1,0,1,0,0,0,0,1,1,1
1,2019,8,21,2,5,3,2,1,1,0,0,0,0,1,0,0,0,0
5,2021,2,14,2,6,4,0,0,1,1,0,0,0,2,1,2,1,0
12,2019,7,13,7,0,3,0,0,1,0,1,0,0,0,0,0,2,0
1,2019,6,2,7,6,4,2,0,0,1,0,0,1,0,0,0,1,0
9,2021,4,16,4,5,7,0,1,1,0,0,0,0,0,1,2,1,0
6,2018,8,16,2,5,7,0,0,1,0,0,0,0,0,0,0,1,0
3,2018,5,17,7,5,3,0,0,1,0,0,0,0,0,0,0,0,0
4,2021,10,8,4,6,2,0,0,1,1,0,0,0,1,0,1,1,0
11,2018,6,18,5,5,2,0,0,1,0,1,0,0,0,0,0,0,1
10,2019,1,15,5,5,3,0,0,1,0,0,1,0,0,0,0,1,0
6,2018,9,13,2,2,6,0,0,1,0,1,0,0,0,0,0,0,0
4,2019,10,19,1,6,2,2,0,1,1,0,0,0,0,0,0,1,0
9,2020,5,16,4,0,7,0,0,1,0,0,1,0,0,1,1,0,1
2,2019,11,22,7,5,2,2,1,1,0,0,0,0,1,0,0,0,0
10,2020,5,19,5,2,6,0,0,1,0,0,0,0,0,1,1,0,0
7,2019,12,10,6,5,3,0,1,1,0,0,0,0,0,0,0,1,0
3,2020,12,11,4,0,3,0,1,0,0,1,0,0,0,1,2,1,0
7,2019,8,12,2,2,7,0,1,1,0,0,0,0,0,0,0,0,0
6,2020,1,1,7,1,1,2,0,1,0,0,0,0,1,0,0,1,1
1,2020,4,17,3,0,1,0,1,0,0,0,0,0,0,1,2,1,0
4,2018,9,11,5,1,5,0,1,1,0,0,0,0,1,0,0,0,0
4,2020,12,0,6,9,1,2,0,1,0,0,0,0,0,1,2,1,0
10,2021,6,16,4,5,2,0,1,1,0,0,0,0,0,0,1,1,0
2,2019,10,19,7,2,6,2,0,1,0,1,0,0,0,0,0,1,0
3,2020,5,12,2,5,2,0,1,1,0,0,0,0,1,1,1,0,1
8,2019,11,14,7,5,2,0,0,1,0,0,0,0,1,0,0,0,0
3,2018,7,7,4,5,3,0,1,1,0,0,0,0,0,0,0,2,0
5,2021,4,20,4,5,3,1,1,1,0,0,0,0,0,1,2,1,0
9,2021,5,13,6,5,2,0,0,1,0,0,0,0,0,1,2,1,1
7,2018,1,16,5,5,3,0,1,1,0,0,0,0,1,0,0,0,1
12,2020,9,13,6,5,2,0,1,1,0,0,0,0,0,0,1,0,1
11,2020,9,12,5,1,5,0,1,1,0,0,0,0,0,0,1,0,0
6,2021,8,17,6,3,6,0,1,1,0,0,0,0,0,0,1,1,0
1,2020,6,12,2,2,3,0,1,1,0,0,0,0,0,0,1,1,0
12,2019,12,11,4,3,6,0,0,1,0,1,0,0,0,0,0,1,0
3,2020,1,11,4,5,3,0,0,1,0,0,0,0,1,0,0,1,0
9,2018,6,8,4,5,5,0,1,1,0,0,0,0,0,0,0,0,0
11,2019,11,12,5,5,2,0,0,1,0,0,0,0,0,0,0,0,0
2,2018,6,20,7,5,2,0,1,1,0,0,0,0,0,0,0,0,0
5,2019,5,5,5,5,3,0,0,1,0,0,0,0,1,0,0,0,1
6,2020,1,15,7,5,2,0,1,1,0,0,0,0,0,0,0,1,0
11,2021,11,9,2,2,6,0,0,1,0,0,0,1,1,0,2,0,0
7,2019,6,10,7,7,7,0,1,0,0,0,0,1,0,0,0,1,0
3,2021,3,9,2,2,6,0,0,0,0,1,0,1,0,0,2,0,0
2,2020,8,21,6,0,5,1,0,1,0,1,0,0,0,0,1,1,0
4,2020,9,16,2,3,6,0,0,1,0,1,0,0,0,0,1,0,0
4,2021,9,18,5,5,2,0,1,1,0,0,0,0,0,0,1,0,0
4,2020,12,13,7,5,3,0,0,1,0,0,0,0,0,1,2,1,0
1,2019,11,17,7,1,5,2,1,1,0,0,0,0,1,0,0,0,0
9,2021,2,15,5,5,3,0,0,1,0,0,0,1,0,1,2,1,0
12,2021,7,9,6,2,2,0,0,1,0,0,0,0,0,0,1,2,0
5,2021,7,11,4,5,2,0,0,1,0,0,0,0,0,0,1,2,0
1,2019,6,5,1,0,1,0,1,0,0,0,0,0,0,0,0,1,0
5,2020,8,15,4,2,6,0,0,1,0,0,0,0,0,0,1,1,0
5,2020,2,18,5,4,2,2,0,1,0,0,0,0,0,0,0,1,0
10,2020,6,12,4,2,6,0,0,1,0,0,0,0,0,0,1,1,0
9,2021,5,17,1,4,6,0,0,1,0,0,0,0,0,1,2,1,1
8,2021,5,19,4,2,6,0,1,1,0,0,0,0,1,1,2,1,0
12,2020,6,17,2,5,3,0,0,1,0,0,0,0,0,0,1,1,0
10,2021,8,13,7,5,2,0,1,1,0,0,0,0,0,0,1,1,0
5,2020,8,19,3,3,2,0,0,1,0,1,0,0,1,0,1,1,0
2,2018,9,5,2,6,2,2,0,1,1,0,0,0,1,0,0,0,1
1,2019,5,17,1,5,3,0,1,0,0,0,0,0,0,0,0,0,1
11,2018,3,12,4,5,3,0,1,1,0,0,0,0,1,0,0,1,0
4,2018,9,18,6,2,6,0,0,1,0,1,0,0,0,0,0,0,0
1,2020,8,20,4,4,6,1,1,0,0,0,0,1,0,0,1,1,0
2,2019,7,1,6,0,3,2,1,1,0,0,0,0,0,0,0,2,0
11,2018,9,15,3,2,6,0,0,1,0,0,0,0,0,0,0,0,0
1,2021,10,18,5,2,6,2,0,1,0,0,0,0,0,0,1,1,0
8,2020,1,13,7,8,1,0,0,1,0,0,0,0,1,0,0,1,0
5,2021,9,22,7,5,3,2,0,1,0,0,0,0,0,0,1,0,0
8,2019,1,18,4,2,6,2,0,1,0,0,0,0,0,0,0,1,0
4,2018,9,9,6,2,7,0,0,1,0,1,0,0,1,0,0,0,0
2,2019,2,16,3,3,6,0,1,1,0,0,0,0,0,0,0,1,0
12,2020,8,19,6,0,6,0,0,0,0,1,0,1,0,0,1,1,0
11,2019,6,8,4,2,6,0,0,1,0,0,0,0,0,0,0,1,0
12,2018,1,18,4,5,7,2,0,1,0,0,0,0,1,0,0,0,0
4,2021,8,19,2,5,3,0,0,1,0,0,0,0,1,0,1,1,0
4,2021,10,15,6,0,1,0,0,0,0,1,0,0,1,0,1,1,0
5,2019,7,16,5,6,4,0,0,1,1,0,0,0,0,0,0,2,1
5,2020,5,14,6,1,5,0,1,1,0,0,0,0,0,1,1,0,0
10,2018,3,20,7,2,6,2,0,1,0,0,0,0,0,0,0,1,0
3,2020,2,7,2,2,2,0,0,1,0,0,0,0,0,0,0,1,0
9,2018,11,10,1,5,3,0,0,1,0,0,0,0,0,0,0,0,0
4,2021,8,17,3,2,6,0,0,1,0,1,0,0,0,0,1,1,0
10,2021,6,14,7,0,1,0,0,0,0,1,0,0,1,0,1,1,0
7,2019,9,23,2,5,2,2,0,1,0,0,0,1,0,0,0,0,0
7,2020,11,18,4,5,2,2,1,1,0,0,0,0,0,1,2,0,0
7,2018,5,20,1,0,6,1,0,1,0,0,0,1,0,0,0,0,0
1,2021,4,13,3,2,6,0,0,1,0,0,0,0,0,1,2,1,0
6,2019,8,7,6,5,3,0,1,1,0,0,0,0,0,0,0,0,0
1,2020,12,13,2,5,3,0,1,0,0,0,0,1,0,1,2,1,0
1,2019,6,21,2,6,4,1,0,0,1,0,0,1,0,0,0,1,1
9,2019,12,9,5,3,6,0,0,1,0,0,0,1,1,0,0,1,0
4,2020,4,7,4,5,2,0,0,1,0,0,0,0,0,1,2,1,0
9,2019,6,22,2,5,2,2,1,1,0,0,0,0,1,0,0,1,0
7,2018,8,21,6,6,2,2,0,1,1,0,0,0,0,0,0,1,1
12,2019,12,11,3,9,1,0,0,1,0,0,0,0,0,0,0,1,1
11,2021,12,16,5,5,3,1,1,1,0,0,0,0,0,1,2,1,0
2,2019,5,15,7,1,5,0,0,1,0,1,0,0,0,0,0,0,0
3,2019,5,16,2,5,3,0,1,0,0,0,0,1,0,0,0,0,0
2,2019,8,15,3,3,6,0,1,0,0,0,0,1,0,0,0,0,0
11,2019,8,17,4,5,2,0,1,0,0,0,0,1,0,0,0,0,0
4,2018,4,14,3,2,6,0,0,1,0,1,0,0,0,0,0,1,0
4,2019,3,12,6,5,3,0,0,1,0,0,0,0,0,0,0,0,0
1,2018,6,7,6,0,1,0,1,0,0,0,0,0,0,0,0,0,0
2,2021,7,1,2,5,2,2,1,1,0,0,0,0,1,0,1,2,0
7,2021,6,8,3,0,2,0,0,1,0,0,0,0,0,0,1,1,0
5,2018,12,15,5,6,2,0,0,1,1,0,0,0,1,0,0,1,0
5,2020,4,9,4,6,2,0,0,1,1,0,0,0,0,1,2,1,0
1,2018,5,14,4,5,2,0,1,1,0,0,0,0,0,0,0,0,0
3,2019,9,13,6,5,2,0,0,1,0,0,0,0,0,0,0,0,1
2,2021,8,23,3,6,2,2,0,1,1,0,0,0,0,0,1,1,0
8,2018,6,21,3,5,3,2,0,1,0,0,0,1,0,0,0,0,0
3,2019,8,9,5,5,2,0,1,1,0,0,0,0,0,0,0,0,1
1,2019,8,13,1,0,1,0,0,0,0,1,0,0,0,0,0,0,0
4,2019,6,13,4,5,5,0,1,1,0,0,0,0,0,0,0,1,0
8,2021,10,9,4,1,5,0,1,1,0,0,0,1,1,0,1,1,0
8,2019,4,7,6,5,3,0,1,1,0,0,0,0,0,0,0,1,0
2,2018,12,23,2,5,3,2,0,1,0,0,0,1,0,0,0,1,0
1,2021,7,22,6,5,3,2,1,1,0,0,0,0,0,0,1,2,0
2,2021,8,17,5,5,2,0,1,1,0,0,0,0,0,0,1,1,1
2,2019,12,5,7,6,2,2,0,1,1,0,0,0,1,0,0,1,0
1,2019,12,18,4,5,2,2,1,1,0,0,0,0,0,0,0,1,0
3,2018,10,15,5,5,2,2,1,1,0,0,0,0,0,0,0,1,0
7,2018,5,7,6,5,3,0,0,1,0,0,1,0,0,0,0,0,0
1,2019,4,8,3,5,3,0,1,1,0,0,0,0,0,0,0,1,1
2,2020,1,17,6,6,7,2,1,0,1,0,0,0,0,0,0,1,0
3,2020,9,15,4,0,1,0,1,0,0,0,0,0,1,0,1,0,0
6,2020,10,12,6,0,3,0,0,1,0,1,0,0,0,1,1,1,0
9,2021,7,14,3,5,3,0,0,1,0,0,0,1,0,0,1,2,0
4,2021,12,11,4,2,6,0,0,1,0,1,0,0,1,1,2,1,0
4,2021,9,13,5,5,2,0,0,0,0,0,0,1,0,0,1,0,0
12,2018,5,14,2,5,2,0,1,1,0,0,0,0,0,0,0,0,0
11,2021,12,12,2,3,6,0,0,1,0,0,1,0,0,1,2,1,0
4,2018,4,11,6,3,5,0,0,1,0,0,0,1,0,0,0,1,0
4,2019,2,10,2,2,6,0,0,1,0,0,1,0,0,0,0,1,0
3,2019,12,16,3,1,5,2,1,0,0,0,0,1,1,0,0,1,0
9,2018,10,23,3,0,1,2,0,0,0,1,0,0,0,0,0,1,0
8,2018,6,11,7,2,6,0,0,1,0,0,0,0,0,0,0,0,0
4,2018,2,14,5,0,6,0,0,1,0,0,0,1,0,0,0,1,0
2,2018,3,21,6,2,6,2,0,1,0,0,0,0,0,0,0,1,0
12,2021,7,15,3,1,5,0,0,1,0,0,0,0,0,0,1,2,0
1,2018,5,13,4,5,2,0,0,1,0,1,0,0,0,0,0,0,0
6,2020,4,11,7,0,2,0,1,1,0,0,0,0,0,1,2,1,0
4,2018,7,0,2,5,3,2,0,1,0,0,0,0,0,0,0,2,0
8,2018,1,17,3,5,3,2,0,1,0,0,0,0,1,0,0,0,0
6,2020,6,9,4,5,2,0,0,1,0,0,0,1,0,0,1,1,0
12,2020,12,11,2,5,7,0,1,1,0,0,0,0,0,1,2,1,0
7,2020,7,17,4,2,7,0,1,1,0,0,0,0,1,0,1,2,0
3,2018,5,16,6,5,3,0,0,1,0,0,0,0,0,0,0,0,0
4,2020,8,23,5,3,6,2,0,1,0,0,0,0,0,0,1,1,1
4,2019,6,12,6,6,7,0,0,1,1,0,0,0,0,0,0,1,0
5,2021,5,19,1,5,3,1,0,0,0,0,0,1,0,1,2,1,1
12,2018,11,14,2,6,4,0,0,1,1,0,0,0,1,0,0,0,0
8,2020,4,15,4,1,5,0,0,1,0,0,0,0,0,1,2,1,1
6,2019,5,7,2,0,1,0,0,0,0,1,0,0,0,0,0,0,0
4,2019,6,8,6,5,2,0,1,1,0,0,0,0,0,0,0,1,0
2,2018,1,6,6,5,3,2,1,1,0,0,0,0,1,0,0,0,0
7,2018,6,14,6,6,7,0,0,1,1,0,0,0,0,0,0,0,0
11,2020,9,7,2,6,4,0,0,1,1,0,0,0,0,0,1,0,0
12,2019,12,5,3,6,2,2,0,1,1,0,0,0,0,0,0,1,0
5,2018,3,7,3,5,2,0,0,1,0,0,0,0,0,0,0,1,0
1,2019,4,9,3,5,2,0,1,1,0,0,0,0,0,0,0,1,0
1,2019,11,19,2,2,6,2,0,1,0,1,0,0,1,0,0,0,0
3,2019,6,6,2,5,2,0,1,0,0,0,0,1,0,0,0,1,0
1,2018,10,11,2,0,6,0,0,1,0,0,0,1,0,0,0,1,0
3,2019,7,7,5,5,3,0,1,0,0,0,0,1,0,0,0,2,0
12,2018,12,21,1,5,7,2,0,1,0,0,0,1,0,0,0,1,0
2,2019,4,15,3,5,2,0,1,1,0,0,0,0,0,0,0,1,0
1,2021,11,13,4,5,2,0,1,1,0,0,0,0,0,0,2,0,0
1,2020,11,12,5,5,2,0,0,1,0,0,0,0,1,1,2,0,0
12,2018,10,9,7,1,5,0,0,1,0,0,0,0,0,0,0,1,0
5,2021,5,16,2,5,2,0,1,1,0,0,0,0,0,1,2,1,0
6,2018,5,17,2,5,2,0,1,1,0,0,0,0,0,0,0,0,1
8,2019,2,11,3,0,1,0,0,0,0,1,0,0,0,0,0,1,1
4,2018,7,18,5,2,6,0,0,1,0,1,0,0,0,0,0,2,0
8,2021,10,17,5,0,4,0,1,0,1,0,0,0,1,0,1,1,0
10,2018,10,20,4,2,6,2,0,1,0,0,0,0,0,0,0,1,0
9,2018,11,7,4,0,1,0,0,0,0,1,0,0,1,0,0,0,0
12,2019,11,17,5,6,2,2,0,1,1,0,0,0,1,0,0,0,1
8,2019,10,11,3,6,7,0,0,1,1,0,0,0,1,0,0,1,0
1,2018,11,17,3,2,6,2,0,1,0,0,0,1,0,0,0,0,0
5,2020,8,12,3,0,1,0,0,1,0,1,0,0,1,0,1,1,0
7,2021,12,22,6,0,7,2,0,1,0,1,0,0,0,1,2,1,0
1,2019,7,19,3,0,6,0,0,1,0,1,0,0,0,0,0,2,0
11,2018,4,19,7,2,6,0,0,1,0,0,0,0,0,0,0,1,0
1,2020,7,6,4,2,6,0,0,0,0,0,0,1,0,0,1,2,0
4,2019,7,14,2,2,6,0,0,1,0,1,0,0,0,0,0,2,1
2,2021,5,7,5,6,4,0,0,0,1,0,0,1,0,1,2,1,0
5,2021,8,16,3,6,4,0,0,1,1,0,0,0,0,0,1,1,1
4,2021,9,17,4,2,6,0,0,1,0,0,0,0,1,0,1,0,0
10,2019,12,16,6,5,2,2,1,1,0,0,0,0,0,0,0,1,0
7,2018,1,16,6,2,6,1,0,1,0,0,0,0,0,0,0,0,0
10,2021,9,15,3,2,6,0,0,1,0,0,0,0,0,0,1,0,0
4,2021,1,13,3,2,2,0,0,1,0,0,0,0,2,1,2,0,0
7,2018,1,8,5,5,3,0,0,1,0,0,0,0,0,0,0,0,0
4,2021,1,8,4,5,2,0,1,1,0,0,0,0,1,1,2,0,0
2,2018,11,8,6,2,6,0,1,1,0,0,0,0,0,0,0,0,0
4,2021,7,20,5,1,5,0,1,1,0,0,0,0,0,0,1,2,0
8,2018,7,14,1,0,1,0,0,0,0,1,0,0,0,0,0,2,0
10,2018,4,16,4,5,2,0,1,1,0,0,0,0,0,0,0,1,0
4,2021,9,16,6,0,5,0,0,1,0,0,0,1,0,0,1,0,0
9,2020,6,15,4,2,6,0,0,1,0,1,0,0,0,0,1,1,1
9,2018,3,9,4,2,6,0,0,1,0,0,0,0,1,0,0,1,0
11,2019,2,10,7,5,2,0,0,1,0,1,0,0,0,0,0,1,0
6,2021,11,15,6,9,1,0,0,1,0,0,0,0,1,0,2,0,0
2,2019,10,19,2,5,2,2,1,1,0,0,0,0,0,0,0,1,0
12,2018,8,21,2,2,2,2,0,1,0,0,0,0,0,0,0,1,0
7,2021,8,19,2,0,7,0,0,1,0,0,0,0,0,0,1,1,0
2,2019,1,13,4,1,5,0,1,0,0,0,0,1,0,0,0,1,0
12,2018,4,15,4,2,6,0,0,1,0,0,0,0,1,0,0,1,0
5,2021,10,12,5,6,4,0,0,1,1,0,0,0,1,0,1,1,0
5,2019,10,11,2,5,3,0,1,0,0,1,0,0,0,0,0,1,1
4,2019,6,11,7,1,5,0,1,1,0,0,0,0,0,0,0,1,0
3,2021,6,0,4,8,1,2,0,1,0,0,0,0,0,0,1,1,0
1,2021,10,16,6,6,7,0,0,0,1,0,0,1,0,0,1,1,0
6,2018,7,20,2,0,3,1,0,1,0,1,0,0,0,0,0,2,0
7,2021,5,12,3,5,3,0,0,1,0,0,0,0,0,1,2,1,0
9,2018,5,14,3,2,7,0,0,1,0,0,0,1,0,0,0,0,1
5,2021,1,17,7,6,4,2,0,1,1,0,0,0,0,1,2,0,1
2,2020,6,20,2,3,6,0,1,0,0,1,0,0,0,0,1,1,0
11,2021,4,15,5,1,7,0,0,1,0,0,0,0,1,1,2,1,1
2,2021,4,13,3,6,4,0,0,1,1,0,0,0,0,1,2,1,0
12,2018,4,13,7,6,7,0,0,1,1,0,0,0,0,0,0,1,0
4,2020,4,21,2,0,1,2,1,1,0,0,0,0,0,1,2,1,0
4,2020,6,20,1,1,5,0,1,1,0,0,0,0,0,0,1,1,0
4,2018,5,22,4,6,4,2,0,1,1,0,0,0,0,0,0,0,1
1,2018,4,12,6,0,2,0,1,1,0,1,0,0,0,0,0,1,0
2,2019,4,0,7,6,4,2,0,1,1,0,0,0,0,0,0,1,0
1,2018,10,21,1,5,3,2,0,1,0,0,0,0,1,0,0,1,1
7,2018,4,17,6,5,2,0,0,1,0,0,0,1,0,0,0,1,0
8,2020,9,21,1,2,6,2,0,1,0,0,0,0,0,0,1,0,1
7,2019,6,12,3,5,3,0,0,1,0,0,0,0,0,0,0,1,0
10,2021,9,11,3,0,5,0,0,0,0,1,0,1,1,0,1,0,0
4,2021,7,22,6,5,2,2,0,1,0,0,0,0,0,0,1,2,0
8,2019,10,12,4,5,7,0,1,1,0,0,0,0,0,0,0,1,0
3,2020,4,17,4,6,2,0,0,1,1,0,0,0,0,1,2,1,0
2,2018,7,2,6,6,4,2,0,1,1,0,0,0,1,0,0,2,0