BEZ,UJAHR,UMONAT,USTUNDE,UWOCHENTAG,UART,UTYP1,ULICHTVERH,IstRad,IstPKW,IstFuss,IstKrad,IstGkfz,IstSonstige,USTRZUSTAND,LOCKDOWN,COVID,FERIEN,UKATEGORIE
4,2020,9,22,5,6,4,2,1,0,1,0,0,0,0,0,1,0,0
9,2021,10,7,4,2,2,1,0,1,0,0,0,0,0,0,1,1,0
3,2018,9,13,7,8,1,0,0,0,0,1,0,0,0,0,0,0,0
10,2021,9,18,3,5,2,0,0,1,0,1,0,0,0,0,1,0,1
4,2018,7,17,2,5,2,0,1,1,0,0,0,0,0,0,0,2,0
3,2021,8,8,5,0,3,0,1,0,0,1,0,0,0,0,1,1,0
6,2019,9,16,4,5,3,0,1,1,0,0,0,0,1,0,0,0,0
1,2018,2,14,4,6,2,0,0,0,1,0,1,0,0,0,0,1,0
2,2019,10,14,3,3,6,0,0,1,0,0,1,0,1,0,0,1,1
10,2018,4,18,7,0,6,0,0,1,0,1,0,0,0,0,0,1,0
2,2018,10,18,6,1,5,1,1,1,0,0,0,0,0,0,0,1,0
4,2021,5,2,2,0,1,2,1,0,0,0,0,0,0,1,2,1,0
5,2019,9,8,3,0,2,0,1,0,0,0,0,1,0,0,0,0,0
10,2019,5,14,5,5,2,0,0,0,0,1,0,1,1,0,0,0,0
8,2018,4,22,7,5,2,2,1,1,0,0,0,0,0,0,0,1,0
4,2021,1,14,2,5,3,0,0,1,0,0,0,0,0,1,2,0,0
12,2020,6,15,4,2,6,0,0,1,0,0,0,0,0,0,1,1,0
10,2020,8,16,2,0,2,0,1,1,0,0,0,0,0,0,1,1,0
3,2018,7,20,6,0,6,0,1,1,0,0,0,0,1,0,0,2,0
4,2018,4,14,4,3,6,0,0,1,0,1,0,0,0,0,0,1,1
2,2018,6,10,6,1,5,0,0,1,0,0,0,1,0,0,0,0,0
5,2018,4,8,5,5,3,0,1,1,0,0,0,0,1,0,0,1,0
12,2018,9,8,3,5,2,0,1,0,0,0,1,0,0,0,0,0,0
1,2020,8,18,5,6,4,0,1,0,1,0,0,0,0,0,1,1,1
11,2019,5,15,2,5,3,0,0,1,0,0,0,0,0,0,0,0,0
9,2019,11,16,3,0,5,1,0,1,0,0,0,0,0,0,0,0,0
6,2018,3,18,6,1,1,2,0,1,0,1,0,0,2,0,0,1,0
9,2020,9,17,2,1,5,0,1,1,0,0,0,0,0,0,1,0,0
12,2021,8,7,6,0,7,0,1,0,0,0,0,0,0,0,1,1,0
6,2020,3,13,2,3,6,0,1,0,0,0,0,0,0,1,1,0,0
8,2019,7,17,1,6,4,0,0,0,1,1,0,0,0,0,0,2,0
11,2021,7,17,2,5,3,0,1,1,0,0,0,0,0,0,1,2,0
12,2020,4,15,2,2,2,0,0,1,0,0,0,0,0,1,2,1,0
4,2020,7,12,7,2,6,0,0,1,0,0,0,1,0,0,1,2,0
1,2019,11,15,6,2,6,0,1,1,0,0,0,0,2,0,0,0,0
3,2019,12,7,4,6,2,0,0,1,1,0,0,0,0,0,0,1,0
2,2020,5,11,1,5,3,0,1,1,0,0,0,0,0,1,1,0,0
5,2020,5,11,7,2,6,0,0,1,0,0,0,0,0,1,1,0,0
12,2018,3,10,5,6,2,0,0,0,1,0,0,1,0,0,0,1,0
9,2021,9,21,4,3,6,2,0,1,0,0,0,0,1,0,1,0,1
4,2018,11,22,1,5,2,2,0,1,0,0,0,1,0,0,0,0,0
8,2019,11,9,5,5,3,0,0,1,0,1,0,0,0,0,0,0,0
1,2021,9,10,3,3,6,0,1,1,0,0,0,0,0,0,1,0,0
6,2018,10,2,5,7,7,2,0,0,0,1,0,0,0,0,0,1,0
1,2019,11,4,7,0,3,2,0,0,0,0,0,1,1,0,0,0,0
7,2021,10,8,5,6,2,0,0,1,1,0,0,0,0,0,1,1,0
5,2020,6,18,1,0,5,0,0,1,0,0,0,1,0,0,1,1,0
1,2019,9,13,4,5,2,0,1,1,0,0,0,0,0,0,0,0,0
1,2020,11,7,4,2,2,1,1,1,0,0,0,0,0,1,2,0,0
4,2019,3,10,4,0,6,0,1,1,0,0,0,0,1,0,0,0,0
5,2019,2,13,7,0,7,0,0,1,0,0,0,0,0,0,0,1,0
4,2019,7,12,3,2,6,0,0,1,0,0,0,0,0,0,0,2,0
6,2019,3,9,7,2,6,0,0,1,0,0,0,0,0,0,0,0,0
2,2019,9,7,3,2,6,1,0,1,0,0,1,0,0,0,0,0,0
7,2019,11,14,5,5,2,0,1,1,0,0,0,0,0,0,0,0,1
9,2019,8,9,6,5,2,0,1,1,0,0,0,0,0,0,0,0,0
4,2018,1,18,1,3,6,2,1,1,0,0,0,0,0,0,0,0,0
1,2020,10,15,7,6,4,0,1,0,1,0,0,0,0,1,1,1,0
10,2018,2,12,1,5,3,0,0,1,0,0,0,0,0,0,0,1,0
2,2021,2,14,6,1,5,0,0,1,0,0,0,0,0,1,2,1,0
2,2019,6,15,7,5,3,0,0,1,0,0,0,0,0,0,0,1,0
7,2021,5,8,4,5,3,0,0,1,0,0,0,0,0,1,2,1,0
2,2018,9,13,6,2,6,0,0,1,0,0,1,0,0,0,0,0,0
3,2018,3,5,6,5,3,1,0,1,0,0,0,0,1,0,0,1,0
9,2021,12,15,2,5,3,0,1,1,0,0,0,0,0,1,2,1,0
8,2021,6,17,4,2,6,0,1,1,0,0,0,0,0,0,1,1,0
7,2020,11,17,1,5,2,2,0,1,0,0,0,0,1,1,2,0,0
2,2018,5,19,5,5,2,0,1,1,0,0,0,0,0,0,0,0,0
3,2019,10,11,2,6,4,0,0,1,1,0,0,0,0,0,0,1,1
7,2021,5,16,2,2,2,0,0,1,0,1,0,0,0,1,2,1,0
2,2019,6,15,7,6,2,0,0,1,1,0,0,0,0,0,0,1,1
4,2018,8,14,7,0,1,0,0,0,0,1,0,0,0,0,0,1,0
1,2018,11,19,1,2,6,2,0,1,0,0,0,0,0,0,0,0,0
4,2018,4,22,7,0,1,2,1,0,0,0,0,0,0,0,0,1,1
4,2021,9,12,3,5,3,0,1,1,0,0,0,0,0,0,1,0,0
1,2019,6,12,3,2,6,0,0,1,0,1,0,0,0,0,0,1,0
3,2018,11,11,2,1,7,0,1,1,0,0,0,0,0,0,0,0,0
8,2021,7,5,2,5,2,0,0,1,0,1,0,0,0,0,1,2,1
7,2019,9,4,1,1,1,0,0,1,0,0,0,0,0,0,0,0,0
6,2018,6,8,3,6,4,0,0,0,1,1,0,0,0,0,0,0,0
6,2020,1,14,3,6,7,0,1,0,1,0,0,0,1,0,0,1,1
8,2019,5,15,5,5,2,0,0,1,0,0,0,0,0,0,0,0,1
10,2020,11,13,2,6,4,0,0,1,1,0,0,0,0,1,2,0,0
3,2021,3,17,3,2,6,1,0,1,0,0,0,0,0,0,2,0,0
12,2019,4,13,6,1,5,0,0,1,0,0,0,1,0,0,0,1,0
1,2018,5,22,3,2,6,2,0,1,0,0,0,0,1,0,0,0,0
9,2019,5,12,5,5,3,0,1,0,0,0,0,0,0,0,0,0,1
6,2021,3,21,4,0,2,2,0,1,0,1,0,0,0,0,2,0,0
1,2019,9,15,6,0,1,0,1,0,0,0,0,0,0,0,0,0,0
3,2019,2,23,6,6,4,2,0,1,1,0,0,0,1,0,0,1,1
7,2020,11,13,2,5,3,0,1,1,0,0,0,0,1,1,2,0,0
12,2018,1,9,5,2,2,0,0,1,0,0,0,0,1,0,0,0,0
3,2019,1,17,2,6,4,2,0,1,1,0,0,0,1,0,0,1,0
2,2021,3,18,1,3,6,1,1,1,0,0,0,0,0,0,2,0,0
1,2018,9,22,6,5,2,2,0,1,0,0,0,0,0,0,0,0,0
11,2021,10,13,6,5,7,0,0,0,0,0,1,1,1,0,1,1,0
6,2019,10,6,2,1,5,1,1,1,0,0,0,0,0,0,0,1,0
7,2019,4,14,4,5,3,0,0,1,0,0,0,0,0,0,0,1,0
6,2018,11,20,1,0,1,2,0,1,0,0,0,0,1,0,0,0,1
11,2020,8,11,7,0,1,0,1,0,0,0,0,0,0,0,1,1,1
1,2019,8,17,2,5,2,0,0,1,0,1,0,0,0,0,0,0,0
6,2018,5,13,6,5,2,0,1,1,0,0,0,0,0,0,0,0,0
1,2019,4,12,2,0,1,0,1,0,0,0,0,0,0,0,0,1,0
9,2021,9,18,6,2,6,0,0,1,0,0,0,0,1,0,1,0,0
10,2021,6,6,5,2,6,0,1,0,0,0,0,1,0,0,1,1,0
6,2018,11,16,3,2,2,2,0,1,0,0,0,0,1,0,0,0,0
1,2018,8,16,3,5,2,0,0,1,0,1,0,0,0,0,0,1,0
8,2019,8,18,6,0,7,0,0,1,0,1,0,0,0,0,0,0,0
10,2019,10,16,6,0,1,0,1,0,0,0,0,0,0,0,0,1,0
2,2021,9,15,7,5,7,0,0,1,0,1,0,0,0,0,1,0,0
10,2018,1,15,2,5,3,0,1,1,0,0,0,0,0,0,0,0,0
3,2021,10,9,3,2,7,0,0,1,0,1,0,0,0,0,1,1,0
1,2020,4,18,7,5,3,0,1,1,0,0,0,0,0,1,2,1,0
4,2020,10,15,3,3,6,0,0,1,0,0,0,0,0,1,1,1,0
7,2020,1,14,4,5,3,0,1,1,0,0,0,0,0,0,0,1,0
1,2019,11,17,2,0,1,2,1,0,0,0,0,0,1,0,0,0,0
7,2020,7,11,1,0,3,0,1,0,0,1,0,0,1,0,1,2,0
3,2018,9,19,6,5,3,2,1,1,0,0,0,0,0,0,0,0,0
5,2021,6,17,4,5,2,0,0,1,0,1,0,0,0,0,1,1,1
5,2018,9,23,1,5,3,2,0,0,0,0,0,1,0,0,0,0,0
11,2018,1,7,6,5,2,2,1,1,0,0,0,0,1,0,0,0,0
7,2021,10,14,4,2,6,0,0,1,0,0,0,1,0,0,1,1,0
6,2021,8,10,6,0,1,0,0,0,0,1,0,0,1,0,1,1,0
12,2021,4,18,5,2,6,0,0,1,0,0,0,0,0,1,2,1,0
3,2018,1,16,2,0,6,0,1,1,0,0,0,0,1,0,0,0,0
11,2021,10,5,5,2,1,2,0,1,0,0,1,0,1,0,1,1,0
1,2020,1,18,2,6,7,2,0,0,1,1,0,0,0,0,0,1,0
5,2019,7,17,5,5,3,0,0,1,0,1,0,0,0,0,0,2,1
2,2021,6,13,7,2,6,0,0,1,0,0,0,0,0,0,1,1,0
3,2021,10,11,7,5,3,0,0,1,0,1,0,0,0,0,1,1,1
2,2019,6,15,6,5,7,0,0,1,0,0,1,0,0,0,0,1,1
7,2020,5,18,1,5,3,0,0,1,0,0,0,0,1,1,1,0,0
7,2018,4,7,4,0,7,0,1,1,0,0,0,0,1,0,0,1,1
7,2021,9,13,4,2,6,0,0,0,0,1,0,1,0,0,1,0,1
12,2018,8,15,2,5,2,0,1,1,0,0,0,0,0,0,0,1,0
3,2018,5,21,5,5,3,0,1,1,0,0,0,0,0,0,0,0,0
1,2019,10,21,1,5,2,2,0,1,0,0,0,0,0,0,0,1,0
7,2018,3,14,6,2,6,0,0,1,0,1,0,0,0,0,0,1,0
1,2021,10,10,2,1,5,0,1,0,0,0,0,1,1,0,1,1,0
6,2021,6,7,5,6,2,0,0,1,1,0,0,0,0,0,1,1,0
10,2021,12,19,1,5,2,2,0,1,0,0,0,1,0,1,2,1,0
2,2019,8,7,5,1,6,0,0,1,0,0,0,0,0,0,0,0,0
4,2021,3,12,6,0,6,0,0,0,0,0,1,1,0,0,2,0,0
7,2021,8,7,3,5,2,0,1,1,0,0,0,0,1,0,1,1,0
8,2019,4,7,6,4,5,0,1,1,0,0,0,0,0,0,0,1,0
2,2019,6,15,7,5,2,0,1,0,0,0,0,1,0,0,0,1,1
1,2020,10,12,4,5,3,0,1,1,0,0,0,0,1,1,1,1,0
3,2019,8,9,6,5,2,0,1,0,0,0,0,0,0,0,0,0,0
4,2019,10,9,7,5,7,0,0,1,0,1,0,0,0,0,0,1,0
8,2019,8,13,4,5,3,0,0,1,0,1,0,0,0,0,0,0,1
7,2019,12,12,1,5,2,0,0,1,0,0,0,0,1,0,0,1,0
7,2020,8,18,3,1,5,0,1,1,0,0,0,0,0,0,1,1,1
4,2019,5,18,2,5,2,0,0,1,0,0,0,0,1,0,0,0,0
1,2021,8,20,2,3,6,0,0,1,0,0,0,0,0,0,1,1,0
2,2019,3,16,2,5,3,0,1,1,0,0,0,0,0,0,0,0,0
6,2019,3,14,6,2,6,0,0,1,0,0,0,0,0,0,0,0,0
3,2021,6,16,2,6,4,0,0,1,1,0,0,0,0,0,1,1,0
8,2021,1,17,2,3,6,2,0,1,0,0,0,0,1,1,2,0,0
8,2020,4,14,5,5,7,0,0,1,0,1,0,0,0,1,2,1,1
1,2018,6,8,6,5,2,0,1,1,0,0,0,0,0,0,0,0,0
5,2020,12,17,5,2,6,2,0,1,0,1,0,0,1,1,2,1,0
4,2018,7,12,4,0,6,0,0,0,0,1,0,1,0,0,0,2,0
3,2019,6,13,1,1,5,0,1,1,0,0,0,0,0,0,0,1,0
5,2020,6,19,3,6,7,0,0,1,1,0,0,0,0,0,1,1,0
2,2018,7,2,6,5,2,2,0,1,0,0,0,0,0,0,0,2,0
7,2018,5,12,4,6,4,0,1,0,1,0,0,0,0,0,0,0,0
11,2021,9,12,5,5,2,0,0,1,0,0,0,0,0,0,1,0,0
1,2018,5,8,2,5,2,0,1,1,0,0,0,0,0,0,0,0,0
3,2020,8,10,3,5,3,0,1,1,0,0,0,0,0,0,1,1,0
5,2019,8,10,6,1,5,0,0,1,0,0,0,1,0,0,0,0,0
7,2018,2,18,2,6,2,2,0,1,1,0,0,0,0,0,0,1,0
2,2019,6,7,5,3,6,0,0,1,0,1,0,0,1,0,0,1,0
3,2018,1,14,1,5,2,0,1,1,0,0,0,0,1,0,0,0,0
6,2019,1,19,2,1,5,2,0,1,0,0,0,0,1,0,0,1,0
12,2020,12,16,1,2,6,1,0,1,0,0,0,0,0,1,2,1,0
1,2019,3,16,5,2,2,0,0,1,0,1,0,0,1,0,0,0,0
11,2018,5,9,4,5,3,0,1,0,0,0,1,0,0,0,0,0,0
9,2021,10,11,1,2,2,0,0,1,0,0,0,0,0,0,1,1,0
2,2020,8,9,4,1,5,0,1,1,0,0,0,0,0,0,1,1,0
3,2018,4,0,5,0,1,2,1,0,0,0,0,0,1,0,0,1,0
9,2021,8,12,1,3,6,0,1,1,0,0,0,0,0,0,1,1,1
4,2018,6,19,2,6,4,0,0,1,1,0,0,0,0,0,0,0,0
2,2019,10,19,6,5,7,2,1,1,0,0,0,0,0,0,0,1,0
8,2020,8,16,2,5,3,0,1,1,0,0,0,0,0,0,1,1,0
5,2021,2,15,3,3,6,0,0,1,0,0,1,0,2,1,2,1,0
11,2018,5,15,6,5,2,0,1,1,0,0,0,0,0,0,0,0,1
12,2018,5,8,4,2,6,0,0,1,0,0,0,0,0,0,0,0,0
3,2018,2,20,3,5,2,2,1,0,0,0,0,1,0,0,0,1,0
1,2019,6,13,6,2,6,0,1,0,0,0,0,0,0,0,0,1,0
9,2021,10,17,7,0,1,0,1,0,0,0,0,0,0,0,1,1,0
1,2021,8,23,5,0,1,2,1,0,0,0,0,0,0,0,1,1,0
4,2020,9,14,3,0,7,0,1,0,0,0,0,0,0,0,1,0,1
1,2018,9,5,4,2,6,1,0,1,0,0,0,0,0,0,0,0,0
12,2019,10,17,2,1,5,1,0,1,0,0,0,0,0,0,0,1,0
1,2020,11,20,1,6,2,2,0,1,1,0,0,0,1,1,2,0,0
2,2021,6,9,3,6,4,0,0,1,1,0,0,0,0,0,1,1,0
8,2021,12,10,6,6,4,0,0,1,1,0,0,0,0,1,2,1,0
2,2019,11,18,7,2,6,2,0,1,0,0,0,0,0,0,0,0,0
5,2021,1,13,3,6,2,0,0,1,1,0,0,0,2,1,2,0,1
12,2019,10,14,1,2,2,0,1,1,0,0,0,0,0,0,0,1,0
4,2019,6,9,4,6,4,0,0,1,1,0,0,0,0,0,0,1,0
10,2021,6,13,3,6,4,0,0,1,1,0,0,0,0,0,1,1,1
4,2020,3,16,4,6,4,0,0,1,1,0,0,0,0,1,1,0,0
10,2020,10,7,6,5,3,1,1,1,0,0,0,0,1,1,1,1,0
4,2019,7,0,7,3,6,2,0,1,0,0,0,0,0,0,0,2,0
4,2018,1,9,2,5,2,0,0,1,0,0,0,0,0,0,0,0,0
4,2019,12,7,3,0,1,2,1,0,0,0,0,0,2,0,0,1,1
1,2021,6,23,4,5,3,2,0,1,0,0,0,1,1,0,1,1,1
8,2021,2,5,4,1,5,2,0,1,0,0,0,0,1,1,2,1,0
4,2020,12,8,2,0,6,0,0,1,0,0,0,0,0,1,2,1,0
11,2019,12,7,3,0,6,1,1,1,0,0,0,0,2,0,0,1,0
8,2020,9,17,1,1,5,0,1,1,0,0,0,0,0,0,1,0,1
1,2021,12,21,1,6,4,2,0,0,1,0,0,1,1,1,2,1,0
7,2018,8,17,1,5,2,0,0,1,0,0,0,0,0,0,0,1,0
1,2021,6,16,3,1,5,0,1,1,0,0,0,0,0,0,1,1,0
9,2020,1,8,2,5,2,0,1,1,0,0,0,0,0,0,0,1,0
5,2019,7,16,2,5,7,0,1,1,0,0,0,0,0,0,0,2,0
10,2021,7,14,6,0,2,0,0,1,0,1,0,0,0,0,1,2,0
10,2021,11,17,4,2,7,2,0,1,0,0,0,0,0,0,2,0,1
7,2019,4,15,3,5,2,0,1,1,0,0,0,0,0,0,0,1,0
6,2019,11,21,1,2,7,2,0,1,0,0,0,0,1,0,0,0,0
12,2019,9,18,2,6,4,0,0,1,1,0,0,0,0,0,0,0,1
3,2018,9,13,6,6,4,0,0,1,1,0,0,0,0,0,0,0,0
12,2021,6,3,1,8,1,2,0,1,0,0,0,0,0,0,1,1,0
9,2019,5,7,2,0,7,0,0,0,0,0,0,1,0,0,0,0,0
2,2021,10,19,4,5,3,2,1,1,0,0,0,0,1,0,1,1,0
2,2021,4,15,4,5,2,0,1,1,0,0,0,0,0,1,2,1,0
12,2020,11,11,4,4,6,0,0,1,0,0,0,1,1,1,2,0,1
1,2021,5,16,5,4,6,0,0,1,0,0,0,0,1,1,2,1,0
1,2018,3,20,6,9,1,2,0,0,0,1,0,0,0,0,0,1,1
3,2018,1,18,4,2,6,2,0,1,0,0,0,0,0,0,0,0,0
9,2019,1,15,5,5,3,0,1,1,0,0,0,0,0,0,0,1,0
1,2018,9,14,4,5,3,0,1,1,0,0,0,0,0,0,0,0,0
1,2018,1,5,3,6,2,2,0,1,1,0,0,0,2,0,0,0,0
6,2019,2,15,2,2,6,0,0,1,0,0,0,1,0,0,0,1,0
5,2019,11,7,5,4,6,1,1,0,0,0,0,0,0,0,0,0,1
7,2019,6,7,3,0,1,0,0,0,0,1,0,0,0,0,0,1,1
6,2018,6,16,7,4,6,0,0,1,0,0,0,0,0,0,0,0,0
4,2021,9,3,7,4,6,2,0,1,0,0,0,0,0,0,1,0,0
12,2021,1,10,3,5,3,0,0,1,0,0,0,0,1,1,2,0,0
7,2019,4,17,4,0,6,0,0,1,0,0,0,1,0,0,0,1,0
10,2018,4,17,4,2,7,0,0,1,0,1,0,0,0,0,0,1,0
9,2020,8,4,3,2,6,1,0,1,0,0,0,0,0,0,1,1,1
9,2021,5,11,6,5,3,0,1,1,0,0,0,0,1,1,2,1,0
7,2020,6,17,3,0,5,0,0,1,0,0,0,0,0,0,1,1,0
9,2019,7,18,3,2,6,0,0,1,0,0,0,1,0,0,0,2,0
6,2021,8,19,5,3,6,0,0,1,0,1,0,0,0,0,1,1,0
7,2020,8,13,3,2,6,0,1,0,0,0,0,0,0,0,1,1,0
4,2019,6,3,7,1,5,2,0,1,0,1,0,0,0,0,0,1,0
9,2021,6,13,4,5,2,0,1,1,0,0,0,0,0,0,1,1,0
2,2019,6,8,4,2,6,0,1,0,0,0,0,0,0,0,0,1,0
1,2020,11,17,2,5,3,2,1,1,0,0,0,0,0,1,2,0,0
5,2020,10,12,7,0,7,0,0,1,0,0,0,0,1,1,1,1,0
2,2018,11,18,6,3,6,2,1,0,0,0,0,0,0,0,0,0,1
7,2020,8,7,5,0,3,0,0,1,0,1,0,0,0,0,1,1,0
3,2020,9,7,3,0,7,0,1,0,1,0,0,0,0,0,1,0,0
1,2018,8,8,6,3,6,0,1,0,0,0,0,1,0,0,0,1,1
9,2019,6,16,2,5,3,0,1,1,0,0,0,0,0,0,0,1,0
3,2021,5,13,5,5,3,0,0,1,0,0,0,0,0,1,2,1,0
9,2021,10,18,2,0,7,0,0,0,0,0,0,1,0,0,1,1,0
2,2019,12,2,2,6,4,2,0,1,1,0,0,0,0,0,0,1,0
7,2019,7,12,2,6,7,0,0,0,1,0,0,1,0,0,0,2,1
2,2018,6,11,5,6,4,0,0,1,1,0,0,0,0,0,0,0,0
2,2018,9,19,4,3,6,0,0,1,0,1,0,0,0,0,0,0,0
1,2021,5,7,2,5,3,0,0,1,0,0,0,0,1,1,2,1,0
10,2018,10,17,4,2,7,0,0,1,0,1,0,0,0,0,0,1,0
6,2020,8,20,6,8,1,0,0,1,0,0,0,0,0,0,1,1,0
9,2019,4,16,1,5,2,0,0,1,0,0,0,0,0,0,0,1,1
12,2018,12,18,7,6,2,2,0,1,1,0,0,0,1,0,0,1,0
1,2021,2,17,2,5,2,0,1,1,0,0,0,0,0,1,2,1,0
1,2018,6,10,6,6,4,0,1,0,1,0,0,0,0,0,0,0,0
1,2018,11,9,3,5,3,0,1,1,0,0,0,0,0,0,0,0,0
2,2018,10,13,3,3,1,0,1,1,0,0,0,0,1,0,0,1,1
1,2020,5,17,2,6,4,0,0,1,1,0,0,0,1,1,1,0,1
3,2021,10,21,4,0,1,2,1,0,0,0,0,0,0,0,1,1,0
4,2021,11,17,5,6,4,2,0,1,1,0,0,0,1,0,2,0,0
3,2021,10,8,5,1,5,0,0,1,0,0,1,0,0,0,1,1,0
2,2020,8,7,5,5,2,0,1,1,0,0,0,0,0,0,1,1,0
2,2018,7,12,3,6,4,0,0,1,1,0,0,0,0,0,0,2,0
4,2018,10,8,5,5,7,0,0,1,0,1,0,0,1,0,0,1,0
4,2021,9,11,3,2,6,0,0,1,0,0,1,0,0,0,1,0,0
3,2018,6,10,5,5,3,0,0,1,0,0,0,0,0,0,0,0,0
3,2018,5,16,5,5,3,0,0,1,0,0,0,0,0,0,0,0,0
1,2020,4,14,6,5,2,0,1,1,0,0,0,0,0,1,2,1,0
4,2019,12,11,7,6,4,0,0,1,1,0,0,0,1,0,0,1,0
5,2020,11,14,2,5,3,0,0,1,0,0,0,0,0,1,2,0,0
9,2020,6,12,5,0,1,0,1,0,0,0,0,0,0,0,1,1,0
8,2021,9,13,3,2,6,0,0,1,0,0,0,0,0,0,1,0,0
4,2018,11,14,3,2,6,0,0,1,0,0,0,0,1,0,0,0,0
11,2018,5,16,3,5,2,0,1,1,0,0,0,0,0,0,0,0,0
5,2019,9,12,2,5,2,0,0,1,0,1,0,0,0,0,0,0,1
5,2021,6,19,3,5,3,0,1,1,0,0,0,0,0,0,1,1,0
8,2021,1,14,1,6,4,0,0,1,1,0,0,0,0,1,2,0,0
4,2021,5,18,2,2,6,0,0,1,0,0,0,0,0,1,2,1,1
9,2018,5,7,3,5,2,0,1,1,0,0,0,0,0,0,0,0,0
2,2020,9,9,5,5,2,0,1,1,0,0,0,0,0,0,1,0,0
1,2019,6,16,3,2,6,0,0,1,0,1,0,0,0,0,0,1,0
3,2018,4,18,4,6,7,0,0,1,1,0,0,0,0,0,0,1,1
10,2021,11,9,2,5,2,0,0,1,0,0,0,1,0,0,2,0,0
4,2020,8,14,6,3,6,0,0,1,0,0,0,0,0,0,1,1,0
12,2020,10,17,4,5,7,1,0,1,0,1,0,0,0,1,1,1,0
2,2021,8,20,3,5,2,1,1,1,0,0,0,0,1,0,1,1,0
9,2018,4,0,1,2,6,2,0,1,0,1,0,0,0,0,0,1,0
12,2021,1,13,4,1,5,0,0,1,0,0,0,0,1,1,2,0,1
1,2018,5,11,2,5,2,0,1,1,0,0,0,0,0,0,0,0,0
7,2018,11,8,6,5,3,0,0,1,0,0,0,1,0,0,0,0,0
5,2021,9,9,2,5,3,0,0,1,0,1,0,0,0,0,1,0,0
7,2018,12,11,3,2,6,0,0,1,0,0,0,0,0,0,0,1,0
5,2019,7,18,1,2,6,0,0,1,0,0,0,0,0,0,0,2,0
3,2019,4,0,7,4,6,2,1,0,0,0,0,0,0,0,0,1,0
4,2018,9,13,7,0,2,0,1,1,0,0,0,0,0,0,0,0,0
5,2020,11,13,6,2,6,0,0,1,0,0,0,0,0,1,2,0,0
7,2020,6,13,2,2,6,0,0,1,0,0,0,0,0,0,1,1,0
4,2018,8,15,1,2,6,0,0,1,0,1,0,0,0,0,0,1,0
12,2018,6,19,6,8,1,0,1,0,0,0,0,0,0,0,0,0,1
4,2021,9,20,5,5,3,2,0,1,0,0,0,1,0,0,1,0,0
6,2020,4,8,2,3,6,0,1,0,0,0,0,1,0,1,2,1,0
3,2018,7,15,4,0,1,0,1,0,0,0,0,0,0,0,0,2,0
9,2021,10,17,7,6,4,0,0,0,1,1,0,0,0,0,1,1,0
6,2020,3,16,4,0,7,0,0,1,0,0,0,0,0,1,1,0,0
1,2018,8,16,5,6,4,0,1,0,1,0,0,0,0,0,0,1,0
6,2021,9,10,5,6,6,0,0,0,1,0,0,1,0,0,1,0,0
7,2018,1,16,4,5,2,2,1,1,0,0,0,0,1,0,0,0,0
6,2019,12,12,3,0,6,0,0,1,0,0,0,1,0,0,0,1,0
1,2018,12,7,4,5,3,0,0,1,0,0,0,1,0,0,0,1,0
1,2020,10,9,6,6,4,0,1,0,1,0,0,0,0,1,1,1,0
9,2021,4,17,7,0,1,0,0,0,0,1,0,0,1,1,2,1,0
12,2019,3,11,6,6,7,0,0,1,1,0,0,0,0,0,0,0,0
1,2018,7,17,2,5,3,0,0,1,0,1,0,0,0,0,0,2,0
1,2018,8,14,2,5,7,0,0,1,0,0,0,0,0,0,0,1,0
5,2019,7,14,2,0,1,0,0,0,0,1,0,0,0,0,0,2,0
5,2021,9,8,6,2,1,0,0,1,0,0,0,0,0,0,1,0,0
7,2021,8,11,3,0,1,0,0,0,0,0,0,1,1,0,1,1,1
1,2020,5,15,2,0,2,0,0,0,0,1,0,1,1,1,1,0,0
4,2018,10,13,2,6,2,0,0,1,1,0,0,0,0,0,0,1,0
9,2020,8,20,3,4,6,0,0,1,1,0,0,0,0,0,1,1,1
7,2020,2,7,5,6,2,0,0,0,1,0,0,1,1,0,0,1,0
3,2021,12,9,6,2,2,0,0,1,0,0,0,1,0,1,2,1,0
11,2020,7,12,5,6,4,0,0,1,1,0,0,0,0,0,1,2,0
11,2019,5,17,7,3,6,0,0,1,0,0,0,0,0,0,0,0,0
12,2018,3,6,4,2,6,0,0,1,0,0,0,0,1,0,0,1,0
3,2019,9,7,3,5,2,0,1,1,0,0,0,0,0,0,0,0,0
4,2019,3,12,1,5,2,0,0,1,0,0,0,0,0,0,0,0,0
3,2019,10,0,7,0,1,2,0,0,0,0,0,1,0,0,0,1,1
7,2018,6,16,7,2,6,0,0,1,0,0,0,1,0,0,0,0,0
11,2018,8,5,5,0,7,1,1,0,0,0,0,0,0,0,0,1,0
3,2020,6,18,7,0,6,0,0,1,0,1,0,0,1,0,1,1,0
8,2019,2,16,1,2,2,2,0,1,0,0,0,0,1,0,0,1,0
4,2020,2,22,7,2,6,2,0,1,0,0,0,0,0,0,0,1,0
6,2019,10,8,3,5,3,0,1,1,0,0,0,0,1,0,0,1,0
7,2020,1,22,5,0,1,2,0,1,0,0,0,0,1,0,0,1,1
3,2019,9,16,4,5,3,0,1,1,0,0,0,0,0,0,0,0,1
3,2019,3,14,3,5,2,0,1,0,0,0,0,0,0,0,0,0,0
1,2021,9,18,5,2,6,0,0,1,0,0,0,0,0,0,1,0,0
6,2019,7,12,4,5,3,0,0,0,0,1,0,1,0,0,0,2,0