BEZ,UJAHR,UMONAT,USTUNDE,UWOCHENTAG,UART,UTYP1,ULICHTVERH,IstRad,IstPKW,IstFuss,IstKrad,IstGkfz,IstSonstige,USTRZUSTAND,LOCKDOWN,COVID,FERIEN,UKATEGORIE
2,2018,5,15,4,5,2,0,0,1,0,0,0,0,0,0,0,0,1
7,2019,8,19,3,2,6,0,0,1,0,0,0,0,0,0,0,0,0
1,2019,1,8,6,6,4,0,1,0,1,0,0,0,1,0,0,1,0
6,2018,2,15,4,3,6,0,0,1,0,0,0,1,0,0,0,1,0
8,2020,10,20,3,0,4,2,0,0,1,1,0,0,0,1,1,1,0
11,2020,11,12,6,5,3,0,0,1,0,0,0,0,0,1,2,0,0
12,2019,6,12,7,0,7,0,0,1,0,0,0,0,0,0,0,1,0
10,2020,9,6,5,2,6,2,0,1,0,0,0,1,0,0,1,0,1
2,2018,4,16,3,5,2,0,1,0,0,0,0,1,0,0,0,1,0
2,2020,9,19,5,5,2,1,1,1,0,0,0,0,0,0,1,0,0
1,2019,3,10,5,0,7,0,1,0,0,0,0,0,1,0,0,0,0
10,2018,5,16,3,2,6,0,0,1,0,1,0,0,0,0,0,0,0
1,2018,7,19,1,5,2,0,0,1,0,0,0,0,0,0,0,2,1
9,2018,12,16,6,6,2,2,0,1,1,0,0,0,1,0,0,1,0
4,2021,12,14,1,1,7,0,0,1,0,0,0,0,1,1,2,1,0
11,2019,4,10,7,6,2,0,0,1,1,0,0,0,0,0,0,1,0
8,2019,12,4,1,5,3,2,0,1,0,0,0,0,0,0,0,1,1
2,2020,6,22,7,6,4,2,0,0,1,0,0,1,0,0,1,1,0
6,2020,3,8,5,5,3,0,0,1,0,0,0,1,0,1,1,0,0
4,2019,7,17,3,5,3,0,1,1,0,0,0,0,0,0,0,2,0
4,2020,11,8,3,2,6,0,0,1,0,0,0,0,0,1,2,0,0
5,2018,9,10,5,2,1,0,0,1,0,1,0,0,0,0,0,0,0
4,2018,1,10,6,2,6,0,0,1,0,0,0,0,1,0,0,0,0
5,2020,10,10,4,0,7,0,0,1,0,0,0,1,0,1,1,1,0
2,2019,7,13,6,2,6,0,0,1,0,0,0,0,0,0,0,2,0
2,2018,10,8,3,5,2,0,1,1,0,0,0,0,0,0,0,1,0
4,2021,5,14,1,3,6,0,1,1,0,0,0,0,0,1,2,1,0
4,2021,3,15,4,5,3,0,0,1,0,0,0,0,0,0,2,0,0
8,2019,10,21,7,5,2,2,0,1,0,0,0,1,0,0,0,1,0
11,2021,3,6,5,0,1,1,1,0,0,0,0,0,1,0,2,0,0
2,2019,1,18,5,5,2,2,1,1,0,0,0,0,1,0,0,1,0
3,2020,9,21,7,5,2,2,0,1,0,0,0,0,0,0,1,0,0
11,2020,3,11,3,5,7,0,0,1,0,0,0,1,0,1,1,0,1
12,2020,3,12,6,5,2,0,0,1,0,1,0,0,0,1,1,0,0
6,2021,7,12,2,5,7,0,0,1,0,0,0,0,0,0,1,2,1
10,2018,5,13,3,5,3,0,1,1,0,0,0,0,0,0,0,0,0
5,2019,8,13,5,1,5,0,1,1,0,0,0,0,0,0,0,0,0
3,2018,8,9,5,4,1,0,0,1,0,0,0,0,1,0,0,1,1
2,2019,12,21,5,5,3,2,1,0,0,0,0,0,1,0,0,1,1
8,2020,1,3,5,5,3,2,0,1,0,0,0,0,1,0,0,1,0
3,2020,7,11,3,0,1,0,1,0,0,0,0,0,0,0,1,2,0
12,2021,9,12,6,2,6,0,0,1,0,0,0,0,0,0,1,0,0
5,2018,11,14,5,2,6,0,0,1,0,0,0,0,0,0,0,0,0
8,2018,11,17,6,5,2,0,0,1,0,1,0,0,0,0,0,0,1
1,2021,4,15,1,5,3,0,0,1,0,0,0,1,0,1,2,1,0
8,2018,7,12,3,2,6,0,0,1,0,0,0,0,0,0,0,2,0
3,2018,7,9,3,0,2,0,1,1,0,0,0,0,0,0,0,2,0
7,2019,4,15,3,4,6,0,0,1,0,0,0,0,0,0,0,1,1
6,2019,10,16,2,0,6,0,0,1,0,0,0,1,0,0,0,1,1
6,2019,6,7,5,5,2,0,0,1,0,1,0,0,1,0,0,1,1
11,2019,9,8,3,5,3,0,1,0,0,0,0,0,0,0,0,0,0
3,2019,5,8,6,2,6,0,0,1,0,0,0,1,0,0,0,0,0
7,2021,10,20,6,5,5,2,0,1,0,1,0,0,1,0,1,1,0
9,2018,5,7,1,1,5,0,1,0,0,0,1,0,0,0,0,0,0
4,2020,6,20,7,5,2,0,1,1,0,0,0,0,0,0,1,1,0
12,2021,10,11,2,5,2,0,1,1,0,0,0,0,0,0,1,1,0
8,2021,5,18,2,6,4,0,1,0,1,0,0,0,0,1,2,1,0
1,2018,7,8,4,0,2,0,1,1,0,0,0,0,0,0,0,2,0
10,2019,5,22,3,5,2,2,0,1,0,0,0,1,1,0,0,0,0
1,2019,4,11,3,5,2,0,0,1,0,0,0,0,0,0,0,1,0
5,2019,6,17,6,5,3,0,1,1,0,0,0,0,0,0,0,1,0
7,2018,2,10,2,5,2,0,0,1,0,0,0,0,0,0,0,1,0
1,2020,9,11,3,5,2,0,1,1,0,0,0,0,0,0,1,0,0
5,2019,7,17,4,5,2,0,1,1,0,0,0,0,0,0,0,2,1
1,2018,1,17,2,4,2,2,1,0,0,0,0,0,0,0,0,0,1
4,2020,6,17,5,2,3,0,0,1,0,0,0,0,1,0,1,1,0
6,2018,9,0,6,0,5,2,1,1,0,0,0,0,0,0,0,0,0
2,2019,2,5,3,5,3,2,0,1,0,0,0,0,0,0,0,1,1
1,2018,5,6,1,5,3,0,1,1,0,0,0,0,0,0,0,0,0
4,2020,8,6,4,2,6,0,0,1,0,0,1,0,0,0,1,1,0
12,2018,5,13,4,5,2,0,0,1,0,0,0,1,0,0,0,0,0
1,2021,7,16,4,0,1,0,0,1,0,0,0,0,0,0,1,2,0
7,2020,6,15,4,6,7,0,0,1,1,0,0,0,0,0,1,1,0
9,2018,3,22,2,2,6,2,0,1,0,0,0,0,0,0,0,1,0
5,2019,5,7,2,5,2,0,0,1,0,0,0,0,0,0,0,0,0
4,2019,10,17,4,5,2,0,1,1,0,0,0,0,0,0,0,1,0
3,2021,8,15,4,5,3,0,1,1,0,0,0,0,0,0,1,1,0
1,2020,9,0,1,0,5,2,0,1,0,0,0,1,0,0,1,0,0
1,2020,7,16,7,2,6,0,0,1,0,0,0,1,0,0,1,2,0
11,2018,10,19,5,0,6,1,0,1,0,1,0,0,1,0,0,1,0
4,2019,2,14,5,5,2,0,0,1,0,0,0,0,0,0,0,1,1
4,2020,9,17,6,2,7,0,0,1,0,0,0,0,0,0,1,0,0
1,2019,4,23,1,5,2,2,1,1,0,0,0,0,0,0,0,1,0
1,2020,9,11,6,5,3,0,0,1,0,1,0,0,0,0,1,0,0
6,2021,11,8,2,5,3,0,0,1,0,0,0,0,0,0,2,0,0
4,2019,2,16,5,5,2,0,1,1,0,0,0,0,0,0,0,1,0
5,2019,6,7,3,0,1,0,1,0,0,0,0,0,0,0,0,1,0
11,2018,4,17,6,8,1,0,0,1,0,0,0,0,0,0,0,1,0
11,2018,8,16,6,3,6,0,0,0,0,1,0,1,0,0,0,1,0
5,2020,10,12,5,1,5,0,1,1,0,0,0,0,1,1,1,1,0
1,2019,3,15,6,0,1,0,0,0,0,1,0,0,1,0,0,0,1
12,2018,4,11,4,6,7,0,0,1,1,0,0,0,0,0,0,1,0
1,2020,10,2,6,0,7,2,0,1,0,0,0,0,0,1,1,1,0
8,2021,12,10,7,5,7,0,0,1,0,0,0,0,1,1,2,1,0
1,2018,9,17,4,0,1,0,1,0,0,0,0,0,0,0,0,0,1
4,2019,8,10,5,2,6,0,0,1,0,0,0,0,0,0,0,0,0
3,2020,8,12,5,1,5,0,1,1,0,0,0,0,0,0,1,1,0
10,2018,1,6,4,6,4,2,0,0,1,0,0,1,2,0,0,0,1
9,2018,9,18,7,4,6,0,0,1,0,0,0,0,0,0,0,0,1
2,2020,1,13,2,5,3,0,0,1,0,0,0,0,0,0,0,1,0
4,2020,2,21,2,6,2,2,0,1,1,0,0,0,1,0,0,1,1
4,2021,12,20,4,6,2,2,0,1,1,0,0,0,1,1,2,1,1
2,2020,7,9,4,0,1,0,1,0,0,0,0,0,0,0,1,2,0
1,2020,10,12,2,1,5,0,1,1,0,0,0,0,1,1,1,1,0
1,2019,5,14,7,6,4,0,0,1,1,0,0,0,1,0,0,0,0
10,2021,5,13,5,5,3,0,0,1,0,0,0,0,1,1,2,1,0
1,2019,9,18,2,5,2,0,1,1,0,0,0,0,0,0,0,0,0
9,2020,3,11,6,6,2,0,0,1,1,0,0,0,0,1,1,0,0
6,2021,8,11,6,2,2,0,0,1,0,0,0,0,0,0,1,1,0
1,2021,1,6,4,5,3,2,0,1,0,0,0,0,1,1,2,0,0
2,2021,7,15,7,5,3,0,0,1,0,0,0,1,0,0,1,2,0
12,2018,7,10,5,5,2,0,0,1,0,1,0,0,0,0,0,2,1
4,2021,5,16,5,5,2,0,1,1,0,0,0,0,0,1,2,1,0
1,2021,3,15,5,5,3,0,0,1,0,0,0,0,0,0,2,0,0
1,2019,1,19,5,2,6,2,0,1,0,0,0,0,1,0,0,1,0
8,2018,8,11,5,5,3,0,1,1,0,0,0,0,0,0,0,1,0
10,2018,7,18,3,2,6,0,0,1,0,0,0,1,0,0,0,2,0
3,2018,5,11,6,5,3,0,0,1,0,0,0,0,0,0,0,0,0
1,2020,4,17,6,1,5,0,1,1,0,0,0,0,0,1,2,1,0
10,2019,4,15,2,6,7,0,0,1,1,0,0,0,0,0,0,1,1
2,2019,6,16,3,2,6,0,1,1,0,0,0,0,0,0,0,1,0
4,2019,12,19,1,5,3,2,1,1,0,0,0,0,1,0,0,1,0
1,2019,9,6,2,6,2,2,0,1,1,0,0,0,1,0,0,0,0
11,2018,1,15,3,5,3,0,1,1,0,0,0,0,1,0,0,0,1
4,2018,4,15,7,3,6,0,0,1,0,0,1,0,0,0,0,1,0
3,2018,5,17,2,5,2,0,0,0,0,1,0,1,0,0,0,0,0
2,2021,10,16,5,0,1,0,1,1,0,0,0,0,1,0,1,1,0
5,2021,12,16,3,0,1,2,1,0,0,0,0,0,0,1,2,1,0
5,2019,4,15,2,2,6,0,0,1,0,0,0,0,0,0,0,1,0
2,2018,5,8,4,5,2,0,1,1,0,0,0,0,0,0,0,0,0
1,2018,3,18,2,2,2,2,1,1,0,0,0,0,1,0,0,1,0
1,2018,2,20,7,6,2,2,0,1,1,0,0,0,0,0,0,1,0
8,2020,10,10,4,0,5,0,1,1,0,0,0,0,1,1,1,1,0
9,2020,9,9,6,6,4,0,0,0,1,0,1,0,0,0,1,0,0
5,2019,2,15,3,5,3,0,1,1,0,0,0,0,0,0,0,1,0
6,2018,10,18,1,6,4,1,0,1,1,0,0,0,0,0,0,1,1
11,2021,12,14,7,0,5,1,0,1,0,0,0,0,1,1,2,1,0
8,2021,7,20,5,5,3,1,1,1,0,0,0,0,0,0,1,2,1
3,2018,7,16,3,0,1,0,1,0,0,0,0,0,0,0,0,2,0
12,2018,11,18,4,2,2,1,0,1,0,0,0,0,0,0,0,0,1
9,2020,8,18,6,0,1,0,1,0,0,0,0,0,0,0,1,1,0
1,2018,12,10,2,5,3,0,1,0,0,0,0,1,0,0,0,1,0
2,2020,5,7,3,5,2,0,1,1,0,0,0,0,0,1,1,0,0
2,2019,8,17,6,1,5,0,1,1,0,0,0,0,0,0,0,0,0
7,2020,7,8,5,5,2,0,0,1,0,0,0,0,0,0,1,2,0
11,2021,12,6,4,6,4,2,0,1,1,0,0,0,1,1,2,1,1
11,2019,2,12,7,6,4,0,1,0,1,0,0,0,0,0,0,1,0
7,2019,10,17,5,6,7,0,0,1,1,0,0,0,0,0,0,1,1
3,2018,7,18,5,8,1,0,0,1,0,0,0,0,0,0,0,2,0
4,2021,8,13,5,5,3,0,0,1,0,0,0,0,0,0,1,1,0
10,2019,2,5,6,6,4,2,0,1,1,0,0,0,0,0,0,1,0
2,2019,4,16,4,5,2,0,1,1,0,0,0,0,0,0,0,1,0
2,2018,5,12,2,1,5,0,1,1,0,0,0,0,0,0,0,0,0
5,2021,12,10,7,6,2,0,0,1,1,0,0,0,1,1,2,1,0
11,2020,4,18,6,0,1,0,1,1,0,0,0,0,0,1,2,1,0
4,2018,6,13,2,6,4,0,0,1,1,0,0,0,0,0,0,0,0
4,2020,7,20,2,0,5,0,0,1,0,1,0,0,1,0,1,2,1
4,2018,1,6,2,2,6,1,0,1,0,0,0,0,0,0,0,0,0
2,2020,8,10,2,0,5,0,0,1,0,0,0,1,0,0,1,1,0
1,2018,6,1,6,5,5,2,0,1,0,0,0,0,0,0,0,0,0
8,2020,8,20,6,5,2,0,0,1,0,1,0,0,1,0,1,1,0
9,2021,4,15,1,2,6,0,0,1,0,0,0,0,0,1,2,1,0
3,2019,9,16,3,5,3,0,1,1,0,0,0,0,1,0,0,0,0
1,2019,3,8,6,5,7,0,0,1,0,1,0,0,0,0,0,0,0
9,2021,9,15,4,3,6,0,1,0,0,1,0,0,0,0,1,0,0
8,2018,8,18,2,6,4,0,0,1,1,0,0,0,0,0,0,1,0
9,2019,6,6,5,5,3,0,0,1,0,0,0,0,0,0,0,1,0
6,2018,2,10,3,2,6,0,0,1,0,0,0,0,0,0,0,1,0
7,2021,11,7,6,2,6,0,0,1,0,0,0,0,1,0,2,0,0
1,2019,6,9,6,5,2,0,1,0,0,1,0,0,0,0,0,1,0
4,2021,3,18,3,5,3,2,1,1,0,0,0,0,0,0,2,0,1
3,2021,4,10,1,4,6,0,1,1,0,0,0,0,0,1,2,1,0
7,2019,10,11,4,5,3,0,1,1,0,0,0,0,1,0,0,1,0
7,2019,6,12,4,5,3,0,1,0,0,0,0,1,0,0,0,1,1
4,2018,8,12,5,0,7,0,1,0,0,0,0,0,0,0,0,1,0
3,2018,9,7,3,5,2,0,0,1,0,1,0,0,0,0,0,0,0
8,2020,8,14,1,2,7,0,1,1,0,0,0,0,0,0,1,1,0
11,2020,12,10,2,6,7,0,0,1,1,0,0,0,1,1,2,1,0
3,2019,9,12,7,2,6,0,0,1,0,0,0,1,0,0,0,0,0
6,2020,10,13,5,5,2,0,1,1,0,0,0,0,0,1,1,1,1
7,2021,10,18,3,0,5,2,0,1,0,0,0,0,1,0,1,1,0
2,2019,8,8,2,2,6,0,0,1,0,0,0,0,0,0,0,0,0
4,2020,9,12,1,5,2,0,1,1,0,0,0,0,0,0,1,0,0
9,2018,9,9,2,6,2,0,0,1,1,0,0,0,0,0,0,0,0
2,2020,12,17,3,1,5,2,1,1,0,0,0,0,0,1,2,1,0
9,2020,1,20,6,6,2,2,0,0,1,0,0,1,1,0,0,1,1
6,2019,5,13,1,0,3,0,0,1,0,1,0,0,0,0,0,0,0
1,2020,6,19,3,6,7,0,0,1,1,0,0,0,0,0,1,1,0
6,2021,11,16,2,2,6,2,0,1,0,0,0,0,0,0,2,0,0
2,2019,5,16,5,0,2,0,0,0,0,1,0,1,1,0,0,0,0
2,2019,10,4,5,8,1,2,0,1,0,0,0,0,0,0,0,1,0
12,2021,7,13,6,5,3,0,1,0,0,1,0,0,0,0,1,2,0
1,2018,8,15,2,0,6,0,0,1,0,0,0,0,0,0,0,1,0
9,2018,8,16,6,2,6,0,0,1,0,0,0,0,0,0,0,1,0
4,2020,2,13,5,5,3,0,1,1,0,0,0,0,0,0,0,1,0
4,2019,9,14,7,2,6,0,0,1,0,0,0,0,0,0,0,0,0
12,2020,2,17,4,2,6,1,0,1,0,0,0,0,1,0,0,1,0
3,2019,11,13,2,6,2,0,0,1,1,0,0,0,0,0,0,0,0
7,2018,7,9,3,2,6,0,0,1,0,0,0,0,0,0,0,2,0
7,2020,10,7,6,0,1,0,0,0,0,1,0,0,0,1,1,1,0
1,2020,11,18,4,5,3,2,1,1,0,0,0,0,0,1,2,0,0
7,2019,11,19,3,1,5,2,0,1,0,0,0,1,0,0,0,0,0
1,2019,8,17,1,5,2,0,0,1,0,0,0,1,1,0,0,0,0
8,2020,3,11,1,5,2,0,1,1,0,0,0,0,1,1,1,0,0
11,2019,2,9,6,5,3,0,0,1,0,0,0,0,0,0,0,1,1
5,2018,1,18,4,5,3,2,0,1,0,0,0,0,1,0,0,0,0
6,2019,9,13,5,5,5,0,0,1,0,1,0,0,0,0,0,0,1
1,2020,3,18,3,5,3,2,1,1,0,0,0,0,1,1,1,0,0
4,2019,10,15,5,5,3,0,1,1,0,0,0,0,0,0,0,1,1
12,2018,8,8,6,6,7,0,1,0,1,0,0,0,0,0,0,1,0
4,2020,4,15,5,5,3,0,1,1,0,0,0,0,0,1,2,1,0
3,2019,1,15,4,1,5,0,1,1,0,0,0,0,0,0,0,1,0
8,2020,10,22,7,5,3,2,1,1,0,0,0,0,0,1,1,1,0
1,2021,8,20,7,0,4,0,1,0,1,0,0,0,0,0,1,1,0
1,2020,1,18,4,3,6,1,0,1,0,0,0,0,0,0,0,1,0
11,2021,4,13,6,2,6,0,0,1,0,0,0,0,0,1,2,1,0
1,2018,6,7,5,5,2,0,1,1,0,0,0,0,0,0,0,0,0
12,2020,7,11,7,5,2,0,0,1,0,1,0,0,0,0,1,2,0
7,2021,11,0,5,6,2,2,0,1,1,0,0,0,1,0,2,0,1
2,2021,6,16,5,2,7,0,1,1,0,0,0,0,0,0,1,1,0
7,2018,6,8,6,5,2,0,1,0,0,0,1,0,0,0,0,0,1
2,2020,5,20,7,0,4,0,1,0,1,0,0,0,0,1,1,0,0
5,2020,8,16,2,1,5,0,0,1,0,1,0,0,1,0,1,1,0
5,2018,10,10,2,2,6,0,0,1,0,0,0,0,0,0,0,1,0
7,2019,12,15,3,5,2,0,1,1,0,0,0,0,0,0,0,1,0
9,2020,10,11,2,2,6,0,0,1,0,0,0,0,0,1,1,1,0
4,2021,5,13,2,5,3,0,1,0,0,0,0,0,0,1,2,1,0
8,2018,5,14,3,5,7,0,0,1,0,0,0,0,0,0,0,0,0
7,2018,11,14,4,5,3,0,1,1,0,0,0,0,0,0,0,0,0
6,2018,10,9,3,2,6,0,0,1,0,0,0,0,1,0,0,1,0
3,2021,8,20,1,0,7,1,1,1,0,0,0,0,1,0,1,1,0
1,2018,6,6,3,5,2,0,1,1,0,0,0,0,0,0,0,0,0
4,2021,7,14,6,5,2,0,0,1,0,1,0,0,0,0,1,2,1
7,2020,12,9,6,1,5,0,1,1,0,0,0,0,0,1,2,1,0
2,2018,4,15,4,5,3,0,0,1,0,1,0,0,0,0,0,1,0
2,2020,6,19,3,5,3,0,1,1,0,0,0,0,0,0,1,1,0
1,2020,8,5,5,5,2,0,0,0,0,1,0,1,0,0,1,1,1
1,2019,8,19,2,5,2,0,1,1,0,0,0,0,0,0,0,0,0
1,2019,8,8,4,0,6,0,0,1,0,1,0,0,0,0,0,0,0
7,2018,2,9,2,5,3,0,0,1,0,0,0,1,1,0,0,1,0
5,2021,6,12,6,2,6,0,0,1,0,0,0,0,0,0,1,1,0
3,2019,3,7,3,5,2,0,1,1,0,0,0,0,0,0,0,0,0
1,2018,10,19,4,1,5,2,1,1,0,0,0,1,0,0,0,1,0
3,2018,1,12,6,0,3,0,0,1,0,0,0,1,0,0,0,0,0
3,2019,10,17,7,0,3,0,1,1,0,0,0,0,0,0,0,1,0
1,2021,10,8,3,5,3,0,0,1,0,0,0,1,1,0,1,1,1
7,2019,11,9,6,6,4,0,1,0,1,0,0,0,1,0,0,0,0
11,2021,10,14,6,5,2,0,0,0,0,0,0,1,0,0,1,1,0
1,2020,8,10,3,5,7,0,0,1,0,0,0,1,1,0,1,1,0
1,2020,3,9,6,2,6,0,0,1,0,0,0,0,1,1,1,0,0
1,2018,12,22,7,6,2,2,0,1,1,0,0,0,1,0,0,1,0
3,2019,12,11,3,5,2,0,1,1,0,0,0,0,0,0,0,1,0
8,2018,11,21,5,1,5,2,1,1,0,0,0,0,0,0,0,0,0
7,2019,9,14,5,5,7,0,0,0,0,1,0,1,0,0,0,0,0
8,2020,7,13,6,2,6,0,0,1,0,0,0,0,0,0,1,2,0
7,2021,9,21,3,3,6,2,0,1,0,1,0,0,0,0,1,0,1
2,2020,6,6,6,5,2,0,1,0,0,0,0,1,1,0,1,1,0
2,2018,8,15,2,2,6,0,1,1,0,0,0,0,0,0,0,1,0
6,2020,5,14,4,5,2,0,1,1,0,0,0,0,0,1,1,0,0
2,2018,4,20,1,5,2,2,1,1,0,0,0,0,1,0,0,1,1
7,2018,6,18,6,0,1,0,1,0,0,0,0,0,0,0,0,0,1
5,2019,9,14,6,2,6,0,0,1,0,0,0,1,0,0,0,0,0
3,2019,8,7,4,6,2,0,0,1,1,0,0,0,0,0,0,0,0
4,2018,6,15,6,2,6,0,0,1,0,0,0,0,0,0,0,0,0
1,2019,9,11,6,5,2,0,1,1,0,0,0,0,1,0,0,0,0
8,2019,7,15,4,0,6,0,0,1,0,0,0,1,0,0,0,2,0
5,2020,1,12,6,2,6,0,0,1,0,0,0,0,1,0,0,1,0
9,2018,2,10,4,0,1,0,0,0,0,1,0,0,0,0,0,1,1
3,2018,1,15,5,6,4,0,0,1,1,0,0,0,1,0,0,0,0
7,2018,8,14,5,5,2,0,0,1,0,0,0,0,0,0,0,1,0
1,2020,7,5,6,6,4,0,1,0,1,0,0,0,0,0,1,2,1
3,2018,8,15,4,5,3,0,0,1,0,0,0,0,0,0,0,1,0
1,2019,7,15,4,2,6,0,0,1,0,0,0,0,1,0,0,2,0
8,2020,10,9,6,0,6,0,0,1,0,0,0,0,1,1,1,1,0
12,2018,6,15,6,5,3,0,0,1,0,1,0,0,0,0,0,0,0
4,2018,10,19,6,5,2,2,1,1,0,0,0,0,0,0,0,1,0
5,2018,12,12,6,8,1,0,0,1,0,0,0,0,0,0,0,1,0
1,2019,11,9,7,0,7,0,1,0,1,0,0,0,1,0,0,0,0
6,2018,5,14,3,2,6,0,0,1,0,0,0,0,0,0,0,0,0
4,2021,12,9,6,5,2,0,0,1,0,0,0,0,0,1,2,1,0
4,2020,7,18,4,4,6,0,1,0,0,0,0,0,0,0,1,2,0
11,2021,10,8,4,2,6,0,0,1,0,1,0,0,0,0,1,1,0
2,2018,10,16,5,5,2,0,1,1,0,0,0,0,0,0,0,1,0
12,2021,6,1,1,1,1,2,0,1,0,0,0,0,0,0,1,1,1
7,2021,4,13,2,1,5,0,1,0,0,0,0,1,0,1,2,1,0
10,2018,8,14,3,5,3,0,0,1,0,0,0,0,0,0,0,1,1
4,2021,7,20,7,3,6,0,0,1,0,1,0,0,0,0,1,2,1
3,2019,1,16,3,6,4,2,0,1,1,0,0,0,1,0,0,1,1
9,2019,12,9,6,4,1,0,0,1,0,0,0,0,2,0,0,1,0
2,2018,10,17,2,0,1,1,1,0,0,0,0,0,1,0,0,1,0
4,2020,7,15,4,5,2,0,0,1,0,0,0,0,1,0,1,2,0
5,2020,9,8,3,2,6,0,0,1,0,1,0,0,0,0,1,0,0
4,2019,2,11,3,4,6,0,0,1,0,0,0,1,0,0,0,1,1
4,2018,6,13,6,5,2,0,1,1,0,0,0,0,0,0,0,0,0
1,2020,6,1,7,1,5,2,1,1,0,0,0,0,0,0,1,1,0
12,2018,9,14,5,9,1,0,0,1,0,0,0,0,0,0,0,0,0
6,2018,1,7,3,5,3,0,0,1,0,0,0,1,1,0,0,0,0
2,2019,6,18,2,5,2,0,1,1,0,0,0,0,0,0,0,1,1
7,2021,6,18,2,5,3,0,0,1,0,1,0,0,0,0,1,1,1
9,2020,5,7,3,5,3,0,1,1,0,0,0,0,0,1,1,0,1
3,2021,8,19,4,2,6,0,0,1,0,0,0,0,0,0,1,1,0
9,2019,8,13,6,6,4,0,1,0,1,0,0,0,0,0,0,0,0
5,2019,5,21,4,5,3,2,1,1,0,0,0,0,0,0,0,0,0
7,2021,2,9,5,6,4,0,1,0,1,0,0,0,0,1,2,1,0
7,2019,6,15,7,5,2,0,1,0,0,0,0,0,0,0,0,1,0
3,2018,3,19,5,5,7,1,0,1,0,1,0,0,0,0,0,1,0
2,2020,9,17,3,6,4,0,0,1,1,0,0,0,0,0,1,0,0
3,2019,5,11,7,2,6,0,0,1,0,0,1,0,0,0,0,0,0
8,2019,12,20,5,6,7,2,0,0,1,0,0,1,1,0,0,1,0
2,2020,5,18,4,1,1,0,1,1,0,0,0,0,0,1,1,0,0
9,2021,1,22,2,5,3,2,0,1,0,0,0,0,1,1,2,0,0
1,2018,9,10,5,2,6,0,0,1,0,0,0,0,0,0,0,0,0
11,2018,11,15,2,6,4,1,0,1,1,0,0,0,1,0,0,0,1
3,2019,9,22,3,0,1,2,1,0,0,0,0,0,0,0,0,0,0
1,2019,5,17,7,5,3,0,1,0,0,0,0,1,0,0,0,0,0
9,2021,9,10,4,5,3,0,1,1,0,0,0,0,0,0,1,0,0
6,2019,12,12,7,1,1,0,0,1,0,0,0,1,1,0,0,1,0
7,2019,9,0,7,0,7,2,0,0,0,0,0,1,0,0,0,0,0
1,2019,9,20,3,2,6,2,1,1,0,0,0,0,0,0,0,0,0
3,2021,9,15,5,5,3,0,1,0,0,0,0,1,0,0,1,0,0
1,2020,9,14,3,5,3,0,1,1,0,0,0,0,0,0,1,0,1
11,2020,8,17,2,6,4,0,0,1,1,0,0,0,0,0,1,1,1
2,2021,10,12,7,5,3,0,0,1,0,1,0,0,0,0,1,1,1
2,2019,11,5,7,5,3,2,0,1,0,0,0,0,1,0,0,0,0
5,2021,1,14,4,2,6,0,0,1,0,0,0,0,1,1,2,0,0
1,2019,1,14,4,2,6,0,0,1,0,0,0,0,0,0,0,1,0
2,2019,6,13,4,6,4,0,0,1,1,0,0,0,0,0,0,1,0
12,2021,12,15,4,2,6,0,0,1,0,0,0,0,1,1,2,1,0
4,2019,10,15,2,5,3,0,1,1,0,0,0,0,0,0,0,1,0
12,2018,10,12,3,5,3,0,0,1,0,0,0,0,0,0,0,1,0
12,2021,8,12,1,5,2,0,0,1,0,0,0,0,1,0,1,1,0
9,2018,12,18,2,2,2,2,0,1,0,0,0,0,1,0,0,1,0
5,2020,5,16,4,2,6,0,0,1,0,0,0,0,0,1,1,0,0
5,2021,12,20,7,5,3,2,0,1,0,1,0,0,0,1,2,1,0
3,2020,10,13,5,3,6,0,1,0,0,0,0,1,0,1,1,1,0
9,2018,6,17,7,2,2,0,0,1,0,0,0,0,0,0,0,0,0
4,2019,12,5,2,5,7,2,0,1,0,0,1,0,0,0,0,1,0
8,2021,10,12,1,5,5,0,0,1,0,1,0,0,0,0,1,1,0
9,2019,1,16,2,5,3,0,0,1,0,0,0,0,1,0,0,1,0
12,2018,7,7,6,2,6,0,0,1,0,0,0,0,0,0,0,2,0
1,2021,7,23,6,1,5,2,1,0,0,0,0,1,1,0,1,2,0
5,2019,7,8,6,2,6,0,0,1,0,1,0,0,0,0,0,2,1
6,2020,4,19,1,5,3,0,1,1,0,0,0,0,0,1,2,1,0
2,2019,2,13,2,6,2,0,0,1,1,0,0,0,0,0,0,1,0
2,2018,4,19,2,3,6,0,1,0,0,0,0,0,0,0,0,1,1
2,2019,9,20,7,6,4,2,0,1,1,0,0,0,0,0,0,0,1
2,2018,5,18,5,6,4,0,1,0,1,0,0,0,0,0,0,0,0
5,2020,5,22,1,5,3,2,0,1,0,0,0,0,1,1,1,0,0
12,2018,10,12,4,6,7,0,1,0,1,0,0,0,0,0,0,1,0
1,2018,1,14,2,6,4,0,0,1,1,0,0,0,0,0,0,0,0
3,2020,3,5,3,6,2,2,0,1,1,0,0,0,1,1,1,0,1
12,2021,6,15,3,1,5,0,1,1,0,0,0,0,0,0,1,1,0
7,2018,7,13,6,6,2,0,0,1,1,0,0,0,0,0,0,2,1
7,2019,8,9,6,6,4,0,0,1,1,0,0,0,0,0,0,0,0
7,2021,6,8,4,5,3,0,1,0,0,0,0,1,0,0,1,1,0