BEZ,UJAHR,UMONAT,USTUNDE,UWOCHENTAG,UART,UTYP1,ULICHTVERH,IstRad,IstPKW,IstFuss,IstKrad,IstGkfz,IstSonstige,USTRZUSTAND,LOCKDOWN,COVID,FERIEN,UKATEGORIE
4,2019,2,19,6,2,6,2,0,1,0,0,0,0,0,0,0,1,0
9,2019,9,9,2,8,1,0,0,1,0,0,0,0,1,0,0,0,0
2,2021,4,15,3,5,3,0,0,1,0,1,0,0,0,1,2,1,0
2,2018,3,17,4,6,4,0,0,1,1,0,0,0,0,0,0,1,0
5,2019,4,6,3,5,3,0,0,1,0,0,0,0,0,0,0,1,0
7,2021,5,19,4,6,7,0,0,1,1,0,0,0,0,1,2,1,0
1,2018,8,14,3,5,2,0,0,1,0,1,0,0,0,0,0,1,0
7,2020,8,18,4,0,5,0,1,1,0,0,0,0,0,0,1,1,0
8,2018,6,21,3,5,3,1,0,1,0,0,0,0,0,0,0,0,0
4,2021,3,17,5,2,2,1,0,1,0,0,0,1,0,0,2,0,0
1,2019,3,14,3,6,4,0,0,1,1,0,0,0,1,0,0,0,0
3,2020,9,13,5,5,2,0,1,1,0,0,0,0,0,0,1,0,0
2,2018,12,10,6,5,3,0,0,1,0,0,0,0,1,0,0,1,0
9,2020,5,18,1,0,2,0,1,1,0,0,0,0,0,1,1,0,0
7,2018,9,9,3,0,6,0,0,0,0,1,0,1,0,0,0,0,0
1,2021,2,10,5,6,4,0,0,1,1,0,0,0,0,1,2,1,0
7,2020,6,15,3,5,3,0,1,1,0,0,0,0,0,0,1,1,1
7,2020,5,18,7,5,3,0,0,1,0,0,0,0,1,1,1,0,0
8,2020,10,23,5,0,7,2,1,0,0,0,0,0,0,1,1,1,0
2,2020,8,6,7,1,5,1,0,1,0,0,0,0,0,0,1,1,0
12,2019,8,12,4,5,7,0,0,1,0,1,0,0,0,0,0,0,0
12,2020,5,10,4,5,3,0,1,1,0,0,0,0,0,1,1,0,0
8,2020,2,14,4,6,4,0,0,1,1,0,0,0,1,0,0,1,1
5,2019,1,15,2,5,3,0,0,1,0,0,0,0,1,0,0,1,1
11,2018,1,10,3,2,6,0,0,1,0,0,0,1,1,0,0,0,0
11,2018,7,15,3,2,6,0,0,1,0,0,0,0,0,0,0,2,0
3,2018,6,9,5,6,4,0,0,1,1,0,0,0,0,0,0,0,0
12,2019,3,10,3,2,6,0,0,1,0,0,0,0,1,0,0,0,0
2,2021,2,17,5,5,3,0,0,1,0,0,0,1,0,1,2,1,0
4,2019,8,8,2,3,6,0,1,1,0,0,0,0,0,0,0,0,1
7,2021,8,23,3,1,5,2,1,1,0,0,0,0,1,0,1,1,0
5,2019,6,16,2,6,7,0,0,1,1,0,0,0,0,0,0,1,0
2,2018,10,17,2,6,4,1,0,1,1,0,0,0,0,0,0,1,1
9,2019,8,12,7,5,3,0,1,0,0,0,0,0,0,0,0,0,0
3,2019,7,7,2,5,3,0,0,1,0,0,0,0,0,0,0,2,0
3,2018,7,17,4,5,3,0,1,1,0,0,0,0,0,0,0,2,0
10,2019,4,9,5,5,2,0,1,1,0,0,0,0,0,0,0,1,0
12,2019,10,18,1,1,5,2,0,1,0,0,0,0,0,0,0,1,0
2,2021,10,12,6,5,2,0,1,1,0,0,0,0,0,0,1,1,0
11,2018,10,16,5,5,3,0,1,1,0,0,0,0,0,0,0,1,0
6,2018,9,15,1,5,2,0,0,1,0,0,0,0,1,0,0,0,0
8,2020,5,16,4,6,7,0,0,0,1,0,0,1,0,1,1,0,0
4,2018,3,9,1,9,1,0,0,1,0,0,0,0,2,0,0,1,0
2,2020,1,21,4,0,1,2,1,0,0,0,0,0,1,0,0,1,0
1,2018,9,14,3,5,2,0,1,1,0,0,0,0,0,0,0,0,1
7,2020,3,11,7,5,3,0,1,1,0,0,0,0,0,1,1,0,1
2,2019,11,11,1,6,4,0,0,1,1,0,0,0,0,0,0,0,1
8,2021,9,18,4,1,5,0,0,1,0,0,0,0,0,0,1,0,1
4,2021,9,15,3,0,1,0,0,1,0,1,0,0,0,0,1,0,0
12,2021,6,18,2,5,2,0,1,1,0,0,0,0,0,0,1,1,0
12,2020,8,0,1,6,7,2,1,0,1,0,0,0,0,0,1,1,0
2,2021,7,21,6,5,2,2,0,1,0,1,0,0,0,0,1,2,1
1,2020,4,15,4,5,2,0,1,1,0,0,0,0,0,1,2,1,1
3,2020,1,10,3,4,7,0,0,1,0,0,0,0,0,0,0,1,0
2,2020,10,17,4,2,6,1,0,1,0,0,0,0,0,1,1,1,0
3,2019,8,15,4,6,2,0,0,1,1,0,0,0,0,0,0,0,0
4,2020,4,8,3,5,2,0,1,1,0,0,0,0,0,1,2,1,0
1,2021,11,8,2,5,2,0,1,0,0,1,0,0,0,0,2,0,0
8,2020,3,14,2,3,5,0,1,1,0,0,0,0,0,1,1,0,0
9,2020,7,18,2,5,3,0,0,1,0,0,0,0,1,0,1,2,1
1,2019,9,14,6,1,7,0,1,1,0,0,0,0,0,0,0,0,0
9,2018,3,19,7,2,6,2,0,1,0,0,0,1,0,0,0,1,0
9,2018,12,11,2,6,7,0,1,0,1,0,0,0,0,0,0,1,0
4,2018,2,17,3,6,4,1,0,0,1,1,0,0,0,0,0,1,0
9,2018,5,15,6,3,2,0,0,1,0,0,1,0,0,0,0,0,0
6,2020,4,16,7,0,1,0,0,0,0,1,0,0,0,1,2,1,0
6,2020,2,19,1,6,2,2,0,1,1,0,0,0,1,0,0,1,0
1,2021,1,18,3,1,5,2,1,1,0,0,0,0,1,1,2,0,0
12,2019,6,14,6,2,6,0,0,1,0,0,0,1,0,0,0,1,0
7,2019,11,16,5,6,2,1,0,0,1,0,0,1,0,0,0,0,0
6,2018,10,13,7,1,1,0,1,1,0,0,0,0,0,0,0,1,0
12,2018,1,12,4,6,4,0,1,0,1,0,0,0,1,0,0,0,0
2,2020,2,17,1,5,3,2,1,1,0,0,0,0,0,0,0,1,0
2,2020,4,16,6,6,7,0,0,1,1,0,0,0,0,1,2,1,0
8,2021,6,15,6,5,3,0,1,1,0,0,0,0,0,0,1,1,0
1,2018,1,15,5,5,2,0,0,1,0,0,0,0,1,0,0,0,0
1,2020,9,11,4,5,2,0,1,0,0,0,0,1,0,0,1,0,0
1,2019,12,15,4,5,3,0,0,1,0,0,0,0,1,0,0,1,0
11,2021,4,7,2,2,7,0,0,1,0,0,0,0,0,1,2,1,0
1,2021,9,19,4,1,5,1,1,1,0,0,0,0,1,0,1,0,0
12,2020,8,20,3,0,1,1,1,0,0,0,0,0,1,0,1,1,0
1,2018,11,22,2,5,3,2,0,1,0,0,0,0,0,0,0,0,0
3,2020,8,15,7,5,2,0,1,1,0,0,0,0,0,0,1,1,1
8,2018,7,12,4,0,5,0,0,1,0,0,0,0,0,0,0,2,0
1,2021,5,17,2,1,5,0,1,1,0,0,0,0,0,1,2,1,0
6,2019,2,8,4,5,3,0,1,1,0,0,0,0,0,0,0,1,0
7,2018,11,17,6,1,7,2,0,1,0,0,0,0,0,0,0,0,1
11,2021,3,21,4,5,2,2,0,1,0,0,0,0,0,0,2,0,1
8,2018,11,12,5,5,3,0,0,1,0,1,0,0,0,0,0,0,1
7,2018,8,14,3,3,3,0,1,1,0,0,0,0,0,0,0,1,0
11,2020,1,16,2,6,4,2,0,1,1,0,0,0,0,0,0,1,0
6,2018,12,13,6,5,3,0,0,1,0,0,0,0,0,0,0,1,0
2,2020,12,11,5,5,3,0,0,1,0,0,0,0,1,1,2,1,0
8,2021,5,12,7,5,3,0,1,0,0,0,0,0,0,1,2,1,0
3,2019,5,15,4,0,2,0,1,1,0,0,0,0,0,0,0,0,0
11,2018,11,18,4,0,1,2,0,1,0,0,0,0,1,0,0,0,1
9,2020,4,21,3,5,3,2,0,1,0,0,0,0,0,1,2,1,0
7,2018,6,15,4,0,6,0,0,1,0,0,0,1,0,0,0,0,0
5,2018,8,13,5,2,6,0,0,1,0,0,1,0,0,0,0,1,0
8,2019,9,17,1,5,2,0,1,0,0,0,0,1,1,0,0,0,0
9,2020,6,11,6,0,1,0,1,0,0,0,0,0,0,0,1,1,0
4,2018,4,20,3,6,7,1,0,1,1,0,0,0,0,0,0,1,0
3,2018,1,10,6,5,3,0,0,1,0,0,0,1,1,0,0,0,0
4,2018,4,18,2,2,6,0,0,1,0,0,0,0,1,0,0,1,0
11,2018,4,16,4,2,7,0,1,1,0,0,0,0,0,0,0,1,0
1,2018,3,8,4,5,2,0,1,1,0,0,0,0,1,0,0,1,0
3,2018,4,7,6,2,6,0,0,1,0,0,0,0,0,0,0,1,0
3,2021,7,6,7,0,1,0,0,1,0,0,0,0,0,0,1,2,0
2,2021,5,11,3,5,7,0,1,0,0,0,0,1,0,1,2,1,0
2,2019,9,0,1,0,7,2,1,0,0,0,0,0,0,0,0,0,0
9,2019,5,10,1,5,2,0,0,1,0,0,0,1,0,0,0,0,0
2,2019,3,21,3,5,2,2,1,1,0,0,0,0,0,0,0,0,0
1,2018,4,14,7,0,1,0,1,0,0,0,0,0,1,0,0,1,0
1,2020,3,16,3,2,6,1,0,1,0,0,0,0,1,1,1,0,0
1,2019,4,17,3,0,1,0,1,0,0,0,0,0,0,0,0,1,0
2,2021,6,16,5,6,4,0,0,1,1,0,0,0,0,0,1,1,0
10,2019,5,10,2,6,4,0,0,1,1,0,0,0,0,0,0,0,0
4,2018,9,16,6,2,6,0,0,1,0,0,0,0,0,0,0,0,0
1,2020,1,8,5,6,4,0,0,1,1,0,0,0,1,0,0,1,1
7,2018,11,9,6,6,4,0,0,1,1,0,0,0,0,0,0,0,0
3,2018,10,10,4,2,6,0,0,1,0,0,0,0,0,0,0,1,0
5,2021,8,13,2,5,3,0,0,1,0,0,0,1,0,0,1,1,1
2,2021,9,6,5,4,6,0,1,0,0,0,0,0,1,0,1,0,0
1,2021,10,15,6,0,2,0,0,1,0,0,0,1,0,0,1,1,0
7,2019,12,18,5,2,6,2,0,1,0,0,0,1,1,0,0,1,0
1,2019,2,16,6,3,6,0,0,1,0,1,0,0,0,0,0,1,0
2,2019,10,21,5,3,6,2,1,1,0,0,0,0,1,0,0,1,1
6,2018,9,0,3,5,3,2,0,1,0,0,0,0,0,0,0,0,0
2,2020,5,18,5,0,3,0,1,0,0,0,0,1,0,1,1,0,0
9,2020,12,13,7,0,1,0,1,0,0,0,0,0,1,1,2,1,0
4,2018,10,17,6,2,6,1,0,1,0,0,0,0,0,0,0,1,0
7,2019,7,21,6,5,2,2,0,1,0,1,0,0,0,0,0,2,0
7,2021,9,18,4,0,3,0,1,1,0,0,0,0,1,0,1,0,0
12,2021,4,9,3,2,7,0,0,1,0,0,0,0,0,1,2,1,0
4,2018,11,13,3,0,1,0,0,0,0,1,0,0,0,0,0,0,0
1,2018,7,13,5,2,6,0,0,1,0,0,0,0,0,0,0,2,0
9,2018,10,2,2,7,7,2,0,1,0,0,0,0,1,0,0,1,1
11,2020,5,14,5,5,2,0,1,1,0,0,0,0,0,1,1,0,0
7,2020,8,13,3,2,6,0,0,1,0,0,0,0,0,0,1,1,0
1,2020,11,11,4,5,3,0,1,1,0,0,0,0,0,1,2,0,0
4,2018,2,10,4,2,6,0,0,1,0,0,0,0,0,0,0,1,0
12,2019,4,14,5,1,5,0,0,1,0,1,0,0,0,0,0,1,0
5,2020,11,14,3,9,1,0,0,1,0,0,0,0,0,1,2,0,0
3,2019,12,9,7,6,4,0,0,1,1,0,0,0,0,0,0,1,0
9,2020,10,6,4,5,3,1,1,1,0,0,0,0,0,1,1,1,0
6,2018,6,10,6,5,3,0,1,1,0,0,0,0,0,0,0,0,0
12,2021,9,19,5,2,6,2,0,1,0,0,1,0,1,0,1,0,0
12,2021,2,15,3,5,2,0,1,1,0,0,0,0,0,1,2,1,0
6,2019,6,16,1,0,1,0,1,0,0,0,0,0,0,0,0,1,0
4,2019,10,8,3,2,6,0,0,1,0,0,0,0,0,0,0,1,0
9,2020,6,21,5,0,7,1,1,0,0,0,0,0,0,0,1,1,1
1,2019,9,10,3,0,7,0,1,0,0,0,0,0,1,0,0,0,0
6,2019,11,15,5,2,6,0,0,1,0,1,0,0,0,0,0,0,0
12,2020,1,7,5,5,2,1,0,1,0,0,1,0,1,0,0,1,0
3,2021,10,8,5,5,3,0,1,1,0,0,0,0,0,0,1,1,0
8,2019,3,19,1,2,6,2,0,1,0,0,0,0,1,0,0,0,0
12,2018,9,9,2,2,6,0,0,1,0,0,0,0,0,0,0,0,0
7,2021,9,9,6,6,2,0,0,1,1,0,0,0,0,0,1,0,1
1,2020,6,11,1,5,5,0,1,1,0,0,0,0,0,0,1,1,0
2,2020,10,9,3,1,5,0,1,1,0,0,0,0,0,1,1,1,0
7,2018,6,14,4,0,3,0,0,1,0,0,0,1,0,0,0,0,0
4,2020,8,19,2,5,2,0,0,1,0,0,0,0,0,0,1,1,1
6,2021,11,8,2,5,3,0,0,1,0,0,0,0,1,0,2,0,0
3,2018,4,19,1,1,7,1,0,1,0,0,0,0,1,0,0,1,1
12,2020,6,19,4,2,6,0,0,1,0,0,0,0,0,0,1,1,0
7,2019,8,8,2,5,2,0,1,1,0,0,0,0,0,0,0,0,0
1,2021,9,14,6,0,1,0,1,0,0,0,0,0,0,0,1,0,1
2,2020,4,16,4,5,3,0,1,1,0,0,0,0,0,1,2,1,0
12,2018,8,19,6,1,5,1,1,1,0,0,0,1,0,0,0,1,0
1,2020,1,15,2,5,2,0,0,1,0,1,0,0,0,0,0,1,1
2,2019,4,9,5,1,5,0,0,1,0,0,0,1,0,0,0,1,0
4,2019,5,3,6,1,1,2,0,1,0,0,0,0,0,0,0,0,0
5,2019,4,11,5,0,7,0,0,1,0,0,0,1,0,0,0,1,0
1,2019,11,14,7,0,1,0,0,0,0,1,0,0,1,0,0,0,0
1,2021,6,14,5,0,3,0,1,0,0,0,0,1,0,0,1,1,0
4,2019,11,2,1,9,1,2,0,1,0,0,0,0,1,0,0,0,0
2,2019,2,19,1,2,6,2,0,1,0,0,0,0,1,0,0,1,0
4,2020,7,18,4,0,7,0,1,0,0,0,0,0,0,0,1,2,1
7,2020,8,14,5,5,3,0,0,1,0,1,0,0,0,0,1,1,0
9,2018,10,21,2,5,7,2,0,1,0,1,0,0,0,0,0,1,1
1,2018,3,13,5,5,2,0,1,1,0,0,0,0,0,0,0,1,0
8,2018,7,15,4,5,3,0,0,1,0,0,0,0,0,0,0,2,1
4,2019,12,6,4,5,7,2,0,1,0,0,1,0,0,0,0,1,0
4,2019,5,6,3,1,5,0,0,1,0,1,0,0,0,0,0,0,0
6,2019,11,10,4,2,7,0,0,1,0,0,0,0,0,0,0,0,0
1,2021,1,9,4,5,3,0,0,1,0,0,0,0,1,1,2,0,0
5,2018,1,8,5,0,6,0,0,1,0,0,0,1,1,0,0,0,0
12,2019,4,9,5,6,4,0,0,1,1,0,0,0,0,0,0,1,0
2,2020,4,18,4,5,7,0,0,1,0,1,0,0,0,1,2,1,0
1,2019,12,21,2,5,3,2,0,1,0,0,0,0,1,0,0,1,0
5,2019,9,1,1,1,1,2,0,1,0,0,0,0,0,0,0,0,0
4,2021,11,16,3,2,6,2,0,1,0,1,0,0,0,0,2,0,0
10,2020,7,10,7,5,2,0,1,1,0,0,0,0,0,0,1,2,0
2,2021,11,18,7,5,3,2,1,1,0,0,0,0,1,0,2,0,0
4,2020,5,12,6,5,2,0,1,1,0,0,0,0,0,1,1,0,0
1,2021,5,18,6,5,7,0,0,1,0,0,0,0,1,1,2,1,0
1,2021,2,10,4,1,5,0,1,0,0,0,0,1,0,1,2,1,1
4,2019,9,21,7,5,2,2,0,1,0,0,0,0,0,0,0,0,0
4,2018,8,21,1,2,6,2,0,1,0,0,0,0,0,0,0,1,0
10,2021,1,21,5,9,7,2,0,1,0,0,0,0,1,1,2,0,1
1,2019,6,11,5,5,3,0,0,0,0,0,1,1,0,0,0,1,1
6,2020,11,13,3,0,7,0,0,0,0,1,0,0,1,1,2,0,0
3,2021,9,22,3,6,7,2,0,0,1,0,0,1,0,0,1,0,0
1,2020,8,15,3,5,3,0,0,1,0,0,0,1,0,0,1,1,0
1,2018,5,15,2,2,6,0,0,1,0,0,0,0,0,0,0,0,0
5,2019,4,12,2,5,3,0,0,1,0,0,0,0,0,0,0,1,0
8,2018,2,21,4,5,3,2,0,1,0,0,0,0,1,0,0,1,0
6,2018,8,13,3,6,4,0,0,1,1,0,0,0,0,0,0,1,0
4,2020,4,8,6,5,3,0,1,1,0,0,0,0,0,1,2,1,0
4,2018,9,11,7,0,1,0,0,0,0,1,0,0,0,0,0,0,0
5,2019,3,7,3,6,2,0,0,0,1,0,1,0,0,0,0,0,0
4,2021,8,12,5,1,5,0,1,1,0,0,0,0,0,0,1,1,0
1,2018,1,17,4,2,2,2,0,1,0,0,0,0,1,0,0,0,0
3,2019,1,7,4,6,4,2,0,1,1,0,0,0,1,0,0,1,0
2,2021,4,12,5,2,6,0,1,1,0,0,0,0,0,1,2,1,0
9,2018,9,17,6,5,3,1,0,1,0,0,0,0,1,0,0,0,0
12,2020,12,19,3,1,5,2,0,1,0,0,0,0,0,1,2,1,0
4,2018,2,10,4,2,6,0,0,1,0,0,0,1,1,0,0,1,0
4,2019,5,8,5,3,6,0,1,1,0,0,0,0,0,0,0,0,0
4,2018,4,18,4,3,6,0,1,1,0,0,0,0,0,0,0,1,0
9,2018,6,18,6,0,1,0,0,0,0,1,0,0,0,0,0,0,0
1,2018,11,6,4,6,2,1,0,1,1,0,0,0,0,0,0,0,0
5,2018,4,12,5,2,7,0,1,1,0,0,0,0,0,0,0,1,1
1,2020,7,22,3,2,3,2,0,1,0,0,0,0,1,0,1,2,0
3,2020,9,12,5,1,5,0,1,1,0,0,0,0,0,0,1,0,0
10,2020,2,13,7,5,3,0,0,1,0,0,0,0,0,0,0,1,0
9,2018,7,6,3,9,1,0,0,0,0,1,0,0,0,0,0,2,0
8,2019,2,14,7,5,2,0,1,1,0,0,0,0,0,0,0,1,0
6,2019,9,14,1,1,5,0,0,1,0,1,0,0,0,0,0,0,0
1,2019,10,14,6,0,1,0,0,0,0,1,0,0,1,0,0,1,0
8,2018,11,11,6,2,6,0,0,1,0,0,0,1,0,0,0,0,0
7,2020,7,8,5,2,6,0,0,1,0,0,0,0,0,0,1,2,0
4,2021,7,1,4,0,7,2,0,1,0,0,0,0,0,0,1,2,0
4,2018,9,5,2,2,6,0,0,1,0,0,0,0,0,0,0,0,0
7,2021,5,21,1,5,3,1,0,1,0,0,0,1,0,1,2,1,0
11,2021,8,14,7,2,6,0,0,1,0,0,0,0,0,0,1,1,0
3,2020,10,10,4,5,3,0,1,1,0,0,0,0,1,1,1,1,0
9,2018,8,7,3,6,2,0,0,1,1,0,0,0,0,0,0,1,0
1,2019,10,19,5,5,3,2,1,0,0,0,0,0,0,0,0,1,0
11,2019,3,16,4,2,2,0,0,1,0,0,0,0,0,0,0,0,0
2,2019,10,6,5,5,3,1,0,1,0,0,0,0,1,0,0,1,1
1,2018,3,16,4,5,2,0,1,1,0,0,0,0,0,0,0,1,0
7,2018,7,11,3,5,7,0,0,1,0,0,0,0,0,0,0,2,0
6,2020,3,4,4,0,7,2,1,0,0,0,0,0,1,1,1,0,1
11,2020,4,16,3,5,7,0,1,0,0,0,0,1,0,1,2,1,0
12,2021,8,22,6,8,1,2,0,1,0,0,0,0,1,0,1,1,0
3,2018,7,20,5,2,2,0,0,1,0,0,0,0,0,0,0,2,0
6,2021,9,16,3,5,2,0,1,1,0,0,0,0,0,0,1,0,1
1,2020,8,11,3,2,6,0,0,1,0,0,0,0,0,0,1,1,0
3,2019,3,7,4,6,4,0,0,1,1,0,0,0,0,0,0,0,1
9,2018,8,18,3,0,3,0,0,1,0,1,0,0,1,0,0,1,0
4,2021,7,18,2,5,2,0,1,1,0,0,0,0,0,0,1,2,0
1,2019,11,23,7,1,5,2,1,0,0,0,0,1,0,0,0,0,0
9,2021,1,17,6,5,3,2,0,1,0,0,0,0,1,1,2,0,0
12,2020,8,15,5,2,6,0,0,1,0,0,0,0,0,0,1,1,0
6,2018,3,10,1,5,3,0,1,1,0,0,0,0,0,0,0,1,0
1,2021,4,13,5,5,2,0,0,1,0,0,0,1,0,1,2,1,0
7,2020,11,9,4,2,6,0,0,1,0,0,0,0,0,1,2,0,0
1,2018,5,8,3,5,3,0,1,0,0,1,0,0,0,0,0,0,1
1,2019,12,15,5,2,2,0,1,1,0,0,0,0,0,0,0,1,0
11,2021,1,11,4,2,2,0,1,1,0,0,0,0,1,1,2,0,0
1,2021,5,12,7,5,3,0,0,1,0,0,0,0,0,1,2,1,0
6,2018,5,12,3,5,2,0,1,1,0,0,0,0,0,0,0,0,1
5,2021,5,16,1,5,2,0,0,1,0,0,0,0,0,1,2,1,0
4,2019,7,23,1,6,4,2,0,1,1,0,0,0,0,0,0,2,0
3,2019,11,0,1,6,7,2,1,0,1,0,0,0,0,0,0,0,0
3,2018,6,19,6,6,4,0,1,0,1,0,0,0,1,0,0,0,0
9,2021,4,14,6,5,3,0,1,1,0,0,0,0,0,1,2,1,0
3,2019,2,11,6,5,3,0,1,1,0,0,0,0,0,0,0,1,0
2,2018,6,17,5,5,3,0,1,1,0,0,0,0,0,0,0,0,0
9,2018,5,14,5,2,6,0,0,0,0,1,0,1,0,0,0,0,0
4,2021,5,21,1,3,6,1,0,1,0,1,0,0,0,1,2,1,0
7,2020,11,8,3,5,2,0,1,1,0,0,0,0,0,1,2,0,1
1,2018,9,21,6,5,3,2,0,1,0,1,0,0,0,0,0,0,1
7,2021,10,11,4,6,2,0,0,0,1,0,1,0,0,0,1,1,1
2,2021,1,9,3,0,6,0,0,0,0,1,0,1,1,1,2,0,0
5,2019,4,15,5,2,6,0,0,1,0,0,0,0,0,0,0,1,0
4,2018,5,14,4,3,6,0,0,1,0,0,1,0,0,0,0,0,0
7,2021,6,18,1,1,5,0,1,1,0,0,0,0,0,0,1,1,0
1,2019,8,15,6,5,2,0,1,1,0,0,0,0,0,0,0,0,0
6,2021,1,17,5,5,2,2,0,1,0,0,0,0,1,1,2,0,1
12,2020,9,19,4,2,6,1,0,0,0,1,0,1,0,0,1,0,1
2,2019,11,20,4,6,4,2,0,1,1,0,0,0,0,0,0,0,0
1,2021,4,12,3,2,6,0,0,1,0,0,0,1,0,1,2,1,0
8,2019,11,19,3,0,1,2,1,0,0,0,0,0,0,0,0,0,1
7,2019,3,17,7,5,7,1,0,1,0,0,0,0,1,0,0,0,0
1,2018,8,16,6,0,2,0,1,0,0,0,0,1,0,0,0,1,0
7,2020,2,8,3,2,2,0,0,1,0,0,1,0,1,0,0,1,1
2,2018,8,15,2,4,6,0,1,0,0,0,0,0,0,0,0,1,0
4,2020,5,2,7,1,5,2,1,1,0,0,0,0,0,1,1,0,0
1,2019,4,14,3,5,2,0,1,1,0,0,0,0,0,0,0,1,0
4,2018,5,0,4,4,6,2,1,0,0,0,0,0,0,0,0,0,0
11,2019,7,12,5,5,2,0,1,1,0,0,0,0,0,0,0,2,0
10,2021,11,15,3,5,3,0,0,1,0,1,0,0,0,0,2,0,0
2,2021,5,11,6,5,2,0,1,0,0,0,1,0,1,1,2,1,0
8,2019,1,17,5,8,1,1,0,1,0,0,0,0,1,0,0,1,0
9,2021,8,17,3,6,4,0,1,0,1,0,0,0,0,0,1,1,0
1,2021,3,19,7,1,5,1,1,1,0,0,0,0,0,0,2,0,1
12,2020,8,16,5,5,2,0,1,1,0,0,0,0,0,0,1,1,0
2,2018,5,15,3,2,5,0,1,1,0,0,0,1,0,0,0,0,0
9,2021,4,14,2,5,3,0,1,1,0,0,0,0,0,1,2,1,0
2,2019,8,23,7,1,5,2,1,1,0,0,0,0,0,0,0,0,0
8,2020,4,18,5,2,6,0,0,1,0,0,0,0,0,1,2,1,0
1,2019,10,14,7,1,5,0,1,1,0,0,0,0,0,0,0,1,0
5,2018,12,7,6,6,2,2,0,1,1,0,0,0,1,0,0,1,0
6,2021,4,14,6,6,4,0,0,1,1,0,0,0,0,1,2,1,0
3,2018,10,11,4,2,7,0,0,0,0,1,0,1,0,0,0,1,0
11,2021,8,11,2,2,6,0,0,1,0,0,1,0,0,0,1,1,0
6,2021,4,0,5,1,7,2,0,1,0,0,0,1,0,1,2,1,1
2,2021,7,15,4,5,2,0,0,1,0,0,0,1,0,0,1,2,0
4,2018,8,16,6,5,7,0,0,1,0,1,0,0,0,0,0,1,0
6,2020,9,17,4,0,4,0,0,0,1,0,0,1,0,0,1,0,0
3,2020,2,9,4,6,7,0,0,1,1,0,0,0,1,0,0,1,0
7,2021,1,1,7,8,1,2,0,1,0,0,0,0,2,1,2,0,0
4,2018,3,19,4,5,3,2,1,1,0,0,0,0,0,0,0,1,0
7,2019,11,8,4,0,5,0,0,1,0,0,0,1,1,0,0,0,1
1,2019,7,19,2,5,2,0,1,1,0,0,0,0,1,0,0,2,0
1,2018,11,20,3,1,5,2,1,1,0,0,0,0,0,0,0,0,0
3,2020,9,10,4,0,2,0,1,1,0,0,0,0,0,0,1,0,0
6,2020,10,2,2,1,5,2,0,1,0,0,0,0,0,1,1,1,0
12,2019,1,13,1,2,4,0,0,1,1,0,0,0,0,0,0,1,0
3,2020,8,9,3,0,6,0,0,0,0,1,1,0,0,0,1,1,0
1,2018,11,7,6,6,4,0,0,1,1,0,0,0,0,0,0,0,1
12,2019,6,14,2,5,3,0,1,0,0,0,0,1,0,0,0,1,0
1,2021,3,8,3,5,3,0,0,1,0,0,0,0,0,0,2,0,0
8,2018,10,14,3,5,3,0,0,1,0,0,0,0,0,0,0,1,0
8,2019,8,11,2,6,2,0,0,1,1,0,0,0,0,0,0,0,1
2,2020,8,14,5,2,6,0,0,1,0,0,0,0,0,0,1,1,0
6,2018,7,8,4,2,6,0,0,1,0,0,0,0,0,0,0,2,0
4,2019,6,13,4,5,3,0,1,1,0,0,0,0,0,0,0,1,0
7,2018,3,5,3,5,7,2,0,1,0,1,0,0,0,0,0,1,0
4,2021,3,14,3,3,6,0,0,0,0,1,0,1,0,0,2,0,0
5,2019,7,7,4,6,4,0,0,1,1,0,0,0,0,0,0,2,0
3,2021,12,8,7,5,3,0,1,0,0,0,0,0,0,1,2,1,1
3,2020,2,11,3,5,3,0,0,1,0,0,0,1,1,0,0,1,0
7,2018,5,17,6,2,2,0,0,0,0,1,0,1,0,0,0,0,0
5,2019,9,16,3,5,7,0,0,1,0,1,0,0,0,0,0,0,0
4,2018,6,11,3,5,3,0,0,1,0,0,0,0,0,0,0,0,0
8,2019,4,20,2,6,7,2,0,1,1,0,0,0,0,0,0,1,0
5,2018,5,18,2,0,2,0,0,1,0,0,0,1,0,0,0,0,0
2,2019,6,18,2,5,2,0,1,1,0,0,0,0,0,0,0,1,0
7,2019,5,14,4,6,7,0,1,0,1,0,0,0,0,0,0,0,0
7,2019,9,18,1,2,7,0,0,1,0,1,0,0,0,0,0,0,0
5,2021,3,17,2,5,3,0,1,1,0,0,0,0,0,0,2,0,1
6,2018,4,14,2,6,4,0,0,1,1,0,0,0,0,0,0,1,0
4,2018,2,16,2,5,7,0,1,1,0,0,0,0,0,0,0,1,0
9,2019,5,16,3,5,2,0,1,1,0,0,0,0,0,0,0,0,0
5,2018,12,8,3,6,7,0,1,0,1,0,0,0,0,0,0,1,0
11,2021,3,15,4,5,2,0,1,0,0,0,0,1,0,0,2,0,0
1,2021,5,22,2,5,3,2,1,1,0,0,0,0,0,1,2,1,0
1,2020,9,12,3,2,6,0,1,0,0,0,0,0,0,0,1,0,0
1,2019,4,12,6,2,1,0,0,1,0,1,0,0,0,0,0,1,0
12,2021,1,7,6,5,3,2,0,1,0,0,0,0,1,1,2,0,0
3,2020,9,12,2,0,1,0,1,0,0,0,0,0,0,0,1,0,0
11,2019,8,6,5,2,6,0,0,1,0,1,0,0,0,0,0,0,0