BEZ,UJAHR,UMONAT,USTUNDE,UWOCHENTAG,UART,UTYP1,ULICHTVERH,IstRad,IstPKW,IstFuss,IstKrad,IstGkfz,IstSonstige,USTRZUSTAND,LOCKDOWN,COVID,FERIEN,UKATEGORIE
1,2018,10,20,2,0,5,2,1,1,0,0,0,0,1,0,0,1,0
1,2021,6,20,3,2,2,1,1,0,0,0,0,0,0,0,1,1,0
9,2019,8,16,5,5,2,0,1,1,0,0,0,0,0,0,0,0,1
3,2021,4,19,3,5,3,0,1,1,0,0,0,0,0,1,2,1,0
4,2021,5,12,4,1,5,0,1,1,0,0,0,0,0,1,2,1,0
7,2021,10,10,4,5,3,0,1,1,0,0,0,0,0,0,1,1,0
6,2018,2,10,4,5,7,0,0,1,0,0,0,0,0,0,0,1,0
4,2020,11,10,6,5,2,0,1,1,0,0,0,0,1,1,2,0,0
7,2020,5,11,4,5,7,0,0,1,0,0,0,0,0,1,1,0,0
5,2019,11,7,2,2,6,0,0,1,0,0,0,0,1,0,0,0,0
6,2020,7,20,1,0,1,0,0,0,0,1,0,0,0,0,1,2,1
12,2019,11,17,6,2,6,2,0,1,0,0,0,0,0,0,0,0,0
3,2018,2,14,6,6,4,0,0,1,1,0,0,0,0,0,0,1,1
12,2021,11,10,4,5,2,0,1,1,0,0,0,0,0,0,2,0,0
7,2018,4,9,4,2,6,0,0,0,0,0,1,1,1,0,0,1,0
4,2020,8,7,3,4,7,0,1,1,0,0,0,0,1,0,1,1,0
2,2021,11,16,6,2,6,1,0,1,0,0,0,0,0,0,2,0,0
8,2018,10,12,6,0,6,0,0,1,0,0,0,1,0,0,0,1,0
12,2018,4,19,2,5,2,0,1,0,0,0,1,0,0,0,0,1,1
1,2018,10,12,4,0,4,0,0,1,1,0,0,0,0,0,0,1,0
4,2019,3,22,5,6,2,2,0,1,1,0,0,0,1,0,0,0,0
10,2020,9,16,1,3,6,0,0,1,0,1,0,0,0,0,1,0,0
6,2019,4,18,3,0,6,0,1,0,0,0,0,1,0,0,0,1,0
10,2018,5,20,7,5,3,1,0,1,0,0,0,0,0,0,0,0,0
7,2021,5,14,2,5,3,0,1,0,0,0,0,1,0,1,2,1,1
1,2018,6,12,4,5,2,0,0,1,0,1,0,0,0,0,0,0,0
3,2019,8,16,2,6,2,0,0,0,1,0,1,0,0,0,0,0,0
1,2018,5,22,2,2,2,2,0,1,0,0,0,0,0,0,0,0,0
7,2019,6,14,3,5,2,0,0,1,0,1,0,0,0,0,0,1,0
7,2020,12,17,6,6,4,2,1,0,1,0,0,0,1,1,2,1,1
7,2019,12,22,1,5,3,2,0,1,0,0,0,0,0,0,0,1,0
1,2020,7,23,3,0,1,2,0,0,0,0,0,1,0,0,1,2,1
4,2020,8,7,3,5,2,0,1,0,0,0,0,1,0,0,1,1,0
7,2020,6,18,3,6,7,0,1,0,1,0,0,0,0,0,1,1,0
7,2019,11,17,4,5,7,2,0,1,0,1,0,0,1,0,0,0,0
3,2021,5,8,2,5,7,0,0,1,0,0,0,0,0,1,2,1,0
10,2018,11,7,6,6,4,1,0,1,1,0,0,0,1,0,0,0,1
4,2019,5,20,5,5,3,1,1,1,0,0,0,0,0,0,0,0,0
9,2021,2,10,6,6,4,0,0,1,1,0,0,0,0,1,2,1,0
1,2018,12,22,6,5,2,2,0,1,0,1,0,0,1,0,0,1,0
1,2020,8,16,2,2,6,0,0,1,0,0,0,0,1,0,1,1,0
7,2020,9,6,4,5,3,0,1,1,0,0,0,0,0,0,1,0,0
1,2020,8,14,5,3,6,0,1,1,0,0,0,0,0,0,1,1,0
1,2018,5,12,2,1,5,0,0,1,0,0,0,1,0,0,0,0,0
10,2018,1,16,4,5,3,1,1,0,0,0,0,1,1,0,0,0,1
8,2019,8,7,6,1,4,0,0,1,1,1,0,0,0,0,0,0,0
6,2020,1,12,3,6,4,0,0,1,1,0,0,0,1,0,0,1,1
1,2019,12,18,3,2,6,2,0,1,0,0,0,0,0,0,0,1,0
11,2020,9,14,6,2,6,0,0,1,0,0,0,0,0,0,1,0,1
4,2018,10,11,4,2,6,0,0,1,0,0,1,1,0,0,0,1,0
1,2018,9,21,2,5,7,2,0,1,0,1,0,0,0,0,0,0,0
12,2018,8,12,3,5,2,0,1,1,0,0,0,0,0,0,0,1,0
10,2020,1,2,5,0,1,2,1,0,0,0,0,0,1,0,0,1,0
4,2018,3,17,2,2,6,0,0,1,0,0,0,0,0,0,0,1,0
4,2019,7,15,6,5,7,0,0,1,0,0,0,0,1,0,0,2,0
7,2018,2,19,6,2,6,2,0,1,0,0,0,0,0,0,0,1,0
8,2019,2,16,3,6,4,1,0,1,1,0,0,0,0,0,0,1,0
7,2019,3,16,6,0,2,0,0,1,0,1,0,0,0,0,0,0,0
7,2021,4,10,4,2,2,0,0,1,0,0,0,0,0,1,2,1,0
6,2020,12,8,7,5,2,0,1,1,0,0,0,0,2,1,2,1,0
2,2019,5,13,4,5,3,0,0,1,0,0,0,0,1,0,0,0,0
6,2020,8,20,4,5,3,0,1,1,0,0,0,0,0,0,1,1,1
2,2021,10,19,4,2,6,1,0,1,0,0,0,0,0,0,1,1,0
4,2019,6,9,6,5,2,0,1,1,0,0,0,0,0,0,0,1,0
1,2019,1,15,1,1,5,0,1,1,0,0,0,1,1,0,0,1,0
1,2018,9,16,3,2,2,0,1,1,0,0,0,0,0,0,0,0,0
3,2019,8,1,1,1,5,2,1,1,0,0,0,0,0,0,0,0,0
2,2021,5,13,4,1,5,0,1,1,0,0,0,0,0,1,2,1,0
1,2020,8,18,7,5,7,0,0,1,0,1,0,0,0,0,1,1,0
9,2021,3,15,4,2,6,0,0,1,0,0,0,0,0,0,2,0,0
8,2020,7,16,1,5,7,0,0,1,0,1,0,0,0,0,1,2,0
3,2018,8,10,3,6,4,0,1,0,1,0,0,0,0,0,0,1,0
4,2018,5,7,3,5,2,0,0,1,0,0,0,0,0,0,0,0,1
2,2020,3,15,5,0,7,0,1,0,0,0,0,0,0,1,1,0,0
9,2021,12,15,5,2,6,1,0,1,0,0,0,1,1,1,2,1,0
4,2018,6,0,4,8,1,2,0,1,0,0,0,0,0,0,0,0,0
9,2021,9,15,3,5,3,0,0,1,0,0,0,0,0,0,1,0,0
7,2018,9,8,2,5,3,0,0,1,0,0,0,0,0,0,0,0,0
10,2019,4,8,3,3,6,0,0,1,0,0,1,0,0,0,0,1,0
3,2019,10,7,5,2,6,0,0,1,0,0,0,0,0,0,0,1,0
4,2021,10,5,1,5,3,2,1,1,0,0,0,0,0,0,1,1,1
10,2019,8,12,5,0,6,0,1,1,0,0,0,0,0,0,0,0,0
1,2018,6,18,5,5,2,0,0,1,0,1,0,0,0,0,0,0,0
12,2018,11,19,6,6,2,2,0,1,1,0,0,0,1,0,0,0,0
1,2018,9,9,3,5,2,0,1,1,0,0,0,0,0,0,0,0,0
1,2019,6,13,6,5,2,0,0,1,0,0,0,0,0,0,0,1,0
5,2021,8,1,1,2,6,2,0,1,0,0,0,0,0,0,1,1,0
7,2018,4,18,4,6,4,1,0,1,1,0,0,0,0,0,0,1,1
9,2021,6,12,2,5,2,0,1,1,0,0,0,0,0,0,1,1,0
5,2019,5,11,4,5,2,0,0,1,0,1,0,0,0,0,0,0,0
1,2018,7,21,7,0,1,1,1,0,0,0,0,0,0,0,0,2,0
11,2019,11,9,4,6,4,0,0,1,1,0,0,0,1,0,0,0,0
6,2019,12,7,6,6,2,1,0,1,1,0,0,0,1,0,0,1,0
7,2021,7,15,1,5,2,0,1,1,0,0,0,0,0,0,1,2,0
3,2019,10,10,3,0,2,0,1,1,0,0,0,0,1,0,0,1,0
6,2018,9,14,1,0,1,0,0,0,0,1,0,0,0,0,0,0,0
7,2021,10,20,3,2,6,2,0,1,0,0,0,0,0,0,1,1,0
7,2020,1,9,3,6,2,0,0,0,1,0,1,0,0,0,0,1,1
4,2019,7,16,4,3,6,0,0,1,0,1,0,0,0,0,0,2,0
1,2019,4,13,6,3,6,0,0,1,0,1,0,0,0,0,0,1,0
9,2021,7,17,4,5,2,0,1,1,0,0,0,0,0,0,1,2,0
7,2020,8,19,6,5,3,0,1,1,0,0,0,0,0,0,1,1,0
3,2018,7,17,4,0,2,0,1,1,0,0,0,0,0,0,0,2,0
2,2018,8,22,4,5,3,2,1,1,0,0,0,0,0,0,0,1,0
1,2020,2,2,7,0,2,2,1,1,0,0,0,0,0,0,0,1,0
10,2018,5,16,5,5,3,0,1,1,0,0,0,0,0,0,0,0,0
2,2021,9,14,5,5,2,0,1,1,0,0,0,0,0,0,1,0,0
9,2020,11,10,3,5,3,0,1,1,0,0,0,0,0,1,2,0,0
6,2018,7,18,4,3,6,0,0,0,0,1,0,1,0,0,0,2,0
7,2020,10,8,2,2,6,0,0,1,0,0,0,1,1,1,1,1,0
12,2021,8,23,2,1,1,2,0,1,0,0,0,0,0,0,1,1,0
2,2020,12,4,5,9,1,2,0,1,0,0,0,0,0,1,2,1,0
3,2018,4,7,2,1,5,0,1,0,0,0,0,1,0,0,0,1,0
1,2020,7,11,5,0,6,0,1,0,0,1,0,0,1,0,1,2,0
10,2021,10,14,6,5,2,0,1,0,0,0,0,1,0,0,1,1,0
8,2019,8,9,5,5,3,0,0,1,0,1,0,0,0,0,0,0,1
4,2019,11,13,1,2,6,0,0,1,0,0,0,1,1,0,0,0,0
1,2018,6,17,4,5,2,0,1,1,0,0,0,0,0,0,0,0,0
6,2021,7,17,7,5,2,0,1,0,0,0,0,1,0,0,1,2,0
6,2020,5,7,3,5,3,0,1,1,0,0,0,0,0,1,1,0,0
2,2019,1,13,7,5,2,0,1,1,0,0,0,0,0,0,0,1,0
10,2019,5,16,5,5,3,0,1,1,0,0,0,0,0,0,0,0,1
12,2021,6,12,6,2,6,0,0,1,0,0,0,0,0,0,1,1,0
4,2021,3,16,5,8,1,0,0,0,0,1,0,0,0,0,2,0,1
6,2021,10,17,7,2,6,2,0,1,0,0,0,0,1,0,1,1,0
7,2018,7,17,2,5,2,0,1,1,0,0,0,0,0,0,0,2,0
1,2018,1,13,4,6,4,0,0,1,1,0,0,0,1,0,0,0,0
2,2018,5,13,3,3,6,0,1,0,0,0,1,0,0,0,0,0,0
4,2018,10,15,4,2,6,0,0,1,0,1,0,1,0,0,0,1,0
7,2021,7,18,4,5,3,0,1,1,0,0,0,0,0,0,1,2,0
10,2021,9,14,5,5,2,0,1,1,0,0,0,0,0,0,1,0,0
5,2021,3,10,5,3,6,0,0,1,0,0,0,0,1,0,2,0,0
3,2020,8,18,7,1,5,0,1,1,0,0,0,0,0,0,1,1,0
4,2018,1,7,6,5,2,1,1,0,0,0,0,1,1,0,0,0,0
4,2018,10,12,3,2,6,0,0,1,0,0,0,0,0,0,0,1,0
8,2019,7,8,4,1,5,0,1,1,0,0,0,0,0,0,0,2,0
5,2021,3,9,5,5,2,0,0,1,0,0,0,1,1,0,2,0,0
1,2021,4,19,3,0,2,0,0,1,0,0,0,1,0,1,2,1,0
4,2019,9,5,3,6,4,2,0,0,1,1,0,0,0,0,0,0,0
5,2018,8,6,5,1,5,0,0,0,0,1,0,1,0,0,0,1,1
7,2020,7,7,5,1,5,0,1,0,0,0,1,0,1,0,1,2,0
4,2019,12,19,7,9,1,2,0,1,0,0,0,0,0,0,0,1,0
1,2021,6,19,5,1,5,0,1,1,0,0,0,0,0,0,1,1,0
8,2020,10,12,1,5,3,0,0,1,0,0,0,0,1,1,1,1,0
3,2018,6,21,3,0,1,1,0,0,0,1,0,0,0,0,0,0,0
1,2019,11,11,6,5,2,0,1,1,0,0,0,0,0,0,0,0,0
1,2018,11,14,2,0,7,0,0,0,0,0,0,1,0,0,0,0,0
9,2021,8,16,2,6,7,0,0,1,1,0,0,0,0,0,1,1,0
1,2018,10,23,7,6,2,2,0,1,1,0,0,0,0,0,0,1,0
3,2019,6,17,4,6,3,0,0,1,1,0,0,0,0,0,0,1,0
1,2018,1,6,4,5,3,2,1,1,0,0,0,0,1,0,0,0,0
4,2021,5,11,6,1,1,0,1,1,0,0,0,0,0,1,2,1,0
2,2018,10,20,3,0,5,2,1,0,0,0,0,1,1,0,0,1,0
2,2019,6,7,7,5,2,0,0,1,0,0,0,0,0,0,0,1,0
3,2020,8,6,3,2,6,0,0,1,0,0,0,0,0,0,1,1,0
9,2018,9,13,5,5,3,0,0,1,0,0,0,0,0,0,0,0,0
1,2019,2,10,3,5,7,0,0,1,0,0,0,0,0,0,0,1,0
3,2019,10,12,2,5,3,0,1,1,0,0,0,0,0,0,0,1,1
5,2020,8,14,5,2,6,0,0,1,0,0,0,0,1,0,1,1,0
5,2019,5,9,2,3,6,0,0,1,0,0,0,1,0,0,0,0,0
9,2020,7,11,5,3,6,0,0,1,0,0,1,0,0,0,1,2,0
10,2020,7,19,2,0,1,0,0,0,0,1,0,0,1,0,1,2,0
3,2020,2,12,2,5,2,0,0,1,0,0,0,0,1,0,0,1,1
8,2018,6,15,3,0,6,0,0,1,0,1,0,0,0,0,0,0,0
2,2018,7,18,7,5,2,0,1,1,0,0,0,0,0,0,0,2,0
12,2021,10,13,4,2,6,0,0,1,0,1,0,0,0,0,1,1,0
2,2018,3,7,4,1,5,0,0,1,0,0,0,1,0,0,0,1,0
8,2020,5,12,4,6,4,0,0,1,1,0,0,0,0,1,1,0,1
1,2020,12,19,1,2,6,2,0,1,0,0,0,1,0,1,2,1,0
1,2019,5,17,4,2,7,0,0,1,0,0,0,0,0,0,0,0,0
2,2018,6,17,7,5,5,0,0,1,0,0,0,0,0,0,0,0,0
7,2020,10,5,2,5,2,2,0,1,0,1,0,0,0,1,1,1,0
7,2019,7,14,3,5,7,0,0,1,0,1,0,0,0,0,0,2,1
1,2020,6,16,4,3,6,0,1,1,0,0,0,0,0,0,1,1,0
1,2018,9,8,2,5,3,0,1,1,0,0,0,0,0,0,0,0,0
7,2020,8,10,2,5,2,0,1,1,0,0,0,0,0,0,1,1,0
6,2021,1,10,6,7,7,0,1,0,0,0,0,0,0,1,2,0,0
4,2021,11,18,7,1,5,2,0,1,0,0,0,0,1,0,2,0,0
4,2021,4,15,1,5,7,0,1,1,0,0,0,0,0,1,2,1,0
6,2021,2,15,2,2,2,0,0,1,0,0,0,0,0,1,2,1,0
1,2019,4,6,2,2,6,1,0,1,0,0,0,0,1,0,0,1,0
5,2021,10,20,4,2,6,2,0,1,0,0,0,0,1,0,1,1,0
1,2019,5,13,1,2,2,0,1,1,0,0,0,0,0,0,0,0,0
8,2021,11,15,3,5,7,0,0,1,0,0,0,1,0,0,2,0,0
3,2018,6,9,2,2,6,0,0,0,0,0,0,1,0,0,0,0,0
1,2020,4,15,5,5,2,0,1,1,0,0,0,0,0,1,2,1,0
12,2019,8,15,3,0,1,0,0,1,0,1,0,0,0,0,0,0,0
1,2019,10,12,6,0,2,0,1,1,0,0,0,0,0,0,0,1,0
2,2018,10,11,2,5,3,0,1,1,0,0,0,0,0,0,0,1,0
7,2020,2,7,2,5,2,0,0,0,0,1,0,1,0,0,0,1,0
7,2021,1,15,3,2,2,1,0,1,0,0,0,0,1,1,2,0,0
8,2019,7,17,3,5,3,0,1,0,0,0,0,1,0,0,0,2,0
4,2018,10,13,3,6,7,0,1,0,1,0,0,0,0,0,0,1,0
9,2021,3,17,5,1,1,0,1,1,0,0,0,0,1,0,2,0,0
1,2020,8,2,7,0,1,2,0,0,0,0,0,1,0,0,1,1,1
1,2018,7,10,2,2,7,0,0,1,0,0,0,0,0,0,0,2,0
12,2020,12,16,5,3,2,2,1,1,0,0,0,0,0,1,2,1,0
2,2018,5,17,4,1,5,0,1,0,0,0,0,1,0,0,0,0,0
1,2018,9,13,2,5,2,0,1,0,0,0,1,0,0,0,0,0,1
5,2019,2,10,5,1,7,0,0,1,0,0,0,1,0,0,0,1,1
12,2020,6,14,3,5,2,0,0,1,0,0,0,0,0,0,1,1,0
1,2018,3,9,2,0,1,0,1,0,0,0,0,0,0,0,0,1,0
11,2020,10,19,3,0,6,2,1,0,0,0,0,0,0,1,1,1,0
4,2019,9,7,3,2,6,0,0,1,0,0,0,0,0,0,0,0,0
6,2021,5,10,7,5,2,0,1,1,0,0,0,0,0,1,2,1,0
9,2020,2,6,4,6,2,1,0,1,1,0,0,0,1,0,0,1,0
9,2018,8,22,2,2,2,2,0,1,0,1,0,0,0,0,0,1,0
11,2018,11,6,1,2,6,2,0,1,0,0,0,0,1,0,0,0,0
12,2021,6,15,4,5,2,0,0,1,0,0,0,1,0,0,1,1,0
3,2020,10,19,7,2,6,2,0,1,0,1,0,0,0,1,1,1,0
6,2020,9,15,3,3,6,0,0,1,0,0,1,0,0,0,1,0,0
1,2020,7,20,4,5,2,0,0,1,0,0,0,0,0,0,1,2,0
5,2021,9,11,4,5,2,0,0,1,0,0,0,0,0,0,1,0,0
10,2019,7,16,4,5,3,0,1,1,0,0,0,0,0,0,0,2,0
10,2020,9,22,6,5,3,2,1,1,0,0,0,0,0,0,1,0,0
3,2019,11,17,1,2,6,2,0,1,0,0,0,0,1,0,0,0,0
4,2020,9,15,6,5,3,0,1,1,0,0,0,0,0,0,1,0,0
8,2018,12,19,1,5,3,2,0,1,0,0,0,0,1,0,0,1,0
12,2018,5,12,4,6,4,0,0,1,1,0,0,0,0,0,0,0,1
8,2018,7,5,3,2,6,0,0,1,0,0,1,0,0,0,0,2,0
5,2020,4,15,3,5,3,0,1,0,0,0,0,1,0,1,2,1,0
8,2021,9,8,4,2,6,0,0,1,0,0,0,0,0,0,1,0,0
4,2019,11,8,5,2,6,0,0,1,0,0,0,0,0,0,0,0,0
12,2019,4,15,3,5,3,0,1,0,0,1,0,0,0,0,0,1,0
2,2019,8,11,2,1,5,0,1,1,0,0,0,0,0,0,0,0,0
1,2018,12,17,6,3,6,2,1,1,0,0,0,0,1,0,0,1,0
4,2020,1,17,6,6,2,2,0,1,1,0,0,0,1,0,0,1,0
11,2021,7,17,3,5,3,0,1,1,0,0,0,0,0,0,1,2,0
1,2020,9,14,4,6,4,0,1,0,1,0,0,0,0,0,1,0,0
6,2020,6,15,5,6,6,0,1,0,1,0,0,0,0,0,1,1,0
1,2019,9,10,6,5,2,0,1,1,0,0,0,0,1,0,0,0,0
5,2020,5,14,5,5,3,0,0,1,0,0,0,0,0,1,1,0,0
8,2021,5,11,7,4,6,0,1,0,0,0,0,1,0,1,2,1,0
3,2021,12,18,5,5,2,2,0,1,0,0,0,1,1,1,2,1,0
8,2018,7,13,4,0,2,0,0,1,0,0,0,1,0,0,0,2,0
4,2020,3,7,4,5,2,0,1,1,0,0,0,0,0,1,1,0,0
9,2018,3,13,4,2,6,0,0,1,0,0,0,0,1,0,0,1,0
3,2021,12,15,1,2,6,1,0,1,0,0,0,0,1,1,2,1,0
11,2018,12,9,6,0,7,1,1,0,0,0,0,0,1,0,0,1,1
3,2018,11,16,5,5,2,2,1,1,0,0,0,0,0,0,0,0,0
11,2018,10,16,5,5,3,0,1,0,0,0,0,0,0,0,0,1,0
1,2021,7,11,4,5,2,0,1,1,0,0,0,0,0,0,1,2,0
6,2020,8,11,5,6,2,0,0,0,1,0,1,0,0,0,1,1,0
4,2019,9,13,6,5,2,0,1,1,0,0,0,0,1,0,0,0,0
6,2021,11,20,3,0,7,2,0,0,0,0,0,1,1,0,2,0,0
1,2018,9,17,5,3,6,0,1,1,0,0,0,0,0,0,0,0,0
10,2019,12,6,3,4,6,2,1,1,0,0,0,0,1,0,0,1,0
9,2019,5,11,6,0,3,0,0,1,0,0,0,1,0,0,0,0,0
1,2021,4,9,4,5,2,0,1,0,0,0,0,1,0,1,2,1,0
4,2019,12,15,2,5,3,0,0,1,0,0,0,0,0,0,0,1,0
9,2021,5,10,2,4,6,0,1,0,0,0,0,0,0,1,2,1,0
1,2019,6,15,3,0,1,0,1,0,0,0,0,0,0,0,0,1,1
4,2020,6,10,6,0,1,0,0,0,0,1,0,0,0,0,1,1,0
4,2019,3,12,2,6,2,0,0,1,1,0,0,0,0,0,0,0,0
11,2019,1,13,3,5,3,0,0,1,0,0,0,1,1,0,0,1,0
2,2020,10,14,3,0,1,0,1,0,0,0,0,0,1,1,1,1,0
3,2019,5,14,4,5,3,0,1,1,0,0,0,0,1,0,0,0,0
1,2020,6,11,3,5,3,0,1,1,0,0,0,0,0,0,1,1,0
1,2018,6,18,3,5,3,0,1,1,0,0,0,0,0,0,0,0,1
6,2018,11,7,4,5,3,0,1,1,0,0,0,0,1,0,0,0,0
4,2019,12,16,6,0,7,2,1,0,0,0,0,0,1,0,0,1,1
8,2018,9,17,7,6,4,0,0,1,1,0,0,0,0,0,0,0,0
4,2018,1,12,3,5,2,0,1,1,0,0,0,0,0,0,0,0,0
8,2021,8,10,5,3,6,0,0,0,0,1,0,1,0,0,1,1,0
9,2021,8,7,2,5,3,0,1,1,0,0,0,0,1,0,1,1,0
5,2019,8,16,5,2,6,0,0,1,0,1,0,0,1,0,0,0,0
5,2020,11,11,4,0,1,0,0,0,0,1,0,0,0,1,2,0,1
1,2019,6,11,2,5,2,0,1,0,0,0,0,1,0,0,0,1,0
8,2019,4,16,2,1,5,0,1,1,0,0,0,0,0,0,0,1,0
2,2019,3,8,2,0,1,0,0,0,0,0,0,1,1,0,0,0,0
6,2019,1,17,2,2,2,2,0,1,0,0,0,0,1,0,0,1,0
1,2021,3,17,3,6,2,0,0,1,1,0,0,0,0,0,2,0,0
4,2018,5,10,2,5,2,0,1,1,0,0,0,0,0,0,0,0,0
6,2021,7,11,3,5,2,0,0,1,0,1,0,0,0,0,1,2,1
1,2018,5,7,2,5,2,0,1,1,0,0,0,0,0,0,0,0,0
3,2018,10,15,4,5,3,1,0,1,0,0,0,1,0,0,0,1,0
8,2018,3,17,2,1,5,0,1,1,0,0,0,0,0,0,0,1,0
8,2018,9,13,3,5,2,0,1,1,0,0,0,0,0,0,0,0,0
8,2018,1,22,2,5,2,2,0,1,0,0,0,0,0,0,0,0,0
7,2018,10,8,5,2,2,0,0,1,0,0,0,1,0,0,0,1,0
4,2019,8,17,5,2,6,0,0,1,0,0,0,0,0,0,0,0,1
1,2019,4,8,4,1,5,0,1,1,0,0,0,1,0,0,0,1,0
5,2021,7,17,7,5,2,0,1,1,0,0,0,0,0,0,1,2,0
4,2019,1,20,3,0,3,2,0,0,0,1,0,1,1,0,0,1,0
1,2019,3,17,1,5,2,1,1,1,0,0,0,0,1,0,0,0,0
4,2021,3,11,2,2,6,0,0,1,0,0,0,0,0,0,2,0,0
7,2020,11,17,2,5,3,2,0,1,0,0,0,0,0,1,2,0,0
9,2021,2,10,2,2,6,0,0,1,0,0,0,0,1,1,2,1,0
6,2019,8,19,1,2,6,0,0,1,0,0,0,0,0,0,0,0,0
2,2021,10,10,6,5,3,0,0,1,0,0,0,0,0,0,1,1,0
7,2018,3,21,3,2,6,2,0,1,0,0,0,0,1,0,0,1,0
2,2019,1,18,4,5,2,2,1,1,0,0,0,0,0,0,0,1,0
7,2019,6,9,5,0,4,0,0,0,1,0,0,1,0,0,0,1,0
5,2019,12,3,1,9,1,2,0,1,0,0,0,0,1,0,0,1,1
2,2019,8,7,5,2,6,0,0,1,0,0,0,0,0,0,0,0,0
2,2019,9,9,2,2,6,0,0,1,0,0,0,0,1,0,0,0,0
5,2020,9,17,5,5,3,0,0,1,0,0,0,0,0,0,1,0,0
4,2021,8,17,4,1,5,0,0,1,0,0,0,1,0,0,1,1,0
8,2018,5,19,7,5,7,0,0,1,0,0,0,0,0,0,0,0,0
4,2019,9,9,6,0,1,0,0,0,0,1,0,0,0,0,0,0,1
5,2019,8,7,4,0,1,0,1,0,0,0,0,0,0,0,0,0,0
8,2020,8,20,1,6,4,2,0,1,1,0,0,0,0,0,1,1,0
2,2019,3,9,1,0,1,0,0,0,0,1,0,0,0,0,0,0,0
4,2018,3,5,5,2,7,1,0,1,0,0,0,0,0,0,0,1,0
11,2019,10,8,2,6,4,0,0,1,1,0,0,0,0,0,0,1,0
5,2020,2,18,2,6,2,2,0,1,1,0,0,0,1,0,0,1,0
2,2020,3,18,4,0,7,1,1,1,0,0,0,0,1,1,1,0,0
9,2021,1,12,6,2,2,0,0,1,0,0,0,0,1,1,2,0,0
9,2021,4,3,4,7,7,2,0,0,0,1,0,0,0,1,2,1,0
1,2020,9,13,4,5,2,0,1,1,0,0,0,0,0,0,1,0,0
1,2018,8,13,3,5,2,0,1,1,0,0,0,0,0,0,0,1,0
3,2018,2,7,2,5,2,1,1,1,0,0,0,0,1,0,0,1,0
1,2018,1,10,2,2,6,0,0,1,0,0,0,0,2,0,0,0,0
6,2019,9,10,5,5,2,0,1,1,0,0,0,0,0,0,0,0,0
4,2019,7,15,3,5,3,0,1,1,0,0,0,0,0,0,0,2,0
8,2019,1,17,3,3,6,2,0,1,0,0,0,0,1,0,0,1,0
11,2021,6,5,6,2,6,0,0,1,0,0,0,0,0,0,1,1,0
3,2018,1,7,4,6,2,0,0,1,1,0,0,0,0,0,0,0,0
2,2018,1,8,2,1,5,0,0,1,0,0,0,1,0,0,0,0,0
10,2020,2,13,3,5,3,0,0,1,0,0,0,0,1,0,0,1,0
4,2018,10,13,2,5,3,0,1,0,0,0,0,1,1,0,0,1,0
8,2020,11,9,2,5,3,0,0,1,0,0,0,0,0,1,2,0,0
7,2018,10,19,2,5,2,2,1,0,0,0,0,1,0,0,0,1,1
4,2019,8,17,5,6,4,0,1,0,1,0,0,0,0,0,0,0,0
3,2020,3,15,3,8,1,0,0,1,0,0,0,0,1,1,1,0,0
4,2018,12,5,6,0,1,2,0,0,0,1,0,0,1,0,0,1,0
4,2018,12,8,2,6,2,0,0,1,1,0,0,0,1,0,0,1,1
12,2018,5,15,4,5,3,0,1,1,0,0,0,0,0,0,0,0,1
7,2019,2,11,5,2,6,0,0,1,0,0,0,0,1,0,0,1,0
1,2020,6,19,5,5,2,0,1,1,0,0,0,0,0,0,1,1,0
7,2018,12,16,4,6,2,2,0,1,1,0,0,0,1,0,0,1,0
4,2019,4,9,6,5,3,0,1,0,0,0,0,0,0,0,0,1,0
4,2019,8,20,3,5,3,2,0,1,0,0,0,1,0,0,0,0,0
4,2021,8,8,2,6,4,0,0,1,1,0,0,0,0,0,1,1,0
1,2021,9,19,4,0,1,2,0,0,0,1,0,0,1,0,1,0,0
1,2019,1,16,1,5,2,2,1,1,0,0,0,0,0,0,0,1,0
7,2021,5,18,3,0,2,0,1,1,0,0,0,0,0,1,2,1,0
4,2019,8,19,2,5,2,0,1,1,0,0,0,0,0,0,0,0,0
1,2019,8,16,4,5,3,0,1,1,0,0,0,0,0,0,0,0,1
2,2019,9,13,1,5,7,0,0,1,0,0,0,1,0,0,0,0,0
7,2019,5,20,4,6,4,0,0,1,1,0,0,0,0,0,0,0,0
1,2018,10,10,4,2,1,0,0,1,0,0,0,0,0,0,0,1,0
1,2020,12,8,4,0,1,1,1,0,0,0,0,0,1,1,2,1,0
9,2020,8,19,1,4,6,1,0,1,0,1,0,1,0,0,1,1,0
8,2020,12,19,6,5,2,2,1,1,0,0,0,0,0,1,2,1,0
4,2020,5,16,6,6,6,0,1,0,1,0,0,0,0,1,1,0,0
11,2020,2,17,2,5,3,2,1,1,0,0,0,0,1,0,0,1,0
4,2018,6,7,4,3,6,0,0,1,0,0,0,0,0,0,0,0,0
6,2020,8,13,7,0,2,0,1,1,0,0,0,0,0,0,1,1,0
12,2019,11,6,1,8,1,2,0,1,0,0,0,0,1,0,0,0,0
8,2019,6,15,2,0,2,0,0,1,0,1,0,0,0,0,0,1,0
7,2019,8,18,6,2,6,0,0,1,0,0,0,0,0,0,0,0,0
3,2018,2,11,5,5,3,0,0,1,0,0,0,0,0,0,0,1,1
9,2018,5,17,5,2,6,0,0,1,0,0,0,0,0,0,0,0,1
5,2021,1,13,2,2,6,0,0,1,0,1,0,0,0,1,2,0,0