BEZ,UJAHR,UMONAT,USTUNDE,UWOCHENTAG,UART,UTYP1,ULICHTVERH,IstRad,IstPKW,IstFuss,IstKrad,IstGkfz,IstSonstige,USTRZUSTAND,LOCKDOWN,COVID,FERIEN,UKATEGORIE
2,2020,2,10,2,5,2,0,0,1,0,0,0,0,0,0,0,1,0
6,2021,9,7,3,5,3,0,1,1,0,0,0,0,0,0,1,0,1
5,2021,8,9,6,3,6,0,0,1,0,1,0,0,1,0,1,1,0
3,2020,4,13,5,5,2,0,0,1,0,0,0,0,0,1,2,1,0
6,2019,8,19,1,0,2,0,1,1,0,0,0,0,0,0,0,0,0
1,2018,7,10,3,2,6,0,0,1,0,0,0,0,0,0,0,2,0
3,2020,3,13,3,3,6,0,0,1,0,0,0,1,0,1,1,0,0
2,2021,6,16,5,5,3,0,1,0,0,0,0,1,0,0,1,1,0
1,2020,8,21,3,5,3,1,0,1,0,0,0,0,0,0,1,1,0
3,2018,9,17,3,5,3,0,0,1,0,1,0,0,0,0,0,0,0
8,2019,6,8,6,6,2,0,0,1,1,0,0,0,0,0,0,1,0
1,2019,5,10,2,5,2,0,1,1,0,0,0,0,0,0,0,0,0
8,2019,5,12,4,6,7,0,0,1,1,0,0,0,0,0,0,0,0
4,2020,2,14,5,2,6,0,0,1,0,0,0,0,1,0,0,1,0
3,2019,7,10,4,2,6,0,0,1,0,0,0,0,0,0,0,2,0
4,2019,2,21,6,5,2,2,1,1,0,0,0,0,0,0,0,1,0
11,2021,5,15,3,6,4,0,1,1,1,0,0,0,0,1,2,1,0
1,2019,9,21,5,0,3,2,0,1,0,1,0,0,0,0,0,0,0
12,2019,3,16,5,6,4,0,0,1,1,0,0,0,0,0,0,0,0
2,2018,6,16,1,1,5,0,1,1,0,0,0,0,0,0,0,0,1
5,2020,6,13,4,0,2,0,0,1,0,1,0,0,0,0,1,1,1
1,2018,9,16,2,5,3,0,0,1,0,0,0,0,0,0,0,0,0
8,2018,8,7,6,2,6,0,1,0,0,0,1,0,0,0,0,1,0
1,2019,2,10,7,2,6,0,0,1,0,0,0,0,0,0,0,1,0
9,2018,4,14,2,5,2,0,0,1,0,1,0,0,0,0,0,1,1
3,2020,11,14,1,5,2,0,1,1,0,0,0,0,0,1,2,0,0
6,2019,12,16,2,5,2,2,1,1,0,0,0,0,1,0,0,1,0
1,2018,3,20,2,6,4,2,0,1,1,0,0,1,1,0,0,1,0
12,2020,4,10,5,5,2,0,1,1,0,0,0,0,0,1,2,1,1
9,2021,7,12,2,1,7,0,0,1,0,0,0,0,0,0,1,2,1
9,2020,10,7,5,2,6,0,0,1,0,0,0,1,1,1,1,1,0
6,2018,9,15,7,0,1,0,0,0,0,1,0,0,0,0,0,0,0
2,2018,6,16,2,3,6,0,0,1,0,0,0,0,0,0,0,0,0
4,2021,2,18,6,6,2,2,0,0,1,0,0,1,2,1,2,1,0
8,2018,5,18,2,5,2,0,0,1,0,1,0,0,0,0,0,0,0
3,2020,10,15,4,2,6,0,1,1,0,0,0,0,0,1,1,1,0
4,2021,5,11,4,5,3,0,0,1,0,0,0,0,0,1,2,1,0
2,2019,12,8,6,0,1,0,1,0,0,0,0,0,0,0,0,1,0
12,2018,12,16,5,5,3,2,0,1,0,1,0,0,1,0,0,1,0
5,2018,11,19,2,5,2,1,0,1,0,0,0,0,0,0,0,0,0
7,2021,10,10,5,5,3,0,1,1,0,0,0,0,0,0,1,1,0
6,2019,7,19,2,2,6,0,0,1,0,0,0,0,1,0,0,2,0
2,2020,4,21,6,5,3,2,1,1,0,0,0,0,0,1,2,1,0
2,2018,7,16,3,5,3,0,1,1,0,0,0,0,0,0,0,2,0
2,2021,7,22,5,3,6,2,1,1,0,0,0,0,0,0,1,2,1
4,2020,2,9,6,6,7,0,0,1,1,0,0,0,0,0,0,1,1
1,2021,12,7,5,0,1,0,1,0,0,0,0,0,1,1,2,1,0
8,2021,5,15,6,2,2,0,0,1,0,0,0,0,1,1,2,1,0
2,2020,9,7,3,5,3,0,1,1,0,0,0,0,0,0,1,0,0
1,2019,4,18,1,0,1,0,0,0,0,1,0,0,0,0,0,1,0
7,2020,5,15,2,2,6,0,0,1,0,0,0,0,1,1,1,0,0
4,2021,7,19,2,0,2,0,1,1,0,0,0,0,0,0,1,2,0
9,2021,9,13,5,2,6,0,0,1,0,0,1,0,0,0,1,0,0
4,2020,9,18,5,3,6,0,1,1,0,0,0,0,0,0,1,0,0
9,2021,12,5,3,5,3,2,0,1,0,0,0,1,1,1,2,1,0
1,2021,11,17,4,5,2,2,0,1,0,0,0,1,0,0,2,0,0
3,2018,5,15,4,5,3,0,0,1,0,0,0,1,0,0,0,0,0
7,2020,1,15,7,5,2,0,0,1,0,0,0,0,0,0,0,1,0
4,2020,8,13,4,6,4,0,1,0,1,0,0,0,1,0,1,1,0
4,2018,11,4,3,9,1,2,0,1,0,0,0,0,1,0,0,0,0
5,2020,3,21,6,5,3,2,1,1,0,0,0,0,0,1,1,0,0
3,2021,6,14,4,6,4,0,0,0,1,0,0,1,1,0,1,1,0
1,2018,5,7,6,4,6,0,1,0,0,0,0,0,0,0,0,0,0
3,2019,4,11,1,5,7,0,1,1,0,0,0,0,0,0,0,1,0
6,2021,4,14,5,5,2,0,0,1,0,1,0,0,0,1,2,1,0
4,2019,12,9,3,5,3,0,0,1,0,0,0,0,1,0,0,1,0
3,2021,8,12,2,0,5,0,1,1,0,0,0,0,1,0,1,1,0
3,2020,10,10,5,5,2,0,0,1,0,1,0,0,0,1,1,1,0
7,2018,7,14,6,2,2,0,0,1,0,0,0,0,0,0,0,2,0
9,2020,8,15,5,9,1,0,0,0,0,1,0,0,0,0,1,1,0
1,2018,7,2,2,0,1,2,1,0,0,0,0,0,0,0,0,2,0
5,2020,11,21,4,2,6,2,0,1,0,0,0,1,0,1,2,0,0
2,2020,10,5,2,2,6,2,0,1,0,0,0,0,0,1,1,1,0
2,2018,6,10,2,0,7,0,0,1,1,0,0,1,0,0,0,0,0
12,2019,5,16,5,5,2,0,1,1,0,0,0,0,0,0,0,0,0
8,2018,11,7,3,5,3,0,1,1,0,0,0,0,0,0,0,0,0
5,2021,11,20,2,2,6,2,0,1,0,0,0,0,1,0,2,0,0
9,2018,8,18,4,2,6,0,0,1,0,0,0,0,0,0,0,1,0
9,2018,2,21,1,5,2,2,0,1,0,0,0,1,0,0,0,1,0
9,2019,1,16,2,6,4,0,0,1,1,0,0,0,2,0,0,1,0
4,2019,3,10,3,6,4,0,1,0,1,0,0,0,0,0,0,0,0
5,2021,8,13,6,2,6,0,0,1,0,0,0,0,0,0,1,1,0
4,2019,8,9,3,2,6,0,0,1,0,0,0,0,0,0,0,0,0
1,2019,3,6,3,5,2,0,1,1,0,0,0,0,0,0,0,0,0
6,2020,8,19,3,0,5,0,1,1,0,0,0,0,0,0,1,1,0
7,2020,12,11,4,5,2,0,0,1,0,0,0,1,1,1,2,1,0
4,2021,11,10,3,2,6,0,0,1,0,1,0,0,1,0,2,0,0
4,2021,10,16,2,5,2,0,1,1,0,0,0,0,0,0,1,1,0
4,2021,6,13,1,5,5,0,1,1,0,0,0,0,0,0,1,1,0
4,2019,3,16,1,3,6,0,0,1,0,1,0,0,0,0,0,0,1
3,2020,9,14,3,8,1,0,1,0,0,0,0,0,0,0,1,0,0
9,2018,9,18,1,8,1,0,0,0,0,1,0,0,0,0,0,0,1
9,2018,4,12,1,2,6,0,0,1,0,0,0,1,0,0,0,1,0
6,2019,9,17,5,5,2,0,0,1,0,1,0,0,0,0,0,0,1
11,2019,2,11,5,5,2,0,0,1,0,1,0,0,0,0,0,1,1
12,2019,2,15,6,2,6,0,0,1,0,0,0,0,0,0,0,1,0
2,2019,3,20,2,5,3,2,1,1,0,0,0,0,1,0,0,0,1
1,2018,10,16,4,5,7,0,0,1,0,1,0,0,0,0,0,1,0
3,2021,8,8,4,5,2,0,1,1,0,0,0,0,0,0,1,1,0
4,2021,5,17,5,2,7,0,0,1,1,0,0,0,0,1,2,1,1
12,2019,3,11,1,2,6,0,0,1,0,0,0,0,0,0,0,0,0
6,2021,7,11,5,0,4,0,0,0,1,1,0,0,0,0,1,2,0
1,2020,4,14,2,5,3,0,1,1,0,0,0,0,0,1,2,1,0
6,2021,2,6,4,6,2,2,0,1,1,0,0,0,1,1,2,1,1
1,2018,11,13,6,2,6,0,0,1,0,0,0,1,0,0,0,0,0
6,2021,4,9,4,2,6,0,0,1,0,0,0,0,0,1,2,1,0
1,2018,5,10,2,5,3,0,1,1,0,0,0,0,0,0,0,0,0
9,2018,3,16,2,6,4,0,0,1,1,0,0,0,0,0,0,1,0
8,2019,1,17,5,5,3,2,0,1,0,0,0,1,0,0,0,1,1
11,2021,6,12,6,5,2,0,0,1,0,0,0,0,0,0,1,1,0
5,2018,10,0,3,1,5,2,0,1,0,0,1,1,0,0,0,1,1
2,2018,2,19,3,1,5,2,1,1,0,0,0,1,0,0,0,1,0
2,2019,7,18,2,6,4,0,1,0,1,0,0,0,0,0,0,2,0
8,2019,5,11,2,6,4,0,0,1,1,0,0,0,0,0,0,0,1
1,2021,12,12,2,6,2,0,0,1,1,0,0,0,0,1,2,1,1
1,2021,12,17,4,6,7,1,0,1,1,0,0,0,0,1,2,1,0
7,2020,11,14,5,6,4,0,1,0,1,0,0,0,0,1,2,0,0
11,2020,10,14,5,5,3,0,1,1,0,0,0,0,0,1,1,1,0
11,2020,5,13,2,5,2,0,1,1,0,0,0,0,1,1,1,0,0
4,2020,10,12,4,5,3,0,0,1,0,0,0,0,1,1,1,1,0
1,2019,7,16,6,1,5,0,1,1,0,0,0,0,0,0,0,2,0
5,2018,3,6,2,0,1,2,1,0,0,0,0,0,2,0,0,1,0
4,2018,6,11,4,2,6,0,0,0,0,1,0,1,0,0,0,0,0
4,2019,10,9,4,2,6,0,0,1,0,0,0,0,0,0,0,1,0
2,2018,9,18,5,6,4,1,1,0,1,0,0,0,0,0,0,0,0
12,2021,12,21,7,3,2,2,1,1,0,0,0,0,1,1,2,1,0
3,2018,5,19,2,1,5,0,1,1,0,0,0,0,0,0,0,0,0
2,2019,8,9,6,5,3,0,1,1,0,0,0,0,0,0,0,0,0
4,2018,2,17,2,5,2,2,0,1,0,0,0,0,0,0,0,1,0
10,2020,11,15,6,5,7,0,0,1,0,0,0,1,0,1,2,0,1
6,2019,8,15,7,2,6,0,0,1,0,0,0,0,0,0,0,0,0
11,2018,8,16,5,2,6,0,0,1,0,0,0,0,0,0,0,1,0
4,2019,4,20,4,2,6,2,0,1,0,0,0,0,0,0,0,1,0
5,2021,5,19,3,5,2,0,0,1,0,0,0,0,0,1,2,1,1
12,2021,11,10,7,5,3,0,0,1,0,0,0,0,1,0,2,0,0
7,2018,6,18,4,0,5,0,0,1,0,0,0,1,0,0,0,0,1
8,2018,12,11,4,8,1,0,0,1,0,0,0,0,0,0,0,1,0
1,2018,5,18,5,3,6,0,1,1,0,0,0,0,0,0,0,0,0
7,2021,5,14,1,5,3,0,1,1,0,0,0,0,0,1,2,1,0
4,2019,12,16,6,5,3,2,0,1,0,0,0,0,0,0,0,1,0
1,2020,2,15,3,5,2,0,1,1,0,0,0,0,1,0,0,1,0
2,2020,8,17,4,5,2,0,1,1,0,0,0,0,1,0,1,1,0
1,2018,5,15,6,5,3,0,1,1,0,0,0,0,0,0,0,0,0
4,2020,3,8,4,2,6,0,0,1,0,0,0,1,0,1,1,0,0
9,2018,6,20,6,6,6,0,0,1,1,0,0,0,0,0,0,0,0
9,2018,3,14,5,5,3,0,1,1,0,0,0,0,0,0,0,1,0
5,2018,4,16,1,0,1,0,0,0,0,1,0,0,0,0,0,1,0
7,2019,1,13,4,1,5,0,1,1,0,0,0,0,0,0,0,1,0
8,2020,8,16,2,0,7,0,1,0,0,0,0,0,0,0,1,1,0
10,2020,7,17,2,5,3,0,1,1,0,0,0,0,0,0,1,2,0
5,2019,11,7,4,5,2,0,0,1,0,1,0,0,1,0,0,0,0
6,2020,10,15,1,0,7,0,0,1,0,0,0,0,1,1,1,1,1
3,2018,10,20,5,5,2,2,1,1,0,0,0,0,0,0,0,1,0
12,2021,12,9,2,0,1,0,0,0,0,0,0,1,0,1,2,1,0
6,2019,4,19,5,2,6,1,0,1,0,0,0,0,0,0,0,1,0
9,2020,9,9,2,5,3,0,1,1,0,0,0,0,0,0,1,0,1
3,2019,4,10,7,0,2,0,0,1,0,0,0,1,0,0,0,1,0
1,2019,6,0,5,1,7,2,0,1,0,0,0,1,0,0,0,1,0
5,2019,1,6,2,5,3,2,1,1,0,0,0,0,1,0,0,1,1
1,2019,9,17,2,1,5,0,1,1,0,0,0,0,0,0,0,0,0
9,2021,8,10,4,0,7,0,0,1,1,0,0,0,0,0,1,1,0
7,2019,1,17,7,5,2,1,0,1,0,0,0,0,0,0,0,1,0
1,2018,11,9,3,6,2,0,0,1,1,0,0,0,1,0,0,0,0
1,2020,4,16,3,5,3,0,1,1,0,0,0,0,0,1,2,1,0
1,2021,7,19,1,5,3,1,0,1,0,0,0,0,1,0,1,2,0
7,2020,12,12,4,2,6,0,0,1,0,0,0,0,0,1,2,1,0
6,2020,2,15,4,2,6,0,1,1,0,0,0,0,0,0,0,1,0
3,2020,6,8,4,5,3,0,1,1,0,0,0,0,0,0,1,1,1
4,2020,2,17,1,5,2,2,0,1,0,0,0,0,1,0,0,1,0
7,2021,3,16,7,0,5,0,0,1,0,0,0,0,1,0,2,0,0
12,2018,3,12,7,2,6,0,0,1,0,0,0,0,0,0,0,1,0
5,2019,2,17,5,5,7,2,0,1,0,1,0,0,1,0,0,1,0
8,2020,7,15,6,6,4,0,1,0,1,0,0,0,0,0,1,2,0
2,2018,11,16,5,6,7,1,0,1,1,0,0,0,0,0,0,0,0
4,2018,2,18,2,2,6,2,0,1,0,0,0,0,0,0,0,1,0
12,2018,10,14,6,5,2,0,1,1,0,0,0,0,1,0,0,1,0
9,2021,7,16,5,2,2,0,1,1,0,0,0,0,1,0,1,2,0
8,2020,4,9,6,2,6,0,0,1,0,0,0,0,0,1,2,1,0
5,2019,2,13,6,6,4,0,0,1,1,0,0,0,0,0,0,1,0
11,2021,9,10,4,1,5,0,1,1,0,0,0,0,0,0,1,0,0
1,2018,9,13,4,1,5,0,1,1,0,0,0,0,0,0,0,0,1
9,2021,6,19,1,3,6,0,1,1,0,0,0,0,0,0,1,1,0
1,2021,6,13,5,0,3,0,0,1,0,1,0,0,0,0,1,1,1
6,2019,7,19,2,0,1,0,0,0,0,1,0,0,0,0,0,2,0
7,2021,7,18,2,5,2,0,0,1,0,1,0,0,0,0,1,2,0
6,2020,9,16,6,5,3,0,1,1,0,0,0,0,0,0,1,0,0
12,2020,1,8,5,1,7,0,0,1,0,0,1,0,0,0,0,1,1
12,2020,9,5,3,2,6,2,0,1,0,0,0,0,0,0,1,0,0
8,2018,7,14,3,0,6,0,0,0,0,1,0,1,0,0,0,2,0
3,2019,8,9,5,5,2,0,1,1,0,0,0,0,0,0,0,0,0
11,2021,10,16,6,5,3,0,1,1,0,0,0,0,0,0,1,1,0
4,2018,10,11,6,2,6,0,0,1,0,0,0,0,0,0,0,1,0
11,2020,8,13,2,4,6,0,1,0,0,0,0,0,0,0,1,1,0
2,2018,6,15,5,6,4,0,0,0,1,0,0,1,1,0,0,0,0
9,2021,7,15,6,5,3,0,1,1,0,0,0,0,0,0,1,2,0
1,2018,9,16,2,6,4,0,0,1,1,0,0,0,0,0,0,0,1
9,2018,12,21,5,0,1,2,0,1,0,0,0,0,1,0,0,1,0
4,2020,10,7,4,3,6,0,0,1,0,1,0,0,1,1,1,1,0
9,2019,6,17,6,5,2,0,1,1,0,0,0,0,0,0,0,1,0
2,2018,6,15,5,5,2,0,1,1,0,0,0,0,1,0,0,0,0
1,2018,11,16,3,6,4,0,0,0,1,0,0,1,0,0,0,0,0
4,2019,9,13,4,6,4,0,0,0,1,1,0,0,0,0,0,0,1
4,2019,9,10,2,5,2,0,1,0,0,0,1,0,0,0,0,0,0
5,2019,8,8,1,6,2,0,0,1,1,0,0,0,0,0,0,0,0
6,2018,4,17,7,5,3,0,1,0,0,1,0,0,0,0,0,1,0
1,2019,3,9,6,1,5,0,1,1,0,0,0,0,1,0,0,0,0
2,2021,11,14,5,6,7,0,0,1,1,0,0,0,0,0,2,0,0
2,2020,10,6,3,4,6,2,1,1,0,0,0,0,1,1,1,1,1
6,2019,6,18,2,5,3,0,1,1,0,0,0,0,0,0,0,1,0
8,2018,3,14,5,6,7,0,0,1,1,0,0,0,0,0,0,1,0
7,2021,11,13,2,1,5,0,1,1,0,0,0,0,1,0,2,0,0
4,2020,10,18,5,3,6,2,0,1,0,1,0,0,1,1,1,1,0
1,2018,1,16,3,2,6,2,0,1,0,0,0,0,0,0,0,0,0
7,2021,12,22,6,0,7,2,0,0,0,0,0,1,1,1,2,1,1
2,2021,6,12,2,1,5,0,1,1,0,0,0,0,0,0,1,1,0
1,2020,9,6,3,5,3,0,0,1,0,1,0,0,0,0,1,0,1
7,2019,6,21,5,6,4,1,0,1,1,0,0,0,1,0,0,1,0
7,2021,6,16,4,6,4,0,0,0,1,0,0,1,1,0,1,1,0
4,2018,6,13,6,5,7,0,1,1,0,0,0,0,0,0,0,0,0
10,2018,3,13,5,5,3,0,0,1,0,0,0,0,0,0,0,1,1
1,2020,6,9,3,2,2,0,0,1,0,1,0,0,0,0,1,1,0
9,2019,7,9,4,0,1,0,1,0,0,0,0,0,0,0,0,2,0
9,2019,7,8,5,5,2,0,1,1,0,0,0,0,0,0,0,2,1
2,2021,8,9,5,5,2,0,1,1,0,0,0,0,0,0,1,1,0
7,2020,9,15,5,4,5,0,1,1,0,0,0,0,0,0,1,0,0
10,2020,11,16,6,5,3,1,0,1,0,0,0,0,0,1,2,0,0
7,2019,7,13,2,2,6,0,0,1,0,0,0,0,0,0,0,2,0
3,2019,6,20,1,0,7,0,0,1,0,1,0,0,0,0,0,1,0
4,2021,4,14,3,2,6,0,0,1,0,0,0,0,0,1,2,1,1
12,2018,2,19,5,1,5,2,0,0,0,1,0,1,0,0,0,1,1
2,2018,6,17,6,0,1,0,1,0,0,0,0,0,0,0,0,0,0
4,2019,5,18,4,2,6,0,0,1,0,0,0,0,0,0,0,0,0
2,2021,5,8,4,2,6,0,1,1,0,0,0,0,0,1,2,1,0
3,2020,7,0,4,9,1,2,0,0,0,1,0,0,0,0,1,2,1
4,2018,4,18,2,0,1,0,0,0,0,0,0,1,0,0,0,1,1
4,2020,12,20,2,1,5,2,1,1,0,0,0,0,0,1,2,1,0
7,2020,1,16,3,2,2,2,0,1,0,0,0,0,1,0,0,1,0
4,2018,6,14,3,2,6,0,0,1,0,0,0,0,0,0,0,0,0
9,2020,12,13,1,0,1,0,0,0,0,1,0,0,1,1,2,1,0
5,2020,4,12,5,5,2,0,0,1,0,0,0,0,0,1,2,1,0
8,2020,1,10,5,5,2,0,0,1,0,0,0,0,0,0,0,1,0
12,2018,12,10,4,5,3,0,1,1,0,0,0,0,1,0,0,1,0
10,2019,12,13,5,0,4,0,0,0,1,0,0,1,0,0,0,1,0
2,2019,2,15,4,3,6,0,1,1,0,0,0,0,0,0,0,1,0
4,2019,11,20,4,0,5,2,0,1,0,1,0,0,1,0,0,0,0
8,2020,9,14,7,2,2,0,0,1,0,0,0,0,0,0,1,0,0
7,2020,3,12,5,0,6,0,0,1,0,1,0,0,1,1,1,0,0
3,2019,8,8,4,5,3,0,1,0,0,0,0,0,0,0,0,0,0
10,2018,6,17,3,5,3,0,1,1,0,0,0,0,0,0,0,0,0
2,2020,6,1,5,0,1,2,1,0,0,0,0,0,1,0,1,1,0
2,2021,7,18,5,5,2,0,1,1,0,0,0,0,1,0,1,2,0
4,2020,12,14,1,0,6,0,0,1,0,0,0,1,0,1,2,1,0
2,2018,9,9,4,2,2,0,1,1,0,0,0,0,0,0,0,0,0
1,2019,1,2,3,6,4,2,0,1,1,0,0,0,1,0,0,1,1
4,2021,8,22,1,1,5,2,0,1,0,0,0,0,1,0,1,1,0
1,2021,4,15,6,2,6,0,0,1,0,1,0,0,0,1,2,1,0
7,2019,9,12,7,3,6,0,0,1,0,0,0,0,0,0,0,0,0
7,2021,11,15,6,5,3,0,0,1,0,0,0,0,0,0,2,0,0
11,2021,5,22,6,1,1,2,0,1,0,0,0,0,1,1,2,1,0
12,2021,10,7,4,2,2,0,0,1,0,0,0,0,1,0,1,1,0
4,2020,3,7,2,0,1,0,0,0,0,1,0,0,0,1,1,0,0
1,2021,9,18,4,5,3,0,0,1,0,0,0,1,0,0,1,0,0
3,2021,3,9,4,0,1,0,1,0,0,0,0,0,0,0,2,0,0
12,2018,4,17,7,2,6,0,0,1,0,0,0,0,0,0,0,1,0
2,2018,9,15,3,0,1,0,1,0,0,0,0,0,0,0,0,0,0
1,2021,12,15,2,5,2,0,1,1,0,0,0,0,0,1,2,1,0
9,2018,6,15,4,0,1,0,0,0,0,1,0,0,0,0,0,0,0
2,2021,5,17,3,6,7,0,0,0,1,0,0,1,0,1,2,1,0
11,2021,10,12,1,2,6,0,0,1,0,0,0,0,0,0,1,1,0
6,2019,7,8,7,0,2,0,1,1,0,0,0,0,0,0,0,2,0
6,2018,5,8,5,5,2,0,0,1,0,1,0,0,0,0,0,0,1
9,2020,9,9,4,5,2,0,0,1,0,0,0,0,0,0,1,0,0
5,2018,5,7,2,5,2,0,1,1,0,0,0,0,0,0,0,0,1
7,2021,1,15,5,6,7,0,1,0,1,0,0,0,0,1,2,0,0
4,2018,2,16,2,2,6,0,0,1,0,0,1,0,0,0,0,1,0
2,2019,5,18,4,5,2,0,1,1,0,0,0,0,0,0,0,0,0
11,2021,7,17,4,5,3,0,1,1,0,0,0,0,0,0,1,2,0
1,2018,8,19,5,5,2,0,1,1,0,0,0,0,0,0,0,1,0
5,2020,1,7,3,2,6,2,0,1,0,0,0,1,0,0,0,1,0
6,2021,8,11,3,3,6,0,1,1,0,0,0,0,0,0,1,1,0
12,2020,9,15,7,2,6,0,0,1,0,0,0,0,0,0,1,0,0
7,2020,5,16,1,5,3,0,1,1,0,0,0,0,0,1,1,0,0
2,2018,7,9,4,1,5,0,1,1,0,0,0,0,0,0,0,2,0
7,2019,9,12,3,5,2,0,0,1,0,1,0,0,0,0,0,0,0
12,2018,6,14,6,6,4,0,0,0,1,0,0,1,0,0,0,0,0
7,2018,3,15,2,5,3,0,0,1,0,0,1,0,1,0,0,1,0
4,2021,5,5,2,3,1,0,0,1,0,1,0,0,1,1,2,1,0
1,2019,10,19,6,5,2,2,1,1,0,0,0,0,0,0,0,1,0
8,2018,6,18,3,5,2,0,1,1,0,0,0,0,0,0,0,0,0
6,2020,4,16,5,3,6,0,0,1,0,0,0,0,0,1,2,1,0
1,2021,10,3,1,1,5,2,0,1,0,0,0,1,0,0,1,1,0
7,2020,10,5,6,5,2,2,0,1,0,0,0,0,1,1,1,1,0
12,2018,9,13,6,5,2,0,0,0,0,1,0,1,0,0,0,0,0
4,2019,3,17,7,2,6,1,0,1,0,0,0,0,1,0,0,0,0
6,2021,7,12,7,5,2,0,1,1,0,0,0,0,0,0,1,2,0
4,2020,6,12,1,6,7,0,0,1,1,0,0,0,0,0,1,1,1
6,2021,9,10,7,2,6,0,0,1,0,0,0,0,0,0,1,0,0
5,2020,6,0,3,5,3,2,1,1,0,0,0,0,0,0,1,1,1
2,2019,10,14,6,1,5,0,0,1,0,0,0,0,0,0,0,1,0
12,2020,3,0,1,8,1,2,0,1,0,0,0,0,0,1,1,0,0
8,2018,1,15,6,5,2,0,1,0,0,0,0,1,0,0,0,0,0
1,2018,12,19,6,6,2,2,0,1,1,0,0,0,1,0,0,1,0
8,2019,6,12,1,3,6,0,1,1,0,0,0,0,0,0,0,1,0
5,2018,7,8,3,2,6,0,0,0,0,1,0,1,0,0,0,2,0
7,2018,6,12,3,2,6,0,0,1,0,0,0,0,0,0,0,0,0
2,2019,10,10,4,6,7,0,0,0,1,0,0,1,1,0,0,1,0
12,2019,2,16,5,2,6,0,0,1,0,0,0,0,0,0,0,1,0
6,2018,2,16,6,6,4,0,0,1,1,0,0,0,0,0,0,1,0
3,2018,6,21,3,0,3,2,1,0,0,0,0,0,0,0,0,0,0
4,2019,10,9,4,6,4,0,0,1,1,0,0,0,1,0,0,1,1
1,2021,5,11,1,0,6,0,0,1,0,1,0,0,0,1,2,1,0
11,2018,4,18,1,6,7,0,0,1,1,0,0,0,0,0,0,1,1
10,2018,5,11,5,5,3,0,1,1,0,0,0,0,0,0,0,0,0
10,2020,10,15,5,5,3,0,1,1,0,0,0,0,0,1,1,1,0
8,2019,2,17,4,5,3,1,1,1,0,0,0,0,0,0,0,1,0
9,2019,8,17,7,2,6,0,0,1,0,1,0,0,0,0,0,0,1
11,2020,1,23,6,5,2,2,0,1,0,0,0,0,1,0,0,1,0
10,2019,12,16,2,2,6,1,0,1,0,1,0,0,0,0,0,1,0
8,2020,7,8,2,1,5,0,0,1,0,0,0,1,0,0,1,2,0
1,2019,8,11,2,5,3,0,1,0,0,0,0,1,0,0,0,0,0
6,2021,10,17,5,2,6,0,0,1,0,0,0,0,0,0,1,1,0
3,2018,1,18,1,5,2,2,0,1,0,0,0,0,1,0,0,0,1
11,2021,7,16,3,5,2,0,1,1,0,0,0,0,0,0,1,2,0
1,2018,4,15,6,0,1,0,0,1,0,1,0,0,0,0,0,1,0
3,2021,3,13,2,5,3,0,0,1,0,0,0,0,0,0,2,0,0
5,2021,6,15,7,5,3,0,0,1,0,0,0,1,0,0,1,1,1
2,2021,1,14,3,5,3,0,1,1,0,0,0,0,0,1,2,0,0
10,2018,1,14,2,3,6,0,0,1,0,0,1,0,0,0,0,0,1
6,2018,6,16,5,5,3,0,0,1,0,0,0,0,0,0,0,0,0
6,2021,5,13,2,0,5,0,0,1,0,0,0,1,0,1,2,1,1
4,2020,11,15,5,1,5,0,0,1,0,0,0,0,0,1,2,0,0
9,2021,11,15,4,6,4,0,1,0,1,0,0,0,0,0,2,0,0
1,2020,4,9,4,2,6,0,0,1,0,0,0,1,0,1,2,1,0
3,2020,2,14,6,2,6,0,0,1,0,0,0,0,0,0,0,1,0
8,2018,4,6,3,5,2,0,1,1,0,0,0,0,1,0,0,1,0
8,2018,2,13,3,5,3,0,1,1,0,0,0,0,0,0,0,1,0
4,2018,9,16,5,5,2,0,1,1,0,0,0,0,0,0,0,0,0
5,2019,11,14,1,5,3,0,0,1,0,1,0,0,0,0,0,0,0
11,2018,8,15,2,5,3,0,1,1,0,0,0,0,0,0,0,1,1
4,2018,8,16,1,2,6,0,0,1,0,1,0,0,0,0,0,1,0
11,2019,4,14,1,2,2,0,0,1,0,0,0,0,0,0,0,1,0
1,2020,1,18,7,2,2,2,0,1,0,0,0,0,0,0,0,1,0
7,2019,6,14,1,3,1,0,1,1,0,0,0,0,0,0,0,1,1
2,2021,7,17,4,5,2,0,1,1,0,0,0,0,0,0,1,2,0
3,2020,12,10,5,0,3,0,0,1,0,1,0,0,1,1,2,1,0
4,2019,9,17,5,2,6,0,0,1,0,0,0,0,0,0,0,0,0
1,2019,1,10,6,6,2,0,0,0,1,0,0,1,1,0,0,1,0
8,2020,7,17,4,0,1,0,1,0,0,0,0,0,0,0,1,2,0
1,2018,6,10,6,3,6,0,0,1,0,0,0,0,0,0,0,0,1
1,2019,5,8,6,5,2,0,1,1,0,0,0,0,0,0,0,0,0
4,2021,1,8,1,0,6,0,0,1,0,0,0,1,0,1,2,0,1
3,2020,8,19,2,9,1,0,0,0,0,1,0,0,0,0,1,1,1
8,2018,9,13,2,5,2,0,1,1,0,0,0,0,0,0,0,0,0
1,2018,11,19,4,6,7,2,1,0,1,0,0,0,0,0,0,0,0
6,2020,9,11,2,0,6,0,0,1,0,0,0,0,0,0,1,0,0