BEZ,UJAHR,UMONAT,USTUNDE,UWOCHENTAG,UART,UTYP1,ULICHTVERH,IstRad,IstPKW,IstFuss,IstKrad,IstGkfz,IstSonstige,USTRZUSTAND,LOCKDOWN,COVID,FERIEN,UKATEGORIE
1,2018,8,4,7,1,5,2,1,1,0,0,0,0,0,0,0,1,1
3,2020,6,6,3,5,3,0,0,1,0,0,0,1,0,0,1,1,0
11,2018,9,7,1,1,5,0,0,1,0,0,1,0,0,0,0,0,0
2,2018,10,8,6,5,2,0,1,1,0,0,0,0,0,0,0,1,0
2,2018,3,5,2,5,2,2,0,0,0,1,1,0,0,0,0,1,0
2,2019,2,14,6,1,5,0,1,1,0,0,0,0,0,0,0,1,0
10,2018,1,13,2,0,6,0,0,0,0,0,0,1,0,0,0,0,0
4,2019,4,20,3,2,6,2,0,1,0,0,0,0,0,0,0,1,0
4,2020,10,12,3,6,2,0,0,0,1,0,0,1,0,1,1,1,1
7,2021,4,19,5,1,5,0,0,1,0,0,0,0,0,1,2,1,0
2,2018,8,6,5,5,2,0,0,1,0,1,0,0,0,0,0,1,1
7,2019,2,13,7,6,4,0,0,1,1,0,0,0,0,0,0,1,0
8,2019,9,17,5,5,3,0,0,1,0,0,0,0,0,0,0,0,1
10,2020,12,16,5,1,5,2,0,1,0,0,0,0,0,1,2,1,0
4,2019,6,16,5,5,7,0,0,1,0,1,0,0,0,0,0,1,0
10,2021,9,10,2,9,1,0,0,1,0,0,0,0,0,0,1,0,0
1,2018,9,20,5,0,1,1,1,0,0,0,0,0,0,0,0,0,0
9,2020,6,16,7,0,7,0,1,0,0,0,0,0,0,0,1,1,1
9,2020,12,17,4,5,3,2,0,1,0,0,0,0,1,1,2,1,0
11,2019,11,19,5,3,6,2,1,0,0,0,0,1,0,0,0,0,0
10,2021,2,13,5,6,4,0,0,1,1,0,0,0,2,1,2,1,0
1,2020,8,15,3,0,6,0,0,1,0,1,0,0,0,0,1,1,0
2,2018,9,15,6,5,3,0,1,0,0,1,0,0,0,0,0,0,0
9,2018,5,14,5,2,6,0,0,1,0,1,0,0,0,0,0,0,0
1,2018,6,17,6,5,2,0,1,1,0,0,0,0,0,0,0,0,0
7,2019,4,12,2,5,2,0,1,1,0,0,0,0,0,0,0,1,0
10,2018,12,20,6,2,6,2,0,1,0,0,0,0,0,0,0,1,0
8,2018,12,11,7,1,5,0,0,1,0,0,0,1,0,0,0,1,0
3,2018,9,15,5,5,3,0,0,1,0,0,0,1,0,0,0,0,0
10,2019,4,15,2,5,3,0,1,1,0,0,0,0,0,0,0,1,0
4,2018,8,12,2,2,6,0,0,1,0,0,0,0,0,0,0,1,0
2,2018,9,1,6,8,1,2,1,0,0,0,0,0,0,0,0,0,0
1,2018,1,9,5,5,2,0,1,1,0,0,0,0,1,0,0,0,0
3,2019,7,17,6,5,2,0,1,1,0,0,0,0,0,0,0,2,0
1,2018,11,12,4,1,5,0,1,0,0,0,0,1,0,0,0,0,0
1,2019,7,16,7,5,3,0,1,1,0,0,0,0,0,0,0,2,0
1,2018,4,20,6,0,1,2,1,0,0,0,0,0,0,0,0,1,0
7,2019,3,19,3,0,2,2,0,1,0,0,0,1,0,0,0,0,0
5,2021,10,13,7,5,3,0,1,1,0,0,0,0,0,0,1,1,0
9,2019,6,15,5,2,6,0,0,1,0,0,0,0,0,0,0,1,0
4,2021,3,18,2,0,2,0,1,1,0,0,0,0,0,0,2,0,0
1,2019,7,21,5,6,4,0,1,0,1,0,0,0,0,0,0,2,0
4,2021,2,5,6,6,4,2,0,0,1,0,1,0,1,1,2,1,1
8,2018,7,18,2,0,1,0,1,0,0,0,0,0,0,0,0,2,0
9,2020,9,8,4,5,3,0,0,1,0,0,0,1,0,0,1,0,0
7,2020,6,19,5,6,4,0,1,0,1,0,0,0,1,0,1,1,0
9,2020,1,7,2,6,2,2,0,1,1,0,0,0,0,0,0,1,0
2,2021,5,7,7,5,2,0,0,1,0,0,0,1,0,1,2,1,0
5,2018,7,11,2,2,2,0,0,1,0,0,0,0,0,0,0,2,0
9,2020,3,8,2,1,5,0,1,1,0,0,0,0,0,1,1,0,0
11,2019,12,9,4,5,2,0,1,1,0,0,0,0,0,0,0,1,0
1,2019,6,20,2,5,2,0,0,1,0,0,0,1,0,0,0,1,1
8,2018,9,8,6,5,2,0,0,1,0,1,0,0,1,0,0,0,1
4,2021,8,12,2,5,2,0,1,1,0,0,0,0,0,0,1,1,0
6,2019,8,8,6,0,1,0,0,1,0,1,0,0,0,0,0,0,1
6,2020,6,18,1,5,2,0,1,0,0,1,0,0,0,0,1,1,0
7,2020,6,13,7,5,3,0,1,1,0,0,0,0,0,0,1,1,0
9,2021,5,18,1,5,3,0,1,1,0,0,0,0,1,1,2,1,0
7,2020,10,15,6,6,7,0,1,0,1,0,0,0,0,1,1,1,0
12,2020,2,7,2,2,6,1,0,1,0,0,0,0,1,0,0,1,0
2,2021,2,14,7,2,7,0,0,1,0,0,0,0,1,1,2,1,0
7,2020,2,18,6,2,6,2,0,1,0,0,0,0,0,0,0,1,0
1,2019,4,19,7,5,2,0,1,1,0,0,0,0,0,0,0,1,0
7,2020,10,0,7,1,5,2,0,1,0,0,0,0,1,1,1,1,0
10,2020,10,12,5,5,3,0,0,1,0,1,0,0,0,1,1,1,0
6,2020,6,15,4,5,2,0,0,1,0,0,0,0,0,0,1,1,0
1,2018,9,18,3,3,6,0,0,1,0,1,0,0,0,0,0,0,0
1,2019,5,17,2,5,2,0,1,1,0,0,0,0,1,0,0,0,0
4,2018,11,12,3,5,3,0,1,1,0,0,0,0,0,0,0,0,0
7,2018,5,17,1,5,3,0,1,1,0,0,0,0,0,0,0,0,0
2,2019,9,10,7,5,7,0,1,1,0,0,0,0,0,0,0,0,0
10,2021,1,6,4,5,3,2,0,1,0,0,0,1,1,1,2,0,0
4,2018,6,9,5,6,7,0,0,1,1,0,0,0,0,0,0,0,0
11,2020,8,12,6,5,2,0,1,1,0,0,0,0,0,0,1,1,0
1,2020,2,11,3,0,6,0,0,1,0,1,0,0,1,0,0,1,0
2,2020,4,10,3,0,1,0,1,0,0,0,0,0,0,1,2,1,0
1,2019,1,11,5,5,2,0,0,1,0,0,0,0,1,0,0,1,0
9,2019,4,16,3,5,2,0,1,1,0,0,0,0,0,0,0,1,0
8,2020,5,15,3,1,7,0,0,1,1,0,0,0,0,1,1,0,0
7,2018,5,7,5,5,2,0,1,1,0,0,0,0,0,0,0,0,0
7,2018,11,10,7,5,2,0,0,1,0,0,0,1,0,0,0,0,0
1,2018,7,19,7,2,6,0,0,1,0,0,0,0,0,0,0,2,0
7,2020,2,16,4,2,6,0,0,1,0,0,0,0,1,0,0,1,0
8,2021,9,8,4,6,2,0,0,0,1,0,0,1,0,0,1,0,1
4,2018,5,14,5,2,6,0,0,1,0,0,0,0,0,0,0,0,0
12,2019,9,15,4,3,6,0,0,1,0,1,0,0,0,0,0,0,0
9,2020,7,17,1,6,4,0,1,0,1,0,0,0,0,0,1,2,0
7,2018,1,15,6,5,2,1,0,1,0,0,0,0,0,0,0,0,0
2,2020,6,19,7,1,1,0,1,1,0,0,0,0,0,0,1,1,0
12,2020,5,19,6,2,2,0,0,1,0,0,0,1,0,1,1,0,0
6,2018,5,12,2,0,1,0,0,0,0,1,0,0,0,0,0,0,1
3,2019,12,18,4,5,3,2,1,1,0,0,0,0,0,0,0,1,0
12,2021,6,15,6,5,3,0,0,0,0,0,0,1,0,0,1,1,0
9,2020,7,9,7,5,2,0,1,1,0,0,0,0,0,0,1,2,0
9,2021,8,22,2,0,3,2,0,0,0,1,0,0,1,0,1,1,0
2,2019,6,0,2,5,3,2,1,1,0,0,0,0,0,0,0,1,0
2,2021,9,12,2,6,7,0,0,0,1,1,0,0,0,0,1,0,0
4,2019,2,3,1,9,1,2,0,1,0,0,0,0,0,0,0,1,0
4,2019,5,17,4,2,6,0,0,1,0,0,0,0,0,0,0,0,0
9,2021,1,17,3,6,2,2,0,1,1,0,0,0,1,1,2,0,0
5,2019,11,0,7,1,1,2,0,1,0,0,0,1,1,0,0,0,0
1,2021,10,6,7,5,3,2,0,1,0,0,0,0,0,0,1,1,0
1,2018,8,19,7,5,3,0,0,1,0,0,0,0,0,0,0,1,0
8,2018,8,12,6,5,3,0,0,1,0,1,0,0,0,0,0,1,1
1,2018,2,14,2,5,2,0,1,1,0,0,0,0,0,0,0,1,0
8,2020,11,11,5,6,4,0,1,0,1,0,0,0,0,1,2,0,0
8,2019,7,21,5,9,1,2,0,0,0,1,0,0,0,0,0,2,1
6,2019,10,19,2,5,2,0,0,1,0,0,0,0,0,0,0,1,1
1,2021,4,9,4,5,2,0,1,1,0,0,0,0,0,1,2,1,0
3,2021,6,9,4,6,4,0,1,0,1,0,0,0,0,0,1,1,0
4,2019,2,10,6,0,5,0,0,1,0,1,0,0,0,0,0,1,0
2,2019,12,12,1,1,1,0,0,1,0,0,0,0,0,0,0,1,0
10,2018,11,9,5,3,6,0,0,1,0,0,0,1,0,0,0,0,1
1,2018,5,13,4,5,2,0,1,1,0,0,0,0,0,0,0,0,0
9,2019,5,17,6,5,2,0,1,1,0,0,0,0,0,0,0,0,1
1,2018,4,15,3,5,3,0,0,1,0,0,0,0,0,0,0,1,0
2,2021,8,17,4,3,6,0,1,0,0,1,0,0,0,0,1,1,0
7,2021,9,22,2,5,3,2,1,0,0,0,0,1,0,0,1,0,0
2,2021,9,23,4,0,7,2,0,1,0,0,0,0,0,0,1,0,0
1,2018,6,20,3,0,1,0,0,0,0,1,0,0,0,0,0,0,0
9,2020,10,14,2,0,5,0,1,1,0,0,0,0,0,1,1,1,0
11,2019,5,17,5,5,2,0,1,1,0,0,0,1,0,0,0,0,0
7,2019,8,19,2,0,6,0,0,1,0,1,0,0,0,0,0,0,0
8,2020,3,14,3,0,7,0,1,0,0,0,0,0,1,1,1,0,1
1,2019,11,13,7,5,3,0,1,1,0,0,0,0,1,0,0,0,0
6,2018,11,19,3,0,3,2,0,1,0,1,0,0,0,0,0,0,0
1,2020,8,16,5,5,3,0,1,1,0,0,0,0,0,0,1,1,0
7,2018,3,21,3,9,1,2,0,1,0,0,0,0,1,0,0,1,1
5,2019,8,11,6,5,3,0,1,1,0,0,0,0,0,0,0,0,0
1,2018,5,18,3,5,3,0,1,1,0,0,0,0,1,0,0,0,0
3,2018,7,16,2,6,4,0,1,0,1,0,0,0,0,0,0,2,0
9,2021,11,17,1,2,6,1,0,1,0,0,0,0,1,0,2,0,0
7,2019,8,17,4,3,6,0,1,1,0,0,0,0,0,0,0,0,0
9,2019,11,19,5,1,5,2,0,1,0,0,0,1,1,0,0,0,1
2,2021,8,12,5,5,3,0,1,1,0,0,0,0,0,0,1,1,0
8,2018,5,15,1,1,5,0,0,1,0,1,0,0,0,0,0,0,0
4,2018,9,10,7,5,3,0,0,1,0,1,0,0,0,0,0,0,0
2,2020,2,14,4,5,3,0,0,1,0,0,1,0,0,0,0,1,0
1,2019,10,13,3,2,2,0,1,1,0,0,0,0,0,0,0,1,0
9,2020,2,8,4,5,3,0,1,0,0,0,0,0,0,0,0,1,0
5,2018,1,8,4,6,4,0,0,1,1,0,0,0,1,0,0,0,0
1,2021,7,18,6,5,2,0,1,1,0,0,0,0,0,0,1,2,0
2,2018,3,22,5,6,7,2,1,0,1,0,0,0,0,0,0,1,0
7,2018,7,17,5,0,2,0,1,1,0,0,0,0,0,0,0,2,0
4,2020,10,10,6,0,6,0,0,1,0,0,0,1,0,1,1,1,0
3,2019,1,19,1,5,3,2,0,1,0,0,0,1,1,0,0,1,0
10,2020,1,5,3,9,1,2,0,1,0,0,0,0,1,0,0,1,0
10,2021,8,14,7,5,2,0,1,1,0,0,0,0,0,0,1,1,0
2,2020,7,15,6,5,7,0,1,1,0,0,0,0,0,0,1,2,0
1,2019,3,16,4,5,3,0,0,1,0,0,0,0,0,0,0,0,0
1,2018,7,10,2,5,3,0,0,1,0,1,0,0,0,0,0,2,0
12,2020,7,18,5,2,6,0,0,1,0,0,0,1,1,0,1,2,0
9,2020,10,5,6,6,4,2,0,0,1,0,0,1,1,1,1,1,1
1,2020,8,8,7,5,2,0,0,1,0,0,0,1,0,0,1,1,0
2,2019,5,11,4,5,3,0,1,1,0,0,0,0,0,0,0,0,0
9,2021,4,11,4,5,2,0,1,1,0,0,0,0,0,1,2,1,0
1,2020,10,21,3,1,5,2,0,1,0,0,0,0,1,1,1,1,0
12,2020,9,15,3,7,7,0,0,0,0,1,0,0,0,0,1,0,0
2,2019,7,17,3,6,4,0,0,1,1,0,0,0,0,0,0,2,0
1,2020,1,6,5,5,2,2,0,1,0,0,0,0,0,0,0,1,0
10,2019,10,14,6,5,3,0,1,1,0,0,0,0,0,0,0,1,0
1,2018,5,16,4,2,6,0,0,1,0,0,0,1,0,0,0,0,0
6,2020,8,9,3,5,3,0,1,1,0,0,0,0,0,0,1,1,0
12,2018,9,17,6,0,1,0,0,0,0,1,0,0,1,0,0,0,0
3,2021,11,7,2,5,2,0,1,1,0,0,0,0,1,0,2,0,0
7,2020,9,17,6,5,2,0,0,1,0,0,0,0,0,0,1,0,0
8,2020,9,7,3,3,6,0,0,1,0,0,0,1,0,0,1,0,0
8,2018,9,8,5,9,1,0,0,1,0,0,0,0,0,0,0,0,0
5,2020,12,18,3,2,6,2,0,1,0,0,0,0,0,1,2,1,1
10,2021,6,8,5,5,3,0,1,1,0,0,0,0,0,0,1,1,0
6,2021,11,17,5,5,3,2,0,1,0,1,0,0,1,0,2,0,0
2,2018,8,18,2,0,1,0,0,0,0,1,0,0,0,0,0,1,0
9,2018,5,16,6,0,1,0,1,1,0,0,0,0,0,0,0,0,0
1,2020,3,12,3,2,6,0,0,1,0,0,0,1,0,1,1,0,0
4,2019,9,15,5,6,4,0,0,1,1,0,0,0,0,0,0,0,0
6,2018,8,14,4,4,6,0,0,1,0,0,0,0,0,0,0,1,0
1,2020,8,18,3,2,2,0,1,1,0,0,0,0,0,0,1,1,0
10,2021,3,16,4,5,2,0,1,1,0,0,0,0,0,0,2,0,1
7,2020,7,9,5,5,3,0,0,1,0,0,0,0,0,0,1,2,0
11,2018,1,14,6,6,4,0,0,1,1,0,0,0,1,0,0,0,0
3,2021,9,15,4,5,3,0,1,1,0,0,0,0,1,0,1,0,0
8,2019,10,14,1,2,6,0,0,1,0,0,0,0,0,0,0,1,0
12,2021,8,9,3,2,6,0,0,1,0,0,0,0,0,0,1,1,0
12,2020,7,0,3,0,1,2,1,0,0,0,0,0,0,0,1,2,1
4,2018,8,17,6,5,7,0,0,1,0,0,0,1,0,0,0,1,0
11,2019,2,17,5,0,7,2,0,0,0,0,1,0,1,0,0,1,0
3,2020,4,15,6,5,2,0,1,1,0,0,0,0,0,1,2,1,0
5,2020,2,16,2,2,6,0,0,1,0,0,0,1,1,0,0,1,0
1,2020,1,18,4,1,5,2,1,1,0,0,0,0,1,0,0,1,0
4,2018,11,14,2,1,5,0,0,1,0,0,0,0,0,0,0,0,0
6,2019,12,13,2,5,2,0,0,1,0,0,0,0,1,0,0,1,0
7,2021,10,18,4,2,6,2,0,1,0,0,0,0,0,0,1,1,0
7,2018,6,13,1,0,7,0,0,1,0,1,0,0,0,0,0,0,0
10,2021,8,13,1,0,1,0,0,0,0,1,0,0,0,0,1,1,0
10,2020,6,7,2,0,1,0,1,0,0,0,0,0,0,0,1,1,0
4,2021,6,13,1,1,5,0,1,1,0,0,0,0,0,0,1,1,0
1,2020,3,18,5,5,7,2,0,1,0,0,0,1,0,1,1,0,0
5,2019,1,13,3,6,4,0,0,1,1,0,0,0,0,0,0,1,0
4,2018,6,17,5,5,2,0,1,1,0,0,0,0,0,0,0,0,0
8,2020,8,11,7,5,3,0,1,1,0,0,0,0,0,0,1,1,0
3,2019,4,20,7,2,7,2,1,1,0,0,0,0,0,0,0,1,0
8,2021,11,19,5,5,2,2,1,1,0,0,0,0,1,0,2,0,0
3,2021,1,10,3,6,4,0,1,0,1,0,0,0,0,1,2,0,1
9,2019,6,9,5,1,1,0,1,1,0,0,0,0,1,0,0,1,0
4,2018,2,9,7,0,7,0,1,0,0,0,0,0,0,0,0,1,1
4,2018,6,16,6,2,2,0,0,1,0,1,0,0,0,0,0,0,0
5,2019,9,15,6,2,6,0,0,1,0,0,0,0,0,0,0,0,0
10,2019,11,17,6,0,5,2,0,1,0,0,0,0,0,0,0,0,0
7,2020,12,17,3,5,2,2,1,0,0,0,1,0,0,1,2,1,1
4,2018,10,9,4,2,6,0,0,1,0,0,0,0,0,0,0,1,0
4,2018,10,18,3,5,2,2,1,1,0,0,0,0,1,0,0,1,0
7,2019,10,16,5,5,3,0,1,1,0,0,0,0,0,0,0,1,1
5,2018,12,15,5,6,4,1,0,1,1,0,0,0,0,0,0,1,0
3,2021,10,18,7,5,2,1,1,1,0,0,0,0,0,0,1,1,0
6,2020,8,17,2,5,3,0,1,1,0,0,0,0,0,0,1,1,0
8,2021,5,6,3,5,3,0,0,1,0,0,0,1,1,1,2,1,0
3,2018,2,8,5,2,6,0,0,1,0,0,0,0,0,0,0,1,0
1,2020,5,18,5,2,6,0,0,1,0,1,0,0,0,1,1,0,0
1,2021,9,15,2,5,2,0,1,1,0,0,0,0,0,0,1,0,1
6,2021,10,9,3,0,2,0,1,1,0,0,0,0,1,0,1,1,0
8,2021,9,19,2,2,6,0,0,1,0,0,0,1,0,0,1,0,0
1,2021,4,9,7,2,6,0,0,1,0,0,0,0,0,1,2,1,0
6,2021,1,12,7,2,6,0,0,1,0,0,0,0,2,1,2,0,0
4,2020,6,12,6,5,2,0,1,0,0,0,0,1,0,0,1,1,0
1,2021,12,0,6,5,3,2,0,1,0,0,0,0,0,1,2,1,1
1,2019,2,15,4,5,3,0,0,1,0,0,0,0,0,0,0,1,0
1,2021,7,19,5,0,2,0,1,1,0,0,0,0,1,0,1,2,0
5,2019,6,19,2,2,7,0,0,0,0,1,0,1,0,0,0,1,0
8,2018,11,10,5,6,4,0,0,1,1,0,0,0,0,0,0,0,1
5,2020,7,15,3,5,7,0,1,1,0,0,0,0,0,0,1,2,0
4,2019,8,9,6,1,5,0,1,1,0,0,0,0,0,0,0,0,0
1,2018,11,17,3,1,5,1,1,1,0,0,0,0,0,0,0,0,0
10,2019,6,12,3,0,7,0,0,1,0,0,0,0,0,0,0,1,0
4,2019,8,15,4,6,4,0,1,0,1,0,0,0,0,0,0,0,0
12,2020,4,14,3,5,2,0,1,0,0,0,0,1,0,1,2,1,0
7,2019,4,14,7,1,5,0,1,1,0,0,0,0,0,0,0,1,0
9,2020,7,16,5,0,6,0,0,0,0,1,0,1,0,0,1,2,0
2,2018,10,8,4,3,6,0,1,1,0,0,0,0,0,0,0,1,0
1,2018,12,12,6,3,6,0,0,1,0,0,0,0,1,0,0,1,0
6,2019,1,13,4,2,6,0,0,1,0,0,0,0,1,0,0,1,0
12,2021,11,16,2,5,2,1,1,1,0,0,0,0,0,0,2,0,0
1,2018,7,21,5,0,2,1,1,1,0,0,0,0,0,0,0,2,0
9,2018,5,14,5,5,3,0,0,1,0,1,0,0,0,0,0,0,0
8,2018,5,13,5,2,6,0,1,1,0,0,0,0,0,0,0,0,1
9,2019,12,8,4,5,3,0,0,1,0,0,0,0,1,0,0,1,0
4,2021,1,1,6,9,1,2,0,1,0,0,0,0,0,1,2,0,0
4,2020,2,15,1,6,7,0,0,1,1,0,0,0,1,0,0,1,0
4,2018,12,7,3,6,2,2,0,1,1,0,0,0,1,0,0,1,0
1,2020,8,8,4,1,5,0,0,1,0,1,0,0,0,0,1,1,0
8,2021,7,11,2,2,6,0,0,1,0,0,0,0,0,0,1,2,0
1,2021,2,19,1,5,3,2,0,1,0,0,0,0,0,1,2,1,0
6,2021,5,13,2,0,1,0,1,0,0,0,0,0,0,1,2,1,1
7,2018,11,16,4,2,6,2,0,1,0,0,0,0,0,0,0,0,0
5,2021,9,5,5,2,6,1,0,1,0,1,0,0,1,0,1,0,0
2,2019,6,8,3,3,6,0,0,1,0,1,0,0,0,0,0,1,0
1,2018,12,21,5,5,2,2,0,1,0,0,0,0,1,0,0,1,0
4,2019,12,11,2,9,7,0,0,1,0,0,0,0,1,0,0,1,1
3,2021,7,22,4,1,5,2,1,1,0,0,0,0,0,0,1,2,0
12,2021,6,20,7,6,4,0,1,0,1,0,0,0,0,0,1,1,0
6,2019,8,9,5,0,7,0,1,0,0,0,0,0,0,0,0,0,0
10,2018,4,5,4,2,6,1,0,1,0,0,0,0,0,0,0,1,0
1,2019,6,8,3,3,6,0,1,0,0,0,1,0,0,0,0,1,1
12,2018,4,15,2,4,7,0,0,1,0,0,0,0,0,0,0,1,1
4,2018,5,18,3,5,2,0,1,1,0,0,0,0,1,0,0,0,0
1,2019,1,18,1,2,6,2,0,1,0,0,0,0,0,0,0,1,0
11,2020,9,17,6,5,3,0,0,1,0,0,0,0,0,0,1,0,0
4,2019,2,21,6,5,2,2,0,1,0,0,0,0,0,0,0,1,0
2,2018,6,9,5,6,4,0,0,1,1,0,0,0,0,0,0,0,1
7,2019,8,17,4,5,3,0,1,1,0,0,0,0,0,0,0,0,0
10,2018,11,15,4,6,4,1,0,1,1,0,0,0,1,0,0,0,0
4,2019,5,12,5,2,6,0,0,1,0,0,1,0,1,0,0,0,0
1,2018,7,14,1,6,2,0,0,1,1,0,0,0,0,0,0,2,0
4,2021,12,16,4,2,6,2,0,1,0,0,0,0,0,1,2,1,0
7,2019,11,17,3,0,1,2,0,0,0,1,0,0,1,0,0,0,0
8,2021,10,13,5,5,3,0,1,1,0,0,0,0,1,0,1,1,1
2,2020,10,19,3,5,2,2,1,1,0,0,0,0,1,1,1,1,0
8,2020,2,18,5,2,7,2,1,1,0,0,0,0,0,0,0,1,0
11,2021,3,15,7,5,2,0,0,1,0,0,0,0,1,0,2,0,0
10,2018,1,16,3,6,4,1,0,1,1,0,0,0,1,0,0,0,0
3,2021,4,10,4,5,3,0,0,1,0,0,0,0,0,1,2,1,0
1,2019,12,18,2,6,7,2,1,1,1,0,0,0,0,0,0,1,0
5,2018,6,20,2,1,5,0,1,1,0,0,0,0,0,0,0,0,0
4,2018,7,16,3,2,6,0,0,1,0,0,1,0,0,0,0,2,0
10,2021,12,9,4,5,2,0,1,1,0,0,0,0,1,1,2,1,0
5,2019,9,11,3,2,6,0,0,1,0,0,0,1,0,0,0,0,0
1,2018,2,11,2,6,4,0,0,0,1,0,1,0,0,0,0,1,0
3,2018,3,20,2,5,2,2,1,1,0,0,0,0,1,0,0,1,0
8,2021,5,15,1,2,6,0,0,1,0,0,0,0,1,1,2,1,0
4,2018,11,10,4,5,2,0,1,0,0,0,0,0,0,0,0,0,0
10,2020,9,10,2,5,2,0,0,1,0,0,0,0,0,0,1,0,0
7,2018,6,18,6,5,3,0,0,1,0,0,0,0,0,0,0,0,0
9,2018,1,9,5,2,6,0,0,1,0,0,0,0,1,0,0,0,0
8,2018,1,15,5,2,6,1,0,1,0,0,0,0,1,0,0,0,0
3,2019,2,14,6,5,2,0,1,1,0,0,0,0,0,0,0,1,0
3,2018,5,17,2,4,6,0,1,0,0,0,0,0,0,0,0,0,0
9,2019,12,19,6,6,4,2,0,1,1,0,0,0,1,0,0,1,1
6,2019,5,14,7,5,3,0,0,1,0,0,0,0,0,0,0,0,0
1,2018,5,16,5,6,4,0,1,1,1,0,0,0,0,0,0,0,0
2,2018,5,17,4,1,5,0,1,1,0,0,0,1,0,0,0,0,0
4,2020,2,17,4,5,7,0,0,1,0,0,0,0,1,0,0,1,0
2,2018,9,8,2,1,5,0,1,1,0,0,0,0,0,0,0,0,0
1,2021,5,7,6,5,2,0,1,1,0,0,0,0,1,1,2,1,1
9,2020,1,8,5,1,6,0,1,1,0,0,0,0,0,0,0,1,0
1,2019,6,12,6,5,3,0,1,1,0,0,0,0,0,0,0,1,0
4,2020,6,16,6,6,4,0,0,1,1,0,0,0,0,0,1,1,1
2,2019,5,16,7,5,7,0,0,1,0,1,0,0,0,0,0,0,0
2,2019,4,5,7,5,3,2,0,1,0,0,0,1,0,0,0,1,1
8,2019,7,13,4,2,7,0,1,0,0,0,0,1,0,0,0,2,0
1,2021,12,17,6,5,5,2,0,1,0,0,0,0,0,1,2,1,1
7,2019,9,13,6,0,2,0,0,1,0,0,0,1,1,0,0,0,0
1,2021,8,15,6,2,6,0,0,1,0,0,0,0,1,0,1,1,0
7,2020,9,21,4,6,2,2,0,1,1,0,0,0,0,0,1,0,0
1,2018,12,17,4,5,2,2,1,0,0,0,0,1,0,0,0,1,0
3,2018,8,1,4,0,4,2,0,0,1,1,0,0,0,0,0,1,0
9,2018,3,7,6,0,1,0,1,0,0,0,0,0,2,0,0,1,0
1,2018,1,7,2,6,4,0,1,0,1,0,0,0,0,0,0,0,0
5,2019,11,8,4,0,1,0,0,0,0,1,0,0,1,0,0,0,0
11,2020,12,21,5,5,3,2,0,1,0,0,0,0,0,1,2,1,1
9,2021,10,10,5,2,6,0,0,1,0,0,0,0,0,0,1,1,0
7,2021,7,14,6,5,3,0,0,1,0,0,0,0,0,0,1,2,0
12,2019,7,6,5,0,7,0,0,1,0,1,0,0,1,0,0,2,0
3,2019,9,9,5,0,1,0,1,0,0,0,0,0,0,0,0,0,0
4,2018,8,13,3,2,6,0,0,1,0,0,0,0,0,0,0,1,0
1,2021,10,16,6,6,7,0,1,0,1,0,0,0,0,0,1,1,1
6,2018,6,20,6,6,4,0,0,1,1,0,0,0,0,0,0,0,0
2,2018,7,7,7,6,4,0,1,0,1,0,0,0,0,0,0,2,0
6,2021,5,9,4,5,2,0,1,1,0,0,0,0,0,1,2,1,0
5,2019,11,17,7,2,7,2,0,1,0,0,0,0,1,0,0,0,0
4,2021,11,21,7,1,5,2,0,1,0,0,0,1,1,0,2,0,0
4,2021,7,13,6,2,6,0,1,1,0,0,0,0,0,0,1,2,1
4,2018,5,23,7,6,4,2,0,1,1,0,0,0,0,0,0,0,0
9,2018,7,10,3,3,6,0,0,1,0,1,0,0,0,0,0,2,0
7,2018,10,12,4,2,6,0,0,1,0,0,0,0,0,0,0,1,0
12,2020,3,11,4,5,3,0,0,1,0,0,0,0,0,1,1,0,0
2,2018,3,10,3,6,4,0,1,0,1,0,0,0,0,0,0,1,0
2,2020,6,15,6,5,2,0,1,1,0,0,0,0,1,0,1,1,0
3,2018,9,17,4,2,3,0,0,1,0,0,0,0,0,0,0,0,0
12,2018,1,10,5,6,4,0,0,1,1,0,0,0,1,0,0,0,0
1,2020,8,22,3,0,1,2,0,0,0,1,0,0,1,0,1,1,0
11,2018,9,14,1,1,7,0,0,1,0,0,0,0,0,0,0,0,0
5,2021,5,17,2,0,6,0,0,1,0,0,0,1,0,1,2,1,0
4,2019,10,22,7,5,2,2,0,1,0,0,0,1,0,0,0,1,0
7,2020,4,15,3,5,2,0,1,1,0,0,0,0,0,1,2,1,0
5,2018,1,9,2,5,3,0,1,0,0,0,1,0,0,0,0,0,0
7,2018,5,16,5,0,3,0,1,1,0,0,0,0,0,0,0,0,0
8,2021,8,11,4,0,6,0,1,1,0,0,0,0,0,0,1,1,0
4,2019,8,8,5,0,3,0,0,1,0,1,0,0,0,0,0,0,0
4,2020,2,6,6,5,3,2,0,1,0,0,0,0,1,0,0,1,0
4,2020,5,20,2,1,5,1,1,1,0,0,0,0,0,1,1,0,0
1,2019,12,18,3,2,6,2,0,1,0,0,0,0,1,0,0,1,0
1,2020,3,16,5,1,5,0,1,1,0,0,0,0,0,1,1,0,0
5,2019,8,15,3,0,3,0,0,1,0,1,0,0,1,0,0,0,0
3,2021,11,17,4,2,6,1,0,1,0,0,0,0,0,0,2,0,0
4,2021,9,16,5,5,2,0,1,1,0,0,0,0,0,0,1,0,0
2,2020,2,20,7,2,6,2,0,1,0,0,0,0,0,0,0,1,0