BEZ,UJAHR,UMONAT,USTUNDE,UWOCHENTAG,UART,UTYP1,ULICHTVERH,IstRad,IstPKW,IstFuss,IstKrad,IstGkfz,IstSonstige,USTRZUSTAND,LOCKDOWN,COVID,FERIEN,UKATEGORIE
8,2019,3,14,5,5,7,0,0,1,0,0,0,1,1,0,0,0,0
4,2019,6,18,5,6,7,0,0,1,1,0,0,0,0,0,0,1,0
5,2019,1,18,3,2,6,2,0,1,0,0,0,0,1,0,0,1,0
2,2018,4,16,2,6,4,0,0,1,1,0,0,0,0,0,0,1,0
9,2018,5,12,6,2,6,0,0,1,0,0,0,0,0,0,0,0,0
8,2018,7,23,2,5,3,2,0,1,0,1,0,0,0,0,0,2,0
1,2020,8,9,4,5,2,0,1,0,0,0,1,0,0,0,1,1,0
2,2018,4,20,4,5,2,1,0,1,0,1,0,0,0,0,0,1,1
7,2021,12,15,4,1,7,1,0,1,0,0,0,0,0,1,2,1,0
4,2018,6,18,5,2,7,0,0,1,0,0,0,0,0,0,0,0,0
12,2020,8,8,6,5,2,0,1,1,0,0,0,0,0,0,1,1,0
10,2020,8,7,6,5,2,0,0,1,0,0,0,0,1,0,1,1,0
2,2018,6,14,7,5,2,0,0,1,0,0,0,0,0,0,0,0,1
4,2021,9,13,2,2,6,0,0,1,0,0,0,1,0,0,1,0,1
9,2019,3,11,6,5,3,0,1,1,0,0,0,0,0,0,0,0,0
4,2020,12,18,2,2,6,2,0,1,0,0,0,0,0,1,2,1,0
1,2018,4,10,5,0,3,0,1,0,0,0,0,1,1,0,0,1,0
3,2018,6,13,6,3,6,0,1,0,0,1,0,0,0,0,0,0,0
1,2019,6,12,4,3,6,0,1,0,0,0,0,1,0,0,0,1,0
11,2018,5,13,7,2,6,0,0,1,0,1,0,0,0,0,0,0,0
1,2020,1,15,4,5,3,0,1,1,0,0,0,0,0,0,0,1,0
6,2021,6,14,5,0,1,0,0,0,0,1,0,0,0,0,1,1,0
5,2018,9,15,7,5,3,0,0,1,0,1,0,0,0,0,0,0,0
2,2018,12,18,5,6,2,2,0,1,1,0,0,0,1,0,0,1,1
4,2019,11,8,2,9,1,0,0,0,0,0,0,1,0,0,0,0,0
4,2019,1,13,6,5,5,0,0,1,0,0,1,0,1,0,0,1,0
8,2021,1,16,3,0,2,1,1,1,0,0,0,0,1,1,2,0,0
7,2018,7,15,2,2,6,0,0,1,0,0,0,0,0,0,0,2,0
5,2020,6,11,5,5,3,0,0,1,0,0,0,0,0,0,1,1,0
7,2018,4,19,2,6,7,0,0,1,1,0,0,0,0,0,0,1,0
1,2018,10,23,6,6,4,2,0,1,1,0,0,0,0,0,0,1,0
5,2021,8,10,2,0,5,0,1,1,0,0,0,0,0,0,1,1,0
1,2020,2,8,5,5,3,0,1,1,0,0,0,0,0,0,0,1,0
4,2021,10,7,5,2,6,0,0,1,0,0,0,0,0,0,1,1,0
3,2018,2,14,3,6,4,0,0,1,1,0,0,0,1,0,0,1,0
12,2020,10,19,7,1,5,2,1,1,0,0,0,0,0,1,1,1,0
10,2019,2,13,4,0,3,0,0,1,0,0,0,1,0,0,0,1,0
3,2018,5,12,6,2,2,0,0,0,0,1,0,1,0,0,0,0,0
1,2018,9,11,4,5,2,0,1,1,0,0,0,0,0,0,0,0,0
10,2018,6,11,5,0,1,0,1,0,0,0,0,0,0,0,0,0,0
1,2020,6,14,2,2,6,0,0,1,0,0,1,0,0,0,1,1,0
10,2019,2,17,4,6,4,1,0,1,1,0,0,0,1,0,0,1,1
3,2020,6,7,6,0,1,0,0,0,0,1,0,0,1,0,1,1,0
2,2018,1,20,5,0,7,2,1,0,0,0,0,1,1,0,0,0,0
10,2019,11,15,6,1,5,1,0,1,0,0,0,0,0,0,0,0,0
3,2019,6,13,2,2,6,0,0,1,0,0,1,0,0,0,0,1,0
5,2020,6,15,4,5,2,0,0,1,0,1,0,0,0,0,1,1,1
9,2020,1,10,3,2,6,0,0,1,0,0,0,0,0,0,0,1,0
3,2018,11,10,7,5,3,0,1,1,0,0,0,0,0,0,0,0,0
2,2020,7,6,5,0,6,0,0,1,0,1,0,0,1,0,1,2,0
1,2018,7,13,1,2,6,0,0,1,0,0,0,0,0,0,0,2,0
3,2021,10,22,6,6,4,2,0,0,1,0,0,1,0,0,1,1,0
3,2021,8,17,7,5,2,0,0,1,0,0,0,0,0,0,1,1,0
7,2019,10,7,4,2,7,0,0,1,0,0,0,0,0,0,0,1,0
9,2018,6,11,3,5,2,0,0,1,0,0,0,0,0,0,0,0,0
9,2020,8,15,3,5,3,0,1,0,0,0,0,0,0,0,1,1,0
3,2018,1,18,4,0,7,2,1,1,0,0,0,0,1,0,0,0,0
1,2018,9,19,3,5,2,0,1,1,0,0,0,0,0,0,0,0,0
3,2020,11,13,3,5,2,0,1,1,0,0,0,0,0,1,2,0,0
8,2018,5,15,4,2,6,0,0,1,0,0,0,0,1,0,0,0,0
2,2020,2,10,3,5,7,0,1,1,0,0,0,0,1,0,0,1,0
12,2020,5,15,2,1,5,0,0,1,0,0,0,0,0,1,1,0,0
5,2021,8,14,6,2,6,0,0,1,0,0,0,0,0,0,1,1,0
1,2021,8,17,3,5,3,0,1,1,0,0,0,0,0,0,1,1,0
2,2018,10,7,3,0,7,0,0,1,0,1,0,0,0,0,0,1,0
5,2019,4,8,3,5,7,0,0,1,0,1,0,0,0,0,0,1,0
3,2019,5,20,4,5,2,1,1,1,0,0,0,0,0,0,0,0,1
12,2019,6,14,4,2,6,0,0,1,0,1,0,0,0,0,0,1,0
9,2020,10,7,3,2,6,0,0,1,0,0,0,1,0,1,1,1,0
4,2018,1,13,3,2,6,0,0,1,0,0,0,0,1,0,0,0,0
4,2018,5,9,3,2,6,0,1,1,0,0,0,0,0,0,0,0,0
4,2020,9,17,6,2,6,0,0,1,0,0,0,0,0,0,1,0,0
3,2020,7,9,4,0,6,0,0,1,0,1,0,0,0,0,1,2,0
12,2021,1,22,7,0,3,2,0,1,0,0,0,0,0,1,2,0,1
6,2020,11,14,5,3,6,0,0,1,0,0,0,0,1,1,2,0,0
8,2020,11,17,6,5,3,2,1,1,0,0,0,0,0,1,2,0,0
10,2021,9,17,4,5,3,0,0,1,0,1,1,0,0,0,1,0,0
11,2020,1,4,2,6,2,2,0,1,1,0,0,0,1,0,0,1,0
6,2020,12,7,5,2,6,1,0,1,0,1,0,0,1,1,2,1,1
5,2019,5,17,2,1,5,0,0,1,0,0,0,1,0,0,0,0,0
4,2021,3,18,3,6,4,2,1,0,1,0,0,0,0,0,2,0,0
4,2018,5,13,5,1,5,0,1,1,0,0,0,0,0,0,0,0,0
6,2018,7,13,2,5,2,0,1,1,0,0,0,0,0,0,0,2,0
3,2018,10,8,3,3,6,0,1,1,0,0,0,0,1,0,0,1,0
3,2020,4,16,5,1,5,0,1,1,0,0,0,0,0,1,2,1,0
6,2020,9,13,4,5,3,0,1,1,0,0,0,0,0,0,1,0,0
1,2018,11,16,5,0,1,0,1,0,0,0,0,0,0,0,0,0,0
4,2019,12,7,4,5,3,0,0,1,0,0,0,0,1,0,0,1,0
9,2021,10,19,5,1,5,2,1,1,0,0,0,0,0,0,1,1,0
1,2019,10,9,3,4,6,0,1,1,0,0,0,0,0,0,0,1,0
12,2019,11,18,6,6,2,2,0,1,1,0,0,0,1,0,0,0,0
4,2020,9,20,4,5,3,2,1,1,0,0,0,0,0,0,1,0,0
12,2020,2,18,2,6,4,2,0,1,1,0,0,0,0,0,0,1,1
2,2020,7,8,6,5,3,0,1,1,0,0,0,0,0,0,1,2,0
1,2018,10,11,1,2,6,0,0,1,0,0,0,0,0,0,0,1,0
4,2021,5,12,2,2,6,0,0,1,0,0,0,0,0,1,2,1,0
12,2019,6,13,6,5,2,0,1,1,0,0,0,0,0,0,0,1,0
3,2021,6,11,3,3,6,0,1,1,0,0,0,0,0,0,1,1,0
2,2019,12,22,4,2,6,2,0,1,0,0,0,0,0,0,0,1,0
12,2020,12,10,3,2,6,0,0,1,0,0,0,0,0,1,2,1,0
7,2020,12,11,7,5,2,0,1,1,0,0,0,0,0,1,2,1,0
11,2019,8,13,5,5,3,0,1,1,0,0,0,0,0,0,0,0,0
3,2018,6,1,6,9,1,2,1,0,0,0,0,0,0,0,0,0,0
1,2020,4,16,5,5,2,0,1,1,0,0,0,0,0,1,2,1,0
4,2019,12,20,3,5,3,2,1,1,0,0,0,0,1,0,0,1,0
9,2020,6,12,3,2,6,0,0,1,0,0,0,0,0,0,1,1,0
11,2019,5,17,6,5,2,0,1,0,0,0,0,1,0,0,0,0,1
6,2020,7,15,3,5,2,0,1,1,0,0,0,0,0,0,1,2,0
9,2018,1,17,3,5,2,2,0,1,0,0,0,0,1,0,0,0,0
10,2018,9,14,2,5,2,0,1,1,0,0,0,0,0,0,0,0,0
9,2019,11,14,5,0,1,0,1,0,0,0,0,0,1,0,0,0,0
9,2019,11,14,5,2,6,0,0,1,0,0,0,0,0,0,0,0,0
3,2018,1,16,5,2,6,2,0,1,0,0,0,0,1,0,0,0,0
9,2019,10,13,3,2,6,0,0,1,0,0,0,0,0,0,0,1,0
2,2021,8,12,7,2,2,0,0,1,0,1,0,0,0,0,1,1,0
2,2018,6,18,3,2,6,0,0,1,0,0,0,0,0,0,0,0,0
8,2019,8,20,2,5,2,0,1,0,0,0,1,0,0,0,0,0,0
8,2018,9,13,1,5,3,0,1,0,0,1,0,0,0,0,0,0,0
8,2020,8,17,1,5,3,0,1,0,0,0,0,1,1,0,1,1,1
2,2018,5,12,4,5,2,0,1,1,0,0,0,0,0,0,0,0,0
3,2021,7,0,6,5,2,2,1,1,0,0,0,0,0,0,1,2,0
4,2019,8,18,5,5,2,0,1,1,0,0,0,0,0,0,0,0,1
1,2020,3,12,5,6,4,0,0,1,1,0,0,0,0,1,1,0,0
8,2019,9,15,7,5,2,0,0,1,0,0,0,1,0,0,0,0,1
1,2020,11,19,5,2,6,2,1,0,0,0,0,1,1,1,2,0,0
9,2018,5,7,3,5,3,0,1,0,0,0,0,1,0,0,0,0,0
1,2020,8,13,5,5,2,0,0,1,0,0,0,0,0,0,1,1,0
10,2019,12,16,4,5,3,2,0,1,0,0,0,0,0,0,0,1,0
3,2019,12,18,2,6,2,2,0,1,1,0,0,0,1,0,0,1,1
4,2021,7,12,7,0,2,0,0,1,0,1,0,0,0,0,1,2,0
2,2019,10,12,3,2,2,0,0,1,0,0,0,1,1,0,0,1,0
9,2021,5,11,7,5,3,0,1,1,0,0,0,0,0,1,2,1,0
1,2018,7,17,5,0,3,0,0,1,0,1,0,0,0,0,0,2,0
1,2018,9,9,6,5,2,0,1,0,0,1,0,0,0,0,0,0,1
2,2019,9,12,4,5,3,0,1,1,0,0,0,0,1,0,0,0,0
7,2019,5,17,7,2,6,0,0,1,0,1,0,0,0,0,0,0,0
7,2021,11,15,2,0,1,1,1,0,0,0,0,0,1,0,2,0,0
8,2018,11,15,7,5,3,1,1,0,0,0,0,1,0,0,0,0,0
3,2021,8,17,2,3,6,0,1,0,0,0,0,0,0,0,1,1,1
11,2018,8,11,6,5,3,0,1,1,0,0,0,0,0,0,0,1,0
2,2019,7,11,3,6,4,0,0,1,1,0,0,0,0,0,0,2,0
1,2018,8,12,6,5,2,0,1,1,0,0,0,0,0,0,0,1,0
4,2018,8,19,6,2,6,0,0,1,0,0,0,0,0,0,0,1,0
8,2018,10,19,1,5,7,1,0,1,0,1,0,0,1,0,0,1,0
3,2020,1,17,3,5,3,2,0,1,0,0,0,0,1,0,0,1,0
12,2018,6,20,2,0,2,0,0,1,0,1,0,0,0,0,0,0,1
12,2019,9,15,1,4,6,0,0,1,0,0,0,0,0,0,0,0,0
4,2019,8,8,4,5,3,0,0,1,0,0,0,0,0,0,0,0,0
3,2019,4,5,2,5,3,2,0,1,0,0,0,0,0,0,0,1,0
6,2018,9,18,7,5,2,0,0,1,0,0,0,0,0,0,0,0,0
5,2018,5,12,1,2,6,0,0,1,0,0,0,0,0,0,0,0,0
10,2019,3,9,1,2,6,0,0,1,0,0,0,0,0,0,0,0,0
1,2019,11,8,2,0,1,0,1,0,0,0,0,0,1,0,0,0,0
6,2021,5,16,3,2,6,0,0,1,0,0,0,0,0,1,2,1,0
1,2019,8,14,6,5,3,0,1,1,0,0,0,0,0,0,0,0,0
7,2021,8,14,5,6,7,0,0,0,1,0,0,1,0,0,1,1,0
9,2021,4,20,1,5,2,1,1,1,0,0,0,0,1,1,2,1,0
1,2020,8,20,2,5,3,2,1,1,0,0,0,0,0,0,1,1,0
12,2019,1,17,5,3,6,2,0,1,0,0,0,0,0,0,0,1,0
1,2021,5,14,4,5,2,0,1,0,0,0,1,0,0,1,2,1,0
2,2021,7,8,2,5,2,0,1,0,0,0,0,1,0,0,1,2,1
11,2020,4,9,5,0,1,0,1,0,0,0,0,0,0,1,2,1,0
6,2020,8,10,3,5,3,0,1,1,0,0,0,0,0,0,1,1,0
2,2019,5,11,1,6,4,0,0,1,1,0,0,0,0,0,0,0,1
2,2019,1,11,2,5,3,0,0,1,0,0,0,1,1,0,0,1,0
2,2018,5,19,4,5,7,0,0,1,0,0,0,0,0,0,0,0,0
8,2021,1,16,6,0,6,1,0,1,0,0,0,0,0,1,2,0,0
1,2020,2,2,1,5,3,2,0,1,0,0,0,0,0,0,0,1,0
11,2019,8,16,7,5,3,0,0,1,0,1,0,0,0,0,0,0,1
9,2020,12,16,3,5,2,2,1,1,0,0,0,0,0,1,2,1,0
9,2020,2,10,3,5,7,0,0,1,0,0,0,1,0,0,0,1,0
3,2019,12,5,4,0,3,2,0,0,0,1,0,0,1,0,0,1,0
9,2021,6,16,2,5,2,0,0,1,0,1,0,0,0,0,1,1,0
3,2021,9,11,6,0,1,0,0,1,0,0,0,0,0,0,1,0,1
2,2019,11,2,1,1,5,2,1,1,0,0,0,0,0,0,0,0,0
1,2018,11,16,4,5,3,2,0,1,0,1,0,0,0,0,0,0,1
11,2018,11,16,2,2,6,0,0,1,0,0,0,0,0,0,0,0,0
4,2018,6,19,1,2,2,0,0,1,0,0,0,0,0,0,0,0,0
8,2020,12,11,7,2,6,0,0,1,0,0,0,0,1,1,2,1,0
10,2020,9,12,4,0,1,0,0,0,0,1,0,0,0,0,1,0,1
8,2019,1,10,6,2,6,0,0,1,0,0,0,1,1,0,0,1,0
9,2019,3,6,6,5,3,1,1,1,0,0,0,0,1,0,0,0,1
10,2018,11,7,2,5,3,1,1,1,0,0,0,0,0,0,0,0,0
5,2019,2,18,1,5,2,2,0,1,0,0,0,0,0,0,0,1,0
2,2019,7,19,2,0,1,0,1,0,0,0,0,0,1,0,0,2,0
10,2021,7,17,2,5,3,0,0,1,0,0,0,1,0,0,1,2,1
11,2021,9,7,3,2,6,0,0,1,0,0,0,0,0,0,1,0,0
11,2018,8,17,3,5,3,0,0,1,0,0,0,0,0,0,0,1,0
5,2018,9,12,2,2,2,0,0,1,0,0,0,1,0,0,0,0,0
5,2018,3,18,2,6,4,1,0,1,1,0,0,0,0,0,0,1,0
9,2020,5,12,6,6,4,0,0,1,1,0,0,0,0,1,1,0,0
8,2019,1,18,6,6,4,2,0,1,1,0,0,0,1,0,0,1,1
3,2018,10,18,2,5,3,1,1,0,0,0,1,0,1,0,0,1,0
2,2020,2,20,3,5,7,1,0,1,0,1,0,0,0,0,0,1,1
1,2019,6,13,6,2,2,0,0,1,0,0,0,1,0,0,0,1,0
9,2021,8,5,3,5,2,1,1,0,0,0,0,1,1,0,1,1,0
5,2020,1,15,5,2,6,0,0,1,0,0,0,0,1,0,0,1,0
1,2019,4,11,5,0,1,0,1,0,0,0,0,0,0,0,0,1,0
4,2020,7,19,3,5,3,0,1,0,0,0,0,0,0,0,1,2,0
4,2020,4,18,7,5,3,0,0,1,0,0,0,0,0,1,2,1,1
4,2020,12,11,6,2,6,0,0,1,0,0,0,0,0,1,2,1,0
7,2018,6,0,7,0,3,2,0,1,0,1,0,0,0,0,0,0,0
9,2020,1,14,7,2,6,0,0,1,0,0,0,0,0,0,0,1,0
4,2019,10,8,5,5,2,0,0,1,0,0,0,0,0,0,0,1,0
4,2018,9,18,2,5,3,1,1,1,0,0,0,0,0,0,0,0,0
12,2019,3,19,7,0,3,2,0,1,0,1,0,0,0,0,0,0,0
2,2021,3,19,6,0,3,2,1,0,0,0,0,1,0,0,2,0,0
7,2020,8,20,3,5,2,0,0,1,0,0,0,0,1,0,1,1,0
5,2020,8,13,2,2,6,0,0,1,0,0,0,0,1,0,1,1,0
12,2018,8,6,4,0,1,0,0,0,0,1,0,0,0,0,0,1,0
10,2018,5,23,2,0,3,2,1,0,0,0,0,1,0,0,0,0,1
3,2020,1,7,2,5,2,1,1,1,0,0,0,0,1,0,0,1,0
4,2021,11,16,3,2,7,1,0,1,0,0,0,0,0,0,2,0,0
9,2018,5,8,2,5,7,0,0,1,0,0,0,0,0,0,0,0,0
10,2021,8,17,4,6,4,0,0,1,1,0,0,0,0,0,1,1,0
4,2020,1,8,6,5,2,0,1,1,0,0,0,0,1,0,0,1,1
6,2018,5,15,5,6,4,0,1,0,1,0,0,0,0,0,0,0,0
3,2018,10,8,3,5,2,0,0,1,0,0,0,0,0,0,0,1,0
11,2019,7,16,1,3,6,0,0,1,0,1,0,0,0,0,0,2,0
8,2021,6,9,5,5,3,0,0,1,0,0,0,0,1,0,1,1,0
12,2019,7,2,4,0,7,2,1,0,0,0,0,0,0,0,0,2,0
7,2019,5,9,4,2,6,0,0,1,0,1,0,0,0,0,0,0,0
1,2019,8,17,4,0,2,0,1,1,0,0,0,0,0,0,0,0,0
4,2020,1,5,3,2,6,2,0,1,0,0,0,0,0,0,0,1,0
1,2021,8,21,6,0,1,2,1,0,0,0,0,0,1,0,1,1,0
6,2021,5,11,2,1,5,0,1,0,0,0,1,0,0,1,2,1,0
1,2019,1,22,2,0,7,2,0,1,0,0,0,0,0,0,0,1,0
4,2019,1,10,5,5,2,0,0,1,0,0,0,0,0,0,0,1,0
8,2018,9,10,4,6,2,0,0,0,1,0,1,0,0,0,0,0,1
5,2020,2,9,6,1,5,0,1,1,0,0,0,0,1,0,0,1,0
5,2019,10,7,3,5,3,0,0,1,0,1,0,0,0,0,0,1,0
2,2021,1,16,5,2,6,0,0,1,0,0,0,0,1,1,2,0,0
2,2018,5,15,2,5,2,0,1,1,0,0,0,0,0,0,0,0,0
4,2021,8,8,5,0,1,0,0,0,0,1,0,0,0,0,1,1,0
1,2018,11,8,4,5,2,0,1,1,0,0,0,0,0,0,0,0,0
1,2021,9,13,5,2,6,0,0,1,0,1,0,0,0,0,1,0,0
4,2021,9,18,7,5,2,0,0,1,0,1,0,0,0,0,1,0,1
2,2019,6,7,6,1,5,0,1,1,0,0,0,1,0,0,0,1,0
9,2018,4,7,3,4,2,0,1,1,0,0,0,0,0,0,0,1,0
3,2018,3,19,4,5,2,2,0,1,0,0,0,0,1,0,0,1,1
7,2021,2,7,4,5,2,1,0,1,0,0,0,0,1,1,2,1,1
3,2021,4,8,3,5,2,0,0,1,0,1,0,0,0,1,2,1,1
1,2021,8,17,5,6,2,0,0,1,1,0,0,0,0,0,1,1,0
11,2019,3,13,7,1,5,0,0,1,0,0,0,0,0,0,0,0,0
8,2018,11,8,3,2,6,0,0,1,0,0,0,0,0,0,0,0,0
9,2018,10,13,6,5,2,0,1,1,0,0,0,0,0,0,0,1,0
5,2018,12,18,7,1,5,2,0,1,0,0,0,0,1,0,0,1,0
7,2020,9,16,6,3,6,0,0,1,0,1,0,1,0,0,1,0,0
4,2018,12,15,4,2,6,1,0,1,0,0,0,0,1,0,0,1,0
7,2020,4,14,5,0,6,0,0,0,0,1,0,1,0,1,2,1,0
4,2019,4,18,7,6,4,1,0,0,1,1,0,0,0,0,0,1,0
12,2018,10,16,5,5,2,0,1,1,0,0,0,0,0,0,0,1,0
12,2018,4,17,5,5,2,0,0,1,0,0,0,1,0,0,0,1,0
4,2021,6,7,4,2,6,0,0,1,0,0,0,0,0,0,1,1,0
3,2018,6,11,6,2,6,0,0,1,0,0,0,0,1,0,0,0,0
4,2018,7,16,6,5,3,0,1,1,0,0,0,0,0,0,0,2,0
4,2021,6,9,5,6,4,0,0,1,1,0,0,0,0,0,1,1,1
7,2020,9,10,4,1,5,0,1,1,0,0,0,0,0,0,1,0,0
1,2021,7,14,3,5,7,0,1,1,0,0,0,0,0,0,1,2,0
3,2018,2,20,6,0,7,1,1,1,0,0,0,0,1,0,0,1,0
8,2019,6,16,5,5,2,0,1,0,0,0,0,1,0,0,0,1,0
7,2020,3,18,3,5,7,1,0,1,0,1,0,0,0,1,1,0,1
3,2018,5,1,5,5,3,2,1,1,0,0,0,0,0,0,0,0,0
4,2018,10,16,3,2,6,0,0,1,0,0,0,0,0,0,0,1,0
9,2021,2,14,5,1,5,0,0,1,0,0,0,1,1,1,2,1,0
6,2021,10,12,3,2,6,0,0,1,0,0,0,0,1,0,1,1,0
6,2019,7,21,6,5,2,0,0,1,0,1,0,0,0,0,0,2,1
12,2018,9,6,2,2,2,2,0,1,0,0,0,0,1,0,0,0,0
4,2018,2,9,6,5,2,0,1,1,0,0,0,0,0,0,0,1,0
4,2018,11,9,6,5,3,0,1,1,0,0,0,0,1,0,0,0,0
1,2020,10,9,5,5,3,0,1,0,0,0,0,1,0,1,1,1,0
3,2020,9,14,3,2,6,0,0,1,0,0,0,0,0,0,1,0,0
9,2021,12,9,4,5,7,0,1,1,0,0,0,0,1,1,2,1,0
4,2021,10,12,6,1,5,0,1,1,0,0,0,0,0,0,1,1,0
1,2019,6,8,6,1,1,0,0,1,0,0,0,0,0,0,0,1,0
2,2018,2,8,5,6,4,0,0,1,1,0,0,0,1,0,0,1,0
4,2018,6,17,2,5,3,0,0,1,0,0,1,0,0,0,0,0,0
11,2021,6,8,2,0,1,0,1,0,0,0,0,0,0,0,1,1,0
5,2021,4,10,5,2,6,0,0,1,0,0,0,0,0,1,2,1,0
8,2019,3,0,1,3,6,2,0,1,0,0,0,0,0,0,0,0,0
1,2021,12,14,3,1,5,0,1,1,0,0,0,0,0,1,2,1,0
9,2021,4,11,4,6,4,0,0,1,1,0,0,0,0,1,2,1,0
11,2020,12,17,4,2,6,2,0,1,0,0,0,0,1,1,2,1,0
4,2020,5,22,4,1,5,2,0,1,0,0,0,0,0,1,1,0,0
5,2018,6,17,3,6,7,0,0,1,1,0,0,0,0,0,0,0,0
4,2018,7,8,3,3,6,0,0,1,0,1,0,0,0,0,0,2,1
2,2020,7,8,5,6,4,0,1,0,1,0,0,0,0,0,1,2,0
8,2020,2,18,2,6,2,2,0,1,1,0,0,0,1,0,0,1,1
2,2019,8,0,1,0,5,2,1,1,0,0,0,1,0,0,0,0,0
4,2018,9,17,2,5,2,0,1,1,0,0,0,0,0,0,0,0,0
2,2020,10,21,6,5,2,2,1,1,0,0,0,0,1,1,1,1,0
5,2018,5,17,7,1,7,0,0,1,0,0,1,0,0,0,0,0,0
1,2020,6,14,7,1,5,0,1,1,0,0,0,0,0,0,1,1,0
12,2019,8,11,2,0,7,0,0,1,0,0,0,0,0,0,0,0,0
1,2021,7,10,4,2,6,0,0,1,0,0,0,1,1,0,1,2,0
6,2020,3,7,2,2,6,0,0,1,0,0,1,0,0,1,1,0,0
4,2019,5,18,1,2,6,0,0,1,0,0,0,0,0,0,0,0,1
4,2021,1,12,4,5,7,0,0,1,0,1,0,0,1,1,2,0,1
1,2021,8,14,4,3,6,0,1,0,0,0,0,0,0,0,1,1,0
5,2021,12,11,7,2,6,0,0,1,0,0,0,0,1,1,2,1,0
1,2018,6,16,4,2,6,0,1,1,0,0,0,0,0,0,0,0,0
1,2018,6,22,6,6,2,2,0,1,1,0,0,0,1,0,0,0,0
10,2018,9,16,3,1,5,0,1,1,0,0,0,0,0,0,0,0,0
4,2019,7,10,3,5,2,0,1,1,0,0,0,0,0,0,0,2,0
4,2021,6,13,7,2,6,0,0,1,0,0,0,0,0,0,1,1,0
4,2021,6,15,2,5,3,0,0,1,0,1,0,0,0,0,1,1,0
1,2021,5,6,2,5,3,0,0,1,0,1,0,0,1,1,2,1,0
5,2021,5,10,6,2,7,0,0,1,0,1,0,0,0,1,2,1,0
1,2018,11,18,2,2,6,1,0,1,0,0,0,0,0,0,0,0,0
6,2020,8,19,4,0,1,0,1,0,0,0,0,0,0,0,1,1,1
9,2021,9,6,6,3,2,1,0,1,0,1,0,0,0,0,1,0,0
11,2020,9,12,4,0,7,0,1,0,0,0,0,0,0,0,1,0,0
4,2020,1,17,2,3,6,2,0,1,0,0,1,0,0,0,0,1,0
2,2018,11,19,5,5,2,2,1,1,0,0,0,0,0,0,0,0,0
4,2018,11,12,7,5,2,0,0,1,0,0,0,1,0,0,0,0,0
12,2019,2,7,2,1,5,0,1,1,0,0,0,0,0,0,0,1,0
12,2021,11,18,4,0,2,2,1,1,0,0,0,0,0,0,2,0,0
5,2018,6,20,2,0,1,0,0,0,0,1,0,0,0,0,0,0,0
5,2019,7,6,2,0,6,0,0,1,0,1,0,0,0,0,0,2,0
4,2018,11,1,1,1,5,2,1,1,0,0,0,0,0,0,0,0,0
9,2020,9,15,3,2,2,0,0,1,0,0,0,0,0,0,1,0,0
1,2021,8,22,1,5,3,2,0,1,0,0,0,0,0,0,1,1,0
8,2018,4,10,2,1,5,0,1,1,0,0,0,0,1,0,0,1,0
6,2018,9,13,3,0,2,0,1,1,0,0,0,0,0,0,0,0,0
4,2019,5,12,4,2,6,0,0,1,0,1,0,0,0,0,0,0,0
7,2020,8,14,2,1,5,0,1,1,0,0,0,0,0,0,1,1,0
2,2020,8,15,2,5,3,0,1,0,0,0,0,1,0,0,1,1,0
9,2018,1,12,3,5,2,0,0,1,0,0,0,0,1,0,0,0,0
3,2018,4,16,3,1,5,0,1,0,0,0,0,1,0,0,0,1,0
6,2018,9,15,6,2,6,0,0,1,0,0,0,0,0,0,0,0,0
4,2021,11,17,3,5,2,2,1,1,0,0,0,0,0,0,2,0,0
4,2021,6,15,2,5,3,0,0,1,0,0,0,0,0,0,1,1,0
11,2018,2,18,2,5,3,2,0,1,0,0,0,0,0,0,0,1,0
4,2020,9,16,3,2,6,0,0,1,0,0,0,0,0,0,1,0,0
4,2019,4,19,4,5,3,1,1,1,0,0,0,0,0,0,0,1,0
1,2018,7,17,3,2,6,0,0,1,0,0,0,0,0,0,0,2,0
9,2020,7,9,5,6,7,0,1,0,1,0,0,0,0,0,1,2,0
1,2018,9,20,7,1,5,2,1,1,0,0,0,1,0,0,0,0,0
3,2021,9,11,1,5,3,0,1,1,0,0,0,0,0,0,1,0,0
4,2018,7,19,7,5,2,1,1,1,0,0,0,0,0,0,0,2,0
11,2018,4,15,5,0,4,0,0,0,1,0,0,1,0,0,0,1,0
2,2019,7,15,6,5,3,0,1,0,0,0,0,1,0,0,0,2,1
1,2021,10,2,6,5,3,2,0,1,0,0,0,0,0,0,1,1,0
4,2018,6,14,5,5,3,0,1,1,0,0,0,0,1,0,0,0,0
8,2020,7,22,1,5,3,2,0,1,0,0,0,0,0,0,1,2,0
2,2019,11,7,3,1,5,0,0,1,0,0,0,0,0,0,0,0,0
9,2018,8,9,5,2,6,0,0,1,0,0,0,1,0,0,0,1,0
10,2021,6,13,7,2,6,0,0,1,0,0,0,1,0,0,1,1,0
12,2020,1,7,4,0,2,0,1,1,0,0,0,0,0,0,0,1,0
2,2021,10,6,2,5,2,1,1,0,0,0,0,1,0,0,1,1,0
8,2020,7,18,5,5,3,0,1,1,0,0,0,0,0,0,1,2,0
12,2021,11,9,2,6,4,0,0,1,1,0,0,0,1,0,2,0,0
1,2019,8,17,5,6,4,0,0,1,1,0,0,0,0,0,0,0,0
7,2018,12,14,7,0,1,0,0,0,0,1,0,0,1,0,0,1,0
2,2021,8,11,5,0,1,0,0,0,0,1,0,0,1,0,1,1,0