BEZ,UJAHR,UMONAT,USTUNDE,UWOCHENTAG,UART,UTYP1,ULICHTVERH,IstRad,IstPKW,IstFuss,IstKrad,IstGkfz,IstSonstige,USTRZUSTAND,LOCKDOWN,COVID,FERIEN,UKATEGORIE
11,2018,5,12,4,5,3,0,1,0,0,0,0,1,0,0,0,0,0
2,2019,10,2,1,5,3,2,0,1,0,0,0,0,0,0,0,1,0
12,2020,6,17,2,0,1,0,0,0,0,0,0,1,0,0,1,1,0
3,2018,4,11,1,5,3,0,1,1,0,0,0,0,0,0,0,1,0
12,2020,11,8,5,5,2,0,0,1,0,0,0,1,0,1,2,0,0
1,2019,4,16,6,6,2,0,1,0,1,0,0,0,0,0,0,1,0
6,2020,2,16,5,2,6,0,0,1,0,0,0,1,1,0,0,1,0
12,2021,7,13,4,0,5,0,0,1,0,0,0,1,0,0,1,2,0
4,2021,8,8,6,5,2,0,0,1,0,0,0,0,1,0,1,1,0
1,2020,10,16,3,5,3,0,0,1,0,0,0,0,0,1,1,1,0
7,2021,10,19,7,1,5,2,0,1,0,0,0,0,0,0,1,1,0
10,2019,2,7,5,5,3,1,1,1,0,0,0,0,0,0,0,1,0
1,2019,10,12,4,5,5,0,0,1,0,0,0,0,1,0,0,1,0
1,2021,10,19,5,4,6,2,1,1,0,0,0,1,0,0,1,1,1
2,2021,6,10,6,3,6,0,0,1,0,1,0,0,0,0,1,1,1
2,2019,8,12,7,5,3,0,0,1,0,0,0,0,0,0,0,0,0
9,2019,6,14,1,0,1,0,1,0,0,0,0,0,0,0,0,1,0
4,2021,8,15,1,2,6,0,1,1,0,0,0,0,0,0,1,1,1
7,2020,6,7,3,5,2,0,1,1,0,0,0,0,0,0,1,1,1
12,2021,2,15,3,2,6,0,0,1,0,0,0,0,1,1,2,1,0
6,2020,9,20,3,2,6,2,1,1,0,0,0,0,0,0,1,0,0
3,2020,5,10,4,5,3,0,0,1,0,0,0,0,0,1,1,0,0
3,2019,8,7,2,6,4,0,1,0,1,0,0,0,1,0,0,0,0
7,2018,7,20,4,5,2,0,1,1,0,0,0,0,0,0,0,2,0
9,2021,11,13,5,2,6,0,0,1,0,0,0,0,0,0,2,0,0
8,2019,3,17,6,6,4,0,1,0,1,0,0,0,0,0,0,0,0
7,2021,2,17,3,6,2,2,0,1,1,0,0,0,1,1,2,1,0
6,2019,8,6,2,2,6,0,0,1,0,1,0,0,0,0,0,0,0
1,2018,12,23,1,2,6,2,0,1,0,0,0,0,0,0,0,1,0
11,2021,11,9,5,6,2,0,0,1,1,0,0,0,1,0,2,0,0
7,2018,12,17,6,3,2,1,0,1,0,0,0,1,1,0,0,1,0
12,2018,10,15,2,2,6,0,0,1,0,0,1,0,0,0,0,1,0
8,2021,9,15,4,5,3,0,1,1,0,0,0,0,1,0,1,0,0
4,2018,9,17,2,5,3,0,1,1,0,0,0,0,1,0,0,0,0
10,2020,4,7,3,3,6,0,0,1,0,0,1,0,0,1,2,1,0
3,2018,7,19,7,0,1,0,0,1,0,1,0,0,0,0,0,2,0
2,2021,11,14,5,5,2,0,1,1,0,0,0,0,1,0,2,0,0
1,2020,6,14,4,3,6,0,1,1,0,0,0,0,0,0,1,1,0
1,2020,6,19,2,5,3,0,0,1,0,0,0,1,0,0,1,1,1
8,2018,5,9,5,1,5,0,0,1,0,1,0,0,0,0,0,0,0
4,2021,2,14,4,5,3,0,0,1,0,1,0,0,0,1,2,1,1
5,2019,4,15,2,5,3,0,1,1,0,0,0,0,0,0,0,1,1
3,2018,9,15,4,3,6,0,1,1,0,0,0,0,0,0,0,0,0
9,2018,4,11,6,0,7,0,1,1,0,0,0,0,0,0,0,1,0
4,2021,10,15,7,2,6,0,0,1,0,0,0,0,0,0,1,1,0
5,2018,1,10,4,5,3,0,1,0,0,0,1,0,1,0,0,0,0
9,2018,10,18,4,2,6,2,0,1,0,0,0,0,0,0,0,1,0
3,2021,3,15,4,6,7,0,0,1,1,0,0,0,0,0,2,0,0
10,2018,4,15,5,5,3,0,0,1,0,0,0,1,0,0,0,1,1
10,2020,6,13,6,5,3,0,1,1,0,0,0,0,1,0,1,1,0
4,2020,9,12,6,2,6,0,0,0,0,0,1,1,0,0,1,0,1
12,2021,5,11,2,2,6,0,0,1,0,0,0,0,0,1,2,1,0
8,2020,7,11,5,5,2,0,0,0,0,0,0,1,0,0,1,2,1
2,2020,5,16,1,1,5,0,1,1,0,0,0,0,0,1,1,0,0
3,2020,3,15,4,5,2,0,1,1,0,0,0,0,0,1,1,0,0
12,2019,5,16,2,5,3,0,1,1,0,0,0,0,0,0,0,0,0
11,2018,12,9,4,5,2,0,1,0,0,0,1,0,0,0,0,1,0
4,2019,7,14,7,3,6,0,1,1,0,0,0,0,0,0,0,2,1
7,2018,11,19,2,5,7,2,0,1,0,0,0,0,0,0,0,0,0
8,2020,8,22,7,3,6,2,0,1,0,0,1,0,0,0,1,1,0
7,2021,12,18,4,1,5,2,1,1,0,0,0,0,1,1,2,1,0
7,2018,7,12,1,5,2,0,0,1,0,0,0,0,0,0,0,2,0
2,2021,6,12,3,5,3,0,1,1,0,0,0,0,0,0,1,1,0
7,2020,2,11,2,5,2,0,0,1,0,0,0,0,0,0,0,1,1
2,2020,3,17,5,5,2,1,1,1,0,0,0,0,0,1,1,0,0
12,2019,12,17,3,1,5,2,0,1,0,1,0,0,1,0,0,1,0
2,2019,12,17,5,6,6,1,0,1,1,0,0,0,0,0,0,1,0
12,2018,10,18,4,1,7,2,0,1,0,0,0,0,0,0,0,1,0
8,2018,5,9,2,5,3,0,0,1,0,0,0,0,0,0,0,0,0
1,2018,4,9,3,2,6,0,0,1,0,1,0,0,1,0,0,1,0
3,2019,5,7,6,6,4,0,0,1,1,0,0,0,0,0,0,0,1
4,2019,7,22,7,0,1,2,1,0,0,0,0,0,0,0,0,2,1
4,2018,9,20,6,1,5,2,1,0,0,0,0,1,0,0,0,0,0
8,2021,4,16,4,5,3,0,0,1,1,0,0,0,0,1,2,1,1
1,2021,11,9,7,5,3,0,0,1,0,0,1,0,0,0,2,0,0
2,2021,6,16,4,5,2,0,0,1,0,1,0,0,0,0,1,1,0
6,2021,6,9,7,1,5,0,0,1,0,1,0,0,0,0,1,1,0
4,2018,11,8,4,0,1,0,1,0,0,0,0,0,1,0,0,0,1
10,2019,1,12,4,2,6,0,0,1,0,0,0,1,1,0,0,1,0
4,2021,11,18,5,3,6,1,0,0,0,1,0,1,0,0,2,0,0
3,2020,8,9,2,1,5,0,1,1,0,0,0,0,0,0,1,1,0
7,2021,8,11,5,0,3,0,1,0,0,0,0,1,1,0,1,1,0
2,2021,7,7,3,5,2,0,1,0,0,0,0,1,0,0,1,2,0
6,2018,6,10,7,0,2,0,1,0,0,0,0,1,0,0,0,0,1
1,2019,6,8,6,5,3,0,1,1,0,0,0,0,0,0,0,1,0
7,2019,5,15,4,2,6,0,0,1,0,0,0,0,0,0,0,0,0
5,2018,9,15,5,5,3,0,0,1,0,1,0,0,0,0,0,0,1
12,2019,8,18,5,0,6,0,0,0,0,1,0,1,0,0,0,0,1
5,2020,11,18,3,2,6,2,0,1,0,0,0,0,0,1,2,0,0
5,2019,10,12,1,5,2,0,1,1,0,0,0,0,0,0,0,1,0
1,2018,12,21,6,6,2,2,0,1,1,0,0,0,1,0,0,1,0
12,2018,6,8,2,5,3,0,0,1,0,0,0,0,0,0,0,0,1
2,2021,2,18,5,5,2,2,0,1,0,0,0,1,0,1,2,1,1
4,2019,3,18,3,5,3,2,1,1,0,0,0,0,1,0,0,0,0
12,2019,8,13,5,2,6,0,0,1,0,0,0,0,0,0,0,0,0
1,2021,8,18,4,3,6,0,1,0,0,0,0,0,0,0,1,1,0
4,2018,6,19,4,5,2,0,1,0,0,0,0,0,0,0,0,0,0
2,2020,2,16,3,6,4,0,0,1,1,0,0,0,0,0,0,1,1
9,2019,10,3,1,8,1,2,0,1,0,0,0,0,0,0,0,1,1
1,2018,5,17,2,5,2,0,1,1,0,0,0,0,0,0,0,0,1
1,2019,8,18,1,0,1,0,0,0,0,1,0,0,1,0,0,0,0
2,2020,10,20,6,6,2,2,0,1,1,0,0,0,1,1,1,1,1
2,2021,8,10,5,0,3,0,0,1,0,0,0,1,0,0,1,1,0
7,2019,8,16,2,5,2,0,0,1,0,1,0,0,0,0,0,0,0
5,2021,7,14,1,9,1,0,1,0,0,0,0,0,0,0,1,2,1
2,2018,5,18,3,5,7,0,1,1,0,0,0,0,1,0,0,0,0
12,2020,2,7,5,1,1,0,0,1,0,0,0,1,0,0,0,1,0
4,2021,9,13,7,1,5,0,0,1,0,0,0,0,0,0,1,0,0
8,2019,6,9,7,5,7,0,0,1,0,0,0,0,0,0,0,1,0
4,2021,11,18,6,2,6,2,0,1,0,0,0,0,0,0,2,0,0
4,2021,11,11,7,0,2,0,1,1,0,0,0,0,1,0,2,0,0
3,2019,11,6,4,0,3,0,0,1,0,1,0,0,1,0,0,0,0
1,2019,11,17,4,3,6,2,1,1,0,0,0,0,1,0,0,0,0
9,2018,2,13,3,6,4,0,0,0,1,0,0,1,0,0,0,1,1
12,2019,4,8,7,5,2,0,1,1,0,0,0,0,0,0,0,1,0
7,2019,9,9,6,2,6,0,0,1,0,0,0,0,0,0,0,0,0
9,2019,5,5,7,0,7,0,1,0,0,0,0,0,0,0,0,0,0
10,2018,9,8,3,3,6,0,1,1,0,0,0,0,0,0,0,0,0
10,2020,8,14,3,2,6,0,0,1,0,0,0,0,0,0,1,1,0
7,2020,3,5,2,0,1,1,0,0,0,1,0,0,0,1,1,0,1
12,2019,10,12,3,6,2,0,0,0,1,0,0,1,0,0,0,1,0
4,2019,6,14,1,3,6,0,1,0,0,0,0,0,0,0,0,1,0
4,2018,3,15,6,2,6,0,0,1,0,0,0,0,1,0,0,1,0
1,2020,2,18,5,6,4,1,1,0,1,0,0,0,1,0,0,1,1
1,2019,6,10,6,0,3,0,1,1,0,0,0,0,0,0,0,1,0
1,2018,10,5,1,1,1,2,1,1,0,0,0,0,0,0,0,1,1
7,2020,9,18,5,5,3,0,1,0,0,0,0,1,0,0,1,0,1
12,2019,4,10,2,2,1,0,0,1,0,0,0,0,1,0,0,1,0
1,2019,5,18,6,0,2,0,1,1,0,0,0,0,0,0,0,0,0
10,2018,10,16,6,2,6,0,0,1,0,0,0,0,0,0,0,1,0
3,2019,10,18,3,6,7,1,0,1,1,0,0,0,0,0,0,1,0
2,2019,8,12,2,0,1,0,1,0,0,0,0,0,0,0,0,0,0
11,2019,7,10,2,5,2,0,1,0,0,0,0,1,0,0,0,2,1
4,2018,5,15,4,3,6,0,1,1,0,0,0,0,0,0,0,0,1
1,2021,6,15,3,5,3,0,1,1,0,0,0,0,0,0,1,1,1
6,2020,11,11,7,5,3,0,1,1,0,0,0,0,0,1,2,0,1
2,2019,7,14,2,3,2,0,0,1,0,1,0,0,0,0,0,2,0
12,2018,6,23,1,5,2,2,1,0,0,0,0,1,0,0,0,0,0
4,2018,9,16,3,3,6,0,0,1,0,1,0,0,0,0,0,0,0
3,2019,9,8,3,2,6,0,1,1,0,0,0,0,0,0,0,0,0
4,2021,7,14,5,0,7,0,1,0,0,0,0,0,1,0,1,2,0
10,2019,11,16,4,6,4,2,0,0,1,0,0,1,1,0,0,0,0
1,2020,8,1,1,5,2,2,0,1,0,1,0,0,0,0,1,1,0
6,2019,5,15,7,5,3,0,1,1,0,0,0,0,1,0,0,0,0
4,2020,10,10,5,5,3,0,0,1,0,0,0,0,0,1,1,1,0
4,2019,10,14,4,5,3,0,1,0,0,0,0,0,0,0,0,1,1
5,2021,1,15,7,5,2,0,0,1,0,0,0,0,0,1,2,0,0
1,2018,5,10,4,5,7,0,0,1,0,1,0,0,0,0,0,0,1
3,2021,6,19,5,5,3,0,1,1,0,0,0,0,0,0,1,1,0
4,2020,4,13,4,2,6,0,0,1,0,0,0,1,0,1,2,1,0
7,2021,9,17,3,1,7,0,1,0,0,0,0,0,0,0,1,0,0
1,2019,3,17,2,5,3,1,1,0,0,0,0,0,1,0,0,0,1
3,2021,9,21,1,2,6,2,0,1,0,0,0,1,0,0,1,0,1
5,2020,10,13,4,1,5,0,0,1,0,0,0,0,1,1,1,1,0
3,2018,5,8,6,5,3,0,1,1,0,0,0,0,0,0,0,0,0
2,2019,6,19,5,2,5,0,1,1,0,0,0,0,0,0,0,1,0
4,2021,11,10,4,2,6,0,0,1,0,0,0,0,0,0,2,0,0
3,2018,11,8,6,6,4,0,0,1,1,0,0,0,0,0,0,0,0
1,2018,10,17,3,5,2,0,1,1,0,0,0,0,1,0,0,1,0
1,2020,4,16,2,1,5,0,1,1,0,0,0,0,0,1,2,1,0
8,2019,10,13,7,2,2,0,0,1,0,1,0,0,0,0,0,1,0
1,2018,10,20,6,1,5,2,1,1,0,0,0,0,0,0,0,1,0
5,2020,11,10,2,5,3,0,1,1,0,0,0,0,0,1,2,0,0
8,2019,12,8,7,0,3,0,0,1,0,0,0,1,1,0,0,1,0
5,2019,8,22,6,5,2,2,1,1,0,0,0,0,0,0,0,0,0
11,2018,2,14,2,5,3,0,1,1,0,0,0,0,0,0,0,1,1
2,2020,2,12,3,0,1,0,0,0,0,1,0,0,1,0,0,1,0
6,2018,1,19,5,6,4,2,0,1,1,0,0,0,1,0,0,0,0
7,2021,7,15,1,3,6,0,1,1,0,0,0,0,0,0,1,2,0
7,2021,10,8,5,5,3,0,1,1,0,0,0,0,0,0,1,1,0
1,2021,8,20,6,6,4,1,0,0,1,0,0,1,0,0,1,1,0
1,2019,3,13,5,2,6,0,0,1,0,0,0,0,0,0,0,0,0
5,2018,9,13,7,5,3,0,1,1,0,0,0,0,0,0,0,0,0
10,2018,5,9,7,0,1,0,0,0,0,1,0,0,0,0,0,0,0
10,2018,7,11,3,5,2,0,1,1,0,0,0,0,0,0,0,2,0
3,2020,7,11,3,5,3,0,1,1,0,0,0,0,0,0,1,2,0
11,2021,9,18,4,0,1,0,0,0,0,1,0,0,1,0,1,0,1
4,2018,1,18,1,6,4,2,1,0,1,0,0,0,1,0,0,0,0
1,2019,4,9,2,4,6,0,1,0,0,0,0,0,0,0,0,1,0
12,2021,8,13,2,6,7,0,0,1,1,0,0,0,0,0,1,1,0
7,2021,5,11,7,3,2,0,0,1,0,1,0,0,1,1,2,1,1
2,2019,4,17,7,5,7,0,1,1,0,0,0,0,0,0,0,1,0
1,2019,7,10,4,5,2,0,1,1,0,0,0,0,0,0,0,2,0
2,2021,6,15,4,5,2,0,0,1,0,1,0,0,0,0,1,1,1
1,2019,3,15,3,2,6,0,0,1,0,0,0,0,1,0,0,0,0
10,2019,4,9,5,6,4,0,0,1,1,0,0,0,0,0,0,1,0
12,2018,9,15,3,5,2,0,1,1,0,0,0,0,0,0,0,0,0
1,2019,10,17,6,0,1,0,0,0,0,1,0,0,1,0,0,1,0
4,2019,3,11,3,5,3,0,0,1,0,0,0,0,0,0,0,0,0
2,2020,4,13,5,2,6,0,0,1,0,1,0,0,0,1,2,1,0
3,2020,6,8,4,6,4,0,0,1,1,0,0,0,0,0,1,1,0
3,2018,6,9,2,0,1,0,1,0,0,0,0,0,0,0,0,0,0
11,2020,3,14,4,2,6,0,0,1,0,0,0,0,0,1,1,0,1
1,2019,5,8,4,6,2,0,0,1,1,0,0,0,0,0,0,0,0
1,2021,7,10,5,5,2,0,0,1,0,0,0,1,0,0,1,2,0
4,2019,10,12,4,2,6,0,0,1,0,0,0,0,1,0,0,1,0
12,2020,3,14,4,6,4,0,0,1,1,0,0,0,0,1,1,0,0
11,2019,7,16,2,2,6,0,0,1,0,0,0,0,0,0,0,2,0
1,2018,6,22,7,5,3,2,0,1,0,0,0,0,1,0,0,0,1
1,2020,11,14,2,6,7,0,1,0,1,0,0,0,0,1,2,0,0
11,2020,6,18,1,5,3,0,1,1,0,0,0,0,0,0,1,1,0
8,2019,10,11,2,3,6,0,0,1,0,0,0,0,0,0,0,1,0
9,2021,1,8,4,5,3,0,1,1,0,0,0,0,1,1,2,0,0
1,2018,6,16,2,5,2,0,1,1,0,0,0,0,0,0,0,0,0
7,2020,10,18,5,6,2,0,0,1,1,0,0,0,1,1,1,1,0
2,2020,4,19,4,5,3,1,0,1,0,0,0,0,0,1,2,1,1
11,2018,5,16,4,6,4,0,0,0,1,1,0,0,0,0,0,0,1
3,2018,4,17,4,5,2,0,1,1,0,0,0,0,0,0,0,1,0
11,2020,9,15,4,4,6,0,1,0,0,0,0,0,0,0,1,0,0
4,2018,10,15,4,6,4,0,0,1,1,0,0,0,0,0,0,1,0
8,2019,3,18,5,6,2,1,0,1,1,0,0,0,0,0,0,0,0
2,2019,1,16,3,1,5,2,1,1,0,0,0,0,0,0,0,1,0
1,2019,6,18,5,0,1,0,1,0,0,0,0,0,0,0,0,1,0
11,2018,4,8,3,0,2,0,1,1,0,0,0,0,0,0,0,1,0
12,2018,2,15,3,2,6,0,0,1,0,0,0,0,0,0,0,1,1
2,2020,10,16,6,2,7,0,0,1,0,0,0,1,0,1,1,1,0
1,2018,5,9,3,5,2,0,1,1,0,0,0,0,0,0,0,0,0
4,2021,5,14,3,1,5,0,0,1,0,0,0,0,0,1,2,1,0
1,2019,10,11,4,5,3,0,1,1,0,0,0,0,0,0,0,1,0
1,2018,3,13,1,2,6,0,0,1,0,0,0,0,0,0,0,1,0
1,2018,6,19,3,5,2,0,0,1,0,0,0,0,0,0,0,0,1
9,2018,4,14,4,2,6,0,1,0,0,0,0,1,0,0,0,1,0
10,2019,7,12,6,5,3,0,1,1,0,0,0,0,1,0,0,2,0
2,2019,9,8,4,6,4,0,0,1,1,0,0,0,0,0,0,0,0
11,2021,7,18,6,5,2,0,1,1,0,0,0,0,0,0,1,2,0
5,2020,4,10,2,1,5,0,0,1,0,1,0,0,0,1,2,1,0
3,2021,4,11,3,0,1,0,0,0,0,0,0,1,0,1,2,1,0
12,2019,3,22,2,9,1,2,0,1,0,0,0,0,1,0,0,0,0
8,2021,10,22,7,2,6,2,0,1,0,0,0,0,0,0,1,1,0
10,2019,10,10,1,9,1,0,0,1,0,0,0,0,0,0,0,1,0
4,2018,8,17,2,5,2,0,1,0,0,0,0,0,0,0,0,1,0
11,2020,8,9,7,6,2,0,0,1,1,0,0,0,1,0,1,1,1
12,2018,5,12,4,5,3,0,1,1,0,0,0,0,0,0,0,0,0
1,2018,8,13,3,2,6,0,0,1,0,0,0,1,0,0,0,1,1
4,2018,4,17,2,3,6,0,0,1,0,0,0,1,0,0,0,1,0
1,2018,8,12,3,1,5,0,1,1,0,0,0,0,0,0,0,1,0
12,2020,10,11,6,1,5,0,0,1,0,0,0,0,0,1,1,1,0
8,2021,8,22,6,5,3,2,1,0,0,0,0,1,1,0,1,1,1
5,2018,8,17,5,0,1,0,0,0,0,1,0,0,1,0,0,1,0
3,2019,3,5,1,1,1,2,0,1,0,0,0,0,0,0,0,0,0
4,2018,8,14,4,1,5,0,0,1,0,1,0,0,0,0,0,1,0
8,2018,5,19,1,6,4,0,0,1,1,0,0,0,0,0,0,0,0
9,2019,1,10,6,0,7,0,0,1,0,0,0,0,1,0,0,1,0
12,2021,4,18,5,6,7,1,1,0,1,0,0,0,0,1,2,1,0
11,2019,7,12,7,2,6,0,0,1,0,0,0,0,0,0,0,2,1
4,2021,9,16,5,1,5,0,1,1,0,0,0,0,0,0,1,0,0
8,2019,3,10,2,2,6,0,0,0,0,0,0,1,0,0,0,0,0
1,2019,4,10,6,3,6,0,0,1,0,0,1,0,0,0,0,1,0
10,2018,6,7,6,5,3,0,0,1,0,0,0,0,0,0,0,0,0
1,2018,4,17,1,0,7,0,0,1,1,0,0,0,0,0,0,1,1
12,2018,8,15,4,2,2,0,0,0,0,1,0,1,0,0,0,1,0
5,2021,9,14,7,1,5,0,0,1,0,0,0,1,0,0,1,0,0
7,2018,6,17,2,2,6,0,0,1,0,1,0,0,0,0,0,0,0
5,2019,10,6,3,5,2,1,1,1,0,0,0,0,0,0,0,1,0
7,2018,2,16,4,6,4,0,0,1,1,0,0,0,0,0,0,1,0
11,2018,2,10,3,6,4,0,0,1,1,0,0,0,0,0,0,1,0
4,2021,12,13,7,5,2,0,0,1,0,0,0,0,1,1,2,1,0
1,2021,10,19,5,0,2,0,1,1,0,0,0,0,0,0,1,1,0
12,2019,1,7,4,6,4,0,0,1,1,0,0,0,0,0,0,1,0
7,2021,6,14,4,0,7,0,0,1,0,1,0,0,0,0,1,1,0
9,2021,12,16,4,5,2,2,1,1,0,0,0,0,0,1,2,1,0
12,2019,9,12,6,6,7,0,0,0,1,0,1,0,0,0,0,0,0
7,2018,10,21,4,5,2,2,0,1,0,0,0,0,0,0,0,1,0
4,2018,6,16,3,3,6,0,1,1,0,0,0,0,0,0,0,0,0
1,2018,5,10,2,3,2,0,0,1,0,0,0,1,0,0,0,0,0
8,2019,4,16,3,1,1,0,0,1,0,0,0,0,0,0,0,1,0
2,2018,2,15,7,2,6,0,0,1,0,0,0,1,0,0,0,1,0
7,2019,11,18,2,2,3,2,0,1,0,0,0,0,0,0,0,0,0
7,2021,3,21,1,5,2,2,0,1,0,0,0,0,1,0,2,0,0
5,2018,4,17,4,2,7,0,0,1,0,0,0,0,0,0,0,1,0
1,2018,2,9,6,2,6,0,1,1,0,0,0,0,1,0,0,1,0
9,2021,10,23,6,5,3,2,0,1,0,0,0,0,0,0,1,1,0
1,2018,10,16,3,5,3,2,0,1,0,0,0,0,1,0,0,1,0
1,2021,4,8,6,0,7,0,0,1,0,0,0,0,0,1,2,1,0
6,2019,12,12,6,2,7,0,0,1,0,0,0,0,1,0,0,1,1
6,2018,6,5,6,0,6,0,1,1,0,0,0,0,0,0,0,0,0
12,2021,1,7,5,1,5,2,0,0,0,0,0,1,1,1,2,0,0
7,2018,9,15,7,1,5,0,1,1,0,0,0,0,0,0,0,0,0
5,2019,11,18,6,6,4,2,0,1,1,0,0,0,0,0,0,0,0
7,2018,6,11,6,2,6,0,0,1,0,0,0,0,0,0,0,0,0
8,2021,1,14,3,6,2,0,0,0,1,0,0,1,0,1,2,0,1
7,2021,7,17,5,2,6,0,0,1,0,0,0,0,0,0,1,2,0
6,2018,5,14,5,5,3,0,1,1,0,0,0,0,0,0,0,0,1
4,2021,3,11,3,5,3,0,1,1,0,0,0,0,0,0,2,0,0
6,2019,1,18,2,6,2,2,0,1,1,0,0,0,0,0,0,1,1
11,2018,9,16,7,6,4,0,1,1,1,0,0,0,0,0,0,0,0
8,2019,5,7,4,6,4,0,0,1,1,0,0,0,0,0,0,0,0
1,2019,9,9,5,3,6,0,0,1,0,0,0,0,0,0,0,0,0
5,2019,4,13,3,2,6,0,0,1,0,0,0,0,0,0,0,1,0
11,2019,3,6,4,2,6,0,1,1,0,0,0,0,0,0,0,0,0
9,2019,9,18,6,5,2,0,1,1,0,0,0,0,0,0,0,0,0
1,2019,9,15,6,0,1,0,0,0,0,0,0,1,0,0,0,0,1
8,2020,12,13,3,1,5,0,1,0,0,0,0,1,0,1,2,1,0
1,2019,3,11,3,1,5,0,0,1,0,0,1,0,0,0,0,0,0
3,2018,7,18,5,0,2,0,0,1,0,0,0,1,0,0,0,2,0
7,2019,6,22,4,2,6,2,0,1,0,0,0,0,0,0,0,1,0
1,2018,6,11,5,5,3,0,0,1,0,0,0,0,0,0,0,0,0
8,2018,11,12,5,5,2,0,0,1,0,0,0,0,0,0,0,0,0
2,2021,5,12,2,1,5,0,1,1,0,0,0,0,0,1,2,1,0
8,2021,5,20,6,5,2,0,0,1,0,0,0,0,0,1,2,1,0
2,2019,2,17,2,2,6,2,0,1,0,0,0,0,0,0,0,1,0
8,2021,9,7,4,0,7,0,0,1,0,0,0,0,0,0,1,0,0
12,2019,10,16,5,2,6,0,0,1,0,0,0,1,0,0,0,1,0
10,2020,1,11,3,3,6,0,0,1,0,0,1,0,1,0,0,1,0
8,2019,7,18,7,0,6,0,0,1,0,1,0,0,0,0,0,2,0
4,2020,1,17,1,0,1,2,0,0,0,1,0,0,1,0,0,1,0
3,2021,4,15,6,5,3,0,1,1,0,0,0,0,0,1,2,1,0
5,2021,11,9,2,5,3,0,0,1,0,1,0,0,1,0,2,0,0
4,2021,9,7,3,5,2,0,1,1,0,0,0,0,0,0,1,0,0
5,2018,4,21,2,1,5,1,0,1,0,0,0,0,0,0,0,1,0
3,2021,5,13,3,0,2,0,1,1,0,0,0,0,0,1,2,1,0
7,2021,3,14,4,5,3,0,0,1,0,0,0,0,0,0,2,0,0
6,2019,12,18,2,2,6,2,0,1,0,1,0,0,0,0,0,1,0
3,2018,12,21,1,6,2,2,0,1,1,0,0,0,1,0,0,1,0
1,2021,6,11,6,6,2,0,0,0,1,0,0,1,0,0,1,1,0
7,2019,1,11,3,6,4,0,0,1,1,0,0,0,0,0,0,1,1
2,2019,3,6,4,2,2,0,1,1,0,0,0,0,0,0,0,0,0
9,2018,11,7,3,6,4,0,0,1,1,0,0,0,0,0,0,0,0
1,2019,3,13,7,2,6,0,0,1,0,0,0,0,0,0,0,0,0
8,2021,7,12,3,5,2,0,1,1,0,0,0,0,0,0,1,2,0
1,2020,10,18,7,1,5,2,1,1,0,0,0,0,0,1,1,1,0
6,2019,10,19,2,0,2,2,0,1,0,1,0,0,0,0,0,1,0
5,2019,5,21,3,5,3,2,1,1,0,0,0,0,0,0,0,0,0
11,2020,11,18,2,1,5,2,1,1,0,0,0,0,0,1,2,0,0
2,2020,7,18,3,0,1,0,0,1,0,1,0,0,0,0,1,2,0
1,2019,8,10,4,5,2,0,0,1,0,0,0,0,0,0,0,0,0
2,2018,7,20,4,6,4,0,1,0,1,0,0,0,0,0,0,2,1
12,2020,4,7,3,5,3,0,0,1,0,0,0,0,0,1,2,1,1
7,2018,12,1,5,2,2,2,1,0,0,0,0,0,1,0,0,1,0
3,2018,10,20,2,5,3,2,1,1,0,0,0,0,0,0,0,1,0
4,2019,2,16,4,2,6,0,0,1,0,0,0,0,0,0,0,1,0
3,2019,12,16,4,0,6,1,1,1,0,0,0,0,0,0,0,1,0
11,2018,10,19,6,2,6,2,0,1,0,0,0,0,0,0,0,1,0
11,2018,12,13,5,5,3,0,1,0,0,0,0,1,0,0,0,1,0
11,2018,4,13,3,0,3,0,0,1,0,0,0,1,0,0,0,1,0
7,2021,10,22,5,6,2,2,0,1,1,0,0,0,0,0,1,1,0
3,2019,5,11,3,6,4,0,0,1,1,0,0,0,0,0,0,0,0
3,2018,10,10,3,5,2,0,0,1,0,1,0,0,0,0,0,1,1
9,2018,9,9,2,6,2,0,0,0,1,0,0,1,0,0,0,0,0
1,2021,11,17,2,1,5,2,0,1,0,0,0,0,1,0,2,0,0
8,2018,7,13,1,3,6,0,1,1,0,0,0,0,0,0,0,2,0
12,2020,2,19,4,5,2,2,0,1,0,0,0,0,1,0,0,1,0
4,2018,12,17,3,5,7,2,0,1,0,0,0,1,1,0,0,1,0
1,2020,1,7,3,5,2,1,1,1,0,0,0,0,1,0,0,1,0
10,2021,3,7,3,2,6,0,0,1,0,0,0,0,0,0,2,0,0
7,2018,8,17,6,1,5,0,0,1,0,1,0,0,0,0,0,1,0
4,2021,9,7,3,5,2,0,1,0,0,0,0,1,0,0,1,0,0
4,2019,7,17,2,5,2,0,1,1,0,0,0,0,1,0,0,2,0
4,2021,7,7,6,5,2,0,1,1,0,0,0,0,1,0,1,2,0
7,2018,9,11,5,1,3,0,0,1,0,0,0,1,0,0,0,0,0
6,2019,11,9,7,2,2,0,0,1,0,0,0,0,1,0,0,0,0
12,2021,12,21,2,5,3,2,0,1,0,0,0,0,1,1,2,1,0
11,2019,8,18,5,5,3,0,1,0,0,0,0,0,0,0,0,0,0
6,2018,3,10,7,1,7,0,0,1,0,0,0,0,0,0,0,1,0