BEZ,UJAHR,UMONAT,USTUNDE,UWOCHENTAG,UART,UTYP1,ULICHTVERH,IstRad,IstPKW,IstFuss,IstKrad,IstGkfz,IstSonstige,USTRZUSTAND,LOCKDOWN,COVID,FERIEN,UKATEGORIE
7,2021,11,18,7,5,2,2,1,1,0,0,0,0,1,0,2,0,0
2,2020,5,17,1,1,5,0,1,1,0,0,0,0,0,1,1,0,0
4,2018,2,12,7,2,6,0,0,1,0,0,0,0,0,0,0,1,0
9,2018,10,11,4,5,3,0,1,1,0,0,0,0,0,0,0,1,0
8,2021,12,16,6,0,2,2,0,1,0,0,0,1,0,1,2,1,0
3,2019,4,9,5,5,2,0,1,1,0,0,0,0,0,0,0,1,0
1,2021,8,16,3,2,7,0,0,1,0,0,0,0,0,0,1,1,0
1,2021,11,13,6,5,3,0,0,1,0,1,0,0,0,0,2,0,0
1,2020,7,8,4,5,2,0,1,1,0,0,0,0,0,0,1,2,0
1,2018,10,9,2,6,4,0,1,0,1,0,0,0,0,0,0,1,0
4,2021,11,19,2,0,2,2,1,1,0,0,0,0,1,0,2,0,0
7,2019,10,11,6,5,2,0,1,1,0,0,0,0,0,0,0,1,0
1,2020,9,15,6,5,2,0,0,1,0,0,0,0,0,0,1,0,0
11,2020,10,6,5,5,3,2,1,1,0,0,0,0,1,1,1,1,0
4,2019,1,13,3,0,3,0,0,1,0,1,0,0,0,0,0,1,0
1,2020,9,19,5,2,6,2,1,1,0,0,0,0,0,0,1,0,0
4,2019,6,8,5,0,7,0,0,1,0,0,0,1,0,0,0,1,0
3,2019,1,18,4,2,2,2,0,1,0,0,0,0,1,0,0,1,0
1,2018,5,18,1,5,2,0,0,1,0,1,0,0,0,0,0,0,1
3,2018,4,14,3,2,7,0,0,0,0,1,0,1,1,0,0,1,0
1,2018,5,14,4,5,2,0,0,1,0,0,0,0,0,0,0,0,0
7,2018,1,13,6,5,2,0,0,1,0,0,0,0,0,0,0,0,0
1,2019,6,16,3,0,6,0,1,0,0,0,0,1,0,0,0,1,0
1,2018,7,11,4,5,2,0,1,1,0,0,0,0,0,0,0,2,0
7,2018,9,22,2,5,3,2,0,1,0,0,0,0,0,0,0,0,0
1,2018,8,16,2,3,6,0,0,0,0,1,0,1,0,0,0,1,0
4,2020,6,15,7,1,7,0,0,1,0,0,0,0,1,0,1,1,0
10,2019,9,16,1,6,6,0,1,0,1,0,0,0,0,0,0,0,0
10,2019,2,7,3,5,3,0,0,1,0,0,0,1,0,0,0,1,0
9,2020,11,10,3,0,3,0,1,1,0,0,0,0,1,1,2,0,0
2,2021,8,10,4,0,2,0,1,1,0,0,0,0,0,0,1,1,0
2,2019,12,3,7,5,2,2,0,1,0,0,0,0,1,0,0,1,0
7,2020,9,16,1,1,5,0,1,1,0,0,0,0,0,0,1,0,1
12,2020,12,11,7,5,3,0,0,1,0,0,0,0,0,1,2,1,0
7,2018,9,12,2,2,1,0,0,1,0,0,0,1,0,0,0,0,0
9,2019,9,14,6,2,6,0,0,1,0,0,0,0,0,0,0,0,0
1,2018,8,6,5,0,7,0,1,0,0,0,0,0,0,0,0,1,0
1,2020,10,9,2,2,6,0,0,0,0,0,0,1,1,1,1,1,0
2,2019,12,20,5,5,3,2,0,1,0,0,0,1,0,0,0,1,0
9,2021,6,21,2,5,3,1,1,1,0,0,0,0,0,0,1,1,0
1,2020,4,16,4,1,5,0,1,1,0,0,0,0,0,1,2,1,0
1,2018,5,18,2,2,2,0,1,1,0,0,0,0,0,0,0,0,0
1,2020,9,12,6,2,6,0,0,1,0,0,0,0,0,0,1,0,0
2,2020,6,16,2,0,5,0,1,1,0,0,0,0,1,0,1,1,0
5,2021,7,19,5,5,3,0,1,1,0,0,0,0,0,0,1,2,1
4,2018,10,18,6,2,6,1,0,1,0,0,0,0,0,0,0,1,0
7,2021,4,18,6,2,7,0,0,1,0,1,0,0,0,1,2,1,0
3,2018,4,16,3,0,2,0,1,1,0,0,0,0,0,0,0,1,0
4,2020,6,14,2,1,5,0,1,1,0,0,0,0,0,0,1,1,0
1,2019,11,18,7,1,5,2,0,1,0,0,0,0,0,0,0,0,1
3,2020,9,15,5,6,4,0,1,0,1,0,0,0,0,0,1,0,1
9,2018,3,12,7,5,3,0,1,1,0,0,0,0,0,0,0,1,0
8,2018,2,12,5,5,2,0,0,1,0,0,0,0,0,0,0,1,0
3,2018,12,19,5,0,4,2,0,0,1,0,0,1,1,0,0,1,0
4,2021,11,17,5,6,2,2,0,1,1,0,0,0,1,0,2,0,0
2,2018,4,12,1,5,3,0,1,1,0,0,0,0,0,0,0,1,0
1,2021,11,22,3,2,6,2,0,1,0,0,0,0,1,0,2,0,0
1,2018,8,16,3,2,6,0,0,1,0,0,0,1,0,0,0,1,0
6,2019,6,15,2,5,2,0,0,1,0,0,0,0,0,0,0,1,0
4,2019,2,17,1,2,7,2,0,1,0,0,1,0,0,0,0,1,0
7,2019,12,18,4,1,7,2,0,1,0,0,0,0,0,0,0,1,0
1,2021,1,20,3,5,3,2,0,1,0,0,0,0,1,1,2,0,0
7,2019,6,13,6,5,2,0,0,1,0,0,0,0,0,0,0,1,0
7,2021,10,16,1,2,1,0,0,1,0,0,0,0,0,0,1,1,0
1,2018,3,20,3,6,4,2,0,0,1,0,0,1,1,0,0,1,1
4,2020,5,10,5,3,6,0,1,0,0,0,0,0,0,1,1,0,0
10,2020,2,15,3,5,3,0,0,1,0,0,0,1,0,0,0,1,1
6,2018,6,11,3,0,5,0,0,1,0,1,0,0,0,0,0,0,0
1,2019,12,15,6,2,2,2,0,0,0,0,0,1,1,0,0,1,0
6,2019,5,16,5,2,6,0,0,1,0,0,0,1,0,0,0,0,1
7,2018,12,18,2,5,2,2,1,1,0,0,0,0,1,0,0,1,0
4,2018,5,21,4,1,5,1,0,1,0,0,0,0,0,0,0,0,0
9,2019,11,13,4,3,6,0,1,0,0,0,0,1,1,0,0,0,0
10,2021,9,19,2,2,6,2,0,1,0,0,0,0,0,0,1,0,0
4,2021,6,18,7,8,1,0,0,1,0,0,0,0,0,0,1,1,0
4,2018,6,14,1,6,4,0,0,1,1,0,0,0,0,0,0,0,0
5,2018,2,18,3,1,5,2,0,1,0,0,0,1,0,0,0,1,0
9,2021,5,12,4,6,4,0,0,0,1,0,0,1,0,1,2,1,1
1,2021,12,17,7,9,1,2,0,0,0,1,0,0,1,1,2,1,0
6,2020,10,16,1,5,2,0,1,0,0,0,0,1,0,1,1,1,0
8,2021,8,12,5,2,2,0,1,1,0,0,0,0,0,0,1,1,0
1,2020,1,14,3,5,2,0,1,1,0,0,0,0,0,0,0,1,0
2,2021,8,19,2,0,2,0,1,0,0,0,0,1,0,0,1,1,0
11,2019,5,9,3,0,7,0,1,0,0,0,0,0,0,0,0,0,0
8,2019,7,14,5,1,5,0,0,1,0,0,0,1,0,0,0,2,0
2,2020,6,18,5,3,6,0,1,0,0,0,0,0,0,0,1,1,0
9,2021,4,7,4,5,2,2,1,1,0,0,0,0,0,1,2,1,0
1,2020,2,6,3,5,3,1,1,1,0,0,0,0,1,0,0,1,0
1,2020,7,16,5,0,1,0,1,0,0,0,0,0,0,0,1,2,0
1,2019,7,17,3,5,2,0,1,1,0,0,0,0,0,0,0,2,0
2,2021,12,8,6,5,7,0,1,1,0,0,0,0,0,1,2,1,0
9,2020,5,7,4,5,3,0,0,1,0,1,0,0,1,1,1,0,0
12,2021,6,11,5,9,1,0,1,0,0,0,0,0,0,0,1,1,0
1,2021,2,15,4,2,6,0,0,1,0,0,0,0,0,1,2,1,0
2,2021,6,21,3,0,2,1,1,1,0,0,0,0,0,0,1,1,0
8,2021,3,16,4,5,2,0,1,1,0,0,0,0,0,0,2,0,0
12,2020,9,0,3,5,2,2,0,0,0,0,0,1,0,0,1,0,0
6,2018,11,16,5,5,3,2,1,1,0,0,0,0,0,0,0,0,0
3,2020,6,14,3,6,4,0,0,1,1,0,0,0,0,0,1,1,1
6,2020,8,12,6,3,6,0,1,0,0,0,0,0,0,0,1,1,1
8,2020,3,15,6,2,6,0,0,1,0,1,0,0,0,1,1,0,0
12,2018,8,15,3,5,2,0,0,1,0,0,0,0,0,0,0,1,0
6,2018,3,7,4,0,5,0,0,1,0,0,0,1,0,0,0,1,0
10,2018,4,7,6,5,3,0,1,1,0,0,0,0,1,0,0,1,0
7,2020,11,18,4,5,2,1,1,1,0,0,0,0,0,1,2,0,0
1,2019,3,20,4,6,4,2,0,1,1,0,0,0,1,0,0,0,1
1,2019,9,20,2,2,6,2,0,1,0,0,0,0,0,0,0,0,0
6,2021,3,11,7,2,6,0,1,1,0,0,0,0,1,0,2,0,0
7,2019,9,17,2,5,3,0,0,1,0,0,0,0,0,0,0,0,0
2,2020,9,10,1,5,3,0,1,1,0,0,0,0,0,0,1,0,1
1,2021,10,8,3,5,2,0,0,1,0,0,0,1,1,0,1,1,0
10,2018,9,16,2,5,2,0,0,0,0,1,0,1,0,0,0,0,0
8,2020,5,9,6,2,2,0,0,1,0,0,0,0,0,1,1,0,0
7,2018,4,12,1,5,2,0,1,1,0,0,0,0,0,0,0,1,0
5,2019,10,6,5,2,6,1,0,0,0,1,0,1,1,0,0,1,0
1,2021,2,8,3,5,2,0,1,1,0,0,0,0,0,1,2,1,0
8,2019,12,17,4,6,4,2,1,0,1,0,0,0,0,0,0,1,0
6,2020,1,16,5,6,7,0,1,0,1,0,0,0,0,0,0,1,0
9,2020,11,7,4,8,1,0,0,1,0,0,0,0,0,1,2,0,0
3,2020,11,16,4,5,3,1,1,1,0,0,0,0,0,1,2,0,0
6,2019,3,10,1,2,6,0,0,1,0,0,0,0,1,0,0,0,0
8,2020,5,1,7,2,6,2,0,1,0,0,0,0,1,1,1,0,0
4,2021,2,9,4,2,6,0,0,1,0,0,0,1,1,1,2,1,0
12,2018,2,10,3,2,6,0,0,1,0,0,0,0,0,0,0,1,0
12,2019,6,22,7,2,6,2,0,1,0,0,0,1,0,0,0,1,0
3,2019,8,23,2,0,1,2,1,0,0,0,0,0,1,0,0,0,0
6,2019,7,19,1,1,5,0,0,1,0,0,0,0,0,0,0,2,0
8,2021,4,15,3,6,4,0,0,1,1,0,0,0,0,1,2,1,0
2,2018,12,9,6,5,3,0,1,1,0,0,0,0,1,0,0,1,1
12,2019,4,10,6,5,2,0,0,1,0,0,0,1,0,0,0,1,0
3,2021,10,7,4,0,2,0,1,1,0,0,0,0,1,0,1,1,0
11,2021,4,7,6,7,7,0,1,0,0,0,0,0,0,1,2,1,0
2,2020,2,16,4,5,3,1,1,1,0,0,0,0,0,0,0,1,0
11,2020,8,14,6,2,2,0,0,1,0,0,0,0,0,0,1,1,0
8,2019,7,23,7,0,7,2,1,0,0,0,0,1,0,0,0,2,0
12,2020,9,9,6,5,2,0,1,1,0,0,0,0,0,0,1,0,0
7,2018,2,9,5,5,3,0,1,1,0,0,0,0,0,0,0,1,0
7,2020,9,7,4,3,6,0,1,1,0,0,0,0,0,0,1,0,0
7,2020,2,19,5,6,4,2,0,0,1,1,0,0,0,0,0,1,0
3,2021,8,8,4,2,6,0,1,1,0,0,1,0,0,0,1,1,0
2,2018,9,18,7,1,5,0,1,1,0,0,0,0,0,0,0,0,1
5,2021,5,14,2,5,2,0,0,1,0,0,0,1,0,1,2,1,0
10,2018,2,19,2,0,5,2,0,1,0,0,0,1,0,0,0,1,0
3,2018,9,18,5,5,3,0,1,1,0,0,0,0,0,0,0,0,0
1,2020,3,16,4,5,2,0,0,1,0,0,0,0,0,1,1,0,0
9,2021,11,10,4,6,7,0,0,1,1,0,0,0,0,0,2,0,0
4,2019,7,13,2,5,7,0,0,1,0,1,0,0,0,0,0,2,1
1,2019,6,22,4,0,2,2,0,1,0,0,0,1,0,0,0,1,0
11,2020,11,14,1,6,4,0,0,1,1,0,0,0,0,1,2,0,1
4,2019,9,17,7,0,1,0,1,0,0,0,0,0,0,0,0,0,0
4,2019,7,14,6,1,5,0,0,1,0,0,0,0,0,0,0,2,0
8,2020,8,10,7,1,5,0,1,0,0,0,0,1,0,0,1,1,1
1,2020,7,10,4,5,2,0,1,1,0,0,0,0,0,0,1,2,1
4,2018,11,9,2,1,5,0,1,1,0,0,0,0,0,0,0,0,0
6,2021,6,11,4,0,5,0,1,1,0,0,0,0,0,0,1,1,1
6,2018,12,17,2,2,6,2,0,1,0,0,0,0,1,0,0,1,0
2,2021,9,18,5,6,7,0,0,1,1,0,0,0,0,0,1,0,0
4,2018,4,16,2,9,7,0,0,1,0,0,0,0,0,0,0,1,0
11,2018,7,14,5,5,7,0,0,1,0,1,0,0,0,0,0,2,0
5,2019,2,13,5,2,6,0,0,1,0,0,0,0,0,0,0,1,0
2,2018,11,9,6,5,2,0,0,1,0,0,0,1,0,0,0,0,0
12,2018,9,14,3,2,6,0,0,1,0,0,0,0,0,0,0,0,0
11,2020,8,17,2,0,4,0,1,0,1,0,0,0,1,0,1,1,0
2,2018,9,16,5,5,3,0,0,1,0,1,0,0,0,0,0,0,1
1,2018,12,17,1,6,4,2,0,1,1,0,0,0,0,0,0,1,0
1,2019,2,17,6,1,5,1,0,1,0,0,0,0,0,0,0,1,0
5,2019,4,9,4,2,6,0,0,1,0,0,0,0,0,0,0,1,0
4,2018,7,8,4,5,3,0,1,1,0,0,0,0,0,0,0,2,0
1,2019,12,9,4,1,5,0,1,1,0,0,0,1,0,0,0,1,0
10,2019,1,12,3,2,2,0,0,1,0,0,0,0,1,0,0,1,0
3,2019,4,15,6,5,2,0,0,1,0,0,0,1,0,0,0,1,0
1,2020,11,15,7,0,1,0,1,0,0,0,0,0,0,1,2,0,0
3,2019,9,9,5,5,3,0,1,1,0,0,0,0,0,0,0,0,0
3,2018,4,19,3,1,5,0,1,1,0,0,0,1,0,0,0,1,0
12,2019,11,19,5,6,2,2,0,1,1,0,0,0,0,0,0,0,0
4,2018,4,18,3,6,4,0,0,1,1,0,0,0,0,0,0,1,1
8,2019,2,20,5,6,2,2,0,1,1,0,0,0,0,0,0,1,0
2,2021,7,13,7,3,6,0,1,0,0,0,0,1,0,0,1,2,0
1,2020,5,13,2,5,2,0,0,1,1,0,0,0,1,1,1,0,0
1,2020,5,17,1,5,3,0,1,1,0,0,0,0,0,1,1,0,0
8,2021,8,22,1,4,6,2,1,1,0,0,0,0,1,0,1,1,0
1,2019,6,10,1,5,2,0,0,1,0,0,0,0,0,0,0,1,0
1,2019,9,11,1,5,2,0,0,1,0,0,0,0,0,0,0,0,0
8,2021,4,20,5,4,6,2,0,1,0,0,0,0,0,1,2,1,0
11,2021,11,17,3,5,3,2,1,1,0,0,0,0,0,0,2,0,0
7,2020,7,8,6,5,3,0,1,1,0,0,0,0,1,0,1,2,0
11,2019,10,11,7,6,7,0,0,0,1,0,0,1,0,0,0,1,0
3,2018,9,16,3,1,5,0,1,0,0,0,0,1,0,0,0,0,0
4,2018,4,14,3,2,6,0,0,1,0,0,0,0,0,0,0,1,0
2,2018,5,15,3,0,2,0,0,1,0,1,0,0,0,0,0,0,0
4,2020,10,4,1,5,3,2,0,1,0,0,0,0,0,1,1,1,0
7,2019,1,15,4,1,5,0,1,1,0,0,0,0,1,0,0,1,0
2,2020,4,17,4,3,6,0,1,0,0,0,0,0,0,1,2,1,0
9,2018,9,16,2,2,6,0,0,1,0,0,0,0,1,0,0,0,0
3,2020,8,9,2,5,2,0,1,1,0,0,0,0,0,0,1,1,1
12,2019,5,12,2,6,7,0,1,0,1,0,0,0,0,0,0,0,0
6,2018,12,11,2,5,2,0,1,1,0,0,0,0,0,0,0,1,0
9,2019,11,18,6,5,2,2,0,1,0,1,0,0,0,0,0,0,1
8,2020,5,8,1,5,3,0,1,1,0,0,0,0,0,1,1,0,0
4,2019,7,15,3,2,6,0,1,1,0,0,0,0,0,0,0,2,0
1,2021,11,11,3,2,3,0,1,1,0,0,0,0,1,0,2,0,0
3,2018,1,11,4,5,3,0,0,1,0,0,0,1,1,0,0,0,0
7,2021,3,16,4,5,3,0,0,1,0,1,0,0,0,0,2,0,1
4,2019,2,10,6,1,5,0,0,1,0,0,1,0,0,0,0,1,0
7,2021,8,8,3,0,7,0,0,0,0,1,0,0,1,0,1,1,1
1,2019,12,16,5,3,6,2,1,0,0,0,0,1,0,0,0,1,0
6,2021,11,16,2,1,5,1,1,1,0,0,0,0,0,0,2,0,0
11,2019,5,20,4,2,7,0,0,1,0,0,0,1,0,0,0,0,0
11,2021,12,1,6,9,1,2,0,1,0,0,0,0,1,1,2,1,0
1,2019,1,9,3,1,5,0,1,1,0,0,0,0,0,0,0,1,0
5,2018,10,6,1,1,1,1,0,1,0,0,0,0,0,0,0,1,0
1,2020,7,15,6,5,2,0,1,1,0,0,0,0,1,0,1,2,0
7,2019,4,17,3,5,2,0,0,1,0,1,0,0,0,0,0,1,0
7,2019,7,13,5,5,2,0,1,1,0,0,0,0,0,0,0,2,0
4,2018,2,8,3,6,4,0,0,1,1,0,0,0,1,0,0,1,0
8,2019,7,10,3,5,2,0,1,1,0,0,0,0,0,0,0,2,0
9,2018,4,13,7,2,3,0,1,1,0,0,0,0,0,0,0,1,0
4,2019,4,15,4,5,3,0,0,1,0,0,0,0,0,0,0,1,0
1,2020,7,15,5,0,6,0,0,0,0,1,0,1,1,0,1,2,0
1,2018,11,20,7,6,2,2,0,1,1,0,0,0,0,0,0,0,1
5,2020,7,21,7,0,1,2,1,0,0,0,0,0,0,0,1,2,0
3,2020,6,14,7,0,2,0,0,1,0,1,0,0,1,0,1,1,0
8,2019,2,14,2,1,5,0,0,1,0,0,0,0,0,0,0,1,0
11,2018,1,17,2,5,2,2,1,0,0,0,0,1,0,0,0,0,0
4,2021,2,10,2,5,2,0,1,1,0,0,0,0,0,1,2,1,0
11,2019,8,20,6,0,2,1,1,1,0,0,0,0,0,0,0,0,0
4,2019,4,2,6,1,5,2,1,1,0,0,0,0,0,0,0,1,1
6,2021,5,15,7,5,3,0,1,1,0,0,0,0,0,1,2,1,0
2,2021,9,12,4,3,6,0,0,1,0,1,0,0,0,0,1,0,0
12,2019,4,6,2,2,2,1,0,1,0,1,0,0,1,0,0,1,0
3,2018,5,9,5,2,6,0,1,1,0,0,0,0,0,0,0,0,0
1,2020,10,13,5,0,3,0,1,0,0,1,0,0,1,1,1,1,0
7,2018,1,9,1,5,3,0,0,1,0,0,0,0,1,0,0,0,0
2,2021,11,18,5,8,1,2,0,1,0,0,0,0,1,0,2,0,0
1,2019,8,7,4,6,4,0,0,1,1,0,0,0,0,0,0,0,0
1,2018,11,3,2,0,3,2,0,1,0,1,0,0,1,0,0,0,0
4,2018,8,17,3,1,7,0,1,1,0,0,0,0,0,0,0,1,0
6,2020,3,18,3,1,7,1,0,1,0,1,0,0,0,1,1,0,0
12,2020,6,15,4,1,5,0,1,1,0,0,0,0,0,0,1,1,0
2,2019,4,18,1,0,1,0,0,0,0,1,0,0,0,0,0,1,0
5,2020,3,13,1,5,3,0,1,1,0,0,0,0,0,1,1,0,0
4,2020,7,15,3,6,2,0,0,1,1,0,0,0,0,0,1,2,1
10,2018,2,0,5,8,1,2,0,1,0,0,0,0,1,0,0,1,1
11,2020,1,6,6,2,6,2,0,1,0,0,0,0,0,0,0,1,0
12,2020,12,13,5,6,7,0,0,1,1,0,0,0,0,1,2,1,0
2,2020,9,11,6,5,2,0,1,1,0,0,0,0,1,0,1,0,0
6,2021,12,6,2,4,6,1,1,0,0,0,0,1,1,1,2,1,0
5,2020,6,11,3,2,6,0,0,1,0,0,0,0,0,0,1,1,0
8,2018,5,18,3,5,3,0,0,1,0,0,0,0,0,0,0,0,0
8,2021,11,21,7,5,3,2,0,1,0,0,0,0,0,0,2,0,0
7,2018,1,15,2,0,3,0,0,1,0,0,0,1,0,0,0,0,0
7,2021,9,9,1,3,6,0,0,1,0,0,0,1,0,0,1,0,0
1,2019,8,1,6,0,1,2,0,0,0,0,0,1,0,0,0,0,0
1,2019,5,15,3,3,2,0,1,1,0,0,0,0,0,0,0,0,0
9,2018,3,13,6,4,6,0,1,0,0,1,0,0,0,0,0,1,0
9,2019,9,15,2,5,3,0,1,1,0,0,0,0,0,0,0,0,0
2,2018,8,16,3,2,6,0,0,1,0,0,0,0,0,0,0,1,0
6,2018,7,23,4,5,3,2,1,1,0,0,0,0,1,0,0,2,0
1,2021,1,14,1,6,2,0,0,1,1,0,0,0,0,1,2,0,0
1,2018,10,8,3,0,5,0,1,0,0,0,0,1,1,0,0,1,0
4,2018,9,14,6,2,6,0,0,1,0,0,0,0,0,0,0,0,1
4,2021,1,23,2,5,3,2,0,1,0,1,0,0,1,1,2,0,0
2,2020,1,8,3,0,2,0,1,0,0,0,1,0,1,0,0,1,0
1,2021,10,17,1,5,2,0,1,1,0,0,0,0,0,0,1,1,0
12,2018,9,9,7,5,3,0,0,1,0,0,0,0,0,0,0,0,0
11,2018,6,8,5,2,6,0,0,1,0,0,0,0,0,0,0,0,0
7,2021,5,11,3,5,3,0,0,1,0,0,0,1,0,1,2,1,0
1,2019,2,15,1,6,2,0,0,1,1,0,0,0,0,0,0,1,0
7,2021,8,12,5,6,4,0,1,0,1,0,0,0,0,0,1,1,0
10,2018,10,7,5,5,2,0,1,1,0,0,0,0,0,0,0,1,0
10,2021,2,10,7,6,7,0,0,1,1,0,0,0,0,1,2,1,0
11,2020,2,7,2,2,2,0,1,1,0,0,0,0,0,0,0,1,0
10,2019,11,19,2,1,5,2,0,1,0,1,0,0,1,0,0,0,0
1,2018,3,18,3,2,2,2,0,1,0,0,0,0,0,0,0,1,0
5,2019,9,15,1,5,2,1,0,1,0,0,0,0,1,0,0,0,1
12,2020,9,12,6,0,3,0,1,0,0,1,0,0,1,0,1,0,0
11,2018,11,18,5,6,4,2,0,1,1,0,0,0,0,0,0,0,1
2,2019,11,15,4,5,2,1,1,1,0,0,0,1,1,0,0,0,0
1,2021,8,19,6,0,3,0,1,1,0,0,0,0,0,0,1,1,0
4,2021,6,23,2,1,5,2,0,1,0,1,0,0,0,0,1,1,1
2,2019,6,2,1,0,1,2,0,0,0,1,0,0,0,0,0,1,1
5,2020,7,11,1,5,2,0,1,1,0,0,0,0,0,0,1,2,0
1,2020,8,18,4,3,6,0,0,1,0,1,0,0,0,0,1,1,0
3,2018,12,15,3,0,1,0,1,0,0,0,0,0,1,0,0,1,1
1,2018,6,21,1,0,1,2,1,0,0,0,0,0,0,0,0,0,1
7,2019,8,14,4,0,3,0,1,1,0,0,0,0,1,0,0,0,0
7,2019,10,20,4,5,2,2,0,1,0,0,0,0,0,0,0,1,0
9,2020,7,18,3,5,3,0,0,1,0,1,0,0,0,0,1,2,0
4,2019,4,12,2,1,5,0,1,1,0,0,0,0,0,0,0,1,0
3,2021,5,16,2,5,2,0,0,1,0,0,0,0,0,1,2,1,0
8,2019,3,19,5,2,5,2,1,1,0,0,0,0,0,0,0,0,0
2,2020,10,19,5,0,1,2,0,0,0,1,0,0,1,1,1,1,0
1,2020,2,18,4,3,6,2,1,0,0,0,0,0,0,0,0,1,0
7,2020,6,19,3,1,5,0,1,1,0,0,0,0,0,0,1,1,0
5,2019,3,14,1,5,2,0,0,1,0,0,0,0,1,0,0,0,0
6,2018,9,14,2,2,6,0,0,1,0,0,0,0,1,0,0,0,0
1,2019,7,18,6,5,3,0,0,1,0,1,0,0,0,0,0,2,0
3,2018,4,9,6,5,2,0,1,1,0,0,0,0,0,0,0,1,0
9,2019,5,23,4,0,1,2,1,0,0,0,0,0,0,0,0,0,0
7,2019,7,16,5,5,3,0,1,1,0,0,0,0,0,0,0,2,1
7,2021,4,21,6,5,2,2,1,0,0,1,0,0,0,1,2,1,1
5,2021,11,14,6,6,4,0,0,1,1,0,0,0,0,0,2,0,1
1,2018,9,3,7,9,1,2,0,1,0,0,0,1,0,0,0,0,1
6,2018,9,15,3,5,3,0,1,0,0,0,0,0,0,0,0,0,1
3,2018,3,18,1,5,5,1,0,1,0,1,0,0,0,0,0,1,0
5,2019,9,10,5,2,7,0,0,1,0,1,0,0,0,0,0,0,0
12,2021,12,13,5,1,7,0,0,1,0,0,0,0,0,1,2,1,0
2,2019,4,18,5,6,2,0,0,1,1,0,0,0,0,0,0,1,0
7,2021,8,16,7,5,3,0,0,0,0,1,0,1,0,0,1,1,1
6,2019,4,18,4,2,7,0,0,1,0,0,0,0,0,0,0,1,0
2,2020,7,14,5,2,1,0,0,1,0,0,0,0,1,0,1,2,0
6,2019,6,8,4,5,3,0,1,1,0,0,0,0,0,0,0,1,0
9,2018,9,7,2,5,3,0,1,1,0,0,0,0,0,0,0,0,1
7,2018,4,18,6,2,6,1,0,1,0,0,0,0,0,0,0,1,0
7,2018,5,14,5,5,3,0,0,1,0,1,0,0,0,0,0,0,1
3,2020,11,11,6,5,3,0,1,1,0,0,0,0,0,1,2,0,0
5,2019,4,20,1,1,5,2,1,1,0,0,0,0,0,0,0,1,0
5,2018,8,13,6,0,1,0,0,0,0,1,0,0,0,0,0,1,0
4,2020,1,10,6,5,2,0,1,1,0,0,0,0,0,0,0,1,1
4,2020,11,14,6,2,6,0,0,1,0,0,0,0,0,1,2,0,1
3,2021,3,18,4,5,3,2,1,1,0,0,0,0,0,0,2,0,0
3,2018,12,15,3,6,4,0,0,1,1,0,0,0,0,0,0,1,0
1,2019,6,21,1,5,3,1,0,1,0,1,0,0,0,0,0,1,1
5,2018,10,19,2,6,7,1,0,1,1,0,0,0,0,0,0,1,0
5,2019,1,16,4,0,2,1,1,1,0,0,0,0,1,0,0,1,0
6,2020,6,19,3,5,2,0,1,0,0,0,0,0,0,0,1,1,1
12,2020,8,12,3,6,7,0,1,0,1,0,0,0,0,0,1,1,1
1,2018,10,15,4,2,6,0,0,1,0,0,0,0,1,0,0,1,0
9,2021,6,10,5,5,2,0,1,0,0,0,0,1,0,0,1,1,0
3,2019,4,20,5,0,6,0,0,0,0,0,0,1,0,0,0,1,0
4,2018,7,16,3,5,3,0,1,0,0,1,0,0,0,0,0,2,0
3,2018,4,7,5,5,3,0,0,1,0,0,0,0,1,0,0,1,0
8,2020,8,7,6,3,6,2,1,1,0,0,0,0,0,0,1,1,0
7,2020,7,10,1,1,5,0,1,1,0,0,0,0,0,0,1,2,0
1,2021,6,20,6,5,3,1,1,1,0,0,0,0,0,0,1,1,0
1,2019,6,6,2,2,6,0,0,1,0,0,0,0,0,0,0,1,0
12,2021,7,15,6,5,2,0,1,1,0,0,0,0,0,0,1,2,1
11,2019,3,18,6,5,7,1,0,1,0,0,0,1,1,0,0,0,0
7,2019,1,19,2,6,4,2,0,0,1,0,0,1,1,0,0,1,0
4,2021,5,14,6,5,2,0,1,0,0,0,1,0,0,1,2,1,1
6,2018,10,14,7,5,2,0,0,1,0,0,0,0,0,0,0,1,0
8,2021,8,11,2,5,3,0,0,1,0,0,0,0,0,0,1,1,0
8,2019,1,10,4,2,6,0,0,1,0,0,0,0,1,0,0,1,0
1,2019,9,9,6,2,2,0,0,0,0,1,1,0,0,0,0,0,0
1,2018,11,19,6,5,3,2,0,1,0,0,0,0,0,0,0,0,0
5,2018,9,19,1,6,2,2,0,1,1,0,0,0,1,0,0,0,0
11,2021,4,15,2,5,3,0,0,1,0,0,0,0,0,1,2,1,1
12,2019,11,8,4,5,2,0,0,1,0,0,0,0,0,0,0,0,0
2,2019,5,11,6,2,6,0,0,0,0,0,1,0,0,0,0,0,1
6,2021,11,12,2,1,1,0,0,1,0,0,0,1,1,0,2,0,0
6,2021,7,4,7,0,1,2,0,1,0,1,0,0,0,0,1,2,0
7,2018,2,12,3,5,3,0,0,1,0,0,0,0,0,0,0,1,0
1,2019,7,20,7,5,3,1,1,1,0,0,0,0,1,0,0,2,0
2,2019,1,16,5,5,3,2,1,1,0,0,0,0,0,0,0,1,0
8,2018,1,17,1,1,5,2,1,1,0,0,0,0,0,0,0,0,0