BEZ,UJAHR,UMONAT,USTUNDE,UWOCHENTAG,UART,UTYP1,ULICHTVERH,IstRad,IstPKW,IstFuss,IstKrad,IstGkfz,IstSonstige,USTRZUSTAND,LOCKDOWN,COVID,FERIEN,UKATEGORIE
5,2018,9,11,7,5,3,0,0,1,0,0,0,0,0,0,0,0,0
4,2019,2,7,5,5,2,0,1,1,0,0,0,0,1,0,0,1,0
9,2018,4,12,5,0,4,0,1,0,1,0,0,0,0,0,0,1,0
1,2021,6,15,5,5,2,0,0,1,0,0,0,0,0,0,1,1,0
5,2020,8,12,5,3,6,0,0,1,0,0,1,1,0,0,1,1,1
3,2020,5,0,6,0,1,2,1,0,0,0,0,0,0,1,1,0,0
9,2019,8,12,6,5,3,0,1,0,0,0,0,1,0,0,0,0,0
5,2020,12,13,7,2,6,0,0,1,0,0,0,0,0,1,2,1,0
4,2019,4,19,6,6,4,0,1,0,1,0,0,0,0,0,0,1,1
3,2020,10,19,6,5,2,2,0,1,0,0,0,0,1,1,1,1,0
3,2019,6,16,6,6,4,0,0,1,1,0,0,0,0,0,0,1,0
8,2019,7,17,5,5,2,0,0,1,0,0,0,0,0,0,0,2,0
3,2019,4,20,4,0,6,2,1,1,0,0,0,0,0,0,0,1,0
11,2020,9,22,4,5,3,2,1,1,0,0,0,0,1,0,1,0,0
7,2020,1,21,6,5,3,2,1,1,0,0,0,0,0,0,0,1,0
10,2020,12,13,2,2,6,0,0,1,0,0,0,1,0,1,2,1,0
4,2021,6,17,2,5,3,0,1,1,0,0,0,0,0,0,1,1,0
8,2018,5,12,4,2,2,0,0,1,0,0,0,0,0,0,0,0,0
7,2019,5,14,5,5,2,0,1,1,0,0,0,0,0,0,0,0,0
4,2021,11,17,5,2,6,2,0,1,0,0,0,0,1,0,2,0,0
3,2019,5,9,3,2,6,0,0,1,0,1,0,0,0,0,0,0,0
11,2018,11,14,5,2,6,0,0,0,0,0,0,1,0,0,0,0,0
5,2019,4,22,4,5,3,2,0,1,0,0,0,1,0,0,0,1,1
1,2019,8,18,4,6,4,1,1,0,1,0,0,0,0,0,0,0,0
12,2019,3,19,4,5,2,2,0,1,0,0,0,0,0,0,0,0,0
2,2020,6,15,7,5,3,0,1,1,0,0,0,0,1,0,1,1,0
9,2018,7,14,7,0,2,0,1,1,0,0,0,0,0,0,0,2,0
11,2021,12,6,3,5,3,2,1,1,0,0,0,0,1,1,2,1,0
6,2019,8,16,2,2,6,0,1,1,0,0,0,0,0,0,0,0,0
3,2018,11,15,6,5,3,1,1,0,0,0,0,1,1,0,0,0,0
12,2019,1,7,2,5,3,0,0,1,0,0,0,1,1,0,0,1,0
3,2018,4,14,1,2,7,0,0,1,0,0,0,0,0,0,0,1,0
10,2020,9,15,2,5,3,0,0,1,0,0,0,0,0,0,1,0,0
10,2021,5,18,3,5,2,0,1,1,0,0,0,0,0,1,2,1,0
4,2021,9,7,4,5,3,0,0,1,0,1,0,0,0,0,1,0,0
6,2021,6,12,2,2,6,0,0,1,0,0,0,0,0,0,1,1,0
5,2020,1,8,3,2,6,0,0,1,0,0,0,0,1,0,0,1,0
4,2018,2,16,2,2,6,0,0,1,0,0,0,0,0,0,0,1,0
12,2018,10,10,6,5,2,0,0,1,0,0,0,1,0,0,0,1,0
7,2018,1,7,3,6,4,0,0,1,1,0,0,0,0,0,0,0,0
1,2020,5,10,2,6,7,0,0,0,1,0,0,1,0,1,1,0,0
8,2021,8,9,3,0,2,0,1,1,0,0,0,0,1,0,1,1,0
3,2019,1,17,3,2,2,1,0,1,0,0,1,0,1,0,0,1,0
3,2020,8,10,2,3,6,0,0,0,0,1,1,0,0,0,1,1,1
8,2020,4,18,6,2,6,0,0,1,0,0,0,0,0,1,2,1,0
2,2019,9,17,3,0,2,1,1,1,0,0,0,0,1,0,0,0,0
12,2018,5,1,3,9,1,2,0,1,0,0,0,0,0,0,0,0,0
3,2020,3,13,3,5,2,0,1,1,0,0,0,0,0,1,1,0,1
7,2018,12,23,7,6,2,2,0,1,1,0,0,0,1,0,0,1,0
11,2018,12,14,6,6,4,0,0,1,1,0,0,0,1,0,0,1,1
9,2019,6,14,7,0,1,0,1,0,0,0,0,0,0,0,0,1,0
4,2019,10,16,4,5,7,1,0,1,0,0,0,0,0,0,0,1,0
4,2019,6,8,5,0,1,0,1,0,0,0,0,0,0,0,0,1,1
4,2020,7,21,3,1,5,2,0,0,0,1,0,1,0,0,1,2,0
7,2021,10,16,2,7,7,0,1,0,0,0,0,0,0,0,1,1,1
4,2020,1,14,3,5,3,0,0,1,0,0,0,0,1,0,0,1,0
7,2021,9,16,4,0,5,0,0,1,0,1,0,0,1,0,1,0,0
6,2018,11,7,4,5,3,0,0,1,0,0,0,1,1,0,0,0,1
7,2018,6,22,7,5,3,2,1,1,0,0,0,0,1,0,0,0,0
2,2019,3,6,3,5,2,0,1,1,0,0,0,0,0,0,0,0,0
1,2019,6,11,2,3,6,0,0,1,0,1,0,0,0,0,0,1,0
4,2019,6,11,6,3,6,0,0,1,0,0,0,1,0,0,0,1,1
5,2021,12,8,4,5,2,0,0,1,0,0,0,0,0,1,2,1,1
9,2021,12,9,6,3,6,0,1,1,0,0,0,0,1,1,2,1,0
1,2018,6,16,7,0,4,0,0,0,1,0,0,1,0,0,0,0,1
4,2020,5,15,3,5,7,0,0,1,0,1,0,0,0,1,1,0,0
3,2021,10,18,1,2,2,1,0,1,0,1,0,0,0,0,1,1,0
5,2020,1,13,2,5,3,0,1,1,0,0,0,0,0,0,0,1,0
8,2020,7,14,6,2,7,0,0,0,0,1,0,1,0,0,1,2,0
4,2019,8,13,1,2,3,0,0,1,0,0,0,0,0,0,0,0,0
7,2019,5,9,6,0,7,0,0,1,0,0,0,0,0,0,0,0,1
3,2018,7,16,4,5,2,0,1,1,0,0,0,0,0,0,0,2,0
3,2018,1,14,3,5,3,0,1,1,0,0,0,0,0,0,0,0,0
7,2020,12,14,6,3,7,0,0,1,0,0,0,1,1,1,2,1,0
6,2021,2,15,6,5,3,0,0,1,0,0,0,0,0,1,2,1,0
6,2019,4,8,3,0,6,0,0,1,0,0,0,0,0,0,0,1,1
3,2021,1,5,6,3,2,2,1,0,0,0,0,1,0,1,2,0,0
1,2019,10,15,5,3,6,0,1,1,0,0,0,0,0,0,0,1,0
4,2021,5,14,3,5,7,0,0,1,0,0,0,0,0,1,2,1,0
1,2018,9,22,2,1,5,2,0,1,0,1,0,0,0,0,0,0,0
6,2020,8,15,5,2,6,0,0,1,0,1,0,0,0,0,1,1,0
7,2018,4,15,6,2,6,0,0,1,0,0,0,0,0,0,0,1,0
8,2018,9,0,5,1,5,1,0,1,0,0,0,1,0,0,0,0,0
1,2018,9,19,6,6,4,2,0,0,1,0,0,1,1,0,0,0,1
11,2018,8,6,5,0,1,0,1,0,0,0,0,0,0,0,0,1,0
6,2019,8,19,4,5,3,0,1,1,0,0,0,0,0,0,0,0,0
5,2020,4,14,7,2,6,0,0,1,0,1,0,1,0,1,2,1,0
3,2020,3,15,6,2,6,0,0,1,0,0,0,0,0,1,1,0,0
3,2019,10,19,1,5,7,2,1,0,0,0,0,1,1,0,0,1,0
12,2018,5,8,2,0,5,0,0,0,0,0,0,1,0,0,0,0,0
10,2019,10,8,2,5,3,0,1,1,0,0,0,0,0,0,0,1,0
4,2018,1,13,7,2,6,0,0,1,0,0,0,0,1,0,0,0,0
1,2020,9,7,6,5,2,0,1,1,0,0,0,0,1,0,1,0,1
5,2018,6,6,4,3,6,0,0,1,0,1,0,0,0,0,0,0,0
2,2019,6,12,5,0,3,0,1,0,0,0,1,0,0,0,0,1,0
11,2020,8,15,5,5,3,0,1,1,0,0,0,0,0,0,1,1,0
4,2020,4,16,5,0,7,0,1,1,0,0,0,0,1,1,2,1,0
10,2020,4,16,3,0,3,0,0,0,0,1,0,1,0,1,2,1,1
2,2018,5,8,4,3,2,0,1,1,0,0,0,0,0,0,0,0,0
10,2020,12,12,2,2,2,0,0,1,0,0,0,0,1,1,2,1,0
4,2021,12,11,5,5,3,0,1,0,0,0,0,1,0,1,2,1,0
1,2019,9,12,2,0,4,0,0,0,1,0,0,1,0,0,0,0,0
4,2018,5,11,4,5,7,0,0,0,0,0,1,1,0,0,0,0,0
2,2019,3,7,2,3,6,0,0,1,0,0,1,0,0,0,0,0,0
6,2020,1,17,5,0,6,2,0,1,0,0,0,1,0,0,0,1,1
9,2018,11,11,6,5,2,0,0,1,0,0,0,0,0,0,0,0,0
12,2021,4,17,4,5,3,0,0,1,0,0,0,0,0,1,2,1,0
8,2021,4,20,6,0,6,1,0,1,0,0,0,1,0,1,2,1,0
4,2020,4,11,3,3,6,0,0,1,0,0,1,0,0,1,2,1,1
11,2020,6,7,6,3,6,0,0,1,0,0,1,0,0,0,1,1,0
3,2020,7,14,7,5,2,0,1,1,0,0,0,0,0,0,1,2,0
2,2018,4,11,6,6,4,0,0,1,1,0,0,0,1,0,0,1,1
11,2019,11,10,5,6,2,0,0,0,1,0,1,0,0,0,0,0,0
1,2018,6,16,6,2,6,0,0,1,0,0,0,0,0,0,0,0,0
7,2019,6,12,3,6,7,0,0,1,1,0,0,0,0,0,0,1,0
2,2021,12,17,3,6,4,2,0,1,1,0,0,0,0,1,2,1,0
1,2018,5,8,3,2,6,0,0,1,0,1,0,0,0,0,0,0,0
9,2019,4,15,3,5,3,0,1,1,0,0,0,0,0,0,0,1,0
1,2018,8,9,3,2,6,0,0,1,0,1,0,0,0,0,0,1,0
12,2019,9,15,7,2,7,0,0,1,0,0,0,0,0,0,0,0,0
6,2019,6,8,5,5,2,0,0,1,0,0,0,0,0,0,0,1,1
2,2020,7,19,4,5,7,1,1,0,0,0,0,1,0,0,1,2,0
9,2020,5,8,3,2,6,0,0,1,0,0,0,0,0,1,1,0,0
3,2018,10,17,1,5,3,0,1,1,0,0,0,0,0,0,0,1,0
9,2019,8,9,4,5,2,0,1,1,0,0,0,0,0,0,0,0,0
10,2019,9,12,4,0,1,0,0,0,0,1,0,0,1,0,0,0,0
3,2020,6,17,2,5,3,0,1,0,0,0,0,0,0,0,1,1,0
8,2019,10,13,7,6,4,0,1,0,1,0,0,0,1,0,0,1,0
7,2021,11,17,7,6,4,2,0,0,1,0,0,1,1,0,2,0,0
6,2020,1,18,6,6,2,1,0,1,1,0,0,0,0,0,0,1,0
1,2021,4,17,3,5,3,0,1,1,0,0,0,0,1,1,2,1,0
2,2021,9,10,7,5,2,0,1,1,0,0,0,0,0,0,1,0,0
4,2019,10,16,4,5,2,0,0,1,0,1,0,0,1,0,0,1,0
11,2019,12,13,6,6,4,0,0,1,1,0,0,0,1,0,0,1,1
7,2020,5,20,6,0,6,2,0,1,0,1,0,0,1,1,1,0,0
4,2020,1,7,6,6,4,0,1,0,1,0,0,0,1,0,0,1,0
3,2019,5,14,4,2,6,0,0,0,0,0,1,1,0,0,0,0,0
6,2020,7,18,5,5,2,0,1,1,0,0,0,0,0,0,1,2,0
7,2020,6,15,2,0,2,0,1,1,0,0,0,0,1,0,1,1,0
2,2021,9,8,3,5,2,0,1,1,0,0,0,0,0,0,1,0,0
3,2019,4,17,4,1,1,0,0,0,0,1,1,0,0,0,0,1,0
3,2018,2,17,2,2,7,1,0,1,0,0,0,1,0,0,0,1,0
1,2018,10,7,5,5,2,0,1,1,0,0,0,0,1,0,0,1,0
9,2018,5,11,4,0,3,0,0,1,0,1,0,0,0,0,0,0,1
8,2021,2,15,3,2,6,0,0,1,0,0,0,1,0,1,2,1,0
6,2021,9,9,5,3,2,0,1,1,0,0,0,0,0,0,1,0,0
2,2018,12,21,5,6,2,2,0,0,1,0,0,1,0,0,0,1,0
1,2019,10,22,4,1,5,2,1,1,0,0,0,0,0,0,0,1,0
8,2021,8,9,6,5,3,0,0,1,0,1,0,0,0,0,1,1,0
1,2021,7,12,4,5,2,0,1,0,0,0,1,0,0,0,1,2,0
9,2019,2,16,4,2,6,0,0,1,0,0,0,1,0,0,0,1,0
7,2020,8,13,1,2,6,0,0,1,0,0,0,0,1,0,1,1,0
5,2020,8,7,7,5,3,0,1,1,0,0,0,0,0,0,1,1,0
7,2021,12,14,4,2,2,0,0,1,0,0,0,0,0,1,2,1,0
6,2019,9,14,6,5,3,0,0,1,0,1,0,0,1,0,0,0,0
2,2021,4,18,5,5,3,0,0,1,0,0,0,1,0,1,2,1,0
5,2020,8,17,1,0,1,0,1,0,0,0,0,0,1,0,1,1,0
4,2019,8,17,6,1,5,0,1,1,0,0,0,0,0,0,0,0,1
5,2021,4,16,6,5,2,0,0,1,0,1,0,0,0,1,2,1,1
4,2019,3,0,1,5,2,2,1,1,0,0,0,0,0,0,0,0,0
11,2018,10,16,2,3,6,0,0,1,0,0,0,1,0,0,0,1,0
3,2019,6,8,4,1,5,0,0,1,0,0,0,0,0,0,0,1,0
7,2021,11,17,4,5,3,2,0,1,0,1,0,0,0,0,2,0,0
4,2020,9,18,2,5,2,0,1,1,0,0,0,0,0,0,1,0,0
4,2021,3,8,3,5,2,0,1,1,0,0,0,0,0,0,2,0,0
1,2018,6,15,5,3,5,0,0,0,0,1,0,1,0,0,0,0,1
1,2019,2,20,6,5,3,2,1,1,0,0,0,0,0,0,0,1,1
12,2021,11,7,5,5,2,0,0,1,0,0,0,0,1,0,2,0,0
3,2019,4,9,2,0,2,0,0,1,0,0,0,1,1,0,0,1,0
1,2019,1,17,2,5,2,2,1,1,0,0,0,0,1,0,0,1,0
1,2018,10,8,3,0,2,0,0,0,0,1,0,1,0,0,0,1,0
1,2021,8,19,7,5,2,0,1,1,0,0,0,0,0,0,1,1,0
1,2021,11,6,6,0,7,1,0,1,0,0,0,1,1,0,2,0,0
2,2019,8,18,4,5,3,0,1,0,0,0,0,1,0,0,0,0,0
3,2020,2,17,6,5,3,2,0,1,0,0,0,0,1,0,0,1,0
1,2020,11,10,4,0,1,0,1,0,0,0,0,0,0,1,2,0,1
10,2020,7,8,4,0,5,0,0,1,0,0,0,0,0,0,1,2,0
5,2019,8,14,5,3,6,0,0,1,0,1,0,0,0,0,0,0,0
7,2021,4,15,6,0,4,0,0,0,1,0,0,1,0,1,2,1,0
2,2018,10,15,6,6,4,0,0,1,1,0,0,0,0,0,0,1,0
1,2019,7,9,5,5,3,0,1,1,0,0,0,0,0,0,0,2,0
4,2021,10,5,3,2,6,2,0,1,0,0,0,0,1,0,1,1,0
8,2018,4,12,2,1,5,0,1,1,0,0,0,1,0,0,0,1,0
7,2019,11,7,6,2,7,1,0,1,0,0,0,0,0,0,0,0,0
2,2021,9,12,4,5,2,0,1,1,0,0,0,0,0,0,1,0,0
1,2018,3,15,4,5,3,0,0,1,0,0,0,0,1,0,0,1,0
1,2021,8,18,6,5,3,0,0,1,0,1,0,0,0,0,1,1,0
2,2018,6,9,3,2,2,0,0,1,0,0,0,0,0,0,0,0,0
10,2020,12,12,3,5,3,0,0,1,0,0,0,0,0,1,2,1,1
9,2020,3,0,1,5,2,2,1,1,0,0,0,0,1,1,1,0,0
7,2020,9,18,5,5,3,0,0,1,0,1,0,0,0,0,1,0,0
1,2019,6,8,3,0,5,0,0,1,0,1,0,0,0,0,0,1,0
12,2021,10,17,1,2,6,0,0,1,0,0,0,0,0,0,1,1,0
5,2021,7,17,5,2,6,0,0,1,0,0,0,0,1,0,1,2,0
1,2018,9,22,3,0,3,2,0,1,0,1,0,0,0,0,0,0,0
11,2019,3,16,2,2,6,0,0,1,0,0,0,0,0,0,0,0,0
11,2021,2,22,2,5,2,2,0,1,0,0,0,0,0,1,2,1,1
4,2018,4,10,7,3,6,0,1,0,0,0,0,0,0,0,0,1,1
1,2018,4,21,7,0,1,2,1,0,0,0,0,0,0,0,0,1,0
1,2019,9,3,1,1,5,2,0,1,0,0,0,0,0,0,0,0,0
6,2019,9,8,5,2,6,0,0,1,0,0,1,0,0,0,0,0,0
10,2019,2,12,5,6,4,0,0,1,1,0,0,0,1,0,0,1,0
3,2019,10,17,3,5,3,0,1,1,0,0,0,0,0,0,0,1,1
9,2021,5,20,7,8,1,1,0,1,0,0,0,0,0,1,2,1,1
8,2018,5,23,1,6,4,2,0,1,1,0,0,0,0,0,0,0,1
2,2018,1,8,5,5,3,0,1,1,0,0,0,0,1,0,0,0,1
7,2018,9,10,7,2,7,0,1,1,0,0,0,0,0,0,0,0,0
12,2019,11,5,1,1,5,2,0,1,0,0,0,0,1,0,0,0,1
4,2020,10,19,7,1,5,2,0,1,0,0,0,0,0,1,1,1,1
4,2018,7,11,5,0,2,0,0,1,0,0,0,1,1,0,0,2,0
1,2019,3,21,4,0,6,2,0,1,0,1,0,0,0,0,0,0,0
9,2021,6,8,3,2,6,0,0,1,0,0,0,0,0,0,1,1,0
1,2018,5,9,5,0,3,0,1,1,0,0,0,0,0,0,0,0,0
10,2020,5,19,5,1,5,0,0,1,0,1,0,0,0,1,1,0,0
3,2019,4,16,6,6,4,0,0,1,1,0,0,0,0,0,0,1,0
2,2019,3,13,5,2,6,0,0,1,0,0,0,0,0,0,0,0,0
3,2018,5,15,6,5,2,0,1,1,0,0,0,0,0,0,0,0,0
8,2019,2,7,2,5,3,0,0,1,0,0,0,0,0,0,0,1,0
8,2018,7,3,1,0,7,2,1,0,0,0,0,0,0,0,0,2,0
9,2021,5,8,6,5,3,0,0,1,0,0,0,0,0,1,2,1,0
12,2020,2,14,2,5,3,0,0,1,0,0,0,0,1,0,0,1,0
9,2021,11,11,1,0,7,0,0,0,0,1,0,0,1,0,2,0,0
4,2020,11,11,7,2,2,0,0,1,0,0,0,0,0,1,2,0,1
2,2021,7,6,6,0,7,0,1,0,0,0,0,0,0,0,1,2,0
2,2021,7,15,2,3,6,0,1,0,0,0,0,0,0,0,1,2,1
9,2020,10,7,4,6,2,1,0,1,1,0,0,0,1,1,1,1,0
7,2018,6,9,7,2,4,0,0,1,1,1,0,0,0,0,0,0,0
5,2019,3,16,1,2,1,0,0,1,0,1,0,0,1,0,0,0,0
4,2019,10,17,4,2,6,0,0,1,0,1,0,0,0,0,0,1,0
12,2018,8,18,6,5,3,0,0,1,0,0,0,0,0,0,0,1,0
4,2021,8,8,6,0,6,0,0,0,0,1,0,1,0,0,1,1,0
6,2021,9,17,4,6,7,0,1,0,1,0,0,0,0,0,1,0,0
7,2020,10,19,3,2,6,2,0,1,0,0,0,0,1,1,1,1,0
1,2018,4,22,4,5,3,2,0,1,0,0,0,0,0,0,0,1,0
8,2018,5,14,1,6,4,0,0,1,1,0,0,0,0,0,0,0,1
5,2019,7,16,3,5,7,0,0,1,0,1,0,0,0,0,0,2,1
12,2019,7,15,4,1,7,0,0,1,0,0,0,1,0,0,0,2,1
1,2021,9,12,5,5,7,0,0,1,0,1,0,0,0,0,1,0,1
10,2018,4,12,5,5,3,0,1,1,0,0,0,0,0,0,0,1,0
5,2019,9,20,4,6,4,2,1,0,1,0,0,0,0,0,0,0,0
4,2019,10,18,4,5,5,2,0,1,0,1,0,0,0,0,0,1,1
4,2019,2,6,2,2,6,1,0,1,0,0,0,0,1,0,0,1,0
2,2020,7,10,6,0,7,0,1,0,0,0,0,0,0,0,1,2,0
1,2018,11,18,2,1,5,2,0,1,0,1,0,0,0,0,0,0,0
8,2020,4,10,6,5,7,0,0,1,0,1,0,0,0,1,2,1,0
10,2018,9,16,5,5,3,0,1,1,0,0,0,0,0,0,0,0,1
4,2018,2,17,2,5,3,1,0,1,0,0,0,0,1,0,0,1,1
7,2019,11,15,3,1,5,0,0,1,0,0,0,0,0,0,0,0,0
5,2020,11,14,2,1,5,0,1,1,0,0,0,0,0,1,2,0,0
12,2018,9,16,7,5,2,0,0,1,0,0,0,0,0,0,0,0,0
5,2019,10,14,2,2,6,0,0,1,0,0,0,0,0,0,0,1,1
2,2018,6,18,7,5,2,0,1,1,0,0,0,0,0,0,0,0,0
11,2019,1,12,1,5,3,0,0,1,0,0,0,0,1,0,0,1,0
5,2020,8,15,6,2,6,0,0,1,0,0,0,1,0,0,1,1,0
2,2019,8,9,3,3,2,0,0,0,0,1,1,0,0,0,0,0,0
12,2020,3,11,5,2,6,0,0,1,0,0,0,0,0,1,1,0,0
4,2018,6,3,5,6,4,2,0,1,1,0,0,0,0,0,0,0,0
11,2021,3,7,4,0,1,0,0,0,0,1,0,0,2,0,2,0,0
5,2019,11,7,2,5,2,0,0,1,0,0,0,1,1,0,0,0,0
4,2019,8,12,5,2,6,0,0,1,0,0,0,1,0,0,0,0,0
11,2021,9,12,7,1,5,0,1,1,0,0,0,0,0,0,1,0,0
1,2019,7,13,5,6,6,0,1,0,1,0,0,0,0,0,0,2,0
11,2021,9,17,3,5,2,0,0,1,0,1,0,0,0,0,1,0,0
6,2019,7,2,3,3,6,2,0,1,0,0,0,1,0,0,0,2,0
5,2020,5,19,5,6,7,0,0,1,1,0,0,0,0,1,1,0,1
5,2021,10,17,6,5,3,0,1,1,0,0,0,0,0,0,1,1,0
1,2018,8,18,5,0,7,0,0,0,0,1,0,1,1,0,0,1,1
8,2018,5,16,3,0,1,0,0,1,0,0,0,0,0,0,0,0,0
6,2019,11,14,3,1,5,0,0,1,0,0,0,0,0,0,0,0,1
3,2021,8,8,4,3,6,0,1,1,0,0,0,0,0,0,1,1,0
9,2019,3,5,4,2,6,2,1,0,0,0,0,1,0,0,0,0,0
4,2018,2,2,3,2,6,2,0,1,0,0,0,0,0,0,0,1,0
7,2019,3,23,4,9,1,2,0,1,0,1,0,0,1,0,0,0,1
12,2018,12,16,5,6,4,2,0,1,1,0,0,0,1,0,0,1,0
1,2018,6,9,6,5,2,0,1,1,0,0,0,0,0,0,0,0,0
4,2021,9,15,6,5,2,0,1,1,0,0,0,0,0,0,1,0,1
8,2019,12,23,7,0,1,2,1,0,0,0,0,0,0,0,0,1,1
8,2020,1,15,6,5,3,1,0,1,0,0,0,0,1,0,0,1,0
12,2019,6,6,3,2,6,0,0,1,0,0,0,0,0,0,0,1,0
7,2020,7,16,5,3,6,0,0,1,0,1,0,0,0,0,1,2,1
1,2019,1,5,1,5,3,2,0,1,0,0,0,0,1,0,0,1,0
1,2021,9,7,4,5,3,0,1,0,0,0,0,1,0,0,1,0,0
3,2021,9,7,3,5,2,0,0,1,0,1,0,0,0,0,1,0,0
9,2018,1,6,2,5,3,2,1,1,0,0,0,0,0,0,0,0,0
8,2021,8,17,2,5,3,0,0,1,0,0,0,0,1,0,1,1,0
11,2019,7,2,4,0,1,2,1,0,0,0,0,0,0,0,0,2,0
4,2021,5,8,3,5,2,0,0,0,0,1,1,0,0,1,2,1,0
7,2020,10,15,2,0,7,0,1,0,0,0,0,0,1,1,1,1,0
12,2019,5,17,7,5,3,0,0,1,0,0,0,0,1,0,0,0,0
3,2019,3,14,6,5,3,0,0,1,0,0,0,0,1,0,0,0,0
5,2018,1,13,1,1,5,0,0,1,0,0,0,0,1,0,0,0,1
9,2021,9,16,3,5,3,0,1,1,0,0,0,0,0,0,1,0,0
6,2019,9,10,4,2,2,0,0,1,0,0,0,0,1,0,0,0,0
2,2018,4,9,2,2,6,0,0,1,0,0,0,0,0,0,0,1,0
3,2021,7,13,5,5,2,0,0,1,0,0,0,0,0,0,1,2,0
7,2018,11,17,3,5,3,2,0,0,0,1,0,1,0,0,0,0,0
12,2019,1,21,5,0,1,2,0,0,0,1,0,0,0,0,0,1,1
3,2020,6,15,2,2,6,0,1,0,0,0,0,0,0,0,1,1,0
1,2018,3,19,6,3,6,2,1,1,0,0,0,0,0,0,0,1,0
11,2018,11,6,7,6,4,2,0,1,1,0,0,0,0,0,0,0,1
11,2020,1,5,2,5,3,2,0,1,0,0,0,0,0,0,0,1,0
2,2018,4,22,2,3,6,2,0,1,0,1,0,1,0,0,0,1,0
3,2018,11,14,4,5,3,0,0,1,0,0,0,1,0,0,0,0,0
4,2021,2,10,4,5,2,0,0,1,0,0,0,0,1,1,2,1,0
5,2019,12,15,4,9,1,0,0,1,0,0,0,0,0,0,0,1,1
11,2018,10,11,3,5,3,0,1,1,0,0,0,0,0,0,0,1,0
1,2019,9,14,5,2,3,0,0,1,0,1,0,0,0,0,0,0,0
9,2018,5,13,2,0,1,0,1,0,0,0,0,0,0,0,0,0,0
3,2020,9,2,5,6,2,2,0,1,1,0,0,0,1,0,1,0,0
7,2021,2,12,7,1,5,0,1,1,0,0,0,0,1,1,2,1,0
1,2018,2,6,3,5,2,0,0,1,0,0,0,1,2,0,0,1,0
6,2018,1,7,5,6,4,2,0,1,1,0,0,0,1,0,0,0,1
9,2018,11,10,4,5,3,0,0,1,0,0,0,0,0,0,0,0,0
2,2021,7,19,7,5,5,0,1,1,0,0,0,0,0,0,1,2,0
5,2020,3,15,7,4,1,0,0,1,0,1,0,0,0,1,1,0,0
8,2018,10,0,1,6,4,2,0,1,1,0,0,0,0,0,0,1,0
7,2018,4,9,1,3,6,0,0,1,0,0,0,0,0,0,0,1,0
6,2018,8,10,4,2,7,0,0,1,0,0,0,0,0,0,0,1,0
10,2018,11,12,1,0,2,0,0,0,1,1,0,0,0,0,0,0,0
2,2021,9,4,1,5,3,2,1,1,0,0,0,0,0,0,1,0,0
7,2021,10,15,1,5,3,0,0,1,0,1,0,0,0,0,1,1,0
4,2018,6,0,7,3,6,2,0,1,0,0,0,0,0,0,0,0,1
12,2021,5,13,7,0,1,0,0,0,0,0,0,1,0,1,2,1,1
3,2019,8,15,3,5,3,0,1,1,0,0,0,0,0,0,0,0,0
5,2020,4,16,4,5,2,0,1,1,0,0,0,0,0,1,2,1,0
1,2020,5,20,5,0,1,1,1,0,0,0,0,0,0,1,1,0,0
1,2018,6,12,6,5,2,0,1,1,0,0,0,0,0,0,0,0,1
2,2021,10,8,5,0,7,0,0,0,0,1,0,1,1,0,1,1,0
2,2018,3,8,5,3,6,0,1,1,0,0,0,0,0,0,0,1,0
8,2018,10,20,3,6,2,2,0,1,1,0,0,0,1,0,0,1,0
7,2018,3,17,6,2,2,1,0,1,0,0,0,0,2,0,0,1,0
1,2018,9,14,3,2,6,0,0,1,0,0,0,0,0,0,0,0,0
1,2019,3,1,6,3,6,2,0,1,0,0,0,0,0,0,0,0,0
12,2018,6,6,6,5,2,0,0,1,0,0,0,0,0,0,0,0,0
4,2019,7,20,4,1,1,0,0,1,0,0,0,0,0,0,0,2,1
8,2020,1,15,2,5,7,0,0,1,0,0,0,0,0,0,0,1,0
1,2021,6,10,5,5,3,0,0,1,0,1,0,0,0,0,1,1,1
12,2020,6,12,2,3,6,0,1,0,0,0,0,0,0,0,1,1,0
2,2019,4,17,2,1,5,0,1,0,0,0,0,1,0,0,0,1,0
1,2018,1,5,3,5,2,2,0,1,0,0,0,0,2,0,0,0,0
4,2019,5,15,5,5,5,0,0,0,0,1,0,1,1,0,0,0,0
11,2021,7,13,4,0,1,0,0,0,0,1,0,0,1,0,1,2,0
3,2018,9,18,3,3,6,0,0,0,0,1,0,0,0,0,0,0,0
12,2020,12,7,2,2,2,1,0,1,0,0,0,1,0,1,2,1,0
1,2019,5,10,6,5,3,0,0,1,0,0,0,0,0,0,0,0,0
1,2018,8,10,1,1,5,0,1,1,0,0,0,0,0,0,0,1,0
12,2019,8,3,1,0,1,2,1,0,0,0,0,0,0,0,0,0,0
1,2019,8,14,5,5,2,0,1,0,0,0,0,1,0,0,0,0,0
3,2020,3,16,3,6,4,0,1,0,1,0,0,0,0,1,1,0,0
10,2019,9,15,5,5,3,0,1,1,0,0,0,0,0,0,0,0,0
4,2020,12,0,7,2,6,2,0,1,0,0,0,0,0,1,2,1,0
5,2019,1,17,1,5,3,2,0,1,0,0,0,0,1,0,0,1,0
8,2018,8,15,3,3,6,0,1,1,0,0,0,0,0,0,0,1,0
1,2018,9,20,4,3,6,2,0,1,0,1,0,0,0,0,0,0,0
4,2019,11,16,2,2,3,2,1,1,0,0,0,0,0,0,0,0,0
1,2019,6,8,5,5,2,0,1,1,0,0,0,0,0,0,0,1,0