BEZ,UJAHR,UMONAT,USTUNDE,UWOCHENTAG,UART,UTYP1,ULICHTVERH,IstRad,IstPKW,IstFuss,IstKrad,IstGkfz,IstSonstige,USTRZUSTAND,LOCKDOWN,COVID,FERIEN,UKATEGORIE
2,2019,7,19,3,3,6,0,0,1,0,0,0,0,0,0,0,2,0
9,2018,12,16,6,5,3,1,1,1,0,0,0,0,1,0,0,1,0
1,2019,6,11,3,6,4,0,0,1,1,0,0,0,0,0,0,1,0
5,2018,9,14,1,5,2,0,0,1,0,0,0,0,0,0,0,0,0
6,2020,6,15,2,2,6,0,0,1,0,0,0,0,0,0,1,1,0
4,2020,10,11,3,0,1,0,0,0,0,1,0,0,0,1,1,1,0
2,2020,6,19,4,5,2,0,1,1,0,0,0,0,0,0,1,1,0
12,2021,1,9,3,2,6,0,0,1,0,0,0,0,2,1,2,0,0
8,2019,11,17,6,2,6,2,0,1,0,0,0,0,1,0,0,0,0
4,2019,5,20,2,6,4,2,0,1,1,0,0,0,0,0,0,0,1
6,2019,11,17,4,5,3,2,1,1,0,0,0,0,1,0,0,0,0
11,2018,5,11,5,2,6,0,0,1,0,0,0,1,0,0,0,0,0
12,2019,8,17,4,5,2,0,1,1,0,0,0,0,0,0,0,0,0
12,2021,6,7,4,4,5,0,0,1,0,0,0,0,0,0,1,1,1
1,2020,1,9,5,1,5,0,1,1,0,0,0,0,0,0,0,1,0
5,2021,5,21,7,5,2,1,1,1,0,0,0,0,0,1,2,1,0
1,2018,10,19,4,6,4,2,0,1,1,0,0,0,0,0,0,1,1
2,2020,8,22,6,2,6,2,0,1,0,0,0,1,0,0,1,1,0
12,2019,6,12,7,5,7,0,0,1,0,0,0,0,0,0,0,1,0
11,2018,8,11,2,0,1,0,0,0,0,1,0,0,0,0,0,1,0
8,2018,4,14,3,5,3,0,1,1,0,0,0,0,0,0,0,1,0
4,2019,9,9,2,5,2,0,0,1,0,0,0,0,1,0,0,0,0
4,2020,9,18,3,5,2,0,0,1,0,0,0,0,0,0,1,0,0
1,2020,7,8,3,5,2,0,1,0,0,1,0,0,0,0,1,2,0
5,2018,4,11,2,0,7,0,1,0,0,0,0,0,0,0,0,1,0
12,2019,6,14,2,5,2,0,0,0,0,0,0,1,0,0,0,1,0
1,2021,10,12,4,0,1,0,1,0,0,0,0,0,0,0,1,1,0
8,2019,3,15,3,6,4,0,0,1,1,0,0,0,1,0,0,0,0
8,2021,9,11,1,3,6,0,0,1,0,1,0,0,0,0,1,0,0
2,2021,12,18,2,0,6,2,0,1,0,1,0,0,1,1,2,1,0
5,2019,7,13,1,2,6,0,0,1,0,0,0,0,0,0,0,2,0
9,2021,10,11,5,6,7,0,0,1,1,0,0,0,0,0,1,1,1
4,2018,9,15,7,1,5,0,1,1,0,0,0,0,0,0,0,0,0
3,2019,9,20,6,5,2,2,0,1,0,1,0,0,0,0,0,0,1
1,2018,6,9,4,2,6,0,0,1,0,0,0,0,0,0,0,0,0
11,2020,11,8,2,0,6,0,0,1,0,1,0,0,1,1,2,0,0
1,2019,12,17,2,5,3,2,0,1,0,1,0,0,0,0,0,1,0
2,2018,10,7,2,0,7,0,1,0,0,0,0,1,0,0,0,1,0
3,2019,12,12,1,2,6,0,0,1,0,0,0,0,0,0,0,1,0
1,2019,4,19,3,6,4,0,0,1,1,0,0,0,0,0,0,1,0
5,2019,1,21,6,8,1,2,0,1,0,0,0,0,1,0,0,1,0
11,2018,5,14,6,5,3,0,1,1,0,0,0,0,0,0,0,0,0
5,2021,10,7,4,2,3,0,1,1,0,0,0,0,1,0,1,1,0
6,2019,8,14,6,5,2,0,0,1,0,1,0,0,0,0,0,0,0
1,2019,9,17,5,5,3,0,1,0,0,0,0,0,1,0,0,0,0
6,2019,3,17,2,6,4,0,0,1,1,0,0,0,0,0,0,0,0
2,2019,7,16,4,2,6,0,1,0,0,0,0,0,0,0,0,2,0
3,2018,6,23,1,6,2,2,0,1,1,0,0,0,0,0,0,0,0
1,2020,9,7,6,2,6,0,0,1,0,0,0,0,1,0,1,0,0
7,2020,1,17,4,5,2,2,0,1,0,0,0,1,0,0,0,1,0
11,2020,12,14,4,1,7,0,0,1,1,0,0,0,1,1,2,1,0
7,2019,4,14,2,6,4,0,0,1,1,0,0,0,0,0,0,1,0
9,2019,6,15,6,5,3,0,1,1,0,0,0,0,0,0,0,1,0
7,2018,1,10,6,6,6,0,0,1,1,0,0,0,0,0,0,0,0
6,2020,11,9,2,6,4,0,1,0,1,0,0,0,0,1,2,0,0
10,2021,12,10,5,2,1,0,0,1,0,0,0,0,2,1,2,1,0
3,2018,8,11,5,2,6,0,0,1,0,0,1,1,1,0,0,1,0
3,2018,12,13,6,0,7,0,0,1,0,0,0,1,1,0,0,1,1
8,2020,8,13,2,5,3,0,0,1,0,1,0,0,0,0,1,1,0
4,2018,1,20,6,6,4,2,0,1,1,0,0,0,0,0,0,0,0
9,2021,6,17,5,5,3,0,1,1,0,0,0,0,0,0,1,1,0
9,2018,4,22,1,8,1,2,0,1,0,0,0,0,1,0,0,1,0
8,2019,12,19,6,2,6,2,0,1,0,0,0,0,1,0,0,1,0
9,2019,3,0,1,1,5,2,0,1,0,0,0,0,0,0,0,0,1
2,2020,9,7,6,5,3,0,0,1,0,1,0,0,1,0,1,0,0
3,2021,5,13,6,5,3,0,1,0,0,0,0,1,0,1,2,1,0
4,2019,8,10,2,2,2,0,1,1,0,0,0,0,0,0,0,0,0
3,2018,12,17,4,5,3,2,0,1,0,0,0,0,0,0,0,1,0
2,2018,5,19,5,5,3,1,1,1,0,0,0,0,0,0,0,0,0
12,2018,4,14,6,1,5,0,0,1,0,0,0,0,0,0,0,1,1
9,2021,9,12,5,3,6,0,0,1,0,0,0,0,0,0,1,0,0
3,2018,10,6,6,5,3,2,0,1,0,0,0,1,0,0,0,1,0
2,2020,2,5,7,5,3,2,0,1,0,0,0,0,1,0,0,1,0
6,2019,10,12,4,2,6,0,0,1,0,0,0,0,0,0,0,1,0
4,2020,10,11,3,1,5,0,1,1,0,0,0,0,0,1,1,1,0
12,2019,8,14,6,5,7,0,0,1,0,1,0,0,0,0,0,0,0
12,2018,7,15,2,6,3,0,0,1,1,0,0,0,0,0,0,2,1
3,2019,10,11,7,5,3,0,0,1,0,0,0,0,1,0,0,1,0
3,2019,2,14,5,2,2,0,1,1,0,0,0,0,0,0,0,1,0
1,2019,8,14,1,6,2,0,1,0,1,0,0,0,0,0,0,0,0
11,2021,7,14,2,6,4,0,0,0,1,0,0,1,0,0,1,2,0
9,2021,11,16,2,5,3,1,0,1,0,1,0,0,0,0,2,0,1
5,2020,8,16,6,5,3,0,1,1,0,0,0,0,0,0,1,1,0
2,2020,4,11,7,0,7,0,1,0,1,0,0,0,0,1,2,1,0
2,2018,9,9,3,5,3,0,1,1,0,0,0,0,0,0,0,0,0
1,2018,8,12,5,5,2,0,1,0,0,1,0,0,0,0,0,1,0
1,2019,6,9,4,5,3,0,1,1,0,0,0,0,0,0,0,1,0
6,2021,6,8,3,6,7,0,0,1,1,0,0,0,0,0,1,1,0
1,2021,11,21,5,5,3,2,1,0,0,0,0,1,1,0,2,0,0
1,2021,7,19,4,1,5,0,1,1,0,0,0,0,0,0,1,2,0
1,2021,7,18,5,5,2,1,0,1,0,1,0,0,0,0,1,2,1
11,2020,12,17,2,5,2,2,1,1,0,0,0,0,0,1,2,1,0
10,2018,4,13,2,6,4,0,0,1,1,0,0,0,0,0,0,1,0
4,2020,5,17,2,5,5,0,1,1,0,0,0,0,1,1,1,0,0
12,2018,9,11,5,0,1,0,0,0,0,1,0,0,1,0,0,0,0
8,2018,10,16,2,5,3,0,0,1,0,1,0,0,0,0,0,1,0
9,2018,9,15,6,5,2,0,1,1,0,0,0,0,0,0,0,0,0
3,2018,8,10,6,5,2,0,1,0,0,0,0,1,0,0,0,1,0
2,2020,3,18,5,3,6,2,1,0,0,0,0,0,0,1,1,0,0
8,2019,6,17,1,0,6,0,0,1,0,1,0,0,0,0,0,1,0
6,2021,7,18,2,2,6,0,0,1,0,0,0,0,0,0,1,2,0
8,2021,4,12,4,4,5,0,1,1,0,0,0,0,0,1,2,1,0
11,2019,10,19,3,2,6,2,0,1,0,0,0,0,0,0,0,1,0
1,2018,8,2,2,6,4,2,0,1,1,0,0,0,0,0,0,1,1
1,2020,10,0,5,0,1,2,0,0,0,0,0,1,1,1,1,1,0
3,2021,10,10,5,1,5,0,1,1,0,0,0,0,0,0,1,1,0
8,2021,6,19,7,0,1,0,1,0,0,0,0,1,0,0,1,1,0
9,2020,11,13,4,5,3,0,1,1,0,0,0,0,0,1,2,0,0
2,2019,6,13,4,5,2,0,0,1,0,0,0,0,0,0,0,1,0
5,2020,8,16,4,1,5,0,1,1,0,0,0,0,0,0,1,1,0
9,2019,8,18,1,5,2,0,1,1,0,0,0,0,0,0,0,0,0
7,2021,10,12,1,0,2,0,0,1,0,1,0,0,0,0,1,1,0
4,2018,12,12,4,5,3,0,0,1,0,1,0,0,0,0,0,1,1
6,2018,8,11,7,2,2,0,0,1,0,0,0,0,0,0,0,1,0
12,2018,9,16,5,2,7,0,0,1,0,0,0,1,0,0,0,0,0
3,2019,12,17,5,5,3,2,0,1,0,0,0,0,1,0,0,1,1
5,2020,9,10,6,0,6,0,0,1,0,0,0,1,0,0,1,0,0
1,2019,8,12,7,0,1,0,0,0,0,1,0,0,0,0,0,0,0
7,2020,3,11,4,5,2,0,1,1,0,0,0,0,0,1,1,0,0
2,2020,6,16,4,5,2,0,1,1,0,0,0,0,0,0,1,1,0
4,2020,12,15,3,2,6,0,0,1,0,0,1,0,1,1,2,1,0
9,2019,11,8,6,5,2,0,1,0,0,0,0,0,0,0,0,0,1
7,2019,4,13,3,6,6,0,1,0,1,0,0,0,0,0,0,1,1
5,2021,7,20,7,2,6,0,0,1,0,0,0,1,0,0,1,2,0
7,2018,6,9,4,6,2,0,0,1,1,0,0,0,0,0,0,0,0
9,2018,9,20,6,8,1,2,0,0,0,1,0,0,0,0,0,0,1
3,2019,3,8,3,5,3,0,1,1,0,0,0,0,0,0,0,0,0
11,2021,12,19,5,6,4,2,0,1,1,0,0,0,0,1,2,1,0
10,2020,3,9,3,0,1,0,1,0,0,0,0,0,0,1,1,0,1
11,2018,1,10,7,2,6,0,0,1,0,0,0,0,0,0,0,0,0
2,2018,5,19,4,3,6,0,0,1,0,1,0,0,0,0,0,0,0
12,2019,9,16,6,5,2,0,1,1,0,0,0,0,1,0,0,0,0
11,2020,6,14,4,5,7,0,0,1,0,0,0,1,0,0,1,1,0
4,2020,2,12,6,3,6,0,0,1,0,0,1,0,0,0,0,1,0
1,2019,10,16,4,1,5,0,1,1,0,0,0,0,0,0,0,1,0
6,2019,5,20,6,1,5,0,0,1,0,1,0,0,0,0,0,0,0
1,2019,10,22,7,5,2,1,1,1,0,0,0,0,0,0,0,1,1
7,2019,6,16,2,3,6,0,0,1,0,1,0,0,0,0,0,1,0
3,2019,4,9,2,5,3,0,0,1,0,0,0,0,0,0,0,1,0
12,2020,8,13,5,5,3,0,1,1,0,0,0,0,0,0,1,1,0
2,2018,11,0,5,2,6,2,0,1,0,0,0,0,0,0,0,0,0
1,2018,8,15,6,1,5,0,0,1,0,1,0,0,0,0,0,1,0
3,2019,2,19,6,2,6,2,0,1,0,1,0,0,0,0,0,1,0
8,2020,10,22,3,1,5,2,0,1,0,1,0,0,1,1,1,1,0
2,2020,8,10,2,3,2,0,1,0,0,0,1,0,0,0,1,1,0
8,2018,4,6,5,2,6,0,0,1,0,0,0,0,0,0,0,1,0
3,2019,8,10,2,3,6,0,1,0,0,0,0,0,0,0,0,0,0
2,2018,5,12,4,1,5,0,1,1,0,0,0,0,0,0,0,0,1
1,2021,6,12,2,6,2,0,0,1,1,0,0,0,0,0,1,1,1
7,2021,1,22,4,1,5,2,1,1,0,0,0,0,0,1,2,0,0
1,2018,11,17,1,9,1,1,0,0,0,1,0,0,0,0,0,0,0
2,2019,6,19,2,5,2,0,1,0,0,1,0,0,0,0,0,1,0
3,2020,3,19,1,5,3,2,1,1,0,0,0,0,0,1,1,0,0
6,2019,12,7,6,5,2,0,1,1,0,0,0,0,0,0,0,1,0
3,2020,12,12,5,2,6,0,0,1,0,0,0,0,0,1,2,1,0
11,2018,6,15,3,2,6,0,1,0,0,0,0,1,0,0,0,0,0
2,2020,3,0,7,0,1,2,0,0,0,0,0,1,0,1,1,0,0
1,2020,7,5,6,0,7,0,0,0,0,1,0,0,1,0,1,2,0
10,2019,11,16,5,5,3,2,1,1,0,0,0,0,1,0,0,0,0
2,2020,8,8,3,5,2,0,1,1,0,0,0,0,1,0,1,1,0
4,2018,4,17,3,5,2,0,0,1,0,0,0,1,0,0,0,1,0
7,2019,5,19,2,2,6,0,0,1,0,0,0,1,1,0,0,0,0
10,2019,5,14,2,5,3,0,0,1,0,0,0,0,0,0,0,0,0
7,2018,7,9,4,0,7,0,0,0,0,1,0,0,1,0,0,2,0
11,2019,10,12,4,6,4,0,1,0,1,0,0,0,1,0,0,1,0
9,2019,6,12,2,2,6,0,0,1,0,1,0,0,0,0,0,1,0
9,2021,2,16,2,6,4,1,1,0,1,0,0,0,1,1,2,1,0
1,2020,9,15,4,0,3,0,1,0,0,0,0,1,0,0,1,0,0
12,2020,1,13,6,2,6,0,0,1,0,0,0,1,0,0,0,1,0
10,2018,10,9,6,2,1,0,1,1,0,0,0,0,0,0,0,1,0
4,2019,6,7,3,5,3,0,0,1,0,0,0,1,0,0,0,1,0
5,2019,8,16,7,0,1,0,1,0,0,0,0,0,0,0,0,0,1
2,2021,12,16,4,5,2,1,0,1,0,1,0,0,0,1,2,1,0
12,2019,12,18,6,6,4,2,0,1,1,0,0,0,1,0,0,1,0
3,2019,8,7,2,5,2,0,0,1,0,1,0,0,0,0,0,0,0
12,2019,11,19,5,5,3,2,0,1,0,0,0,1,1,0,0,0,0
2,2019,3,16,3,6,4,0,0,1,1,0,0,0,0,0,0,0,1
7,2021,5,8,4,2,2,0,0,1,0,0,0,0,0,1,2,1,0
7,2019,1,18,6,1,5,2,1,1,0,0,0,0,1,0,0,1,0
4,2019,5,12,7,5,2,0,1,1,0,0,0,0,0,0,0,0,0
3,2019,6,15,3,2,6,0,0,1,0,0,0,0,0,0,0,1,0
10,2020,12,15,4,5,2,0,1,0,0,0,1,0,0,1,2,1,0
5,2018,10,16,4,5,3,0,0,1,0,0,0,1,0,0,0,1,0
8,2019,9,9,4,5,3,0,0,1,0,1,0,0,0,0,0,0,1
7,2019,4,1,7,0,3,2,0,1,0,0,0,1,0,0,0,1,0
3,2018,10,21,3,0,1,2,0,0,0,1,0,0,1,0,0,1,0
6,2020,8,17,5,5,2,0,0,1,0,0,0,0,0,0,1,1,0
4,2019,11,17,6,3,6,2,0,1,0,0,0,0,1,0,0,0,0
1,2019,4,8,3,5,3,0,0,1,0,0,0,0,0,0,0,1,0
8,2021,7,9,5,3,6,0,1,0,0,0,0,0,0,0,1,2,0
11,2021,10,11,7,6,4,0,0,0,1,0,0,1,0,0,1,1,0
11,2021,6,17,4,5,3,0,1,1,0,0,0,0,0,0,1,1,0
7,2018,11,18,3,2,6,2,0,1,0,0,0,0,0,0,0,0,0
3,2018,9,10,6,5,2,0,1,1,0,0,0,0,0,0,0,0,0
3,2020,11,6,6,2,2,1,0,1,0,0,0,0,0,1,2,0,0
10,2018,8,15,2,2,6,0,0,1,0,0,0,0,0,0,0,1,0
2,2018,5,22,3,5,3,2,1,1,0,0,0,0,0,0,0,0,0
7,2019,6,16,3,0,2,0,1,1,0,0,0,0,0,0,0,1,0
1,2018,11,12,5,6,4,0,0,1,1,0,0,0,0,0,0,0,0
6,2021,9,16,3,2,6,0,0,1,0,0,0,0,0,0,1,0,0
3,2021,3,14,6,5,2,0,0,1,0,0,0,1,1,0,2,0,0
3,2020,1,17,4,1,5,2,0,1,0,0,0,1,1,0,0,1,0
3,2018,2,14,4,6,4,0,0,1,1,0,0,0,0,0,0,1,1
12,2021,10,15,2,3,6,0,0,0,0,1,0,1,0,0,1,1,0
11,2018,11,10,3,2,6,0,0,1,0,0,0,0,0,0,0,0,0
12,2020,9,9,6,5,2,0,1,0,0,0,0,1,1,0,1,0,0
9,2020,6,13,6,0,2,0,0,1,0,0,0,1,0,0,1,1,1
11,2018,5,9,5,2,2,0,0,1,0,0,0,0,0,0,0,0,0
4,2019,7,14,2,5,2,0,0,0,0,0,1,1,0,0,0,2,0
4,2018,11,17,4,3,6,2,0,1,0,1,0,0,0,0,0,0,0
6,2019,6,15,6,0,1,0,0,0,0,1,0,0,0,0,0,1,0
11,2020,11,10,7,6,4,0,0,1,1,0,0,0,0,1,2,0,0
7,2020,12,13,7,1,5,0,1,1,0,0,0,0,0,1,2,1,0
1,2019,10,16,3,5,3,0,0,1,0,0,0,1,0,0,0,1,0
8,2020,8,14,5,2,6,0,0,1,0,0,0,0,0,0,1,1,0
1,2020,1,8,2,5,2,0,1,0,0,0,1,0,1,0,0,1,0
9,2020,6,16,1,5,3,0,1,1,0,0,0,0,0,0,1,1,0
1,2018,10,19,1,5,3,2,0,1,0,1,0,0,0,0,0,1,0
4,2020,10,18,2,2,6,1,0,1,0,0,0,0,1,1,1,1,1
6,2018,1,11,2,5,7,0,1,1,0,0,0,0,0,0,0,0,0
4,2021,8,21,4,0,1,2,0,0,0,0,0,1,1,0,1,1,0
11,2020,7,7,5,0,2,0,1,1,0,0,0,0,0,0,1,2,0
9,2018,11,19,6,0,2,2,1,0,0,0,1,0,1,0,0,0,0
8,2020,9,15,6,2,6,0,0,1,0,0,0,0,0,0,1,0,0
7,2019,7,22,3,0,7,2,0,0,0,1,0,0,0,0,0,2,0
8,2020,4,16,1,0,1,0,0,0,0,1,0,0,0,1,2,1,1
2,2018,9,17,6,5,2,0,1,1,0,0,0,0,0,0,0,0,0
7,2021,6,23,6,3,6,2,1,1,0,0,0,0,0,0,1,1,0
2,2018,9,15,7,6,4,0,1,0,1,0,0,0,0,0,0,0,0
8,2018,10,7,4,5,3,0,0,1,0,0,0,0,0,0,0,1,0
1,2021,5,8,4,5,3,0,1,1,0,0,0,0,0,1,2,1,0
6,2021,5,5,2,1,5,0,0,1,0,1,0,0,0,1,2,1,1
3,2021,9,14,4,3,6,0,0,0,0,1,0,1,0,0,1,0,0
7,2020,2,18,2,0,6,2,0,1,0,1,0,0,1,0,0,1,1
5,2020,12,7,2,6,2,2,0,1,1,0,0,0,1,1,2,1,0
8,2020,6,9,6,1,5,0,1,1,0,0,0,0,1,0,1,1,0
2,2019,7,12,2,5,7,0,0,1,0,1,0,0,0,0,0,2,0
9,2020,10,20,7,5,2,1,0,1,0,0,0,0,0,1,1,1,0
5,2021,9,15,7,2,6,0,0,1,0,0,0,0,0,0,1,0,0
1,2019,6,11,5,4,6,0,1,1,0,0,0,0,0,0,0,1,0
3,2021,5,13,6,6,4,0,0,1,1,0,0,0,0,1,2,1,0
12,2021,1,13,5,5,3,0,0,1,0,0,0,0,1,1,2,0,0
1,2018,6,18,2,5,2,0,0,1,0,0,0,0,0,0,0,0,0
3,2019,9,8,7,6,4,0,1,0,1,0,0,0,0,0,0,0,0
7,2018,12,17,3,2,3,2,0,1,0,0,0,1,1,0,0,1,0
9,2019,7,10,2,3,6,0,0,1,0,0,1,0,0,0,0,2,0
7,2019,12,6,3,5,2,2,0,1,0,0,0,0,1,0,0,1,0
11,2021,9,17,3,0,1,0,1,0,0,0,0,0,0,0,1,0,0
4,2018,5,20,2,2,6,0,0,0,0,0,0,1,0,0,0,0,0
11,2020,11,16,3,3,5,1,0,1,0,0,0,0,0,1,2,0,0
1,2020,8,16,4,2,6,0,0,1,0,1,0,0,0,0,1,1,1
11,2020,5,13,4,0,2,0,1,0,0,0,1,0,0,1,1,0,0
2,2019,3,12,3,5,2,0,1,0,0,0,0,1,1,0,0,0,0
3,2021,8,17,1,6,4,0,0,1,1,0,0,0,0,0,1,1,0
9,2019,6,6,2,0,3,0,1,1,0,0,0,0,0,0,0,1,0
6,2018,6,8,7,5,3,0,0,1,0,0,0,0,1,0,0,0,1
11,2019,9,8,3,0,6,0,1,1,0,0,0,0,0,0,0,0,0
9,2021,12,21,1,5,2,2,1,1,0,0,0,0,0,1,2,1,0
10,2020,10,13,7,2,6,0,0,1,0,0,0,0,0,1,1,1,0
4,2018,3,13,6,2,6,0,0,1,0,0,1,0,0,0,0,1,0
2,2021,9,12,4,5,3,0,0,1,0,1,0,0,0,0,1,0,0
3,2021,3,13,6,5,2,0,1,1,0,0,0,0,0,0,2,0,1
1,2019,1,8,4,2,6,0,1,1,0,0,0,0,1,0,0,1,0
7,2018,7,15,3,1,5,0,1,1,0,0,0,0,0,0,0,2,0
5,2018,8,12,5,5,2,0,0,1,0,0,0,0,0,0,0,1,0
7,2020,3,13,5,5,2,0,0,1,0,0,0,1,0,1,1,0,0
2,2020,12,14,6,3,6,0,0,1,0,1,0,0,0,1,2,1,0
3,2021,4,11,5,5,3,0,0,1,0,0,0,0,0,1,2,1,1
9,2019,9,19,6,5,2,1,1,1,0,0,0,0,0,0,0,0,0
1,2018,9,9,6,2,6,0,1,1,0,0,0,0,0,0,0,0,0
9,2021,11,15,3,2,6,0,0,1,0,0,0,0,0,0,2,0,0
9,2021,2,16,6,5,7,1,0,0,0,0,0,1,1,1,2,1,0
1,2018,11,1,7,0,1,2,1,0,0,0,0,0,0,0,0,0,0
9,2018,9,8,4,0,2,0,1,0,0,1,0,0,0,0,0,0,0
1,2019,11,10,5,5,7,0,1,1,0,0,0,0,0,0,0,0,0
11,2018,10,17,2,5,3,0,1,1,0,0,0,0,1,0,0,1,1
7,2021,5,9,3,6,2,0,1,0,1,0,0,0,0,1,2,1,0
6,2020,7,15,3,2,6,0,0,1,0,0,0,0,0,0,1,2,0
8,2020,2,7,2,5,3,0,1,1,0,0,0,0,1,0,0,1,0
12,2019,9,21,6,4,6,2,1,1,0,0,0,0,0,0,0,0,0
2,2021,4,13,5,5,3,0,1,1,0,0,0,0,0,1,2,1,0
12,2021,6,7,2,5,3,0,0,1,0,0,0,0,0,0,1,1,0
10,2019,1,16,4,5,3,2,0,1,0,0,0,0,1,0,0,1,0
4,2019,1,9,2,5,2,0,0,1,0,1,0,0,1,0,0,1,0
2,2021,2,17,2,2,6,2,0,1,0,0,0,0,2,1,2,1,0
3,2020,5,17,7,5,2,0,1,1,0,0,0,0,0,1,1,0,0
1,2020,7,10,3,5,3,0,1,1,0,0,0,0,0,0,1,2,0
10,2020,2,8,4,5,3,0,1,1,0,0,0,0,0,0,0,1,0
12,2018,9,19,6,5,3,2,0,1,0,0,0,0,0,0,0,0,0
8,2020,4,9,2,5,2,0,1,1,0,0,0,0,0,1,2,1,0
5,2018,6,13,4,0,7,0,1,0,0,0,0,0,0,0,0,0,0
9,2018,2,9,6,5,2,0,1,0,0,0,1,0,0,0,0,1,0
8,2018,12,7,2,5,3,1,1,1,0,0,0,0,1,0,0,1,1
9,2019,6,15,5,6,7,0,1,0,1,0,0,0,0,0,0,1,0
1,2020,11,10,3,5,2,0,1,0,0,0,0,1,0,1,2,0,0
1,2018,9,19,3,0,2,0,1,1,0,0,0,0,0,0,0,0,0
2,2020,12,6,4,6,2,2,0,1,1,0,0,0,1,1,2,1,0
2,2020,8,19,5,2,6,0,0,1,0,0,0,0,0,0,1,1,0
2,2021,12,11,7,2,6,0,0,1,0,0,0,1,1,1,2,1,0
6,2018,9,15,1,2,1,0,0,1,0,0,0,0,0,0,0,0,0
5,2018,6,10,6,0,4,0,0,0,1,0,0,1,0,0,0,0,0
2,2020,10,10,6,2,6,0,0,1,0,1,0,0,1,1,1,1,1
3,2018,1,6,5,5,2,2,0,1,0,0,0,0,0,0,0,0,0
5,2019,4,11,3,1,1,0,0,1,0,1,0,0,0,0,0,1,0
7,2018,4,10,2,2,6,0,0,1,0,0,0,0,0,0,0,1,0
1,2019,1,16,3,6,4,0,1,0,1,0,0,0,0,0,0,1,0
11,2019,11,18,5,6,4,2,0,0,1,0,0,1,0,0,0,0,1
3,2018,8,8,2,3,6,0,1,0,0,0,0,0,0,0,0,1,0
12,2018,1,14,6,2,6,0,0,1,0,0,0,0,1,0,0,0,0
9,2019,4,10,2,5,3,0,1,1,0,0,0,0,0,0,0,1,0
7,2019,5,8,5,0,1,0,1,0,0,0,0,0,0,0,0,0,0
2,2018,5,23,3,0,7,2,0,1,0,1,0,0,0,0,0,0,0
7,2018,7,17,6,1,5,0,0,1,0,0,0,0,0,0,0,2,0
7,2020,3,16,1,6,4,0,0,1,1,0,0,0,0,1,1,0,0
11,2021,1,9,3,5,3,0,1,1,0,0,0,0,1,1,2,0,0
8,2021,5,16,2,5,2,0,1,1,0,0,0,0,0,1,2,1,0
12,2021,5,12,2,5,2,0,0,1,0,1,0,0,0,1,2,1,0
9,2020,2,15,7,2,6,0,0,1,0,0,0,0,0,0,0,1,0
11,2021,11,18,5,6,4,2,0,1,1,0,0,0,1,0,2,0,0
2,2020,7,20,3,5,3,0,1,1,0,0,0,0,0,0,1,2,0
11,2020,4,16,4,5,7,0,0,1,0,0,0,1,0,1,2,1,0
12,2018,7,11,6,1,5,0,1,1,0,0,0,0,0,0,0,2,0
10,2020,6,11,7,2,6,0,0,1,0,0,0,0,0,0,1,1,0
8,2020,11,8,2,5,3,0,0,1,0,0,0,0,1,1,2,0,0
12,2021,10,11,6,5,3,0,0,1,0,0,0,0,0,0,1,1,0
11,2018,10,7,6,5,3,0,0,1,0,0,0,0,0,0,0,1,0
1,2018,5,19,4,5,3,0,1,0,0,0,0,0,0,0,0,0,1
5,2019,1,11,7,2,6,0,0,1,0,0,0,1,1,0,0,1,0
5,2021,7,9,5,5,2,0,0,1,0,0,0,0,0,0,1,2,0
12,2018,3,20,6,5,3,2,1,1,0,0,0,0,0,0,0,1,0
8,2020,12,16,7,6,7,1,0,1,1,0,0,0,0,1,2,1,0
9,2018,7,17,2,4,6,0,1,0,0,0,0,0,0,0,0,2,1
3,2021,8,13,6,5,2,0,1,1,0,0,0,0,0,0,1,1,0
2,2021,2,11,5,2,6,0,0,1,0,1,0,0,1,1,2,1,0
12,2019,10,9,4,3,6,0,0,1,0,0,0,0,0,0,0,1,0
5,2019,8,20,2,2,2,0,1,0,0,0,0,0,0,0,0,0,0
11,2020,2,7,4,5,2,0,1,0,0,0,0,1,1,0,0,1,0
4,2021,7,18,2,6,7,0,0,1,1,0,0,0,0,0,1,2,0
5,2021,7,12,7,2,6,0,0,1,0,0,0,0,0,0,1,2,0
4,2021,2,12,1,3,6,0,0,1,0,0,0,0,2,1,2,1,0
3,2020,2,18,5,2,6,1,0,1,0,0,0,0,1,0,0,1,0
11,2019,8,20,3,5,2,1,1,1,0,0,0,0,0,0,0,0,0
7,2019,7,16,7,5,3,0,0,1,0,0,0,0,0,0,0,2,1
1,2019,6,8,6,5,2,0,1,0,0,0,0,1,0,0,0,1,0
6,2021,7,15,1,6,7,0,1,0,1,0,0,0,0,0,1,2,0
5,2021,5,15,4,2,6,0,0,1,0,0,0,0,0,1,2,1,0
6,2019,9,6,6,3,6,0,0,1,0,0,0,0,0,0,0,0,0
12,2019,2,11,1,5,2,0,0,1,0,0,0,0,1,0,0,1,0
4,2019,6,22,4,5,2,2,0,1,0,0,0,0,0,0,0,1,0
8,2019,6,9,3,1,5,0,1,1,0,0,0,0,0,0,0,1,0
12,2020,9,10,2,6,3,0,0,1,1,0,0,0,0,0,1,0,0
6,2019,10,13,7,2,2,0,0,1,0,0,0,0,0,0,0,1,0
1,2020,3,19,5,5,2,2,0,1,0,0,0,1,0,1,1,0,0
7,2018,11,8,3,6,4,2,0,1,1,0,0,0,1,0,0,0,0