BEZ,UJAHR,UMONAT,USTUNDE,UWOCHENTAG,UART,UTYP1,ULICHTVERH,IstRad,IstPKW,IstFuss,IstKrad,IstGkfz,IstSonstige,USTRZUSTAND,LOCKDOWN,COVID,FERIEN,UKATEGORIE
8,2021,3,17,1,5,2,1,0,1,0,0,0,0,0,0,2,0,0
3,2020,2,8,4,5,2,0,0,1,0,0,0,0,1,0,0,1,0
8,2018,11,15,1,0,1,0,0,1,0,0,0,0,1,0,0,0,0
8,2021,3,14,3,1,5,0,1,1,0,0,0,0,0,0,2,0,0
3,2021,11,12,6,0,2,0,1,1,0,0,0,0,1,0,2,0,0
4,2019,11,17,6,1,5,2,1,1,0,0,0,0,1,0,0,0,0
6,2020,5,13,3,5,3,0,1,1,0,0,0,0,0,1,1,0,0
12,2018,7,14,1,5,3,0,0,1,0,1,0,0,0,0,0,2,1
2,2018,9,14,3,3,6,0,0,1,0,0,1,0,0,0,0,0,0
3,2021,9,15,2,4,6,0,1,0,0,0,0,0,0,0,1,0,0
1,2018,10,18,7,6,7,1,0,1,1,0,0,0,0,0,0,1,0
3,2020,10,14,7,0,1,0,1,0,0,0,0,0,0,1,1,1,1
7,2021,6,14,7,5,7,0,1,0,0,0,1,0,0,0,1,1,1
10,2018,11,16,5,5,2,2,1,1,0,0,0,0,0,0,0,0,0
7,2018,5,18,2,5,3,0,0,1,0,1,0,0,0,0,0,0,0
4,2021,5,15,2,2,6,0,0,1,0,1,0,0,0,1,2,1,0
3,2019,7,6,6,6,2,0,0,0,1,0,1,0,0,0,0,2,0
11,2021,4,16,4,5,3,0,1,1,0,0,0,0,0,1,2,1,0
7,2021,12,8,6,4,1,1,1,1,0,0,0,0,2,1,2,1,0
8,2019,10,14,4,2,6,0,0,1,0,0,0,0,1,0,0,1,0
6,2020,5,16,5,3,2,0,0,1,0,1,0,0,0,1,1,0,0
6,2018,5,13,4,6,4,0,1,0,1,0,0,0,0,0,0,0,0
1,2019,11,17,4,5,3,2,1,1,0,0,0,0,1,0,0,0,0
9,2021,4,12,3,0,7,0,0,1,0,0,0,1,0,1,2,1,0
3,2019,9,7,2,2,7,0,0,1,0,1,0,0,0,0,0,0,0
4,2020,5,17,6,6,2,0,0,1,1,0,0,0,0,1,1,0,1
2,2018,9,15,4,5,2,0,1,1,0,0,0,0,0,0,0,0,0
2,2018,4,17,4,6,4,0,0,1,1,0,0,0,0,0,0,1,0
1,2021,5,21,1,0,1,1,1,0,0,0,0,0,0,1,2,1,0
2,2018,12,18,4,0,1,2,0,0,0,1,0,0,1,0,0,1,0
7,2019,11,17,4,2,6,2,0,1,0,0,0,0,0,0,0,0,0
12,2020,9,22,4,5,2,2,1,1,0,0,0,0,0,0,1,0,1
1,2020,9,17,3,3,6,0,1,0,0,0,0,0,0,0,1,0,0
5,2020,6,10,6,1,7,0,0,1,0,0,0,0,0,0,1,1,0
7,2018,12,18,4,0,2,2,0,1,0,1,0,0,0,0,0,1,0
7,2020,6,18,3,0,2,0,0,1,1,0,0,0,0,0,1,1,0
12,2021,9,20,7,2,6,2,1,1,0,0,0,0,0,0,1,0,0
3,2021,10,15,3,2,6,0,0,1,0,0,0,1,0,0,1,1,0
2,2019,9,15,2,1,5,0,1,1,0,0,0,0,0,0,0,0,0
6,2018,11,7,4,5,2,0,0,1,0,0,0,0,1,0,0,0,0
4,2020,4,15,5,5,2,0,0,1,0,0,0,0,0,1,2,1,0
2,2021,8,22,1,8,1,2,0,1,0,0,0,0,0,0,1,1,0
2,2018,6,15,3,5,2,0,0,1,1,1,0,0,0,0,0,0,0
7,2020,8,15,2,2,6,0,0,1,0,0,0,0,0,0,1,1,0
12,2020,1,12,6,5,2,0,1,0,0,0,1,0,0,0,0,1,1
12,2018,6,15,6,5,2,0,1,1,0,0,0,0,0,0,0,0,0
2,2018,11,7,3,2,6,0,0,1,0,0,0,0,1,0,0,0,0
7,2018,5,14,4,1,1,0,1,1,0,0,0,0,1,0,0,0,0
8,2021,3,16,6,2,6,0,0,1,0,0,0,0,0,0,2,0,0
1,2018,6,8,6,0,7,0,0,0,1,0,0,1,0,0,0,0,0
7,2020,1,7,3,1,5,0,1,1,0,0,0,0,1,0,0,1,0
4,2018,4,13,7,0,3,0,1,0,0,0,0,0,0,0,0,1,0
4,2021,5,22,6,2,2,2,0,1,0,0,0,0,0,1,2,1,0
7,2021,4,16,5,2,6,0,0,1,0,1,0,0,1,1,2,1,0
5,2021,3,11,7,2,6,0,0,1,0,0,0,0,1,0,2,0,1
7,2021,11,11,7,0,3,0,0,1,0,1,0,0,0,0,2,0,0
1,2018,9,18,1,5,3,1,0,1,0,0,1,0,1,0,0,0,0
7,2021,9,17,4,0,7,0,1,0,0,0,0,0,0,0,1,0,1
4,2021,7,14,6,4,6,0,0,1,0,0,0,0,0,0,1,2,0
12,2020,9,1,7,3,6,2,1,1,0,0,0,0,0,0,1,0,0
6,2020,3,10,2,2,1,0,1,0,0,0,1,0,0,1,1,0,0
8,2019,9,7,2,5,3,0,0,1,0,0,0,0,1,0,0,0,0
1,2018,12,14,4,1,5,0,0,1,0,0,0,1,0,0,0,1,1
8,2021,8,18,6,5,3,0,1,1,0,0,0,0,0,0,1,1,0
4,2019,3,7,6,3,6,0,1,1,0,0,0,0,0,0,0,0,0
4,2021,8,12,2,0,1,0,0,0,0,1,0,0,0,0,1,1,0
1,2020,12,17,2,2,6,2,0,1,0,0,0,0,0,1,2,1,0
10,2021,4,17,5,5,2,0,0,1,0,0,0,0,0,1,2,1,0
12,2021,5,18,6,5,3,0,0,1,0,0,0,1,1,1,2,1,0
9,2020,8,15,6,1,5,0,1,1,0,0,0,0,0,0,1,1,0
1,2018,11,12,3,5,2,0,1,0,0,0,0,1,0,0,0,0,0
1,2021,9,15,5,5,3,0,0,1,0,0,0,1,0,0,1,0,1
3,2020,8,15,4,5,3,0,1,1,0,0,0,0,0,0,1,1,0
6,2018,12,6,3,6,2,2,0,1,1,0,0,0,1,0,0,1,1
1,2021,8,12,5,5,3,0,0,1,0,1,0,0,0,0,1,1,1
3,2021,9,12,5,5,2,0,1,1,0,0,0,0,0,0,1,0,0
7,2018,1,22,7,5,3,2,0,1,0,0,0,0,0,0,0,0,0
8,2018,9,13,5,3,2,0,1,1,0,0,0,0,0,0,0,0,0
2,2018,10,15,4,6,4,0,0,0,1,1,0,0,0,0,0,1,0
1,2018,7,4,2,0,1,1,1,0,0,0,0,0,0,0,0,2,1
8,2018,5,17,2,5,2,0,1,1,0,0,0,0,0,0,0,0,0
4,2019,7,18,3,3,6,0,0,1,0,0,0,0,0,0,0,2,0
1,2020,10,10,3,6,2,0,0,1,1,0,0,0,0,1,1,1,0
5,2018,1,13,2,6,2,0,0,1,1,0,0,0,0,0,0,0,1
1,2020,11,20,6,0,4,2,0,0,1,1,0,0,1,1,2,0,0
5,2021,3,10,3,5,3,0,0,1,0,0,0,1,0,0,2,0,0
2,2018,8,15,6,5,2,0,1,1,0,0,0,0,0,0,0,1,0
1,2019,6,22,4,2,6,2,0,1,0,0,0,0,0,0,0,1,1
2,2019,6,9,6,5,3,0,1,1,0,0,0,0,0,0,0,1,0
9,2020,2,22,1,0,7,2,1,0,0,0,0,0,1,0,0,1,1
12,2019,9,11,2,3,6,0,0,1,0,0,0,0,0,0,0,0,0
3,2019,11,18,6,2,6,2,0,1,0,0,0,0,0,0,0,0,0
12,2019,4,17,2,2,6,0,0,1,0,0,0,1,0,0,0,1,0
7,2021,8,16,3,5,3,0,1,0,0,0,0,0,0,0,1,1,0
6,2018,9,14,4,5,3,0,1,1,0,0,0,0,0,0,0,0,0
1,2019,7,16,2,2,7,0,0,1,0,0,0,0,0,0,0,2,0
3,2018,5,20,6,2,6,2,0,1,0,1,0,0,0,0,0,0,0
1,2019,12,18,6,5,3,2,1,1,0,0,0,0,0,0,0,1,1
11,2018,5,17,3,5,7,0,1,1,0,0,0,0,0,0,0,0,0
3,2020,2,8,4,4,6,0,0,1,0,1,0,0,0,0,0,1,1
7,2019,6,19,5,2,6,0,0,1,0,0,0,0,0,0,0,1,0
1,2020,7,18,3,0,6,0,1,1,0,0,0,0,0,0,1,2,0
2,2020,11,13,5,5,3,0,0,1,0,0,0,1,0,1,2,0,0
2,2018,7,16,2,4,1,0,1,1,0,0,0,0,0,0,0,2,0
6,2019,1,8,2,5,2,0,0,1,0,0,0,0,1,0,0,1,1
4,2020,6,23,6,0,1,2,0,0,0,0,0,1,1,0,1,1,0
11,2019,5,8,4,0,2,0,0,0,0,0,1,1,0,0,0,0,0
9,2018,6,8,6,5,2,0,0,1,0,1,0,0,0,0,0,0,0
8,2018,12,17,1,6,4,2,0,1,1,0,0,0,1,0,0,1,1
5,2018,9,17,6,6,4,0,0,1,1,0,0,0,1,0,0,0,1
3,2021,10,16,4,2,6,1,0,1,0,0,0,0,0,0,1,1,0
4,2020,5,18,6,5,2,0,0,1,0,0,0,0,0,1,1,0,0
7,2018,8,9,5,5,3,0,1,1,0,0,0,0,0,0,0,1,0
12,2021,12,7,4,3,6,1,0,1,0,0,1,0,1,1,2,1,0
3,2019,7,22,6,5,3,2,1,1,0,0,0,0,0,0,0,2,0
3,2019,7,10,3,5,2,0,1,1,0,0,0,0,0,0,0,2,0
7,2018,5,7,4,5,3,0,0,1,0,0,0,0,0,0,0,0,0
10,2018,2,11,1,6,4,0,0,1,1,0,0,0,1,0,0,1,1
3,2021,10,12,7,2,6,0,1,1,0,0,0,0,0,0,1,1,0
9,2020,2,14,6,0,7,0,0,0,1,0,0,1,0,0,0,1,0
1,2019,5,16,6,5,2,0,0,1,0,0,0,1,0,0,0,0,0
5,2019,11,5,5,5,2,2,1,1,0,0,0,0,1,0,0,0,0
2,2019,11,15,4,6,4,0,0,1,1,0,0,0,1,0,0,0,0
5,2020,7,17,3,2,2,0,0,0,0,1,0,1,0,0,1,2,0
4,2018,10,17,4,6,4,1,1,0,1,0,0,0,0,0,0,1,0
1,2020,6,18,3,5,3,0,0,1,0,0,0,0,0,0,1,1,0
2,2020,3,15,5,5,3,0,1,1,0,0,0,0,0,1,1,0,0
4,2020,10,15,1,1,5,0,1,1,0,0,0,0,0,1,1,1,0
3,2020,11,14,5,0,3,0,1,1,0,0,0,0,1,1,2,0,0
7,2019,5,13,7,1,5,0,0,1,0,0,0,0,0,0,0,0,1
4,2018,4,9,6,3,6,0,0,1,0,0,1,0,0,0,0,1,0
5,2020,10,16,6,2,4,0,0,1,1,0,0,1,1,1,1,1,0
1,2021,9,17,7,0,1,0,0,0,0,0,0,1,0,0,1,0,0
5,2020,9,18,1,2,7,0,0,1,0,0,0,0,1,0,1,0,0
4,2019,10,19,7,1,5,2,1,1,0,0,0,0,1,0,0,1,0
7,2019,8,19,6,6,7,0,0,1,1,0,0,0,0,0,0,0,0
5,2018,9,17,2,2,6,0,0,1,0,0,0,1,0,0,0,0,0
1,2018,4,14,7,6,4,0,0,1,1,0,0,0,0,0,0,1,0
1,2019,10,11,3,5,3,0,1,0,0,1,0,0,0,0,0,1,0
1,2021,12,8,6,2,6,0,0,1,0,0,0,0,2,1,2,1,0
11,2020,7,13,2,5,3,0,1,1,0,0,0,0,0,0,1,2,0
6,2020,1,17,4,5,3,2,0,1,0,1,0,0,0,0,0,1,1
1,2020,8,18,2,1,5,2,1,1,0,0,0,0,0,0,1,1,1
10,2018,7,14,7,5,3,0,0,1,0,0,0,0,0,0,0,2,0
12,2020,9,15,4,4,6,0,0,1,0,0,0,0,0,0,1,0,0
1,2018,1,20,4,6,2,2,0,1,1,0,0,0,1,0,0,0,0
2,2019,7,19,7,5,3,0,0,1,0,0,0,1,1,0,0,2,0
2,2018,11,18,4,0,7,2,1,0,0,0,0,0,1,0,0,0,0
12,2018,12,14,3,6,2,0,0,1,1,0,0,0,1,0,0,1,0
3,2018,6,13,5,0,6,0,0,1,0,1,0,0,1,0,0,0,0
4,2021,3,0,2,6,4,2,0,1,1,0,0,0,0,0,2,0,0
1,2020,8,8,3,1,5,0,1,1,0,0,0,0,0,0,1,1,0
1,2018,7,8,2,5,2,0,1,1,0,0,0,0,0,0,0,2,1
3,2021,8,15,3,5,3,0,0,1,0,0,0,1,0,0,1,1,0
9,2019,3,13,6,5,2,0,1,1,0,0,0,0,0,0,0,0,0
4,2020,2,13,6,5,7,0,0,1,0,0,0,0,1,0,0,1,0
5,2019,10,8,2,2,2,0,0,1,0,0,0,0,0,0,0,1,0
10,2019,12,18,4,1,6,2,1,1,0,0,0,0,0,0,0,1,0
1,2021,12,7,5,0,6,2,0,1,0,1,0,0,1,1,2,1,0
2,2018,10,18,2,5,3,1,0,1,0,0,0,0,1,0,0,1,0
3,2019,6,11,4,4,6,0,0,1,0,0,1,0,0,0,0,1,1
4,2021,6,16,3,5,2,0,1,1,0,0,0,0,0,0,1,1,0
1,2019,1,14,3,5,2,0,1,1,0,0,0,0,1,0,0,1,1
12,2019,9,7,3,2,7,0,0,1,0,0,0,0,0,0,0,0,0
6,2021,4,15,4,0,6,0,0,1,0,1,0,0,0,1,2,1,1
2,2021,6,12,4,5,3,0,1,0,0,0,0,1,0,0,1,1,0
11,2019,6,21,7,0,1,1,1,1,0,0,0,0,0,0,0,1,0
5,2021,10,19,3,5,2,2,0,1,0,0,0,0,1,0,1,1,0
1,2021,8,14,2,5,3,0,1,1,0,0,0,0,0,0,1,1,0
7,2018,6,16,4,5,2,0,0,1,0,0,0,0,0,0,0,0,0
6,2019,9,17,4,1,7,0,0,1,0,0,0,0,0,0,0,0,0
2,2019,4,12,6,6,6,0,1,0,1,0,0,0,0,0,0,1,0
1,2019,4,10,4,6,2,0,1,0,1,0,0,0,0,0,0,1,0
1,2018,7,16,2,0,4,0,0,0,1,1,0,0,0,0,0,2,1
7,2021,4,11,6,5,2,0,0,1,0,0,0,0,0,1,2,1,0
6,2018,11,18,4,0,6,2,0,1,0,0,0,1,0,0,0,0,0
2,2020,8,22,7,5,3,2,0,1,0,1,0,0,0,0,1,1,1
12,2018,5,17,5,1,5,0,0,1,0,0,0,1,0,0,0,0,0
6,2019,6,10,6,5,3,0,0,1,0,0,0,0,0,0,0,1,0
6,2021,7,14,6,5,3,0,1,0,0,0,0,1,0,0,1,2,1
3,2018,12,7,5,0,3,2,1,1,0,0,0,0,0,0,0,1,0
1,2018,9,23,2,3,6,2,1,0,0,1,0,0,0,0,0,0,0
7,2021,9,15,7,0,1,0,0,0,0,1,0,0,0,0,1,0,0
1,2021,5,17,7,0,2,0,1,1,0,0,0,0,0,1,2,1,0
10,2019,1,12,6,9,1,0,0,1,0,0,0,0,2,0,0,1,0
12,2018,5,6,5,5,2,0,0,1,0,1,0,0,0,0,0,0,0
6,2020,11,16,3,5,2,1,1,1,0,0,0,0,1,1,2,0,0
4,2018,3,17,1,0,6,1,0,1,0,1,0,0,0,0,0,1,0
7,2021,8,13,4,2,6,0,0,1,0,0,0,0,0,0,1,1,0
1,2020,5,13,7,1,5,0,0,1,0,1,0,0,0,1,1,0,0
8,2019,12,16,2,6,2,2,0,1,1,0,0,0,1,0,0,1,0
1,2020,3,13,1,0,1,0,0,0,0,1,0,0,1,1,1,0,0
11,2020,10,8,5,5,3,0,1,1,0,0,0,0,0,1,1,1,0
1,2021,12,15,1,6,2,2,0,1,1,0,0,0,1,1,2,1,0
4,2019,5,15,1,6,4,0,1,0,1,0,0,0,0,0,0,0,0
9,2018,8,18,1,2,6,0,0,1,0,1,0,0,0,0,0,1,1
9,2021,9,15,5,5,2,0,1,1,0,0,0,0,0,0,1,0,0
5,2019,1,8,3,6,6,0,0,1,1,0,0,0,0,0,0,1,0
4,2020,12,9,5,9,7,0,0,1,0,0,0,0,0,1,2,1,0
9,2019,6,10,4,2,6,0,0,1,0,0,0,0,0,0,0,1,0
4,2019,9,16,2,5,2,0,0,1,0,1,0,0,0,0,0,0,0
7,2019,11,12,4,2,6,0,0,1,0,0,1,0,1,0,0,0,0
4,2019,12,17,4,0,7,2,0,0,0,1,0,0,0,0,0,1,0
12,2018,9,17,5,5,2,0,1,1,0,0,0,0,0,0,0,0,1
2,2019,6,17,6,5,3,0,0,1,0,0,0,0,0,0,0,1,0
1,2019,9,16,6,5,2,0,1,1,0,0,0,0,0,0,0,0,0
1,2018,1,7,4,3,6,1,0,1,0,0,1,0,1,0,0,0,0
1,2020,11,9,6,6,7,0,0,1,1,0,0,0,0,1,2,0,0
9,2018,10,2,7,9,1,2,0,1,0,0,0,0,0,0,0,1,1
10,2019,5,15,2,2,6,0,0,1,0,0,0,0,0,0,0,0,0
3,2020,12,7,6,2,2,0,0,1,0,0,0,0,0,1,2,1,0
1,2019,8,16,6,5,3,0,0,1,0,0,0,1,0,0,0,0,0
11,2020,9,15,2,5,3,0,1,1,0,0,0,0,0,0,1,0,0
12,2019,9,15,3,6,4,0,0,1,1,0,0,0,0,0,0,0,0
9,2021,6,18,6,0,2,0,0,1,0,0,0,1,0,0,1,1,0
7,2018,7,14,2,3,6,0,1,1,0,0,0,0,0,0,0,2,0
5,2018,4,11,7,5,2,0,0,1,0,1,0,0,0,0,0,1,0
3,2020,5,19,1,5,3,0,0,1,0,0,0,0,1,1,1,0,0
1,2020,8,14,3,5,2,0,1,0,0,0,0,1,0,0,1,1,0
6,2018,7,7,6,5,2,0,1,0,0,0,1,0,0,0,0,2,1
1,2018,1,11,3,0,2,0,0,1,0,0,0,1,0,0,0,0,0
2,2019,8,16,7,2,7,0,0,1,0,0,0,1,0,0,0,0,0
4,2018,1,10,5,2,6,0,0,1,0,1,0,0,1,0,0,0,0
8,2018,9,20,1,5,3,2,1,1,0,0,0,0,0,0,0,0,0
1,2020,12,16,6,0,3,2,0,0,0,0,0,1,0,1,2,1,0
8,2019,9,15,3,0,2,0,1,1,0,0,0,0,0,0,0,0,0
11,2018,11,6,3,2,6,1,1,1,0,0,0,0,0,0,0,0,0
4,2018,4,18,2,2,6,0,0,1,0,0,0,0,0,0,0,1,0
11,2020,2,16,2,0,2,0,0,1,0,0,0,1,0,0,0,1,0
11,2019,11,7,3,0,1,0,1,0,0,0,0,0,1,0,0,0,0
9,2020,6,12,3,3,6,0,1,1,0,0,0,0,0,0,1,1,1
12,2019,10,9,4,0,2,0,0,0,0,1,1,0,0,0,0,1,0
12,2018,9,15,3,5,3,0,1,0,0,1,0,0,0,0,0,0,1
12,2019,8,8,6,5,2,0,1,1,0,0,0,0,0,0,0,0,0
10,2021,12,0,3,5,2,2,0,1,0,0,0,0,0,1,2,1,0
3,2019,6,21,5,5,3,2,0,1,0,0,0,0,1,0,0,1,0
1,2021,7,18,4,2,7,0,0,1,0,1,0,0,0,0,1,2,0
12,2018,1,7,2,6,4,2,0,1,1,0,0,0,1,0,0,0,0
2,2019,6,14,5,0,6,0,1,1,0,0,0,0,0,0,0,1,1
12,2019,5,19,4,5,2,0,0,1,0,1,0,0,0,0,0,0,0
1,2020,1,9,1,5,3,0,0,1,0,0,0,0,0,0,0,1,0
2,2018,11,8,2,5,3,0,0,1,0,0,0,0,0,0,0,0,0
12,2021,7,16,7,0,7,0,1,0,0,0,0,0,0,0,1,2,0
6,2018,12,19,6,5,3,2,0,1,0,0,0,0,1,0,0,1,0
12,2021,4,18,4,5,2,0,1,1,0,0,0,0,0,1,2,1,0
6,2021,10,16,5,3,6,0,0,1,0,0,0,1,0,0,1,1,1
2,2021,8,19,2,0,1,0,1,0,0,0,0,0,1,0,1,1,1
9,2019,5,1,7,1,5,2,1,1,0,0,0,0,0,0,0,0,0
5,2018,10,6,3,5,3,2,1,0,0,0,0,1,0,0,0,1,0
1,2021,9,9,6,5,2,0,1,1,0,0,0,0,0,0,1,0,0
8,2019,9,11,3,5,7,0,0,1,0,0,0,0,0,0,0,0,0
3,2020,6,13,7,5,3,0,1,1,0,0,0,0,0,0,1,1,0
4,2019,9,17,3,5,2,0,0,1,0,1,0,0,0,0,0,0,1
4,2021,1,11,2,5,2,0,1,0,0,0,0,1,1,1,2,0,0
4,2019,3,11,4,5,3,0,1,1,0,0,0,0,0,0,0,0,1
1,2021,5,13,2,2,7,0,0,1,0,1,0,0,0,1,2,1,0
5,2021,6,12,1,0,1,0,1,0,0,0,0,0,0,0,1,1,0
11,2019,4,10,6,5,2,0,1,1,0,0,0,0,0,0,0,1,0
12,2018,6,17,6,0,1,0,0,0,0,1,0,0,0,0,0,0,0
1,2018,8,19,1,5,2,0,1,1,0,0,0,0,0,0,0,1,0
5,2020,2,19,6,2,6,2,0,1,0,0,0,0,0,0,0,1,0
12,2018,4,11,4,1,5,0,0,1,0,1,0,0,0,0,0,1,1
1,2019,11,15,4,5,2,0,1,1,0,0,0,0,0,0,0,0,1
8,2021,11,10,2,5,3,0,0,1,0,0,0,0,0,0,2,0,0
9,2019,4,17,2,2,6,0,0,1,0,0,1,0,0,0,0,1,0
1,2021,9,21,4,0,7,2,1,0,0,0,0,0,0,0,1,0,0
7,2019,3,16,3,2,6,0,0,1,0,0,1,0,0,0,0,0,0
12,2020,12,6,7,0,1,2,0,0,0,0,0,1,0,1,2,1,0
4,2020,10,18,4,5,3,1,0,1,0,0,0,0,1,1,1,1,0
11,2021,8,14,3,5,2,0,1,1,0,0,0,0,0,0,1,1,0
5,2020,9,14,3,5,3,0,0,1,0,0,0,0,0,0,1,0,0
8,2018,7,20,2,5,3,0,0,0,0,1,0,1,0,0,0,2,0
1,2019,8,5,5,5,3,1,0,1,0,0,0,0,1,0,0,0,0
1,2020,1,18,4,5,3,2,0,1,0,0,0,0,1,0,0,1,0
1,2021,9,9,6,5,3,0,1,0,0,0,0,1,0,0,1,0,0
6,2020,5,16,5,5,2,0,1,1,0,0,0,0,0,1,1,0,0
2,2020,5,12,2,0,6,0,0,1,0,1,0,0,1,1,1,0,0
8,2019,4,16,6,2,6,0,0,1,0,0,0,0,0,0,0,1,0
8,2021,12,0,7,5,3,2,0,1,0,0,0,0,2,1,2,1,0
4,2018,11,9,3,5,7,0,0,1,0,0,0,0,1,0,0,0,0
4,2018,5,16,5,5,3,0,0,1,0,1,0,0,0,0,0,0,0
7,2019,2,7,4,5,3,0,1,1,0,0,0,0,0,0,0,1,0
7,2018,2,11,6,3,6,0,0,1,0,0,0,1,0,0,0,1,0
7,2019,7,7,4,2,6,0,0,1,0,0,0,1,0,0,0,2,0
3,2021,6,11,7,5,3,0,1,1,0,0,0,0,0,0,1,1,1
4,2020,10,19,5,2,6,2,0,1,0,0,0,0,1,1,1,1,0
11,2018,8,8,4,6,4,0,1,0,1,0,0,0,0,0,0,1,0
1,2018,6,18,4,5,3,0,0,1,0,1,0,0,0,0,0,0,0
4,2019,3,11,7,2,6,0,0,1,0,0,0,0,0,0,0,0,0
4,2019,9,10,4,6,4,0,1,0,1,0,0,0,1,0,0,0,0
7,2019,7,23,7,6,4,2,0,1,1,0,0,0,1,0,0,2,0
1,2020,1,18,5,6,4,1,1,0,1,0,0,0,0,0,0,1,0
4,2018,5,11,4,5,2,0,1,1,0,0,0,0,0,0,0,0,0
9,2020,1,11,6,5,2,0,1,1,0,0,0,0,1,0,0,1,0
9,2020,7,6,5,0,3,0,1,0,0,0,0,0,1,0,1,2,1
8,2019,2,17,6,1,1,1,0,1,0,0,0,1,0,0,0,1,0
9,2019,6,8,2,0,6,0,1,0,0,0,1,0,0,0,0,1,0
4,2018,1,1,1,5,2,2,0,1,0,0,0,0,0,0,0,0,1
2,2019,6,11,2,5,2,0,0,1,0,0,0,0,0,0,0,1,0
2,2020,10,16,6,2,6,0,1,1,0,0,0,0,1,1,1,1,0
2,2019,7,21,5,5,2,1,1,1,0,0,0,0,0,0,0,2,1
9,2021,7,16,3,5,2,0,0,1,0,0,0,0,0,0,1,2,0
1,2020,10,13,6,5,3,0,1,0,0,0,0,1,0,1,1,1,0
8,2021,7,15,4,5,2,0,1,1,0,0,0,0,0,0,1,2,0
3,2019,2,9,2,5,2,0,0,1,0,0,1,0,1,0,0,1,0
12,2020,2,9,4,5,3,0,0,1,0,0,0,1,0,0,0,1,0
12,2019,2,7,4,0,5,0,0,1,0,0,1,0,0,0,0,1,0
3,2019,6,16,7,5,2,0,0,1,0,0,0,0,0,0,0,1,0
12,2019,9,18,5,5,2,0,1,1,0,0,0,0,0,0,0,0,0
7,2019,6,16,5,2,6,0,0,1,0,0,0,1,1,0,0,1,0
1,2019,7,7,5,3,6,0,1,1,0,0,0,0,0,0,0,2,0
9,2019,7,18,7,5,7,0,0,1,0,0,0,0,0,0,0,2,1
7,2018,6,11,5,5,2,0,1,1,0,0,0,0,0,0,0,0,0
3,2019,10,9,2,5,3,0,0,1,0,1,0,0,0,0,0,1,0
7,2018,6,14,6,1,5,0,1,1,0,0,0,0,0,0,0,0,0
1,2018,3,13,4,5,3,0,0,1,0,0,0,0,1,0,0,1,0
1,2021,11,9,3,5,3,0,1,0,0,0,0,1,1,0,2,0,1
6,2018,10,14,2,5,3,0,0,1,0,1,0,0,1,0,0,1,1
7,2019,10,13,3,2,6,0,0,1,0,1,0,0,1,0,0,1,0
2,2021,9,16,4,6,4,0,0,1,1,0,0,0,0,0,1,0,0
2,2021,10,20,2,4,7,2,0,1,0,0,0,0,0,0,1,1,0
6,2019,10,18,5,5,3,1,0,1,0,0,0,0,1,0,0,1,0
5,2019,9,14,2,2,6,0,0,1,0,0,0,0,1,0,0,0,0
9,2021,4,18,4,2,6,1,0,1,0,0,0,0,0,1,2,1,1
7,2018,4,12,5,2,6,0,0,1,0,0,0,0,0,0,0,1,0
7,2021,11,17,7,6,4,2,0,1,1,0,0,0,1,0,2,0,0
7,2021,6,15,2,2,6,0,0,1,0,0,0,1,0,0,1,1,0
6,2018,12,13,2,5,3,0,1,1,0,0,0,0,0,0,0,1,0
8,2020,9,17,3,2,6,0,0,0,0,1,0,1,0,0,1,0,0
3,2019,12,5,2,5,3,2,1,1,0,0,0,0,0,0,0,1,0
7,2021,9,10,3,5,3,0,0,1,0,0,0,0,1,0,1,0,0
2,2019,4,7,3,0,2,0,1,1,0,0,0,0,0,0,0,1,0
8,2021,12,16,3,2,6,2,0,1,0,0,0,0,0,1,2,1,0
2,2018,7,17,7,3,6,0,0,1,0,0,0,0,0,0,0,2,0
2,2020,1,8,4,5,3,0,0,1,0,0,0,0,0,0,0,1,0
4,2021,5,13,4,0,3,0,1,1,0,0,0,0,0,1,2,1,0
12,2021,4,17,5,6,7,0,0,1,1,0,0,0,1,1,2,1,0
12,2020,2,13,6,0,1,0,0,0,0,1,0,0,0,0,0,1,0
8,2018,4,8,3,2,7,0,0,1,0,0,0,1,1,0,0,1,1
1,2019,10,8,5,5,2,0,1,1,0,0,0,0,1,0,0,1,0
1,2020,11,17,7,5,3,2,0,1,0,0,0,1,1,1,2,0,0
12,2018,4,18,2,5,3,0,0,1,0,0,0,0,0,0,0,1,0
8,2021,10,11,1,2,6,0,1,1,0,0,0,0,0,0,1,1,0
3,2018,4,7,6,2,6,0,0,1,0,0,0,0,0,0,0,1,0
8,2021,4,6,4,5,2,0,1,0,0,0,0,1,0,1,2,1,0
4,2020,3,17,6,3,6,0,0,1,0,1,0,0,0,1,1,0,0
6,2019,10,13,3,2,6,0,0,1,0,0,1,0,1,0,0,1,0
7,2018,1,10,5,2,6,0,0,1,0,0,0,1,1,0,0,0,0
7,2018,2,7,5,0,6,0,0,1,0,0,0,1,1,0,0,1,0
1,2021,10,15,7,6,4,0,1,0,1,0,0,0,0,0,1,1,0
4,2018,8,15,5,2,6,0,0,1,0,0,0,0,0,0,0,1,0
1,2018,7,3,7,9,1,2,0,1,0,0,0,0,0,0,0,2,0
11,2020,10,13,6,5,3,0,1,1,0,0,0,0,0,1,1,1,0
1,2020,7,12,6,1,5,0,1,1,0,0,0,0,0,0,1,2,1
12,2020,8,12,4,5,3,0,0,1,0,0,0,1,1,0,1,1,0