BEZ,UJAHR,UMONAT,USTUNDE,UWOCHENTAG,UART,UTYP1,ULICHTVERH,IstRad,IstPKW,IstFuss,IstKrad,IstGkfz,IstSonstige,USTRZUSTAND,LOCKDOWN,COVID,FERIEN,UKATEGORIE
1,2021,11,19,2,2,6,2,0,1,0,1,0,0,0,0,2,0,1
2,2020,2,11,3,5,2,0,0,1,0,0,0,0,0,0,0,1,0
8,2020,3,9,1,3,6,0,0,1,0,1,0,0,1,1,1,0,0
11,2018,7,0,1,5,3,2,1,1,0,0,0,0,0,0,0,2,1
3,2018,4,15,2,0,1,0,0,0,0,1,0,0,0,0,0,1,0
1,2018,1,14,1,1,5,0,0,1,0,0,0,1,0,0,0,0,0
1,2019,4,8,2,6,4,0,0,1,1,0,0,0,0,0,0,1,1
10,2019,6,6,5,1,5,0,0,1,0,0,0,0,0,0,0,1,0
5,2019,5,5,3,5,2,0,1,1,0,0,0,0,0,0,0,0,0
11,2019,11,13,6,6,4,0,0,1,1,0,0,0,0,0,0,0,0
2,2021,9,13,6,0,2,0,0,1,0,1,0,0,0,0,1,0,0
1,2021,4,8,3,2,2,0,0,1,0,0,0,0,0,1,2,1,0
3,2018,5,13,2,0,3,0,0,1,0,0,0,1,0,0,0,0,0
12,2020,12,13,3,5,3,0,1,1,0,0,0,0,0,1,2,1,0
1,2020,2,13,1,2,6,0,0,1,0,0,0,0,0,0,0,1,0
10,2019,5,14,1,2,2,0,0,1,0,1,0,0,0,0,0,0,1
10,2018,5,16,4,5,3,0,1,1,0,0,0,0,0,0,0,0,1
2,2019,10,18,6,5,2,2,0,1,0,0,0,0,1,0,0,1,0
4,2021,9,12,6,3,6,0,0,1,0,0,0,0,0,0,1,0,0
7,2021,5,12,3,5,3,0,1,1,0,0,0,0,0,1,2,1,0
2,2021,6,15,5,2,6,0,1,1,0,0,0,0,0,0,1,1,0
4,2020,6,20,6,0,2,0,1,1,0,0,0,0,0,0,1,1,0
5,2021,3,21,7,3,6,2,0,1,0,0,0,0,1,0,2,0,0
2,2019,2,21,1,6,2,2,0,1,1,0,0,0,0,0,0,1,1
11,2019,10,16,5,2,6,2,0,1,0,0,0,0,0,0,0,1,0
1,2018,2,9,4,0,7,0,0,1,0,1,0,0,1,0,0,1,0
12,2019,6,18,3,2,2,0,1,1,0,0,0,0,0,0,0,1,0
5,2019,3,19,6,5,3,2,1,1,0,0,0,0,0,0,0,0,0
7,2021,6,7,4,2,6,0,0,1,0,0,1,0,0,0,1,1,0
1,2019,7,6,3,5,2,0,0,1,0,1,0,0,0,0,0,2,0
3,2020,5,18,7,8,1,0,0,0,0,1,0,0,0,1,1,0,1
4,2019,2,21,5,6,2,2,0,1,1,0,0,0,1,0,0,1,0
7,2021,4,10,5,5,3,0,1,1,0,0,0,0,0,1,2,1,0
7,2021,7,16,3,2,6,0,0,1,0,0,0,0,0,0,1,2,0
6,2018,4,14,2,5,2,0,0,1,0,1,0,0,0,0,0,1,1
8,2019,6,9,3,5,3,0,0,1,0,1,0,0,0,0,0,1,0
1,2020,1,7,3,1,5,1,1,1,0,0,0,0,0,0,0,1,0
7,2019,12,7,3,2,6,0,0,1,0,0,0,0,1,0,0,1,0
10,2019,2,17,7,5,3,1,0,1,0,0,0,1,0,0,0,1,0
12,2021,11,18,4,1,5,2,0,1,0,0,0,1,1,0,2,0,0
6,2019,8,11,7,2,2,0,0,1,0,0,0,0,0,0,0,0,0
2,2018,6,12,6,2,7,0,1,1,0,0,0,0,0,0,0,0,0
1,2020,7,13,3,5,3,0,1,0,0,0,0,1,0,0,1,2,0
2,2021,4,15,3,2,6,0,0,1,0,0,0,0,0,1,2,1,0
1,2019,10,10,2,5,2,0,1,0,0,0,1,0,0,0,0,1,0
4,2019,12,13,3,5,3,0,1,0,0,0,0,0,0,0,0,1,0
6,2020,11,13,6,2,6,0,0,1,0,0,0,0,0,1,2,0,0
1,2018,12,12,2,5,2,0,1,0,0,0,1,0,1,0,0,1,0
4,2018,9,15,4,6,4,0,0,0,1,1,0,0,0,0,0,0,1
3,2018,7,19,5,5,3,0,1,1,0,0,0,0,1,0,0,2,0
1,2019,4,16,5,0,6,0,0,1,0,0,0,1,0,0,0,1,0
11,2021,9,17,3,6,4,0,1,0,1,0,0,0,0,0,1,0,0
1,2018,11,17,7,2,5,2,0,1,0,0,0,0,0,0,0,0,0
2,2020,10,16,6,2,6,0,0,1,0,0,0,0,0,1,1,1,0
8,2021,2,14,7,5,2,0,0,1,0,0,0,0,0,1,2,1,0
7,2020,1,14,6,0,3,0,0,1,0,0,0,1,0,0,0,1,0
5,2019,10,18,4,5,3,2,0,1,0,1,0,0,0,0,0,1,0
4,2018,5,15,2,5,3,0,0,1,0,0,0,0,0,0,0,0,0
6,2018,5,11,2,3,2,0,1,1,0,0,0,0,0,0,0,0,1
7,2019,5,16,7,6,2,0,0,0,1,0,0,1,0,0,0,0,1
1,2019,6,23,4,0,2,2,1,1,0,0,0,0,1,0,0,1,0
7,2018,1,10,3,1,5,0,0,1,0,0,0,1,0,0,0,0,0
9,2021,8,17,6,0,1,0,1,0,0,0,0,0,1,0,1,1,1
8,2018,8,20,5,6,4,0,0,1,1,0,0,0,0,0,0,1,0
7,2020,6,15,6,2,6,0,0,1,0,0,0,0,0,0,1,1,0
4,2020,8,9,3,5,2,0,0,1,0,0,0,0,1,0,1,1,0
8,2018,9,18,6,3,6,0,1,0,0,0,0,1,0,0,0,0,1
2,2019,6,8,3,5,2,0,1,0,0,0,0,1,0,0,0,1,0
6,2021,11,19,7,6,2,2,0,1,1,0,0,0,1,0,2,0,0
8,2019,10,19,5,5,3,2,0,1,0,0,0,1,0,0,0,1,0
8,2019,3,14,2,0,3,0,1,1,0,0,0,0,1,0,0,0,0
1,2019,4,9,3,1,5,0,1,0,0,0,0,1,0,0,0,1,0
5,2018,1,10,5,6,4,0,0,1,1,0,0,0,0,0,0,0,0
10,2019,11,22,6,4,6,2,0,1,0,0,0,0,1,0,0,0,1
9,2019,4,16,4,2,6,0,0,0,0,1,0,1,0,0,0,1,0
4,2018,6,13,3,5,3,0,1,1,0,0,0,0,0,0,0,0,0
5,2020,11,16,5,0,2,2,0,1,1,0,0,0,1,1,2,0,0
10,2021,6,14,4,6,4,0,0,1,1,0,0,0,0,0,1,1,1
7,2019,5,8,3,5,7,0,0,1,0,1,0,0,0,0,0,0,0
3,2019,6,7,2,2,6,0,0,1,0,0,0,0,0,0,0,1,0
3,2020,2,11,5,5,3,0,0,1,0,0,0,0,0,0,0,1,0
9,2020,11,7,3,3,6,1,1,0,0,0,0,1,1,1,2,0,0
1,2018,8,14,6,5,2,0,1,1,0,0,0,0,0,0,0,1,0
2,2019,6,11,6,5,2,0,1,0,0,0,0,0,0,0,0,1,0
5,2020,9,9,4,6,4,0,0,0,1,0,0,1,0,0,1,0,0
1,2018,8,22,2,6,4,2,1,0,1,0,0,0,0,0,0,1,0
7,2021,12,11,4,5,3,0,0,1,0,0,0,1,0,1,2,1,0
7,2018,4,18,5,6,2,0,0,1,1,0,0,0,0,0,0,1,0
2,2018,9,21,4,2,2,2,0,1,0,0,0,0,0,0,0,0,0
1,2019,10,15,4,6,4,0,0,0,1,1,0,0,1,0,0,1,0
8,2019,7,18,1,0,1,0,1,0,0,0,0,0,0,0,0,2,0
1,2020,2,18,3,6,2,2,0,1,1,0,0,0,0,0,0,1,0
5,2021,9,20,3,6,2,2,0,1,1,0,0,0,0,0,1,0,0
8,2018,4,13,7,5,2,0,1,1,0,0,0,0,0,0,0,1,0
5,2020,1,13,5,2,6,0,0,0,0,1,0,1,0,0,0,1,0
9,2019,12,17,3,6,6,2,0,1,1,0,0,0,0,0,0,1,0
2,2018,8,8,2,5,2,0,1,0,0,0,0,1,0,0,0,1,0
4,2018,1,18,6,6,2,2,0,1,1,0,0,0,1,0,0,0,0
7,2018,9,0,4,5,3,2,0,1,0,1,0,0,0,0,0,0,1
1,2021,8,15,7,0,2,0,1,1,0,0,0,0,0,0,1,1,0
1,2019,8,8,5,2,6,0,0,1,0,1,1,0,0,0,0,0,0
2,2021,12,13,6,0,1,0,1,1,0,0,0,0,0,1,2,1,1
12,2019,6,18,5,5,2,0,1,1,0,0,0,0,1,0,0,1,0
11,2018,10,7,4,5,2,0,1,1,0,0,0,0,0,0,0,1,0
10,2020,9,15,6,2,2,0,0,1,0,0,0,0,0,0,1,0,0
4,2021,3,12,6,2,6,0,0,1,0,0,0,0,0,0,2,0,0
11,2021,10,7,5,0,2,1,0,1,0,0,0,1,0,0,1,1,1
8,2018,12,11,2,6,2,0,0,1,1,0,0,0,1,0,0,1,1
1,2021,11,14,3,3,6,1,0,1,0,0,0,1,1,0,2,0,0
4,2019,6,8,7,0,7,0,0,1,0,1,0,0,0,0,0,1,0
8,2021,7,12,7,2,6,0,0,1,0,1,0,0,0,0,1,2,1
2,2020,9,17,6,5,2,0,1,0,0,1,0,0,0,0,1,0,0
12,2020,6,10,7,2,6,0,0,1,0,0,0,0,0,0,1,1,0
9,2018,1,23,6,5,3,2,0,1,0,0,0,0,0,0,0,0,0
8,2019,4,14,3,0,6,0,0,1,0,1,0,0,0,0,0,1,0
4,2018,4,12,5,0,6,0,0,1,0,1,0,0,1,0,0,1,1
4,2018,10,14,5,2,6,0,0,1,0,0,0,0,0,0,0,1,0
12,2018,11,2,4,0,6,2,0,1,0,0,0,0,1,0,0,0,1
6,2021,7,8,2,0,1,0,0,0,0,1,0,0,1,0,1,2,0
1,2019,10,16,6,6,4,0,0,1,1,0,0,0,0,0,0,1,1
6,2020,12,18,3,1,5,2,0,1,0,0,0,0,1,1,2,1,0
4,2020,8,17,4,5,2,0,0,1,0,1,0,1,0,0,1,1,1
7,2018,7,21,1,9,1,0,0,1,0,0,0,0,0,0,0,2,1
10,2018,7,14,3,0,7,0,0,0,0,1,0,0,1,0,0,2,0
5,2020,9,12,2,2,2,0,0,1,0,0,0,0,0,0,1,0,0
12,2019,11,10,2,5,7,0,1,1,0,0,0,0,0,0,0,0,0
1,2018,10,9,3,2,6,0,0,0,0,1,1,0,0,0,0,1,1
1,2018,4,15,2,5,2,0,1,1,0,0,0,0,0,0,0,1,1
7,2021,7,12,6,2,6,0,0,1,0,0,0,0,0,0,1,2,0
7,2021,10,9,4,5,3,0,0,0,0,0,0,1,0,0,1,1,0
4,2020,8,15,5,5,2,0,1,1,0,0,0,0,0,0,1,1,0
5,2019,3,12,7,5,2,0,0,1,0,1,0,0,0,0,0,0,0
1,2019,5,13,2,5,3,0,1,1,0,0,0,0,0,0,0,0,0
3,2018,7,7,3,5,2,0,1,1,0,0,0,0,0,0,0,2,0
11,2021,9,8,2,3,6,0,0,1,0,1,0,0,0,0,1,0,1
10,2019,3,8,6,0,6,0,0,1,0,0,0,1,0,0,0,0,1
2,2020,8,13,2,5,7,0,1,1,0,0,0,0,0,0,1,1,1
4,2020,9,8,6,0,3,0,1,0,0,0,0,0,0,0,1,0,0
9,2020,8,8,4,2,7,0,0,1,0,1,0,0,0,0,1,1,1
2,2019,6,22,5,1,1,2,1,1,0,0,0,0,0,0,0,1,0
6,2019,3,14,7,0,6,0,0,0,0,0,0,1,0,0,0,0,1
11,2019,10,15,4,6,4,0,0,0,1,0,0,1,0,0,0,1,0
2,2021,8,7,6,5,3,0,1,1,0,0,0,0,0,0,1,1,0
6,2021,7,9,5,5,3,0,0,1,0,0,1,0,1,0,1,2,0
4,2020,4,9,7,5,3,0,0,1,0,0,0,0,0,1,2,1,0
7,2018,11,17,6,2,6,2,0,1,0,0,0,0,1,0,0,0,0
12,2020,2,9,3,2,6,0,0,1,0,1,0,0,1,0,0,1,1
7,2019,3,13,3,1,7,0,1,0,0,0,0,1,0,0,0,0,0
1,2018,7,23,7,2,6,2,0,1,0,1,0,0,0,0,0,2,0
3,2021,2,10,6,5,3,0,1,0,0,0,0,1,0,1,2,1,1
8,2018,9,18,5,4,6,0,0,1,0,0,0,0,0,0,0,0,0
7,2021,12,18,7,6,2,2,0,1,1,0,0,0,1,1,2,1,0
12,2020,9,13,2,3,6,0,0,1,0,1,0,0,0,0,1,0,0
2,2021,5,19,2,2,6,0,0,1,0,0,0,0,0,1,2,1,0
4,2019,10,9,3,5,3,0,1,1,0,0,0,0,1,0,0,1,0
7,2019,8,12,7,5,2,0,0,1,0,0,0,0,0,0,0,0,0
5,2020,7,13,6,1,5,0,0,1,0,0,0,0,0,0,1,2,0
1,2020,8,8,2,6,4,0,0,1,1,0,0,0,0,0,1,1,0
4,2020,9,8,3,5,3,0,1,1,0,0,0,0,0,0,1,0,0
7,2019,7,17,6,6,7,0,0,1,1,0,0,0,0,0,0,2,0
10,2020,11,13,5,5,3,0,0,1,0,0,0,0,0,1,2,0,1
5,2019,10,6,3,5,3,1,1,1,0,0,0,0,0,0,0,1,0
7,2018,10,10,2,5,3,0,0,1,0,0,0,0,0,0,0,1,0
3,2018,8,13,3,2,2,0,0,1,0,0,0,0,0,0,0,1,0
7,2019,10,10,4,2,6,0,0,1,0,0,0,0,1,0,0,1,0
4,2021,3,12,3,5,3,0,1,1,0,0,0,0,0,0,2,0,1
4,2018,7,22,3,5,2,2,1,1,0,0,0,0,0,0,0,2,0
11,2019,7,10,7,5,3,0,1,0,0,0,0,1,0,0,0,2,0
1,2019,7,16,7,1,5,0,0,1,0,0,0,0,1,0,0,2,0
2,2020,11,9,3,1,5,0,1,1,0,0,0,0,0,1,2,0,0
1,2018,9,10,4,1,5,0,1,0,0,0,0,1,0,0,0,0,0
7,2021,4,14,4,2,6,0,0,1,0,0,0,0,0,1,2,1,0
7,2019,2,18,4,5,3,2,0,1,0,0,0,0,0,0,0,1,0
12,2021,7,23,2,5,2,2,0,1,0,0,0,0,0,0,1,2,1
2,2019,7,10,7,0,1,0,1,0,0,0,0,0,0,0,0,2,0
7,2020,7,11,4,1,5,0,1,0,0,0,0,1,0,0,1,2,1
12,2018,5,10,6,5,2,0,1,1,0,0,0,0,0,0,0,0,0
5,2019,12,17,7,1,5,2,0,1,0,0,0,0,1,0,0,1,1
4,2018,9,19,4,1,5,0,0,1,0,1,0,0,0,0,0,0,0
9,2021,7,15,6,6,4,0,0,0,1,1,0,0,0,0,1,2,0
7,2018,4,18,6,6,4,0,1,0,1,0,0,0,0,0,0,1,0
6,2020,1,13,5,5,3,0,0,1,0,0,0,0,1,0,0,1,1
1,2020,10,9,4,0,5,0,0,1,0,1,0,0,1,1,1,1,0
11,2018,6,15,5,5,2,0,1,1,0,0,0,0,0,0,0,0,0
4,2019,9,20,4,6,4,2,0,1,1,0,0,0,0,0,0,0,1
3,2020,5,18,5,5,2,0,1,1,0,0,0,0,0,1,1,0,0
1,2020,1,19,1,5,2,1,0,1,0,0,0,0,0,0,0,1,0
12,2019,5,17,6,5,2,0,0,1,0,0,0,0,0,0,0,0,0
9,2020,5,15,3,7,7,0,0,1,0,0,0,0,0,1,1,0,0
4,2020,9,6,6,5,3,1,1,0,0,1,0,0,1,0,1,0,0
6,2021,2,6,4,2,6,2,0,1,0,0,0,0,1,1,2,1,0
4,2020,6,11,7,2,6,0,0,1,0,0,0,0,0,0,1,1,0
8,2018,4,13,4,5,3,0,0,1,0,0,0,0,0,0,0,1,0
8,2019,9,16,2,6,7,0,0,0,1,0,0,1,0,0,0,0,0
11,2019,5,8,4,1,5,0,1,1,0,0,0,0,0,0,0,0,0
10,2020,9,13,2,5,2,0,0,1,0,0,0,0,0,0,1,0,0
4,2021,4,17,3,5,3,0,1,0,0,0,0,0,0,1,2,1,0
7,2018,8,18,1,1,1,0,0,1,0,1,0,0,0,0,0,1,1
3,2021,6,7,4,5,3,0,1,1,0,0,0,0,0,0,1,1,0
1,2019,9,14,5,0,6,0,0,0,0,0,0,1,0,0,0,0,0
8,2019,5,14,1,5,2,0,1,1,0,0,0,0,0,0,0,0,0
7,2018,5,8,3,6,2,0,0,1,1,0,0,0,0,0,0,0,0
6,2021,4,14,6,3,4,0,1,0,1,0,0,0,0,1,2,1,1
12,2019,8,15,2,2,6,0,0,1,0,0,0,0,0,0,0,0,0
12,2019,11,11,7,5,7,0,0,1,0,1,0,0,1,0,0,0,1
2,2021,9,17,4,5,3,0,1,1,0,0,0,0,0,0,1,0,0
8,2020,7,15,3,6,4,0,0,1,1,0,0,0,0,0,1,2,0
11,2020,10,9,4,5,2,0,1,0,0,0,1,0,0,1,1,1,1
2,2018,6,15,4,5,3,0,1,1,0,0,0,0,0,0,0,0,0
6,2021,9,14,3,2,6,0,1,1,0,0,0,0,0,0,1,0,0
8,2019,8,8,2,5,2,0,1,1,0,0,0,0,0,0,0,0,0
6,2018,11,17,5,5,3,2,0,1,0,0,0,0,0,0,0,0,0
2,2021,6,3,7,0,1,2,0,0,0,0,0,1,0,0,1,1,0
1,2018,7,23,5,0,1,2,0,0,0,1,0,0,0,0,0,2,0
6,2019,2,5,6,9,1,1,0,1,0,0,0,0,1,0,0,1,1
4,2018,2,15,5,5,2,0,1,0,0,0,0,1,0,0,0,1,0
12,2020,9,15,5,2,6,0,0,1,0,0,0,0,0,0,1,0,0
12,2021,3,11,2,2,6,0,0,1,0,0,0,0,0,0,2,0,0
4,2021,3,20,2,5,3,2,0,1,0,0,0,1,1,0,2,0,0
4,2018,3,16,4,5,2,0,1,0,0,0,0,1,1,0,0,1,0
9,2020,7,23,4,0,1,2,1,0,0,0,0,0,0,0,1,2,0
8,2020,1,16,2,2,6,1,0,1,0,0,0,0,0,0,0,1,0
11,2018,4,11,5,5,3,0,0,1,0,1,0,0,1,0,0,1,0
2,2018,2,8,1,6,7,0,0,0,1,0,0,1,0,0,0,1,0
12,2020,3,15,2,5,3,0,1,1,0,0,0,0,1,1,1,0,0
2,2018,9,6,7,5,2,0,1,1,0,0,0,0,0,0,0,0,0
3,2018,7,17,3,0,4,0,1,0,1,0,0,0,0,0,0,2,0
6,2021,11,7,3,1,5,0,1,1,0,0,0,0,1,0,2,0,0
1,2018,9,10,3,5,3,0,1,1,0,0,0,0,0,0,0,0,1
2,2020,7,1,2,0,1,2,1,0,0,0,0,0,0,0,1,2,0
5,2018,6,12,3,6,4,0,0,0,1,0,0,1,0,0,0,0,1
3,2021,1,9,3,6,4,0,0,1,1,0,0,0,1,1,2,0,0
4,2019,10,19,7,6,4,2,0,0,1,0,0,1,0,0,0,1,0
2,2019,9,18,3,2,7,1,0,1,0,1,0,0,1,0,0,0,0
3,2019,3,1,7,5,5,2,0,1,0,0,0,0,0,0,0,0,0
2,2020,8,18,6,5,2,0,1,1,0,0,0,0,0,0,1,1,0
4,2018,8,10,2,5,3,0,0,1,0,0,0,0,0,0,0,1,1
12,2021,7,17,6,5,3,0,1,1,0,0,0,0,0,0,1,2,0
9,2019,4,3,2,9,1,2,0,1,0,0,0,0,0,0,0,1,0
2,2018,4,12,1,1,5,0,1,1,0,0,0,1,0,0,0,1,0
6,2020,6,12,7,5,2,0,1,1,0,0,0,0,0,0,1,1,0
4,2021,10,1,4,0,1,2,0,0,0,0,0,1,0,0,1,1,0
1,2020,7,10,1,1,5,0,0,1,0,0,0,0,0,0,1,2,0
8,2018,11,17,6,5,3,2,0,1,0,0,0,0,1,0,0,0,0
4,2020,1,18,6,6,4,2,0,1,1,0,0,0,1,0,0,1,0
7,2018,7,16,2,0,2,0,0,0,0,0,0,1,0,0,0,2,0
4,2021,11,10,2,5,3,0,1,1,0,0,0,0,0,0,2,0,0
8,2018,7,18,1,5,3,0,0,1,0,0,0,0,0,0,0,2,0
1,2019,12,21,3,6,2,2,0,1,1,0,0,0,1,0,0,1,0
1,2018,12,5,2,0,1,2,1,0,0,0,0,0,1,0,0,1,1
4,2019,7,14,1,2,6,0,1,1,0,0,0,0,0,0,0,2,0
7,2021,9,10,6,1,5,0,0,1,0,0,0,0,0,0,1,0,1
12,2018,4,8,4,3,6,0,0,1,0,1,0,0,0,0,0,1,0
10,2019,4,8,4,5,2,0,1,1,0,0,0,0,0,0,0,1,0
8,2021,11,20,1,5,3,2,0,1,0,1,0,0,1,0,2,0,1
5,2019,5,23,7,2,6,2,0,1,0,0,0,0,0,0,0,0,0
5,2018,5,2,7,4,6,2,0,1,0,0,0,0,0,0,0,0,1
5,2020,11,7,4,5,3,0,0,1,0,0,1,0,0,1,2,0,0
6,2018,1,9,4,1,5,0,1,1,0,0,0,0,2,0,0,0,0
6,2021,5,22,4,5,2,2,1,1,0,0,0,0,0,1,2,1,0
1,2020,6,12,5,5,3,0,1,1,0,0,0,0,0,0,1,1,0
12,2020,8,15,4,5,3,0,0,1,0,0,0,0,1,0,1,1,0
12,2018,12,14,5,6,4,0,0,0,1,1,0,0,1,0,0,1,0
6,2018,7,18,6,3,2,0,0,1,0,0,1,0,0,0,0,2,0
1,2020,9,20,5,6,4,1,0,1,1,0,0,0,0,0,1,0,0
1,2020,6,8,4,5,2,0,1,1,0,0,0,0,0,0,1,1,0
7,2019,5,17,4,2,6,0,0,1,0,0,0,0,0,0,0,0,0
6,2020,12,6,5,5,3,2,1,1,0,0,0,0,0,1,2,1,0
12,2021,11,16,5,2,6,1,0,1,0,0,0,0,0,0,2,0,0
1,2021,10,3,5,9,1,2,0,0,0,1,0,0,0,0,1,1,0
12,2019,12,17,2,5,3,2,1,1,0,0,0,0,1,0,0,1,0
11,2020,1,14,4,2,6,0,0,1,0,0,0,0,0,0,0,1,0
9,2019,6,9,3,5,2,0,1,1,0,0,0,0,0,0,0,1,1
1,2020,6,16,3,0,1,0,1,0,0,0,0,0,0,0,1,1,0
1,2021,3,15,6,1,5,0,1,0,0,0,1,0,0,0,2,0,0
9,2019,1,6,4,0,6,2,0,1,0,0,0,1,0,0,0,1,0
12,2021,11,10,6,2,6,0,0,1,0,0,0,0,1,0,2,0,0
11,2020,10,16,7,1,5,1,1,1,0,0,0,0,1,1,1,1,0
3,2019,7,18,5,2,6,0,0,1,0,1,0,0,0,0,0,2,0
12,2018,1,6,2,6,4,2,0,1,1,0,0,0,0,0,0,0,1
4,2020,6,18,1,5,3,0,0,0,0,1,0,1,0,0,1,1,1
3,2020,12,13,2,3,6,0,1,0,0,0,1,0,1,1,2,1,0
7,2018,10,9,6,6,4,0,0,1,1,0,0,0,0,0,0,1,1
12,2021,8,15,6,5,3,0,1,0,0,1,0,0,0,0,1,1,0
5,2021,11,14,6,6,4,0,0,1,1,0,0,0,1,0,2,0,1
1,2021,9,15,1,5,2,0,1,1,0,0,0,0,0,0,1,0,0
12,2019,5,11,2,3,6,0,1,0,0,0,0,0,0,0,0,0,0
6,2018,11,8,2,1,5,0,1,1,0,0,0,1,0,0,0,0,1
2,2018,8,17,2,5,3,0,1,1,0,0,0,0,0,0,0,1,0
7,2020,1,18,3,5,3,2,1,1,0,0,0,0,1,0,0,1,0
4,2020,12,14,3,5,2,0,1,1,0,0,0,0,0,1,2,1,0
9,2021,11,10,2,6,4,0,0,0,1,1,0,0,0,0,2,0,1
2,2020,1,18,4,3,6,1,1,0,0,0,0,0,0,0,0,1,0
1,2018,4,22,7,2,2,2,1,1,0,0,0,0,0,0,0,1,0
2,2019,1,7,5,1,5,0,0,1,1,0,0,0,0,0,0,1,0
12,2019,10,7,6,2,6,1,0,1,0,1,0,0,0,0,0,1,0
12,2019,8,21,4,1,5,2,0,1,0,1,0,0,0,0,0,0,1
10,2019,8,15,2,5,3,0,0,1,0,1,0,0,0,0,0,0,1
4,2020,11,8,2,2,6,0,0,1,0,0,0,0,1,1,2,0,0
7,2019,8,17,3,2,2,0,1,1,0,0,0,0,0,0,0,0,0
3,2021,5,7,3,2,7,0,1,1,0,0,0,0,1,1,2,1,0
7,2018,2,14,5,3,6,0,0,1,0,0,0,0,0,0,0,1,0
7,2019,1,11,6,6,4,0,0,1,1,0,0,0,1,0,0,1,0
2,2019,3,16,2,2,6,0,1,0,0,0,0,0,0,0,0,0,0
6,2019,8,8,6,5,2,0,1,1,0,0,0,0,0,0,0,0,0
4,2018,11,16,5,2,6,1,0,1,0,0,0,0,0,0,0,0,0
7,2018,6,12,3,3,6,0,0,0,0,1,0,1,0,0,0,0,0
1,2021,7,12,3,5,3,0,0,1,0,0,0,0,0,0,1,2,0
11,2021,7,5,6,5,3,0,1,1,0,0,0,0,0,0,1,2,0
4,2019,2,18,4,5,2,2,1,1,0,0,0,0,0,0,0,1,0
10,2020,4,19,2,5,3,0,0,1,0,1,0,0,0,1,2,1,1
1,2019,8,15,4,5,2,0,0,1,0,1,0,0,0,0,0,0,0
11,2019,9,14,3,2,6,0,0,1,0,0,1,1,1,0,0,0,1
4,2019,8,18,7,2,6,0,0,1,0,0,0,0,0,0,0,0,0
12,2019,2,16,2,5,3,0,0,1,0,1,0,0,0,0,0,1,0
2,2019,12,1,1,6,7,2,0,1,1,0,0,0,0,0,0,1,1
10,2018,1,2,7,6,2,2,0,0,1,0,0,1,1,0,0,0,0
1,2018,1,18,4,5,3,2,1,1,0,0,0,0,0,0,0,0,0
2,2020,5,0,1,5,3,2,0,1,0,0,0,0,1,1,1,0,0
3,2020,5,21,1,5,3,2,0,1,0,0,0,1,0,1,1,0,0
6,2018,1,7,4,5,3,0,1,0,0,0,0,0,0,0,0,0,0
3,2020,6,6,6,0,5,0,1,1,0,0,0,0,0,0,1,1,0
12,2020,8,8,4,5,2,0,1,1,0,0,0,0,0,0,1,1,0
5,2021,10,16,6,3,1,0,1,1,0,0,0,0,1,0,1,1,0
11,2021,3,13,6,6,4,0,0,0,1,0,0,1,0,0,2,0,0
11,2019,1,18,2,2,2,2,0,1,0,0,0,0,1,0,0,1,0
5,2019,4,17,4,6,7,0,0,1,1,0,0,0,0,0,0,1,0
9,2019,9,10,6,5,2,0,1,1,0,0,0,0,0,0,0,0,0
7,2018,9,9,5,1,5,0,1,1,0,0,0,0,0,0,0,0,0
12,2020,11,10,3,0,1,0,0,0,0,1,0,0,0,1,2,0,0
4,2019,3,15,5,2,6,0,0,1,0,0,0,1,0,0,0,0,0
6,2019,6,22,6,1,1,2,0,1,0,0,0,0,0,0,0,1,0
2,2018,5,15,1,5,3,0,0,1,0,0,0,1,0,0,0,0,0
1,2018,7,14,5,6,4,0,1,0,1,0,0,0,0,0,0,2,1
2,2021,5,14,7,0,1,0,0,1,0,1,0,0,0,1,2,1,0
2,2018,9,18,7,0,6,1,0,1,0,1,0,0,0,0,0,0,0
12,2018,4,17,7,5,3,0,0,1,0,0,0,0,0,0,0,1,0
1,2018,9,12,3,5,2,0,1,1,0,0,0,0,0,0,0,0,0
8,2019,11,21,2,6,4,2,0,1,1,0,0,0,0,0,0,0,0
7,2021,10,8,2,5,3,0,0,1,0,1,0,0,1,0,1,1,0
1,2020,12,8,2,5,3,0,1,1,0,0,0,0,1,1,2,1,0
1,2018,10,10,5,7,7,0,1,0,0,0,0,0,0,0,0,1,0
7,2019,12,18,2,5,3,2,1,1,0,0,0,0,1,0,0,1,0
8,2020,6,18,4,2,6,0,0,1,0,0,0,0,0,0,1,1,0
3,2018,10,11,4,1,5,0,0,1,0,0,0,0,0,0,0,1,0
10,2018,6,16,2,5,3,0,0,1,0,1,0,0,0,0,0,0,0
7,2018,1,9,3,2,7,0,0,1,0,0,0,1,0,0,0,0,0
9,2018,6,18,5,5,3,0,0,0,0,1,0,1,0,0,0,0,1
3,2019,7,17,3,5,7,0,1,1,0,0,0,0,0,0,0,2,0
9,2020,4,16,7,2,6,0,0,1,0,0,0,0,0,1,2,1,0
4,2019,6,5,4,0,3,0,0,1,0,1,0,0,1,0,0,1,0
4,2021,3,17,2,1,5,0,1,1,0,0,0,0,1,0,2,0,0
10,2021,8,18,4,3,6,0,1,0,0,1,0,0,0,0,1,1,0
11,2021,8,18,5,4,5,0,1,1,0,0,0,0,0,0,1,1,0
3,2019,5,16,1,2,6,0,0,1,0,1,0,0,0,0,0,0,0