BEZ,UJAHR,UMONAT,USTUNDE,UWOCHENTAG,UART,UTYP1,ULICHTVERH,IstRad,IstPKW,IstFuss,IstKrad,IstGkfz,IstSonstige,USTRZUSTAND,LOCKDOWN,COVID,FERIEN,UKATEGORIE
2,2018,6,16,2,1,5,0,1,1,0,0,0,0,0,0,0,0,0
3,2019,9,8,5,6,4,0,0,0,1,1,0,0,0,0,0,0,0
6,2019,10,20,4,0,2,2,0,1,0,1,0,0,1,0,0,1,0
1,2018,6,8,4,1,5,0,1,1,0,0,0,1,0,0,0,0,0
7,2020,6,10,4,8,1,0,0,1,1,0,0,0,0,0,1,1,0
4,2020,2,9,5,3,6,0,1,0,0,0,0,0,0,0,0,1,0
9,2020,7,10,6,6,2,0,0,1,1,0,0,0,0,0,1,2,0
8,2020,10,15,5,0,7,0,1,0,0,0,0,0,1,1,1,1,1
8,2018,1,19,1,3,6,2,0,1,0,0,0,0,1,0,0,0,0
3,2019,8,13,6,5,3,0,0,1,0,0,0,0,0,0,0,0,0
4,2021,11,19,3,2,6,2,0,1,0,0,0,0,0,0,2,0,0
9,2019,7,21,6,5,3,1,1,1,0,0,0,0,0,0,0,2,1
1,2020,4,14,3,2,6,0,1,0,0,0,0,0,0,1,2,1,0
2,2019,1,7,3,5,3,2,0,1,0,0,0,0,1,0,0,1,0
2,2021,3,10,4,2,6,0,0,1,0,0,0,0,0,0,2,0,0
2,2019,8,16,4,5,3,0,0,1,0,0,0,0,0,0,0,0,0
7,2018,5,13,1,5,3,0,1,1,0,0,0,0,0,0,0,0,0
5,2019,9,15,5,2,6,0,0,1,0,0,0,0,0,0,0,0,0
7,2019,9,16,4,5,3,0,0,1,0,0,0,1,0,0,0,0,0
11,2020,7,16,4,2,6,0,0,1,0,0,0,1,0,0,1,2,0
3,2019,11,12,3,5,3,0,1,0,0,0,0,0,0,0,0,0,0
7,2018,5,7,6,5,2,0,1,1,0,0,0,0,0,0,0,0,0
1,2019,9,12,4,5,2,0,1,1,0,0,0,0,0,0,0,0,0
2,2021,9,15,6,6,4,0,1,0,1,0,0,0,0,0,1,0,0
4,2020,10,18,2,2,6,1,0,1,0,0,0,0,1,1,1,1,0
1,2018,11,11,7,2,6,0,0,1,0,0,0,0,0,0,0,0,0
4,2020,2,15,2,1,5,0,0,1,0,0,0,0,0,0,0,1,0
7,2021,6,19,1,5,3,0,1,1,0,0,0,0,0,0,1,1,0
10,2020,10,13,7,0,3,0,1,1,0,0,0,0,1,1,1,1,1
1,2021,12,16,7,6,4,2,0,1,1,0,0,0,0,1,2,1,1
10,2020,11,9,2,0,1,0,0,0,0,1,0,0,1,1,2,0,0
1,2021,5,8,7,0,5,0,0,0,0,1,0,1,0,1,2,1,1
8,2020,9,15,3,5,3,0,1,1,0,0,0,0,0,0,1,0,0
6,2019,6,2,7,0,1,2,1,0,0,0,0,0,0,0,0,1,0
6,2020,6,16,4,5,2,0,1,1,0,0,0,0,0,0,1,1,0
1,2019,11,19,6,2,6,2,0,1,0,0,0,0,1,0,0,0,0
6,2019,10,1,4,9,1,2,0,1,0,0,0,0,0,0,0,1,1
7,2019,2,10,7,2,6,0,0,1,0,0,0,0,0,0,0,1,0
3,2020,8,7,2,0,1,0,1,0,0,0,0,0,0,0,1,1,0
12,2021,5,17,4,5,2,0,0,1,0,0,0,0,0,1,2,1,0
8,2021,7,21,6,6,2,2,0,1,1,0,0,0,0,0,1,2,1
7,2018,4,15,2,1,5,0,1,1,0,0,0,0,1,0,0,1,0
9,2020,6,20,1,0,1,0,1,0,0,0,0,0,1,0,1,1,1
8,2020,12,11,2,0,2,0,0,1,0,0,0,1,0,1,2,1,0
4,2018,2,14,2,1,5,0,1,1,0,0,0,0,0,0,0,1,0
7,2020,12,5,6,6,2,1,0,1,1,0,0,0,0,1,2,1,0
6,2019,3,7,3,1,5,0,1,1,0,0,0,0,1,0,0,0,0
1,2021,1,8,5,3,6,0,1,0,0,0,0,1,0,1,2,0,1
6,2019,5,8,5,0,1,0,0,0,0,0,0,1,1,0,0,0,0
1,2018,3,23,2,6,4,2,0,1,1,0,0,0,0,0,0,1,1
6,2019,1,12,4,2,6,0,0,1,0,0,0,0,1,0,0,1,1
6,2019,4,16,3,6,4,0,0,1,1,0,0,0,0,0,0,1,0
4,2019,8,10,4,5,2,0,1,1,0,0,0,0,0,0,0,0,0
11,2021,11,14,5,0,3,0,0,1,0,1,0,0,1,0,2,0,0
5,2020,8,7,7,5,3,0,1,1,0,0,0,0,1,0,1,1,0
8,2018,6,23,7,6,4,2,1,0,1,0,0,0,0,0,0,0,0
3,2019,11,14,1,0,1,0,1,0,0,0,0,0,1,0,0,0,0
1,2021,9,19,6,5,3,0,0,1,0,0,0,0,0,0,1,0,0
5,2020,3,13,7,0,6,0,0,1,0,0,0,1,0,1,1,0,0
8,2019,4,16,2,0,5,0,0,1,0,1,0,0,0,0,0,1,0
1,2019,11,15,6,5,2,1,1,0,0,0,0,1,0,0,0,0,0
11,2018,10,14,4,3,6,0,0,1,0,0,1,0,0,0,0,1,0
9,2018,10,15,5,5,3,0,1,1,0,0,0,0,0,0,0,1,0
8,2020,8,10,3,1,5,0,0,1,0,0,0,0,0,0,1,1,0
8,2020,4,17,1,5,3,0,1,1,0,0,0,0,0,1,2,1,0
1,2020,4,15,3,2,6,0,0,1,0,0,0,0,0,1,2,1,0
1,2021,10,11,3,1,6,0,0,1,0,1,0,0,0,0,1,1,0
6,2021,8,10,2,5,2,0,1,1,0,0,0,0,0,0,1,1,0
4,2018,4,17,3,6,4,0,1,0,1,0,0,0,0,0,0,1,0
6,2019,10,23,7,0,1,2,1,0,0,0,0,0,0,0,0,1,1
9,2021,2,14,4,5,3,0,0,1,0,0,0,0,1,1,2,1,0
8,2019,6,19,2,0,3,0,1,1,0,0,0,0,1,0,0,1,0
4,2019,6,8,5,5,3,0,1,1,0,0,0,0,0,0,0,1,0
2,2019,8,12,4,5,2,0,1,0,0,0,0,1,0,0,0,0,0
6,2019,4,22,1,5,3,2,0,1,0,1,0,0,0,0,0,1,0
7,2018,7,8,2,5,2,0,0,1,0,0,0,0,0,0,0,2,0
6,2020,10,13,6,2,6,0,0,1,0,0,0,0,0,1,1,1,0
12,2020,10,8,5,2,6,0,0,1,0,0,0,0,0,1,1,1,0
4,2018,1,23,3,6,4,2,0,1,1,0,0,0,0,0,0,0,1
7,2021,6,14,3,6,4,0,0,1,1,0,0,0,0,0,1,1,0
5,2021,9,17,3,5,2,0,1,1,0,0,0,0,0,0,1,0,0
12,2018,9,19,3,2,2,1,0,1,0,0,0,0,0,0,0,0,0
5,2018,9,14,5,2,6,0,0,1,0,0,0,0,0,0,0,0,0
6,2021,9,13,4,5,2,0,1,1,0,0,0,0,0,0,1,0,0
2,2018,3,22,6,5,2,2,0,1,0,0,0,0,0,0,0,1,0
7,2019,10,12,4,4,6,0,0,1,0,0,0,0,0,0,0,1,1
5,2019,5,14,7,1,5,0,0,1,0,1,0,0,0,0,0,0,1
1,2020,2,14,1,5,3,0,0,1,0,0,0,0,0,0,0,1,0
1,2018,7,20,4,5,2,0,0,1,0,1,0,0,0,0,0,2,1
6,2018,7,11,3,0,1,0,0,0,0,1,0,0,0,0,0,2,0
4,2020,3,11,5,5,2,0,1,1,0,0,0,0,0,1,1,0,0
7,2019,6,13,5,2,6,0,1,1,0,0,0,0,0,0,0,1,1
1,2020,4,9,3,5,3,0,0,1,0,0,0,0,0,1,2,1,0
8,2020,4,19,1,6,7,0,0,0,1,1,0,0,0,1,2,1,1
5,2020,11,13,6,0,6,0,0,1,0,0,0,1,0,1,2,0,0
1,2018,6,18,4,0,1,0,1,0,0,0,0,0,0,0,0,0,0
2,2018,10,20,2,1,5,2,0,1,0,0,0,0,1,0,0,1,0
9,2021,3,17,5,2,6,0,0,1,0,0,0,0,0,0,2,0,0
2,2018,6,14,3,5,3,0,1,1,0,0,0,0,0,0,0,0,1
3,2019,2,10,2,3,6,0,0,1,0,0,1,0,0,0,0,1,0
3,2018,12,5,1,6,4,2,1,0,1,0,0,0,1,0,0,1,0
6,2019,3,12,3,5,2,0,0,1,0,0,1,0,0,0,0,0,1
3,2019,6,20,4,5,3,1,1,1,0,0,0,0,1,0,0,1,0
8,2020,1,14,6,2,6,0,0,1,0,1,0,0,0,0,0,1,0
4,2020,4,17,5,5,2,0,0,1,0,1,0,0,0,1,2,1,0
12,2019,8,20,5,0,1,2,1,0,0,0,0,0,0,0,0,0,0
6,2021,12,16,3,5,2,2,1,1,0,0,0,0,0,1,2,1,0
4,2019,6,21,5,6,4,1,0,1,1,0,0,0,1,0,0,1,0
1,2021,9,13,2,5,2,0,1,1,0,0,0,0,0,0,1,0,0
1,2021,5,18,6,5,3,0,1,1,0,0,0,0,0,1,2,1,0
3,2018,6,13,2,3,6,0,0,1,0,0,0,0,0,0,0,0,1
4,2019,5,10,5,6,2,0,0,1,1,0,0,0,0,0,0,0,0
11,2019,10,9,3,2,7,0,0,0,0,0,1,1,1,0,0,1,0
2,2021,3,12,7,2,6,0,0,1,0,0,0,0,1,0,2,0,0
12,2021,9,18,6,5,3,0,0,1,0,0,0,0,0,0,1,0,0
2,2020,9,8,4,5,2,0,1,1,0,0,0,0,0,0,1,0,0
12,2021,10,14,6,0,6,0,0,1,0,1,0,0,0,0,1,1,0
6,2020,6,19,1,5,2,0,1,1,0,0,0,0,0,0,1,1,0
7,2020,5,20,1,5,2,1,1,1,0,0,0,0,0,1,1,0,0
8,2020,9,15,2,5,3,0,1,1,0,0,0,0,0,0,1,0,0
12,2019,12,22,4,6,4,2,0,0,1,1,0,0,0,0,0,1,1
9,2021,9,15,7,3,6,0,0,1,0,1,0,0,0,0,1,0,0
1,2020,9,18,3,3,7,0,1,0,0,0,0,0,0,0,1,0,0
7,2019,5,13,2,2,6,0,0,1,0,0,0,0,0,0,0,0,0
4,2019,11,11,6,2,6,0,0,1,0,0,0,0,0,0,0,0,0
2,2019,6,19,4,0,5,0,1,1,0,0,0,0,1,0,0,1,0
3,2018,9,13,4,5,3,0,0,1,0,0,0,1,0,0,0,0,0
7,2019,5,13,5,5,2,0,0,1,0,0,0,1,0,0,0,0,0
6,2018,7,11,3,5,3,0,0,1,0,0,0,0,0,0,0,2,0
5,2021,6,13,4,6,7,0,0,0,1,0,0,1,0,0,1,1,0
5,2020,5,16,1,5,3,0,0,1,0,0,0,0,0,1,1,0,0
12,2021,4,13,5,2,2,0,0,1,0,0,0,0,0,1,2,1,0
7,2019,9,11,4,2,7,0,0,1,0,1,0,0,0,0,0,0,0
10,2020,5,18,4,5,2,0,0,1,0,0,0,0,0,1,1,0,0
1,2019,8,8,2,5,3,0,1,1,0,0,0,0,0,0,0,0,1
1,2018,12,14,6,2,4,0,0,1,1,0,0,0,1,0,0,1,0
3,2019,9,10,3,6,6,0,1,0,1,0,0,0,0,0,0,0,0
6,2019,12,14,7,6,4,0,0,1,1,0,0,0,0,0,0,1,0
4,2018,5,13,5,6,7,0,0,1,1,0,0,0,0,0,0,0,0
1,2019,3,18,3,5,3,2,1,1,0,0,0,0,1,0,0,0,0
4,2021,9,16,7,0,2,0,1,1,0,0,0,0,1,0,1,0,0
11,2020,8,8,5,0,1,0,0,0,0,1,0,0,0,0,1,1,0
5,2021,6,21,6,5,2,1,0,1,0,0,0,1,0,0,1,1,1
7,2018,1,17,3,6,2,0,0,1,1,0,0,0,0,0,0,0,0
1,2019,11,14,1,2,6,0,0,1,0,1,0,0,0,0,0,0,0
8,2021,12,22,5,5,3,2,0,1,0,0,0,0,1,1,2,1,0
8,2019,4,7,4,6,2,0,0,0,1,0,0,1,0,0,0,1,0
12,2019,12,13,2,3,6,0,0,1,0,0,1,0,0,0,0,1,0
6,2020,5,17,7,5,2,0,1,1,0,0,0,0,0,1,1,0,1
6,2020,6,16,3,0,4,0,0,0,1,0,0,1,0,0,1,1,0
8,2020,9,18,3,3,6,0,1,0,0,0,0,1,0,0,1,0,0
9,2020,8,18,2,2,6,0,0,1,0,0,0,0,0,0,1,1,0
9,2018,5,17,1,5,3,0,0,1,0,0,0,0,0,0,0,0,0
8,2019,4,20,6,5,3,2,1,1,0,0,0,0,0,0,0,1,1
2,2018,7,16,6,5,3,0,0,1,0,1,0,0,0,0,0,2,0
9,2018,9,13,6,6,4,0,0,0,1,1,0,0,0,0,0,0,0
5,2018,4,20,5,1,5,2,1,1,0,0,0,0,0,0,0,1,1
6,2018,4,15,6,4,7,0,0,1,0,0,0,0,0,0,0,1,1
2,2020,11,8,6,5,2,0,1,0,0,0,0,0,0,1,2,0,0
2,2019,9,16,4,1,5,0,1,1,0,0,0,0,0,0,0,0,0
1,2019,1,11,5,6,4,0,0,0,1,0,0,1,0,0,0,1,1
3,2020,9,13,2,5,2,0,1,1,0,0,0,0,0,0,1,0,0
4,2018,10,20,4,2,6,2,0,1,0,0,0,0,0,0,0,1,1
3,2018,3,16,2,5,3,0,1,1,0,0,0,0,0,0,0,1,0
5,2020,9,23,7,1,5,2,0,1,0,0,0,0,0,0,1,0,1
1,2018,8,23,4,5,3,2,1,1,0,0,0,0,0,0,0,1,1
8,2019,3,8,5,5,3,0,1,1,0,0,0,0,1,0,0,0,1
1,2020,7,12,3,0,6,0,0,1,0,0,0,1,0,0,1,2,0
2,2018,10,15,6,5,3,0,1,1,0,0,0,0,0,0,0,1,0
2,2021,7,17,5,3,6,0,1,0,0,0,0,0,0,0,1,2,0
2,2021,10,17,6,5,2,0,1,0,0,0,0,1,0,0,1,1,0
2,2021,4,8,5,1,5,0,1,1,0,0,0,0,1,1,2,1,0
3,2018,6,17,5,5,3,0,1,1,0,0,0,0,0,0,0,0,0
11,2021,11,14,3,3,6,0,1,0,0,0,1,0,1,0,2,0,1
2,2020,10,12,6,2,6,0,0,1,0,0,0,0,1,1,1,1,0
8,2018,8,18,5,6,4,0,0,1,1,0,0,0,0,0,0,1,1
4,2020,9,11,5,0,6,0,1,1,0,0,0,0,0,0,1,0,0
2,2018,8,7,6,5,2,0,1,1,0,0,0,0,0,0,0,1,0
6,2018,8,16,4,5,2,0,0,1,0,1,0,0,0,0,0,1,0
5,2020,5,12,5,2,6,0,0,1,0,0,0,0,0,1,1,0,0
4,2019,8,12,2,5,3,0,1,1,0,0,0,0,0,0,0,0,0
11,2019,6,9,2,5,3,0,0,1,0,1,0,0,0,0,0,1,0
8,2018,9,5,1,5,3,2,0,1,0,0,0,0,0,0,0,0,0
11,2019,10,19,6,5,3,2,0,1,0,0,0,1,1,0,0,1,1
7,2018,6,7,4,7,7,0,1,0,0,0,0,0,0,0,0,0,0
2,2021,6,20,2,5,2,0,1,1,0,0,0,0,0,0,1,1,0
4,2018,6,8,4,5,3,0,1,1,0,0,0,0,0,0,0,0,0
12,2018,5,9,6,2,6,0,0,1,0,0,0,0,0,0,0,0,0
1,2019,9,20,4,3,6,2,0,1,0,0,0,0,0,0,0,0,0
5,2019,3,12,5,9,1,0,0,1,0,0,0,0,1,0,0,0,1
9,2021,7,11,4,6,4,0,0,1,1,0,0,0,1,0,1,2,0
10,2019,9,6,5,5,3,1,0,1,0,0,0,0,1,0,0,0,0
3,2018,5,12,5,5,2,0,1,0,0,0,0,1,0,0,0,0,0
2,2020,6,12,5,5,2,0,1,1,0,0,0,0,0,0,1,1,0
8,2018,3,8,4,2,2,0,1,1,0,0,0,0,1,0,0,1,0
4,2018,7,7,2,6,4,0,0,1,1,0,0,0,0,0,0,2,0
8,2020,9,11,7,5,2,0,0,1,0,1,0,0,1,0,1,0,0
10,2018,4,16,7,2,2,0,0,1,0,0,0,0,0,0,0,1,0
9,2019,12,10,7,3,6,0,0,1,0,0,0,0,1,0,0,1,0
4,2021,9,14,5,2,6,0,0,1,0,1,0,0,0,0,1,0,0
2,2019,11,23,6,0,7,2,1,0,0,0,0,0,0,0,0,0,0
1,2019,3,11,1,2,7,0,1,1,0,0,0,0,0,0,0,0,0
1,2021,8,15,5,5,3,0,1,1,0,0,0,0,0,0,1,1,1
3,2018,12,7,6,5,2,0,1,1,0,0,0,0,1,0,0,1,0
10,2020,11,14,5,5,2,0,0,1,0,1,0,0,0,1,2,0,0
11,2021,6,18,6,0,6,0,0,0,0,1,0,1,0,0,1,1,0
12,2019,9,19,2,5,3,2,0,1,0,0,0,0,1,0,0,0,0
5,2019,4,5,5,2,7,0,0,0,0,1,0,1,0,0,0,1,0
3,2018,11,20,7,5,3,2,1,1,0,0,0,0,0,0,0,0,0
1,2020,6,17,5,0,2,0,1,1,0,0,0,0,0,0,1,1,0
10,2018,8,2,5,5,3,2,0,1,0,0,0,0,0,0,0,1,1
12,2019,12,19,1,2,6,2,0,1,0,0,0,0,0,0,0,1,0
2,2021,9,19,2,0,1,0,1,0,0,0,0,0,0,0,1,0,0
4,2019,7,17,3,5,7,0,0,1,0,1,0,0,0,0,0,2,1
8,2021,10,20,7,6,2,2,0,1,1,0,0,0,0,0,1,1,0
1,2019,10,6,4,2,6,2,0,1,0,0,0,1,1,0,0,1,0
7,2021,5,19,4,0,7,0,0,0,0,1,0,0,1,1,2,1,0
3,2018,11,10,6,5,3,0,0,1,0,0,0,0,0,0,0,0,0
9,2021,2,15,3,5,2,0,0,1,0,0,0,0,1,1,2,1,0
11,2018,5,15,3,5,2,0,1,1,0,0,0,0,0,0,0,0,1
4,2020,1,13,6,5,2,0,0,1,0,1,0,0,0,0,0,1,1
1,2018,4,6,3,6,2,0,0,1,1,0,0,0,0,0,0,1,0
1,2021,4,18,6,5,3,0,0,1,0,0,0,0,0,1,2,1,0
9,2020,1,22,5,5,2,2,0,1,0,0,0,0,0,0,0,1,0
11,2019,3,18,2,5,3,1,1,0,0,0,0,1,1,0,0,0,0
1,2018,9,15,7,5,3,0,1,0,0,1,0,0,0,0,0,0,0
6,2019,11,14,7,5,3,0,0,1,0,0,0,0,1,0,0,0,0
10,2019,6,12,1,2,6,0,0,1,0,0,0,0,0,0,0,1,0
11,2018,5,17,2,5,3,0,0,1,0,1,0,0,0,0,0,0,0
4,2019,8,18,1,5,3,0,1,1,0,0,0,0,1,0,0,0,0
9,2020,4,13,5,2,6,0,0,1,0,1,0,0,0,1,2,1,1
12,2021,5,13,7,5,3,0,0,1,0,0,0,0,1,1,2,1,0
8,2019,12,14,5,1,5,0,1,1,0,0,0,0,0,0,0,1,0
2,2021,5,14,6,5,2,0,1,1,0,0,0,0,0,1,2,1,0
1,2019,10,15,7,2,6,0,0,1,0,0,0,0,0,0,0,1,0
4,2019,7,15,4,0,1,0,1,0,0,0,0,0,0,0,0,2,1
4,2019,9,10,4,0,5,0,0,1,0,1,0,0,0,0,0,0,0
11,2021,12,17,5,5,2,2,0,1,0,1,0,0,1,1,2,1,0
2,2020,6,17,7,5,3,0,1,1,0,0,0,0,0,0,1,1,0
2,2021,5,11,3,1,5,0,1,0,0,0,1,0,0,1,2,1,0
5,2020,2,11,4,8,1,0,0,0,0,1,0,0,1,0,0,1,1
4,2019,6,19,7,2,2,0,0,1,0,0,0,1,0,0,0,1,0
4,2018,12,13,4,2,6,0,0,1,0,0,0,0,0,0,0,1,1
6,2020,7,9,6,0,4,0,0,0,1,0,0,1,0,0,1,2,0
1,2019,5,11,5,6,2,0,0,1,1,0,0,0,0,0,0,0,0
2,2021,10,13,1,5,3,0,0,1,0,1,0,0,0,0,1,1,0
1,2019,1,18,4,5,3,2,0,1,0,0,0,0,1,0,0,1,0
1,2019,8,14,4,5,2,0,1,0,0,0,0,0,1,0,0,0,0
9,2020,4,16,4,0,6,0,1,0,0,0,0,0,0,1,2,1,0
11,2020,6,17,7,3,2,1,1,1,0,0,0,0,1,0,1,1,0
3,2018,10,8,3,5,3,0,0,1,0,1,0,0,0,0,0,1,0
1,2021,6,9,6,4,6,0,1,0,0,0,0,0,0,0,1,1,0
12,2018,11,10,4,6,4,0,0,1,1,0,0,0,0,0,0,0,1
1,2021,6,23,7,6,7,2,0,1,1,0,0,0,0,0,1,1,0
4,2021,5,21,2,1,5,2,0,1,0,0,0,0,0,1,2,1,0
12,2021,4,11,7,5,3,0,0,1,0,0,0,0,0,1,2,1,0
1,2021,2,18,2,2,6,2,0,1,0,0,0,0,2,1,2,1,0
3,2020,11,7,4,5,3,0,1,1,0,0,0,0,0,1,2,0,0
8,2021,3,17,5,5,2,2,0,1,0,0,0,1,1,0,2,0,0
6,2021,4,13,4,5,3,0,0,1,0,0,0,0,0,1,2,1,1
3,2020,11,14,3,1,5,0,1,0,0,0,0,1,0,1,2,0,0
9,2018,8,15,6,2,6,0,0,1,0,0,0,0,0,0,0,1,0
5,2021,11,6,4,2,6,1,0,1,0,0,0,0,1,0,2,0,0
4,2019,12,9,3,5,3,0,0,1,0,0,0,0,1,0,0,1,0
10,2019,1,15,6,5,3,0,1,1,0,0,0,0,1,0,0,1,0
4,2018,8,16,7,6,2,0,0,1,1,0,0,0,0,0,0,1,0
8,2019,9,6,2,6,4,2,0,1,1,0,0,0,1,0,0,0,0
5,2019,1,7,2,0,5,1,0,1,0,0,0,0,0,0,0,1,0
4,2019,4,8,2,5,2,0,1,1,0,0,0,0,1,0,0,1,0
2,2021,6,9,5,0,1,0,1,0,0,0,0,0,0,0,1,1,0
6,2018,7,12,2,1,5,0,1,1,0,0,0,0,0,0,0,2,0
3,2021,6,14,6,5,2,0,1,1,0,0,0,0,0,0,1,1,0
8,2021,6,14,4,6,7,0,0,1,1,0,0,0,0,0,1,1,0
2,2018,9,12,4,0,5,0,1,0,0,0,0,1,0,0,0,0,0
5,2020,7,17,3,5,2,0,1,1,0,0,0,0,0,0,1,2,0
6,2019,12,15,1,3,6,0,0,1,0,0,0,0,1,0,0,1,0
2,2021,5,16,7,5,3,0,0,1,0,0,0,0,0,1,2,1,0
1,2021,11,9,5,5,2,0,0,1,0,0,0,0,1,0,2,0,0
4,2021,9,17,6,2,6,0,0,1,0,0,0,0,0,0,1,0,0
1,2018,2,14,4,2,7,0,0,1,0,0,0,0,0,0,0,1,0
4,2020,6,13,6,5,2,0,1,0,0,0,0,1,0,0,1,1,1
2,2021,6,18,4,2,6,0,0,1,0,0,0,0,1,0,1,1,0
2,2019,7,17,5,5,2,0,1,1,0,0,0,0,0,0,0,2,0
2,2020,6,1,7,0,1,2,1,0,0,0,0,0,1,0,1,1,0
6,2018,7,14,3,5,2,0,0,1,0,0,0,0,0,0,0,2,1
9,2020,9,14,5,5,2,0,1,1,0,0,0,0,0,0,1,0,0
8,2020,8,19,2,5,2,0,1,1,0,0,0,0,0,0,1,1,0
12,2021,4,22,5,1,5,2,0,1,0,0,1,0,0,1,2,1,0
7,2018,4,10,3,5,2,0,0,1,0,1,0,0,0,0,0,1,1
11,2019,11,17,5,2,6,2,0,1,0,0,0,0,0,0,0,0,0
9,2021,12,23,1,5,3,2,0,1,0,0,0,1,1,1,2,1,0
3,2021,10,11,7,6,4,0,1,0,1,0,0,0,0,0,1,1,0
4,2018,11,10,7,5,7,0,0,1,0,1,0,0,0,0,0,0,0
12,2020,2,18,6,5,2,2,1,1,0,0,0,0,0,0,0,1,0
3,2021,9,19,4,5,2,2,1,1,0,0,0,0,0,0,1,0,0
3,2019,6,16,4,5,3,0,0,1,0,0,0,1,0,0,0,1,0
1,2019,5,8,7,5,2,0,1,1,0,0,0,0,0,0,0,0,0
2,2019,4,15,5,2,6,0,0,1,0,0,0,0,0,0,0,1,0
1,2018,10,8,5,1,5,0,1,1,0,0,0,0,0,0,0,1,0
1,2020,6,18,3,5,2,0,0,1,0,1,0,0,0,0,1,1,0
1,2020,11,17,5,5,3,2,0,1,0,0,0,1,1,1,2,0,0
1,2021,12,18,3,2,6,2,0,1,0,0,0,0,0,1,2,1,0
10,2020,12,16,5,6,2,0,0,1,1,0,0,0,0,1,2,1,0
1,2021,9,12,3,0,1,0,1,0,0,0,0,0,1,0,1,0,1
3,2021,9,20,3,5,2,2,0,1,0,0,0,0,0,0,1,0,1
7,2018,4,11,4,2,6,0,0,0,0,0,1,1,1,0,0,1,1
4,2019,4,17,4,5,3,0,0,1,0,1,0,0,0,0,0,1,0
7,2019,9,21,1,1,5,2,0,1,0,0,0,0,0,0,0,0,0
9,2019,4,15,5,3,6,0,0,1,0,1,0,0,0,0,0,1,0
6,2018,2,9,1,5,3,0,1,1,0,0,0,0,0,0,0,1,1
1,2018,11,12,1,2,6,0,0,1,0,0,0,0,0,0,0,0,0
1,2018,5,17,6,3,6,0,1,1,0,0,0,0,0,0,0,0,0
3,2020,6,8,4,5,3,0,1,1,0,0,0,0,0,0,1,1,0
9,2018,12,7,3,5,2,2,1,1,0,0,0,0,1,0,0,1,0
3,2021,11,23,3,5,3,2,1,1,0,0,0,0,1,0,2,0,0
2,2018,2,14,4,5,7,0,0,1,0,0,0,0,0,0,0,1,0
1,2021,9,8,4,3,6,0,0,1,0,0,0,0,1,0,1,0,0
3,2021,6,8,4,5,2,0,1,1,0,0,0,0,0,0,1,1,0
4,2018,11,0,5,9,1,2,0,1,0,0,0,0,0,0,0,0,0
2,2018,10,9,4,0,7,0,0,1,0,1,0,0,0,0,0,1,0
10,2019,12,10,6,0,1,0,0,0,0,1,0,0,2,0,0,1,0
1,2018,5,13,4,2,6,0,0,1,0,0,0,0,0,0,0,0,0
3,2018,1,20,3,2,2,2,0,1,0,0,0,0,1,0,0,0,0
6,2021,9,15,3,6,4,0,0,1,1,0,0,0,0,0,1,0,0
10,2019,10,5,3,2,6,2,0,1,0,0,0,0,0,0,0,1,0
7,2020,10,16,5,3,2,0,0,1,0,0,1,0,1,1,1,1,0
4,2020,6,9,5,2,6,0,0,1,0,0,0,1,1,0,1,1,0
3,2018,8,1,4,0,1,2,1,0,0,0,0,0,0,0,0,1,1
8,2018,12,8,3,2,6,1,0,1,0,0,0,0,1,0,0,1,0
1,2019,8,18,3,1,5,0,1,1,0,0,0,1,0,0,0,0,0
6,2020,6,14,4,5,3,0,0,1,0,0,0,0,0,0,1,1,0
7,2020,3,11,4,5,3,0,1,1,0,0,0,0,0,1,1,0,1
7,2021,4,5,5,5,3,2,1,1,0,0,0,0,1,1,2,1,0
12,2020,12,16,2,5,2,2,1,1,0,0,0,0,1,1,2,1,0
3,2019,8,17,1,5,3,0,0,1,0,1,0,0,0,0,0,0,0
3,2018,8,16,3,3,6,0,1,1,0,0,0,0,0,0,0,1,0
1,2018,12,19,7,1,7,2,0,1,0,0,0,0,1,0,0,1,1
7,2018,3,9,1,1,1,0,0,1,0,0,0,0,1,0,0,1,0
3,2020,4,18,4,0,5,0,1,1,0,0,0,0,0,1,2,1,0
1,2018,8,18,5,5,7,0,0,1,0,1,0,0,0,0,0,1,1
12,2020,10,15,1,5,2,0,0,1,0,1,0,0,0,1,1,1,0
5,2019,7,15,6,5,2,0,1,1,0,0,0,0,1,0,0,2,0
3,2021,12,14,6,2,6,0,0,1,0,0,0,1,0,1,2,1,0
6,2018,3,11,3,5,2,0,0,1,0,0,0,0,0,0,0,1,0
4,2021,8,9,2,5,3,0,0,1,0,0,0,1,0,0,1,1,0
5,2018,5,16,4,5,2,0,0,1,0,0,0,0,0,0,0,0,0
3,2020,8,15,4,2,2,0,0,1,0,0,0,0,0,0,1,1,0
12,2019,4,12,3,2,6,0,0,1,0,0,0,0,0,0,0,1,0
11,2018,7,8,2,5,2,0,1,1,0,0,0,0,0,0,0,2,0
1,2021,8,9,2,3,6,0,0,1,0,1,0,0,0,0,1,1,0
2,2021,8,18,3,3,6,0,0,1,0,1,0,0,0,0,1,1,0
1,2019,11,17,1,0,1,2,0,0,0,0,0,1,0,0,0,0,0
8,2018,6,16,6,0,7,0,0,0,0,1,0,0,0,0,0,0,0
12,2021,8,10,7,2,6,0,0,1,0,0,0,0,0,0,1,1,0
7,2020,11,0,4,5,2,2,0,1,0,0,0,0,0,1,2,0,0