BEZ,UJAHR,UMONAT,USTUNDE,UWOCHENTAG,UART,UTYP1,ULICHTVERH,IstRad,IstPKW,IstFuss,IstKrad,IstGkfz,IstSonstige,USTRZUSTAND,LOCKDOWN,COVID,FERIEN,UKATEGORIE
6,2018,3,15,4,2,6,0,0,1,0,0,0,0,1,0,0,1,0
2,2019,10,17,3,6,7,0,0,1,1,0,0,0,1,0,0,1,0
12,2018,9,23,6,2,6,2,0,1,0,0,0,0,1,0,0,0,0
7,2019,10,13,7,2,2,0,0,1,0,0,0,0,0,0,0,1,0
9,2019,4,23,6,1,5,2,0,1,0,0,0,0,0,0,0,1,0
1,2021,7,9,2,2,6,0,0,0,0,1,0,1,1,0,1,2,0
9,2019,5,19,7,5,3,0,0,1,0,0,0,0,0,0,0,0,0
11,2018,5,10,3,4,2,0,0,1,0,0,1,0,0,0,0,0,0
2,2021,7,18,6,1,5,0,1,1,0,0,0,0,0,0,1,2,0
3,2019,9,16,3,2,6,0,0,1,0,0,0,0,1,0,0,0,1
4,2018,7,16,4,5,3,0,0,1,0,0,0,0,1,0,0,2,0
2,2018,8,19,3,5,2,0,1,1,0,0,0,0,0,0,0,1,0
4,2018,10,10,4,5,2,0,0,1,0,0,0,1,0,0,0,1,1
3,2020,3,8,4,5,3,0,1,1,0,0,0,0,0,1,1,0,0
2,2020,10,18,7,5,2,2,1,1,0,0,0,0,0,1,1,1,0
11,2018,5,15,6,5,3,0,1,1,0,0,0,0,0,0,0,0,0
12,2020,12,17,4,0,7,2,1,0,0,0,0,0,1,1,2,1,0
10,2021,8,10,1,2,6,0,0,1,0,0,0,0,0,0,1,1,0
1,2020,8,16,5,5,2,0,0,1,0,0,0,0,0,0,1,1,0
8,2018,5,9,7,5,3,0,1,1,0,0,0,0,0,0,0,0,0
1,2019,4,15,2,2,4,0,1,1,1,0,0,0,0,0,0,1,0
9,2019,3,20,1,6,2,2,0,1,1,0,0,0,1,0,0,0,0
4,2019,4,16,2,6,4,0,0,1,1,0,0,0,0,0,0,1,0
4,2020,7,15,4,5,2,0,0,1,0,0,0,0,0,0,1,2,0
9,2018,2,14,6,5,2,0,0,1,0,0,0,0,0,0,0,1,0
7,2018,4,11,6,2,6,0,0,1,0,0,0,0,0,0,0,1,0
9,2019,6,19,1,2,6,0,0,1,0,0,0,0,0,0,0,1,1
10,2019,6,10,1,5,3,0,1,1,0,0,0,0,0,0,0,1,0
6,2018,5,12,7,0,2,0,1,1,0,0,0,0,0,0,0,0,0
10,2020,8,17,7,2,6,0,0,1,0,1,0,0,0,0,1,1,0
4,2020,8,10,3,0,7,0,0,1,0,0,0,0,0,0,1,1,0
10,2020,2,11,6,6,4,0,0,1,1,0,0,0,0,0,0,1,1
3,2019,2,15,6,6,2,0,0,1,1,0,0,0,0,0,0,1,0
1,2021,5,18,2,2,6,0,0,1,0,0,0,0,0,1,2,1,0
2,2021,8,14,3,6,4,0,0,1,1,0,0,0,0,0,1,1,0
4,2019,6,9,1,5,2,0,1,1,0,0,0,0,0,0,0,1,0
6,2018,6,10,6,5,3,0,1,1,0,0,0,0,0,0,0,0,0
1,2020,8,16,2,5,2,0,0,1,0,1,0,0,0,0,1,1,0
11,2018,4,14,2,5,2,0,1,0,0,1,0,0,0,0,0,1,0
2,2020,1,13,5,1,5,0,1,1,0,0,0,0,0,0,0,1,0
3,2018,8,10,1,5,3,0,1,0,0,1,0,0,0,0,0,1,0
1,2019,6,14,7,5,2,0,0,1,0,1,0,0,0,0,0,1,0
11,2018,9,9,3,5,3,0,1,1,0,0,0,0,0,0,0,0,0
4,2020,2,13,1,2,6,0,0,1,0,0,0,0,1,0,0,1,0
5,2020,10,6,4,5,2,1,1,1,0,0,0,0,0,1,1,1,1
4,2019,7,13,2,5,2,0,0,1,0,1,0,0,0,0,0,2,0
8,2018,2,22,4,6,4,2,0,1,1,0,0,0,0,0,0,1,1
7,2018,4,16,5,5,3,0,1,1,0,0,0,0,0,0,0,1,1
6,2021,8,20,3,5,2,1,0,1,0,0,0,0,0,0,1,1,1
12,2018,12,17,2,6,4,2,0,1,1,0,0,0,1,0,0,1,1
1,2021,8,18,5,2,6,0,0,1,0,1,0,0,0,0,1,1,0
2,2020,8,16,1,5,3,0,1,1,0,0,0,0,0,0,1,1,0
11,2020,2,0,4,5,3,2,0,1,0,0,0,1,0,0,0,1,0
7,2019,6,15,2,2,6,0,0,1,0,0,0,1,0,0,0,1,0
1,2021,6,10,3,1,5,0,1,1,0,0,0,0,0,0,1,1,0
5,2021,7,18,7,2,6,0,0,1,0,1,0,0,0,0,1,2,1
3,2019,8,13,7,5,2,0,1,1,0,0,0,0,0,0,0,0,0
2,2018,11,3,1,2,6,2,0,1,0,0,0,0,0,0,0,0,0
1,2018,5,20,2,5,3,1,0,1,0,0,0,0,0,0,0,0,0
4,2021,6,14,2,2,7,0,0,1,0,1,0,0,0,0,1,1,0
11,2018,3,23,3,6,4,2,0,1,1,0,0,0,1,0,0,1,1
1,2018,3,18,2,5,3,0,1,1,0,0,0,0,0,0,0,1,0
8,2019,9,14,3,5,3,0,1,1,0,0,0,0,0,0,0,0,0
12,2018,11,22,1,5,2,2,0,1,0,0,0,1,1,0,0,0,0
11,2019,12,15,5,5,3,0,1,1,0,0,0,0,1,0,0,1,0
9,2021,7,10,4,1,5,0,0,1,0,0,0,1,0,0,1,2,0
9,2020,8,22,1,0,1,2,1,0,0,0,0,0,1,0,1,1,1
11,2020,9,8,3,5,2,0,1,1,0,0,0,0,0,0,1,0,0
5,2021,8,13,7,2,6,0,0,1,0,0,0,0,0,0,1,1,0
9,2018,6,16,3,0,1,0,1,0,0,0,0,0,0,0,0,0,0
1,2021,4,20,4,4,6,1,1,0,0,0,0,1,0,1,2,1,0
9,2021,6,12,4,0,1,0,1,0,0,0,0,0,0,0,1,1,0
12,2020,3,5,5,2,6,1,0,1,0,0,0,0,0,1,1,0,0
10,2021,9,16,5,5,3,0,1,1,0,0,0,0,0,0,1,0,0
2,2020,8,15,4,5,3,0,1,0,0,0,0,0,1,0,1,1,0
8,2020,4,20,4,5,3,2,0,1,0,0,0,1,0,1,2,1,0
7,2020,8,16,6,5,2,0,1,1,0,0,0,0,0,0,1,1,0
4,2019,1,16,7,5,2,1,0,1,0,0,0,0,0,0,0,1,1
4,2018,5,13,3,6,4,0,0,1,1,0,0,0,0,0,0,0,1
7,2020,7,9,3,5,2,0,1,0,0,0,0,0,0,0,1,2,0
6,2019,12,20,2,0,7,2,1,1,0,0,0,0,1,0,0,1,0
6,2018,5,9,6,1,5,0,1,1,0,0,0,0,0,0,0,0,0
1,2018,7,13,4,5,2,0,1,1,0,0,0,0,0,0,0,2,0
5,2020,11,10,3,5,7,0,0,1,0,0,0,0,0,1,2,0,0
1,2018,6,14,6,5,3,0,1,1,0,0,0,0,0,0,0,0,0
2,2020,8,12,4,5,3,0,0,1,0,1,0,0,0,0,1,1,1
8,2020,6,13,6,1,5,0,1,1,0,0,0,0,0,0,1,1,0
7,2018,9,20,5,6,7,2,1,0,1,0,0,0,0,0,0,0,0
1,2019,5,16,1,3,6,0,1,1,0,0,0,0,0,0,0,0,0
12,2021,8,16,4,6,2,0,0,1,1,0,0,0,0,0,1,1,0
3,2021,6,8,3,1,5,0,1,0,0,0,1,0,0,0,1,1,0
1,2019,6,15,4,1,5,0,1,0,0,0,0,1,0,0,0,1,0
6,2018,10,20,7,5,2,2,1,1,0,0,0,0,0,0,0,1,0
12,2021,8,7,6,5,3,0,1,1,0,0,0,0,1,0,1,1,0
8,2019,6,15,5,5,2,0,0,1,0,0,0,0,1,0,0,1,0
12,2019,7,23,4,2,6,2,0,1,0,0,0,1,0,0,0,2,1
3,2018,12,5,6,2,6,2,0,1,0,1,0,0,1,0,0,1,0
4,2019,8,8,5,2,6,0,0,1,0,0,0,0,0,0,0,0,0
8,2020,10,11,4,6,2,0,0,1,1,0,0,0,1,1,1,1,0
11,2018,3,19,4,8,1,2,0,0,0,0,0,1,1,0,0,1,0
1,2020,11,15,1,3,6,0,0,1,0,0,0,0,0,1,2,0,0
8,2021,6,18,6,6,2,0,0,1,1,0,0,0,0,0,1,1,1
1,2020,11,10,2,0,3,0,1,1,0,0,0,0,1,1,2,0,0
2,2020,10,19,1,3,6,2,0,1,0,1,0,0,1,1,1,1,0
1,2020,1,8,4,5,3,0,1,1,0,0,0,0,0,0,0,1,0
6,2018,5,22,5,2,2,2,1,1,0,0,0,0,0,0,0,0,0
12,2021,9,10,2,5,2,0,1,1,0,0,0,0,0,0,1,0,0
5,2020,7,14,5,5,3,0,0,1,0,0,0,0,1,0,1,2,0
6,2018,5,18,3,5,3,0,0,1,0,0,0,0,1,0,0,0,0
12,2020,3,12,4,3,6,0,0,1,0,0,1,0,0,1,1,0,0
6,2020,7,10,2,1,5,0,0,1,0,0,0,0,0,0,1,2,0
9,2018,12,10,4,1,5,0,0,1,0,0,0,0,0,0,0,1,0
5,2019,5,15,6,5,2,0,0,1,0,1,0,0,0,0,0,0,0
1,2020,12,17,4,5,2,2,1,1,0,0,0,0,0,1,2,1,0
4,2018,8,8,2,5,2,0,1,1,0,0,0,0,0,0,0,1,0
3,2019,8,17,2,2,6,0,0,1,0,0,0,0,0,0,0,0,0
9,2021,12,17,5,5,3,2,1,0,0,0,0,1,0,1,2,1,1
1,2019,4,8,4,1,5,0,1,1,0,0,0,0,0,0,0,1,1
5,2020,11,11,6,2,6,0,0,1,0,0,0,0,0,1,2,0,0
1,2019,7,9,2,5,3,0,1,1,0,0,0,0,0,0,0,2,1
1,2019,6,9,5,0,2,0,1,0,0,0,1,0,1,0,0,1,0
7,2018,6,14,4,5,2,0,1,1,0,0,0,0,0,0,0,0,0
10,2018,12,23,7,6,6,2,0,1,1,0,0,0,1,0,0,1,1
10,2021,11,15,2,2,2,0,0,1,0,0,0,0,0,0,2,0,0
10,2021,4,6,2,5,3,0,0,1,0,0,0,0,0,1,2,1,0
2,2020,8,19,4,2,6,0,1,1,0,0,0,0,0,0,1,1,0
1,2018,8,17,3,5,5,0,1,1,0,0,0,0,0,0,0,1,0
1,2019,8,12,4,6,4,0,0,0,1,1,0,0,0,0,0,0,1
10,2021,12,10,3,2,7,0,0,0,0,0,0,1,0,1,2,1,0
8,2020,11,10,2,0,4,0,0,0,1,1,0,0,1,1,2,0,0
12,2019,8,16,4,0,7,0,0,1,1,0,0,0,0,0,0,0,1
4,2021,10,13,5,5,3,0,0,1,0,0,0,0,0,0,1,1,0
4,2018,4,16,2,2,1,0,0,1,0,0,0,1,0,0,0,1,1
1,2019,8,13,4,5,2,0,1,1,0,0,0,0,0,0,0,0,0
6,2018,9,12,5,5,2,0,1,1,0,0,0,0,0,0,0,0,0
1,2019,11,8,3,0,4,0,0,0,1,1,0,0,1,0,0,0,0
3,2020,1,13,6,5,2,0,1,1,0,0,0,0,1,0,0,1,0
3,2021,11,18,5,5,3,2,0,1,0,0,1,0,1,0,2,0,0
9,2018,10,10,7,5,7,0,0,1,0,1,0,0,0,0,0,1,0
3,2020,2,8,5,5,3,0,1,1,0,0,0,0,0,0,0,1,0
6,2019,9,16,3,5,3,0,0,1,0,0,0,1,0,0,0,0,0
10,2018,4,18,2,2,1,0,0,1,0,0,0,0,0,0,0,1,0
7,2020,8,14,3,0,6,0,0,1,0,1,0,0,0,0,1,1,0
2,2019,6,9,4,5,2,0,0,1,0,1,0,0,0,0,0,1,0
12,2021,12,8,3,2,6,0,0,1,0,0,0,0,0,1,2,1,0
7,2020,9,6,4,5,3,0,0,1,0,0,0,0,0,0,1,0,0
7,2021,2,14,2,3,6,0,0,1,0,0,1,0,0,1,2,1,0
9,2018,11,21,7,6,2,2,0,1,1,0,0,0,1,0,0,0,0
9,2020,2,17,7,6,4,1,0,1,1,0,0,0,1,0,0,1,1
8,2020,5,10,1,2,6,0,0,1,0,1,0,0,0,1,1,0,0
7,2018,8,8,3,5,2,0,1,1,0,0,0,0,0,0,0,1,0
7,2021,11,9,5,2,2,0,0,1,0,0,0,1,0,0,2,0,0
4,2019,2,0,3,5,3,2,0,1,0,0,0,0,0,0,0,1,0
3,2021,1,14,1,1,5,0,1,1,0,0,0,0,1,1,2,0,0
1,2019,10,17,4,6,4,2,1,0,1,0,0,0,0,0,0,1,0
5,2020,11,6,3,6,2,2,0,1,1,0,0,0,0,1,2,0,0
3,2019,11,8,4,0,2,0,1,1,0,0,0,0,1,0,0,0,0
3,2020,4,9,5,6,7,0,0,1,1,0,0,0,1,1,2,1,0
8,2021,9,16,7,3,6,0,1,0,0,0,0,1,0,0,1,0,0
6,2020,9,8,5,5,2,0,1,0,0,0,0,1,1,0,1,0,0
10,2019,9,13,4,6,2,0,0,1,1,0,0,0,0,0,0,0,0
2,2019,1,18,6,5,2,2,0,1,0,1,0,0,1,0,0,1,0
10,2019,1,17,1,2,6,2,0,1,0,0,0,0,1,0,0,1,0
12,2021,6,7,4,5,3,0,1,1,0,0,0,0,0,0,1,1,1
3,2020,12,5,2,5,3,2,0,1,0,0,0,1,1,1,2,1,0
5,2019,12,17,6,6,4,2,0,1,1,0,0,0,0,0,0,1,0
12,2018,8,14,6,5,2,0,1,1,0,0,0,0,0,0,0,1,0
2,2021,2,16,7,0,2,2,0,1,0,0,0,1,1,1,2,1,0
10,2019,4,17,1,1,5,0,1,1,0,0,0,0,0,0,0,1,1
7,2019,6,11,5,1,5,0,0,1,0,0,0,1,0,0,0,1,0
2,2020,3,22,3,5,2,2,1,1,0,0,0,0,0,1,1,0,0
8,2019,8,7,5,5,2,0,1,1,0,0,0,0,0,0,0,0,0
2,2018,10,19,3,1,5,2,1,1,0,0,0,0,0,0,0,1,0
6,2021,9,11,7,5,7,0,0,1,0,1,0,0,0,0,1,0,0
7,2019,10,16,7,0,1,0,0,0,0,0,0,1,1,0,0,1,1
1,2020,1,18,1,1,5,2,0,1,0,0,0,0,0,0,0,1,0
4,2019,8,1,7,0,4,2,1,0,1,0,0,0,0,0,0,0,0
9,2020,7,15,4,2,6,0,0,1,0,0,0,0,0,0,1,2,0
2,2018,10,7,5,3,6,0,1,1,0,0,0,0,0,0,0,1,0
4,2018,2,19,4,2,6,2,1,1,0,0,0,0,0,0,0,1,0
4,2018,7,13,2,5,2,0,1,1,0,0,0,0,0,0,0,2,0
7,2021,6,8,6,6,4,0,0,1,1,0,0,0,0,0,1,1,0
1,2019,9,15,2,0,7,0,1,0,0,0,0,0,1,0,0,0,0
9,2021,6,17,4,5,2,0,1,1,0,0,0,0,0,0,1,1,0
6,2020,1,12,2,2,6,0,0,1,0,0,0,1,0,0,0,1,0
10,2020,2,13,2,2,6,0,0,1,0,0,0,1,0,0,0,1,0
2,2018,1,3,1,6,4,2,0,1,1,0,0,0,1,0,0,0,1
2,2019,7,16,3,5,2,0,1,0,0,0,0,0,0,0,0,2,0
7,2018,7,13,4,5,3,0,0,1,0,1,0,0,0,0,0,2,0
5,2021,9,11,3,0,2,0,0,1,0,0,0,1,1,0,1,0,0
7,2018,4,17,5,6,4,0,1,0,1,0,0,0,0,0,0,1,1
3,2018,10,14,5,5,2,0,0,1,0,0,0,0,0,0,0,1,0
12,2020,2,19,4,6,2,2,0,1,1,0,0,0,1,0,0,1,1
4,2019,1,17,2,6,7,2,0,1,1,0,0,0,0,0,0,1,0
1,2019,12,14,4,2,2,0,1,1,0,0,0,0,0,0,0,1,0
6,2019,5,16,6,1,5,0,1,1,0,0,0,0,0,0,0,0,0
4,2018,9,16,3,5,2,0,1,0,0,0,1,0,0,0,0,0,0
8,2021,11,17,7,6,2,1,0,1,1,0,0,0,1,0,2,0,0
1,2020,8,18,2,6,4,0,1,0,1,0,0,0,0,0,1,1,0
3,2018,9,17,3,2,6,0,0,1,0,0,0,1,0,0,0,0,0
1,2021,9,8,5,2,6,0,0,1,0,1,0,0,1,0,1,0,0
4,2021,10,16,6,3,6,0,1,1,0,0,0,1,0,0,1,1,0
2,2021,9,16,5,6,7,0,0,0,1,0,0,1,0,0,1,0,0
7,2019,6,12,4,5,2,0,1,1,0,0,0,0,0,0,0,1,0
8,2020,1,18,1,5,3,1,1,1,0,0,0,0,0,0,0,1,0
10,2018,11,16,2,5,3,2,0,1,0,0,0,0,0,0,0,0,0
2,2020,1,14,3,1,5,0,1,1,0,0,0,0,0,0,0,1,0
10,2019,6,17,2,5,3,0,1,1,0,0,0,0,0,0,0,1,0
3,2020,8,14,5,0,6,0,0,1,0,1,0,0,0,0,1,1,0
11,2020,2,17,3,2,2,2,1,1,0,0,0,0,1,0,0,1,0
9,2021,2,16,3,5,3,0,1,1,0,0,0,0,0,1,2,1,0
10,2018,7,15,4,2,6,0,0,1,0,0,0,0,0,0,0,2,0
4,2019,9,18,6,1,5,0,1,1,0,0,0,0,0,0,0,0,0
6,2019,6,16,6,5,2,0,0,1,0,1,0,0,0,0,0,1,0
3,2018,4,16,4,2,6,0,0,1,0,0,0,0,0,0,0,1,0
4,2019,7,18,2,0,6,0,0,1,0,1,0,0,1,0,0,2,0
4,2018,12,12,2,5,2,0,1,1,0,0,0,0,0,0,0,1,0
5,2018,6,20,6,5,2,0,1,1,0,0,0,0,0,0,0,0,1
6,2021,9,4,1,0,7,2,0,1,0,0,0,0,0,0,1,0,0
1,2020,4,16,2,6,4,0,0,1,1,0,0,0,0,1,2,1,1
7,2018,5,22,4,5,7,2,1,1,0,0,0,0,0,0,0,0,0
5,2019,10,16,6,2,6,0,0,1,0,0,0,0,1,0,0,1,0
5,2020,9,8,4,5,5,0,0,1,0,1,0,0,0,0,1,0,0
7,2019,8,8,5,2,6,0,1,1,0,0,0,0,0,0,0,0,0
10,2021,8,9,5,2,3,0,1,1,0,0,0,0,0,0,1,1,0
3,2018,9,16,6,2,6,0,1,1,0,0,0,0,0,0,0,0,0
12,2018,4,9,4,5,2,0,1,1,0,0,0,0,0,0,0,1,0
2,2019,9,12,7,0,3,0,0,1,0,1,0,0,0,0,0,0,0
1,2021,4,8,3,2,6,0,1,1,0,0,0,0,0,1,2,1,0
4,2021,7,17,2,5,2,0,1,1,0,0,0,0,0,0,1,2,0
1,2018,6,23,7,1,5,2,0,1,0,0,0,0,1,0,0,0,1
7,2018,5,16,4,6,7,0,0,0,1,1,0,0,0,0,0,0,0
10,2021,12,12,5,5,2,0,0,1,0,0,0,0,0,1,2,1,0
2,2021,8,17,1,5,2,0,1,0,0,1,0,0,0,0,1,1,0
2,2019,2,17,2,6,4,2,0,1,1,0,0,0,0,0,0,1,1
9,2020,10,19,7,2,6,2,0,1,0,1,0,0,0,1,1,1,0
9,2020,5,13,3,5,3,0,0,1,0,1,0,0,0,1,1,0,1
2,2018,7,20,7,0,1,2,0,0,0,1,0,0,1,0,0,2,0
7,2020,6,12,1,2,6,0,1,1,0,0,0,0,0,0,1,1,0
1,2020,11,8,4,7,7,0,1,0,0,0,0,0,0,1,2,0,0
2,2020,5,17,4,5,2,0,1,1,0,0,0,0,0,1,1,0,0
3,2019,2,5,4,5,2,2,1,1,0,0,0,0,0,0,0,1,0
7,2021,9,16,5,2,6,0,0,1,0,1,0,0,0,0,1,0,1
4,2019,5,17,3,0,3,0,0,1,0,1,0,0,0,0,0,0,0
12,2018,1,7,5,6,2,2,0,1,1,0,0,0,1,0,0,0,0
8,2020,1,3,5,5,3,2,0,1,0,0,0,0,2,0,0,1,1
11,2020,2,18,7,6,4,2,0,1,1,0,0,0,1,0,0,1,0
7,2020,4,13,7,3,6,0,1,1,0,0,0,0,0,1,2,1,0
1,2018,1,8,4,5,2,0,1,1,0,0,0,0,0,0,0,0,0
9,2021,7,17,5,5,3,0,1,1,0,0,0,0,0,0,1,2,0
11,2019,4,12,1,6,4,0,0,1,1,0,0,0,0,0,0,1,0
6,2021,9,14,4,5,3,0,1,1,0,0,0,0,1,0,1,0,0
3,2018,2,5,5,5,3,2,1,1,0,0,0,0,0,0,0,1,0
3,2019,4,17,6,1,5,0,1,1,0,0,0,0,0,0,0,1,1
1,2018,11,16,1,0,1,1,0,0,0,1,0,0,1,0,0,0,0
3,2019,6,15,4,2,6,0,0,1,0,0,0,0,0,0,0,1,0
4,2021,5,16,2,2,6,0,0,1,0,0,0,1,0,1,2,1,0
4,2018,5,14,3,2,6,0,1,1,0,0,0,0,0,0,0,0,0
9,2021,7,14,4,6,4,0,0,1,1,0,0,0,0,0,1,2,1
3,2018,12,7,4,5,2,0,1,1,0,0,0,0,0,0,0,1,0
3,2019,6,5,2,1,5,0,0,1,0,1,0,0,0,0,0,1,0
1,2021,7,10,3,1,5,0,0,1,0,0,0,0,0,0,1,2,0
1,2018,2,23,3,5,3,2,1,1,0,0,0,0,0,0,0,1,0
4,2019,6,10,4,5,3,0,1,0,0,0,0,0,0,0,0,1,0
1,2021,11,14,4,5,3,0,0,1,0,1,0,0,0,0,2,0,0
4,2020,2,8,6,2,6,0,0,1,0,0,0,0,1,0,0,1,1
8,2018,8,6,4,3,6,0,0,1,0,1,0,0,0,0,0,1,1
1,2019,12,23,3,5,2,2,0,1,0,1,0,0,0,0,0,1,0
4,2019,10,8,4,2,6,0,0,1,0,0,0,1,0,0,0,1,0
10,2018,8,7,4,5,2,0,0,1,0,1,0,0,0,0,0,1,1
9,2018,10,17,6,5,2,1,1,1,0,0,0,0,0,0,0,1,1
8,2018,1,13,5,2,6,0,0,1,0,0,0,0,1,0,0,0,0
5,2020,5,15,6,5,2,0,0,1,0,0,0,0,0,1,1,0,1
3,2018,9,16,3,3,6,0,0,0,0,1,0,1,0,0,0,0,0
1,2019,11,13,1,5,3,0,0,1,0,1,0,0,0,0,0,0,0
4,2019,7,14,7,2,6,0,0,1,0,0,0,0,0,0,0,2,0
11,2018,8,18,5,2,6,0,0,1,0,0,0,0,0,0,0,1,0
7,2020,7,11,2,5,3,0,1,0,0,0,0,1,0,0,1,2,0
7,2020,12,15,3,2,6,1,0,1,0,0,0,0,1,1,2,1,0
2,2020,1,19,1,4,7,2,0,1,0,0,0,1,1,0,0,1,0
7,2019,11,16,3,0,6,1,0,1,0,0,0,1,0,0,0,0,0
12,2020,12,6,5,2,6,2,0,1,0,0,0,0,0,1,2,1,0
4,2019,10,13,1,2,2,0,0,1,0,0,0,0,0,0,0,1,0
9,2019,6,10,2,5,3,0,1,1,0,0,0,0,0,0,0,1,0
4,2018,6,14,2,5,2,0,1,0,0,0,0,1,0,0,0,0,0
1,2018,7,21,1,5,3,2,0,1,0,0,0,0,0,0,0,2,1
7,2021,6,17,2,1,5,0,1,1,0,0,0,0,0,0,1,1,0
12,2021,3,14,5,5,3,0,0,1,0,0,0,1,0,0,2,0,0
10,2018,12,13,7,6,7,0,0,1,1,0,0,0,0,0,0,1,1
7,2018,7,18,3,5,3,0,1,1,0,0,0,0,0,0,0,2,0
12,2020,7,8,6,5,3,0,0,1,0,0,0,0,0,0,1,2,0
6,2019,2,15,6,5,3,0,0,1,0,0,0,0,0,0,0,1,0
1,2021,1,14,3,0,1,0,1,0,0,0,0,0,0,1,2,0,0
6,2020,4,17,4,2,2,0,0,1,0,1,0,0,1,1,2,1,0
8,2019,3,18,5,5,3,2,1,1,0,0,0,0,1,0,0,0,0
5,2019,7,12,6,5,2,0,0,1,0,0,0,0,0,0,0,2,0
10,2021,12,16,4,6,4,1,0,1,1,0,0,0,1,1,2,1,0
12,2021,12,16,4,1,5,2,0,0,0,1,0,1,0,1,2,1,0
8,2021,10,14,5,5,3,0,1,1,0,0,0,0,0,0,1,1,0
6,2018,8,11,3,0,7,0,0,0,0,1,0,1,0,0,0,1,0
11,2020,10,20,3,5,3,2,1,1,0,0,0,0,0,1,1,1,0
10,2018,4,8,2,2,6,0,0,1,0,0,0,0,0,0,0,1,0
1,2019,1,20,7,2,6,2,0,1,0,0,0,0,0,0,0,1,0
8,2020,11,12,3,6,2,0,0,1,1,0,0,0,0,1,2,0,0
7,2018,10,17,2,5,2,0,0,1,0,1,0,0,0,0,0,1,0
1,2020,3,14,2,8,1,0,0,1,0,0,0,0,0,1,1,0,1
4,2019,9,8,6,5,2,0,0,1,0,0,0,0,0,0,0,0,0
12,2018,12,14,3,5,3,0,0,1,0,0,0,0,1,0,0,1,0
3,2020,5,14,7,0,4,0,0,0,1,0,1,0,0,1,1,0,0
1,2019,5,9,5,2,6,0,0,1,0,0,0,1,0,0,0,0,0
3,2021,10,11,6,2,6,0,1,1,0,0,0,0,0,0,1,1,0
6,2018,9,7,3,1,5,1,1,0,0,0,0,1,0,0,0,0,0
4,2019,3,10,4,5,2,0,0,1,0,0,0,0,0,0,0,0,0
2,2019,5,12,4,1,5,0,1,1,0,0,0,1,0,0,0,0,0
2,2019,7,18,6,3,2,0,0,1,0,1,0,0,0,0,0,2,0
3,2018,1,17,5,2,6,2,0,1,0,0,0,0,0,0,0,0,0
1,2021,4,13,6,2,6,0,1,0,0,0,0,0,0,1,2,1,0
2,2020,4,16,7,2,6,0,1,1,0,0,0,0,0,1,2,1,0
1,2021,3,6,3,2,6,0,0,1,0,0,0,0,0,0,2,0,0
6,2021,4,7,3,5,3,0,1,1,0,0,0,0,0,1,2,1,1
1,2021,10,10,7,5,2,0,0,1,0,1,0,0,0,0,1,1,1
4,2019,6,16,5,1,5,0,1,1,0,0,0,0,0,0,0,1,0
2,2019,9,11,1,5,3,0,1,1,0,0,0,0,0,0,0,0,0
1,2020,7,9,4,5,7,0,1,0,0,0,0,1,0,0,1,2,0
1,2020,7,10,2,9,1,0,0,1,0,0,0,0,0,0,1,2,0
11,2018,7,21,4,5,2,2,1,0,0,0,0,1,0,0,0,2,1
9,2018,8,17,2,0,1,0,0,0,0,1,0,1,0,0,0,1,0
3,2021,7,10,2,0,3,0,0,1,0,0,0,1,1,0,1,2,1
4,2020,12,9,5,0,1,0,0,1,0,1,0,0,0,1,2,1,0
11,2018,10,20,4,3,6,2,0,1,0,0,0,0,0,0,0,1,0
1,2019,12,11,4,2,6,0,0,1,0,0,0,0,0,0,0,1,0
7,2018,6,7,3,1,5,0,1,1,0,0,0,0,0,0,0,0,0
1,2021,7,13,4,0,7,0,0,1,0,0,0,0,0,0,1,2,0
2,2018,8,18,4,5,3,0,1,1,0,0,0,0,0,0,0,1,0
7,2019,7,21,6,5,2,2,0,1,0,0,0,0,0,0,0,2,0
2,2019,8,9,7,1,6,0,1,1,0,0,0,0,0,0,0,0,0
10,2021,10,8,4,3,6,0,0,1,0,0,1,0,0,0,1,1,0
2,2019,10,16,5,6,6,0,0,0,1,0,0,1,1,0,0,1,0
10,2019,7,17,4,2,2,0,0,1,0,0,0,0,0,0,0,2,0
9,2018,1,15,3,5,2,1,1,1,0,0,0,0,0,0,0,0,0
6,2019,9,23,7,6,4,2,0,1,1,0,0,0,0,0,0,0,0
2,2020,7,10,3,0,2,0,0,0,0,0,0,1,0,0,1,2,1
4,2019,9,8,2,2,6,0,1,1,0,0,0,0,1,0,0,0,0
4,2019,2,23,2,3,6,2,0,1,0,0,0,0,0,0,0,1,0
2,2018,6,19,5,0,7,0,1,0,0,0,0,0,0,0,0,0,0
2,2021,7,17,7,6,4,0,0,1,1,0,0,0,0,0,1,2,1
12,2019,6,15,2,2,6,0,0,1,0,1,0,0,0,0,0,1,0
4,2019,4,9,2,5,3,0,0,1,0,1,0,0,0,0,0,1,0
2,2019,10,9,2,2,6,0,0,1,0,0,0,0,0,0,0,1,0
2,2018,3,17,6,3,6,0,1,1,0,0,0,0,0,0,0,1,0
3,2020,11,10,3,0,2,0,0,0,0,0,1,1,0,1,2,0,1
7,2021,3,10,5,3,6,0,0,1,0,0,1,1,0,0,2,0,0
4,2018,12,15,3,3,6,0,0,0,0,1,0,1,0,0,0,1,0
1,2018,4,7,4,0,1,0,0,0,0,1,0,0,1,0,0,1,0
8,2019,10,16,3,0,3,0,0,0,0,1,0,1,1,0,0,1,0