BEZ,UJAHR,UMONAT,USTUNDE,UWOCHENTAG,UART,UTYP1,ULICHTVERH,IstRad,IstPKW,IstFuss,IstKrad,IstGkfz,IstSonstige,USTRZUSTAND,LOCKDOWN,COVID,FERIEN,UKATEGORIE
1,2021,10,16,5,2,6,0,0,1,0,0,0,0,1,0,1,1,0
11,2018,7,16,7,5,3,0,0,1,0,0,0,0,0,0,0,2,0
1,2019,6,17,3,2,6,0,0,1,0,0,0,0,0,0,0,1,0
11,2019,1,6,6,6,4,2,0,1,1,0,0,0,1,0,0,1,0
4,2018,7,7,3,5,3,0,0,1,0,0,0,1,0,0,0,2,0
1,2018,5,11,5,5,3,0,1,1,0,0,0,0,0,0,0,0,0
5,2020,8,8,4,5,3,0,0,1,0,0,0,0,0,0,1,1,0
1,2019,6,14,5,5,7,0,0,1,0,1,0,0,0,0,0,1,0
3,2019,6,16,2,5,3,0,1,0,0,0,0,0,0,0,0,1,1
9,2019,8,12,4,6,7,0,1,0,1,0,0,0,0,0,0,0,1
1,2020,6,8,3,5,2,0,0,0,0,1,0,0,0,0,1,1,1
8,2018,5,21,6,0,2,2,0,1,0,1,0,0,0,0,0,0,0
7,2018,10,0,5,6,2,2,0,1,1,0,0,0,0,0,0,1,0
4,2019,9,18,1,0,7,0,0,0,0,1,0,0,1,0,0,0,0
10,2020,10,19,6,0,1,2,0,0,0,1,0,0,1,1,1,1,0
7,2019,3,17,4,6,7,1,1,0,1,0,0,0,1,0,0,0,0
12,2021,10,22,4,2,6,2,0,1,0,1,0,0,0,0,1,1,0
2,2018,8,15,4,5,2,0,0,1,0,0,0,0,0,0,0,1,0
12,2018,1,11,5,0,5,0,0,1,0,1,0,0,1,0,0,0,0
8,2020,7,19,7,0,1,0,1,0,0,0,0,0,0,0,1,2,0
8,2019,6,3,6,3,6,2,0,1,0,1,0,0,1,0,0,1,0
9,2018,6,14,1,2,7,0,0,1,0,0,0,0,1,0,0,0,0
1,2021,2,16,2,5,2,0,0,1,0,0,0,0,0,1,2,1,0
10,2018,8,14,4,5,2,0,1,1,0,0,0,0,0,0,0,1,0
1,2021,12,6,3,5,3,2,0,1,0,0,0,1,1,1,2,1,0
1,2019,9,19,4,1,5,2,0,1,0,0,0,0,0,0,0,0,0
8,2019,6,13,4,5,3,0,1,1,0,0,0,0,0,0,0,1,0
2,2021,9,21,7,0,3,2,1,1,0,0,0,0,0,0,1,0,0
2,2018,1,12,2,1,5,0,1,1,0,0,0,0,0,0,0,0,0
8,2018,12,6,3,5,3,2,1,1,0,0,0,0,1,0,0,1,0
11,2021,11,20,5,2,6,2,0,1,0,1,0,1,1,0,2,0,1
1,2021,8,14,3,5,3,0,1,1,0,0,0,0,0,0,1,1,0
12,2019,4,18,7,2,6,0,0,1,0,0,0,0,0,0,0,1,0
1,2018,9,12,5,0,7,0,1,0,0,0,0,0,0,0,0,0,0
11,2018,6,16,4,2,6,0,0,1,0,0,0,1,0,0,0,0,0
1,2021,7,15,6,5,3,0,0,1,0,1,0,0,0,0,1,2,0
7,2021,10,18,6,5,2,2,1,1,0,0,0,0,1,0,1,1,1
3,2019,1,18,7,6,7,2,0,1,1,0,0,0,1,0,0,1,0
3,2018,6,17,2,5,3,0,1,1,0,0,0,0,0,0,0,0,0
6,2018,3,15,2,2,6,0,0,1,0,0,0,0,0,0,0,1,0
7,2018,6,11,6,5,2,0,1,1,0,0,0,0,0,0,0,0,0
5,2018,4,15,2,8,1,0,0,1,0,0,0,0,0,0,0,1,0
11,2021,7,15,2,1,7,0,0,1,0,0,0,0,0,0,1,2,0
2,2019,11,22,6,2,6,2,0,1,0,0,0,0,1,0,0,0,0
1,2019,7,18,5,5,3,0,1,1,0,0,0,0,0,0,0,2,0
8,2021,4,21,7,6,4,2,0,1,1,0,0,0,0,1,2,1,0
8,2020,5,19,6,5,7,0,0,1,0,0,0,0,0,1,1,0,0
9,2021,3,15,2,6,7,0,0,1,1,0,0,0,0,0,2,0,0
5,2019,4,11,6,6,4,0,0,1,1,0,0,0,0,0,0,1,1
4,2020,12,17,4,6,4,2,0,0,1,0,0,1,1,1,2,1,1
6,2018,4,16,2,2,2,0,1,1,0,0,0,0,0,0,0,1,0
7,2019,11,19,6,5,2,2,1,1,0,0,0,0,0,0,0,0,0
1,2021,12,16,6,6,4,2,0,1,1,0,0,0,1,1,2,1,0
4,2020,9,8,6,2,6,0,0,1,0,0,1,1,1,0,1,0,0
1,2018,12,9,7,0,1,0,1,0,0,0,0,0,0,0,0,1,1
3,2018,2,13,3,3,6,0,0,1,0,0,0,1,0,0,0,1,0
4,2020,10,17,6,5,2,1,0,1,0,0,0,0,1,1,1,1,0
3,2018,2,14,3,5,3,0,1,1,0,0,0,0,0,0,0,1,0
3,2021,6,8,6,0,7,0,0,1,0,0,1,0,0,0,1,1,1
10,2019,6,7,5,5,2,0,1,1,0,0,0,0,0,0,0,1,1
9,2018,8,17,4,6,4,0,0,1,1,0,0,0,0,0,0,1,1
11,2019,1,15,4,5,2,0,0,1,0,0,0,0,0,0,0,1,0
7,2018,7,15,2,2,6,0,0,1,0,0,0,1,0,0,0,2,0
6,2019,2,13,6,2,6,0,0,1,0,0,0,0,0,0,0,1,0
9,2019,11,12,4,5,3,0,0,1,0,0,0,0,1,0,0,0,0
8,2021,12,13,6,5,3,0,1,1,0,0,0,0,0,1,2,1,0
7,2019,8,12,1,0,7,0,1,0,0,0,0,0,0,0,0,0,1
2,2019,4,18,5,5,2,0,1,1,0,0,0,0,0,0,0,1,0
9,2018,9,6,1,1,1,0,0,1,0,0,0,0,0,0,0,0,1
1,2020,8,12,5,5,2,0,1,1,0,0,0,0,0,0,1,1,1
8,2019,8,14,6,6,4,0,0,1,1,0,0,0,0,0,0,0,1
1,2019,10,22,1,5,3,2,0,1,0,0,0,0,1,0,0,1,0
7,2019,12,5,3,3,6,2,0,1,0,0,1,0,1,0,0,1,0
2,2019,5,13,5,3,6,0,1,0,0,0,0,0,0,0,0,0,0
6,2020,11,17,3,2,2,2,0,1,0,0,0,1,1,1,2,0,0
4,2018,12,23,5,8,1,2,0,1,0,0,0,0,1,0,0,1,1
1,2018,10,13,5,5,2,0,0,1,0,0,0,0,1,0,0,1,0
2,2019,6,20,4,5,2,0,1,0,1,0,0,0,0,0,0,1,0
7,2019,4,21,3,5,2,2,1,1,0,0,0,0,0,0,0,1,0
6,2018,6,16,6,6,4,0,1,0,1,0,0,0,0,0,0,0,0
1,2018,4,7,5,2,6,0,0,1,0,0,0,0,0,0,0,1,0
4,2018,7,14,3,0,1,0,1,0,0,0,0,0,0,0,0,2,0
12,2018,5,0,7,1,5,2,0,1,0,0,0,0,0,0,0,0,0
2,2021,7,20,1,5,3,0,0,1,0,0,0,0,1,0,1,2,1
1,2018,10,15,6,2,6,0,1,1,0,0,0,0,0,0,0,1,0
4,2020,3,16,4,2,6,0,0,1,0,0,0,0,0,1,1,0,0
2,2018,2,10,2,5,3,0,1,1,0,0,0,0,1,0,0,1,0
3,2019,6,13,6,5,3,0,1,1,0,0,0,0,0,0,0,1,1
2,2019,3,18,5,0,6,2,0,1,0,1,0,0,1,0,0,0,0
4,2020,10,14,1,1,5,0,1,1,0,0,0,0,0,1,1,1,0
6,2018,7,16,6,2,6,0,1,0,0,0,0,1,0,0,0,2,0
6,2021,7,6,5,0,1,0,0,0,0,1,0,0,1,0,1,2,0
8,2018,9,7,2,2,6,0,0,1,0,1,0,0,0,0,0,0,0
4,2019,4,22,6,2,6,2,0,1,0,0,0,0,0,0,0,1,1
5,2018,8,17,6,5,3,0,1,1,0,0,0,0,0,0,0,1,0
4,2019,10,6,1,5,7,2,0,1,0,0,0,0,0,0,0,1,0
4,2018,4,10,1,5,2,0,0,1,0,0,0,0,0,0,0,1,1
1,2021,6,13,3,6,4,0,1,0,1,0,0,0,1,0,1,1,0
1,2018,9,9,5,5,3,0,1,0,0,0,0,0,1,0,0,0,0
6,2018,11,18,4,6,4,2,1,0,1,0,0,0,0,0,0,0,0
1,2019,7,13,4,3,6,0,0,1,0,1,0,0,0,0,0,2,0
9,2018,1,18,2,5,3,2,0,1,0,0,0,1,0,0,0,0,0
9,2020,10,7,5,2,6,0,0,1,0,0,0,0,0,1,1,1,0
5,2018,4,18,4,5,2,0,0,1,0,0,0,0,0,0,0,1,0
1,2021,6,10,6,2,6,0,0,1,0,0,0,0,0,0,1,1,0
7,2018,8,17,4,0,5,0,0,1,0,0,0,0,0,0,0,1,0
2,2020,7,9,2,0,3,0,0,1,0,0,0,1,0,0,1,2,0
1,2018,5,15,4,3,6,0,0,1,0,1,0,0,0,0,0,0,0
8,2021,11,10,5,0,5,0,0,1,0,0,0,1,1,0,2,0,0
3,2018,10,14,2,6,4,0,0,1,1,0,0,0,0,0,0,1,1
1,2018,12,15,3,5,2,2,1,1,0,0,0,0,1,0,0,1,0
3,2019,10,4,5,5,2,2,0,1,0,1,0,0,0,0,0,1,0
1,2018,5,6,4,0,6,0,0,1,0,1,0,0,0,0,0,0,0
4,2018,1,18,4,5,2,2,1,1,0,0,0,0,0,0,0,0,0
2,2021,8,9,2,5,2,0,1,1,0,0,0,0,0,0,1,1,0
10,2021,5,16,2,5,5,0,0,1,0,1,0,0,0,1,2,1,0
2,2020,6,8,4,5,2,0,1,1,0,0,0,0,0,0,1,1,0
2,2019,2,12,5,5,3,0,0,1,0,1,0,0,1,0,0,1,0
1,2021,6,18,2,0,2,0,1,1,0,0,0,0,0,0,1,1,0
2,2021,7,15,3,0,1,0,1,0,0,0,0,0,0,0,1,2,0
9,2018,7,17,4,5,3,0,0,1,0,0,0,1,0,0,0,2,0
5,2020,8,7,7,3,6,0,0,1,0,0,0,0,0,0,1,1,0
7,2020,6,12,4,0,2,0,1,1,0,0,0,0,0,0,1,1,0
1,2019,4,21,3,0,7,2,0,0,0,1,0,0,0,0,0,1,0
7,2019,4,11,3,2,6,0,0,1,0,0,1,0,0,0,0,1,1
1,2019,1,12,3,3,6,0,1,1,0,0,0,0,0,0,0,1,0
12,2020,7,11,3,2,6,0,0,1,0,0,0,0,0,0,1,2,0
10,2021,6,12,2,2,6,0,0,1,0,0,0,1,0,0,1,1,1
9,2020,9,16,4,5,2,0,0,1,0,0,0,1,0,0,1,0,1
4,2018,7,0,6,0,1,2,1,0,0,0,0,0,0,0,0,2,0
2,2021,6,7,4,3,6,0,0,1,0,1,0,0,0,0,1,1,0
4,2020,11,11,3,6,7,0,0,1,1,0,0,0,0,1,2,0,0
7,2021,9,5,1,1,6,2,0,1,0,0,0,0,0,0,1,0,1
5,2020,8,16,6,5,2,0,0,1,0,0,0,0,0,0,1,1,0
1,2019,11,8,6,5,2,0,0,1,0,0,0,0,0,0,0,0,0
10,2018,11,14,3,2,6,0,0,1,0,1,0,0,1,0,0,0,0
7,2019,7,17,4,1,5,0,1,1,0,0,0,0,0,0,0,2,0
12,2020,2,13,6,2,6,0,0,1,0,0,0,0,0,0,0,1,1
1,2021,4,7,3,0,7,0,0,1,0,0,0,0,0,1,2,1,0
11,2020,8,16,5,0,2,0,1,1,0,0,0,0,0,0,1,1,0
2,2018,9,9,4,3,6,0,1,0,0,0,0,1,0,0,0,0,0
11,2019,10,20,3,5,2,2,1,1,0,0,0,0,1,0,0,1,0
11,2019,11,22,7,0,2,2,1,1,0,0,0,0,0,0,0,0,0
3,2020,9,15,6,0,6,0,1,0,0,0,0,1,0,0,1,0,1
4,2019,11,17,6,3,2,2,0,1,0,0,1,0,1,0,0,0,0
1,2020,10,8,5,0,2,0,1,1,0,0,0,0,1,1,1,1,0
8,2019,11,10,6,2,6,0,0,1,0,1,0,0,0,0,0,0,1
12,2019,4,15,4,5,7,0,0,1,0,1,0,0,0,0,0,1,0
5,2018,11,15,5,5,2,0,0,1,0,0,0,1,0,0,0,0,0
1,2020,8,13,5,0,1,0,1,0,0,0,0,0,0,0,1,1,0
10,2018,1,13,2,5,7,0,1,1,0,0,0,0,0,0,0,0,1
2,2018,9,8,4,1,5,0,1,1,0,0,0,0,0,0,0,0,0
2,2019,2,14,7,2,6,0,0,1,0,0,0,0,0,0,0,1,0
4,2019,10,11,7,5,3,0,0,1,0,0,0,0,0,0,0,1,0
3,2018,4,15,5,1,5,0,0,1,0,0,0,0,0,0,0,1,0
4,2019,6,9,4,3,6,0,0,1,0,0,0,0,0,0,0,1,0
10,2019,9,19,4,5,3,2,1,1,0,0,0,0,1,0,0,0,0
10,2020,6,10,6,2,6,0,0,1,0,0,1,0,0,0,1,1,0
6,2018,11,7,2,6,4,0,0,1,1,0,0,0,0,0,0,0,1
4,2019,1,9,2,2,6,0,0,1,0,0,0,0,1,0,0,1,0
1,2020,1,17,4,1,5,2,1,1,0,0,0,0,0,0,0,1,0
7,2021,11,12,3,5,7,0,0,1,0,0,1,0,0,0,2,0,0
5,2018,4,18,4,5,2,0,0,1,0,0,0,0,0,0,0,1,1
2,2021,5,16,7,3,6,0,1,1,0,0,0,0,0,1,2,1,0
5,2018,9,15,3,2,6,0,0,1,0,0,0,0,0,0,0,0,0
6,2019,11,21,1,5,3,2,0,1,0,0,0,0,1,0,0,0,0
4,2018,6,17,6,5,3,0,1,1,0,0,0,0,0,0,0,0,0
9,2020,11,13,7,5,2,0,1,1,0,0,0,0,0,1,2,0,0
2,2020,6,12,6,0,7,0,0,1,1,0,0,0,0,0,1,1,0
7,2018,6,11,5,0,6,0,0,1,0,0,0,1,0,0,0,0,0
9,2021,6,6,6,5,2,0,0,1,0,0,0,0,0,0,1,1,0
3,2019,2,17,6,3,6,1,1,1,0,0,0,0,0,0,0,1,0
1,2020,12,14,6,1,5,0,1,1,0,0,0,0,0,1,2,1,0
9,2021,6,8,4,5,3,0,1,1,0,0,0,0,0,0,1,1,0
7,2021,11,17,4,2,6,2,0,1,0,0,0,0,0,0,2,0,1
1,2019,11,15,4,5,3,1,1,1,0,0,0,0,1,0,0,0,1
2,2019,4,9,4,3,6,0,1,0,0,1,0,0,0,0,0,1,0
1,2018,8,17,5,0,3,0,1,1,0,0,0,0,1,0,0,1,0
1,2020,1,17,3,6,4,2,0,1,1,0,0,0,1,0,0,1,1
8,2018,8,16,2,6,7,0,1,1,1,1,0,0,0,0,0,1,0
3,2021,10,14,3,5,3,0,0,1,0,0,0,0,1,0,1,1,0
1,2018,6,16,1,1,5,0,1,1,0,0,0,0,1,0,0,0,0
7,2019,9,21,2,5,3,2,0,1,0,0,1,0,1,0,0,0,0
6,2019,9,17,1,6,4,0,0,1,1,0,0,0,0,0,0,0,1
5,2021,10,11,6,2,4,0,0,1,1,0,0,0,0,0,1,1,1
3,2019,8,8,4,6,4,0,0,1,1,0,0,0,0,0,0,0,0
10,2020,11,13,2,5,3,0,0,1,0,0,0,0,1,1,2,0,0
7,2019,11,5,1,6,7,2,0,1,1,1,0,0,1,0,0,0,0
9,2020,7,22,4,5,2,2,1,1,0,0,0,0,0,0,1,2,0
4,2021,9,15,5,1,5,0,0,1,0,0,0,1,0,0,1,0,0
2,2020,8,22,2,0,1,2,1,0,0,0,0,0,0,0,1,1,1
2,2018,5,14,2,2,6,0,0,1,0,0,0,0,0,0,0,0,0
1,2019,1,12,3,5,2,0,1,1,0,0,0,0,0,0,0,1,0
8,2019,1,15,4,6,2,0,0,0,1,0,0,1,0,0,0,1,0
7,2018,3,14,6,5,2,0,1,1,0,0,0,0,0,0,0,1,0
1,2021,9,21,6,6,2,2,0,1,1,0,0,0,0,0,1,0,0
12,2018,2,21,5,5,3,2,0,1,0,0,0,0,0,0,0,1,0
1,2018,10,16,3,5,2,0,0,1,0,1,0,1,0,0,0,1,0
3,2021,4,7,5,6,4,1,0,1,1,0,0,0,0,1,2,1,1
6,2021,11,17,6,6,4,1,0,1,1,0,0,0,0,0,2,0,1
7,2019,5,18,3,5,2,0,1,1,0,0,0,0,0,0,0,0,0
10,2019,5,11,7,5,2,0,1,1,0,0,0,0,0,0,0,0,0
4,2018,8,15,6,5,7,0,0,1,0,0,0,0,0,0,0,1,1
4,2019,9,16,4,0,6,0,0,1,0,1,0,0,1,0,0,0,0
6,2021,7,18,6,5,2,0,0,1,0,0,0,0,0,0,1,2,0
4,2019,6,14,1,4,7,0,0,1,0,0,0,0,0,0,0,1,1
5,2018,9,10,3,2,6,0,0,1,0,0,0,0,0,0,0,0,0
3,2018,7,20,1,0,3,1,0,1,0,0,0,1,0,0,0,2,0
9,2021,1,6,6,2,6,2,0,1,0,0,0,0,0,1,2,0,0
4,2020,6,19,6,0,7,0,1,0,0,0,0,0,1,0,1,1,0
9,2018,4,8,3,2,6,0,0,1,0,0,0,0,0,0,0,1,0
4,2021,8,14,5,1,7,0,0,1,0,0,0,0,0,0,1,1,1
12,2018,11,3,1,9,1,2,0,1,0,0,0,0,0,0,0,0,0
1,2018,1,17,5,3,6,2,0,1,0,0,0,0,1,0,0,0,0
9,2020,9,11,4,5,2,0,1,1,0,0,0,0,1,0,1,0,0
8,2019,1,17,2,6,4,2,0,1,1,0,0,0,1,0,0,1,0
7,2019,4,10,7,2,2,0,0,1,0,0,0,0,0,0,0,1,0
1,2020,4,15,4,0,5,0,0,1,0,1,0,0,0,1,2,1,0
1,2020,10,7,6,0,7,0,1,0,0,0,0,0,1,1,1,1,1
11,2018,2,15,5,1,5,0,0,1,0,0,0,1,0,0,0,1,0
2,2018,3,16,2,2,6,0,0,1,0,1,0,0,0,0,0,1,0
1,2019,11,8,4,2,3,0,1,0,0,0,0,0,0,0,0,0,0
1,2021,11,23,5,6,6,2,0,1,1,0,0,0,1,0,2,0,0
7,2021,11,11,6,1,5,0,0,1,0,0,0,0,0,0,2,0,0
4,2019,12,17,2,6,2,2,0,1,1,0,0,0,1,0,0,1,0
3,2018,9,17,3,4,1,0,0,1,0,0,0,0,0,0,0,0,0
6,2020,2,9,5,5,3,0,1,1,0,0,0,0,1,0,0,1,0
12,2020,6,12,2,6,4,0,0,1,1,0,0,0,0,0,1,1,0
9,2020,2,20,5,5,2,2,0,1,0,0,0,1,0,0,0,1,0
3,2021,3,16,6,0,4,0,0,0,1,0,0,1,0,0,2,0,0
2,2021,10,9,5,0,1,0,0,0,0,1,0,0,1,0,1,1,0
4,2020,9,12,2,2,6,0,0,1,0,0,0,0,0,0,1,0,0
2,2018,7,0,6,5,2,2,1,1,0,0,0,0,0,0,0,2,0
4,2018,8,14,7,2,2,0,0,1,0,0,0,0,0,0,0,1,0
5,2019,10,11,3,2,6,0,0,1,0,0,0,0,1,0,0,1,0
5,2020,9,16,1,5,2,0,0,1,0,0,0,0,0,0,1,0,0
5,2018,5,7,5,6,4,0,0,1,1,0,0,0,0,0,0,0,1
11,2018,7,13,3,2,6,0,0,1,0,0,0,0,0,0,0,2,0
10,2021,3,12,6,5,3,0,0,1,0,0,0,0,0,0,2,0,0
2,2018,6,21,5,1,5,1,0,1,0,0,0,0,0,0,0,0,0
8,2019,5,17,1,0,7,0,0,1,0,1,0,0,0,0,0,0,0
1,2018,9,16,2,2,2,0,1,1,0,0,0,0,1,0,0,0,0
5,2020,9,14,3,1,7,0,0,1,0,0,0,1,0,0,1,0,1
4,2019,2,19,4,2,6,2,0,1,0,0,0,0,0,0,0,1,0
6,2021,2,11,5,2,6,0,0,1,0,0,0,0,0,1,2,1,0
1,2021,5,18,6,5,7,0,0,1,0,1,0,0,0,1,2,1,1
7,2019,11,10,3,0,7,0,0,1,0,0,0,1,0,0,0,0,0
12,2021,3,14,6,5,3,0,0,1,0,0,0,0,0,0,2,0,0
1,2018,6,20,2,5,2,0,1,1,0,0,0,0,0,0,0,0,0
10,2020,11,13,6,2,6,0,0,1,0,0,0,0,0,1,2,0,0
12,2021,9,20,6,6,4,2,0,1,1,0,0,0,1,0,1,0,1
5,2021,4,15,5,1,7,0,1,1,0,0,0,0,0,1,2,1,0
9,2020,10,16,4,6,4,0,0,1,1,0,0,0,1,1,1,1,1
1,2021,8,11,5,1,6,0,1,1,0,0,0,0,0,0,1,1,0
2,2019,4,9,2,6,4,0,0,1,1,0,0,0,1,0,0,1,0
1,2020,8,19,1,9,1,0,0,1,0,0,0,0,0,0,1,1,0
7,2020,6,11,5,2,6,0,0,1,0,1,0,0,0,0,1,1,0
9,2020,12,16,3,1,5,2,1,1,0,0,0,0,0,1,2,1,0
6,2019,10,17,7,5,3,1,0,1,0,0,0,1,0,0,0,1,0
8,2018,4,7,4,1,5,0,1,1,0,0,0,0,0,0,0,1,0
1,2018,10,22,7,3,6,2,0,1,0,0,0,0,0,0,0,1,0
7,2020,7,16,6,5,7,0,0,1,0,1,0,0,0,0,1,2,0
1,2019,6,9,4,2,6,0,0,1,0,0,0,0,0,0,0,1,0
6,2018,10,15,2,6,4,0,0,1,1,0,0,0,0,0,0,1,0
1,2019,7,14,7,5,3,0,1,1,0,0,0,0,1,0,0,2,0
9,2018,1,12,4,5,7,0,0,1,0,0,0,1,0,0,0,0,0
7,2019,7,12,4,5,2,0,1,1,0,0,0,0,0,0,0,2,0
7,2018,5,16,5,2,6,0,0,1,0,1,0,0,0,0,0,0,0
6,2020,10,10,5,2,6,0,0,1,0,0,0,0,1,1,1,1,0
2,2018,8,18,5,0,1,0,0,0,0,1,0,0,1,0,0,1,0
1,2018,12,21,3,6,7,2,1,0,1,0,0,0,0,0,0,1,1
11,2021,8,6,7,5,2,0,0,1,0,0,0,0,0,0,1,1,0
6,2020,9,14,4,0,4,0,0,0,1,0,0,1,0,0,1,0,0
2,2019,10,17,6,5,2,1,1,1,0,0,0,0,1,0,0,1,0
8,2021,7,10,1,0,1,0,0,0,0,1,0,0,0,0,1,2,0
12,2019,2,11,4,2,2,0,0,1,0,0,0,0,0,0,0,1,0
1,2019,9,20,4,6,4,2,0,1,1,0,0,0,1,0,0,0,0
10,2018,4,12,6,2,6,0,0,1,0,0,0,0,0,0,0,1,0
4,2018,5,15,1,5,2,0,1,1,0,0,0,0,0,0,0,0,0
4,2018,10,9,3,6,7,0,0,1,1,0,0,0,0,0,0,1,0
7,2021,7,14,6,2,6,0,0,1,0,1,0,0,0,0,1,2,0
2,2021,7,13,7,5,2,0,0,1,0,0,0,0,0,0,1,2,1
6,2020,10,14,2,1,5,0,0,1,0,0,0,0,0,1,1,1,1
10,2018,7,11,4,0,1,0,1,0,0,0,0,0,0,0,0,2,0
5,2021,12,13,2,6,7,0,0,1,1,0,0,0,0,1,2,1,0
9,2019,12,11,2,5,2,0,0,1,0,0,0,0,0,0,0,1,0
4,2018,3,15,5,5,2,0,1,1,0,0,0,0,0,0,0,1,0
10,2020,12,12,4,2,6,0,0,1,0,0,0,1,1,1,2,1,0
7,2020,4,17,5,5,2,0,1,1,0,0,0,0,0,1,2,1,0
7,2019,3,12,2,5,3,0,0,1,0,0,0,0,1,0,0,0,0
3,2020,1,12,5,6,2,0,0,1,1,0,0,0,0,0,0,1,0
8,2018,3,20,3,2,7,2,1,1,0,0,0,0,0,0,0,1,0
7,2019,12,17,7,6,4,2,0,1,1,0,0,0,0,0,0,1,0
7,2020,5,11,2,1,5,0,1,1,0,0,0,0,1,1,1,0,0
6,2019,8,12,4,0,6,0,1,1,0,0,0,0,0,0,0,0,0
3,2020,4,18,4,3,6,0,0,1,0,1,0,0,0,1,2,1,1
7,2019,8,15,3,5,2,0,0,1,0,1,0,0,0,0,0,0,0
1,2018,5,11,4,6,6,0,1,0,1,0,0,0,0,0,0,0,0
1,2020,12,12,5,5,2,0,1,1,0,0,0,0,0,1,2,1,0
5,2020,12,16,5,2,6,2,0,1,0,0,0,0,0,1,2,1,0
11,2018,12,17,1,6,4,1,0,0,1,0,0,1,1,0,0,1,1
1,2019,12,18,6,5,3,2,0,1,0,0,0,0,0,0,0,1,0
1,2021,8,8,2,2,6,0,1,0,0,0,0,1,0,0,1,1,0
1,2020,12,14,4,2,2,0,0,1,0,0,1,0,0,1,2,1,0
12,2021,10,12,6,5,3,0,0,1,0,0,0,0,0,0,1,1,0
6,2020,8,9,2,5,3,0,0,1,0,1,0,0,0,0,1,1,0
5,2019,10,11,2,2,6,0,0,1,0,0,1,0,0,0,0,1,0
2,2019,8,22,7,6,7,2,0,1,1,0,0,0,0,0,0,0,1
1,2021,4,12,6,5,7,0,0,1,0,0,0,0,0,1,2,1,0
4,2018,7,13,3,5,2,0,0,1,0,0,0,0,0,0,0,2,1
7,2019,10,3,6,0,1,2,1,0,0,0,0,0,1,0,0,1,1
2,2019,5,12,4,2,2,0,0,1,0,0,0,0,0,0,0,0,0
6,2020,6,18,7,1,5,0,1,1,0,0,0,0,0,0,1,1,0
6,2021,2,11,7,0,3,0,1,1,0,0,0,0,0,1,2,1,0
4,2019,9,14,1,2,3,0,1,1,0,0,0,0,0,0,0,0,0
7,2021,1,12,2,5,2,0,0,1,0,1,0,0,1,1,2,0,0
4,2020,11,8,3,2,6,0,0,1,0,1,0,0,0,1,2,0,0
3,2020,9,14,2,3,6,0,1,1,0,0,0,0,0,0,1,0,0
1,2018,10,18,4,5,3,1,0,1,0,1,0,0,0,0,0,1,1
2,2018,5,2,4,0,7,2,0,0,1,0,0,1,0,0,0,0,1
3,2020,9,16,4,5,3,0,1,1,0,0,0,0,0,0,1,0,1
3,2020,6,23,7,5,3,2,1,1,0,0,0,0,0,0,1,1,0
5,2019,5,13,2,0,1,0,1,0,0,0,0,0,0,0,0,0,0
1,2021,8,1,2,5,3,2,0,1,0,0,0,1,1,0,1,1,0
1,2021,9,21,4,2,5,2,0,1,0,1,0,0,0,0,1,0,0
7,2021,12,17,5,4,6,1,0,1,0,0,0,1,0,1,2,1,0
1,2018,4,12,2,2,6,0,1,1,0,0,0,0,0,0,0,1,0
8,2020,12,7,6,5,3,1,0,1,0,1,0,0,1,1,2,1,0
1,2019,12,15,6,0,3,0,1,1,0,0,0,0,1,0,0,1,0
6,2020,6,18,5,1,5,0,1,1,0,0,0,0,0,0,1,1,0
12,2019,10,5,5,5,7,2,0,1,0,0,0,1,1,0,0,1,0
12,2021,5,15,1,5,3,0,0,1,0,0,0,0,0,1,2,1,0
9,2021,9,8,3,5,2,0,1,1,0,0,0,0,0,0,1,0,0
4,2021,9,16,2,6,4,0,1,0,1,0,0,0,0,0,1,0,0
2,2020,9,21,7,2,6,2,0,1,0,0,0,0,0,0,1,0,0
6,2018,10,12,7,4,6,0,1,0,0,0,0,0,0,0,0,1,0
3,2019,10,15,6,0,5,0,1,1,0,0,0,0,0,0,0,1,0
5,2021,1,13,2,3,6,0,1,1,0,0,0,0,0,1,2,0,1
8,2018,7,12,5,2,6,0,0,1,0,0,0,0,0,0,0,2,0
4,2020,6,17,2,5,7,0,0,1,0,0,0,0,0,0,1,1,0
6,2018,7,13,1,1,5,0,0,1,0,0,0,1,0,0,0,2,0
10,2021,12,13,6,5,3,0,1,1,0,0,0,0,0,1,2,1,0
4,2018,9,9,3,2,6,0,0,1,0,1,0,0,0,0,0,0,0
2,2019,2,19,2,1,5,2,1,1,0,0,0,1,0,0,0,1,0
11,2021,5,10,7,0,2,0,1,1,0,0,0,0,0,1,2,1,1
8,2020,12,16,2,5,3,2,0,1,0,0,0,0,1,1,2,1,0
6,2021,10,14,7,6,7,0,1,0,1,0,0,0,0,0,1,1,0
8,2018,6,13,5,2,6,0,0,1,0,0,0,0,0,0,0,0,0
1,2020,1,11,3,0,4,0,0,0,1,0,0,1,0,0,0,1,1
8,2019,1,15,2,2,2,0,0,1,0,0,0,0,1,0,0,1,0
9,2019,7,11,7,5,3,0,0,1,0,0,0,0,0,0,0,2,0
1,2019,10,17,4,2,6,0,0,1,0,0,0,0,1,0,0,1,0
1,2018,11,11,5,5,2,0,0,1,0,0,0,0,0,0,0,0,1
1,2019,5,16,4,3,6,0,0,1,0,1,0,0,0,0,0,0,0