BEZ,UJAHR,UMONAT,USTUNDE,UWOCHENTAG,UART,UTYP1,ULICHTVERH,IstRad,IstPKW,IstFuss,IstKrad,IstGkfz,IstSonstige,USTRZUSTAND,LOCKDOWN,COVID,FERIEN,UKATEGORIE
6,2019,8,16,3,5,3,0,0,1,0,0,0,0,0,0,0,0,0
2,2021,6,13,1,3,6,0,0,1,0,1,0,0,0,0,1,1,0
8,2018,10,14,2,5,3,0,1,1,0,0,0,0,0,0,0,1,0
10,2019,9,16,7,2,6,0,0,1,0,0,0,0,0,0,0,0,0
4,2019,1,12,4,6,2,0,0,1,1,0,0,0,0,0,0,1,0
4,2021,2,19,2,5,2,2,1,1,0,0,0,0,0,1,2,1,0
11,2018,1,14,2,3,2,0,0,1,0,0,1,0,0,0,0,0,0
1,2020,7,17,5,5,2,0,1,1,0,0,0,0,0,0,1,2,0
5,2018,6,8,2,2,6,0,0,1,0,1,0,0,0,0,0,0,0
8,2018,12,15,5,5,3,0,1,1,0,0,0,0,1,0,0,1,0
4,2021,4,11,2,0,7,0,1,0,0,0,0,0,0,1,2,1,0
9,2018,8,14,3,5,3,0,0,1,0,0,0,0,0,0,0,1,0
1,2021,5,9,1,5,3,0,1,1,0,0,0,0,0,1,2,1,1
6,2019,9,19,4,1,5,2,1,1,0,0,0,0,0,0,0,0,0
2,2021,9,19,3,5,3,1,0,0,1,0,0,1,0,0,1,0,1
5,2021,8,17,3,5,3,0,0,1,0,0,0,1,0,0,1,1,0
4,2018,11,12,1,5,2,0,1,1,0,0,0,0,0,0,0,0,1
8,2019,4,16,2,1,5,0,1,1,0,0,0,0,0,0,0,1,0
3,2021,1,14,5,5,7,0,1,1,0,0,0,0,0,1,2,0,0
6,2021,9,16,3,2,6,0,0,1,0,0,0,0,0,0,1,0,0
3,2021,8,11,6,5,2,0,1,1,0,0,0,0,0,0,1,1,0
3,2020,3,16,3,2,6,0,0,1,0,0,1,0,0,1,1,0,0
2,2019,11,12,4,0,1,0,0,0,0,0,0,1,0,0,0,0,0
9,2019,10,15,5,6,7,0,0,1,1,0,0,0,0,0,0,1,1
1,2021,5,14,1,2,6,0,0,1,0,1,0,0,0,1,2,1,0
11,2021,5,20,4,0,1,0,0,0,0,0,0,1,0,1,2,1,0
11,2020,4,11,2,5,2,0,0,1,0,0,0,0,0,1,2,1,0
6,2019,10,16,1,0,3,0,1,1,0,0,0,0,1,0,0,1,0
7,2020,7,11,5,5,7,0,0,1,0,0,0,0,0,0,1,2,0
4,2018,11,11,1,5,3,0,0,1,0,0,0,0,1,0,0,0,0
1,2018,4,16,5,1,5,0,1,0,0,0,0,1,0,0,0,1,0
6,2021,12,14,5,6,4,0,0,1,1,0,0,0,0,1,2,1,0
4,2021,6,16,1,5,3,0,0,1,0,1,0,0,0,0,1,1,0
4,2018,11,8,4,6,2,1,0,0,1,0,0,1,0,0,0,0,0
4,2019,5,8,3,0,3,0,0,1,0,1,0,0,0,0,0,0,0
12,2020,2,19,4,5,2,2,0,1,0,0,0,0,0,0,0,1,0
6,2021,6,18,2,0,2,0,1,1,0,0,0,0,0,0,1,1,1
2,2019,12,9,2,5,2,0,1,1,0,0,0,0,0,0,0,1,0
7,2018,12,20,5,5,2,2,0,1,0,1,0,0,1,0,0,1,1
3,2021,8,22,7,5,2,2,1,1,0,0,0,0,0,0,1,1,0
7,2021,2,10,4,1,5,0,0,0,0,0,0,1,1,1,2,1,0
6,2021,1,17,3,5,2,2,0,1,0,0,0,0,1,1,2,0,0
2,2021,10,17,6,5,2,0,1,0,0,0,0,1,1,0,1,1,0
12,2021,6,11,2,0,7,0,1,0,0,0,0,0,0,0,1,1,0
3,2021,6,18,4,9,1,0,0,1,0,0,0,0,1,0,1,1,0
1,2020,5,11,6,3,6,0,1,0,0,0,0,1,0,1,1,0,0
1,2019,9,16,3,5,3,0,0,1,0,0,0,0,1,0,0,0,0
9,2020,5,13,7,2,6,0,0,1,0,0,0,0,0,1,1,0,0
10,2019,6,17,3,0,2,0,1,1,0,0,0,0,0,0,0,1,0
7,2018,5,20,3,5,3,0,0,1,0,0,0,0,0,0,0,0,0
7,2021,3,18,7,5,7,1,0,1,0,0,0,0,1,0,2,0,0
6,2021,10,8,5,5,3,0,0,1,0,0,0,0,0,0,1,1,0
10,2020,4,20,4,5,3,0,1,1,0,0,0,0,0,1,2,1,0
4,2019,10,12,1,2,6,0,0,1,0,0,0,0,0,0,0,1,0
1,2018,8,12,4,0,6,0,1,1,0,0,0,0,0,0,0,1,0
1,2020,7,20,4,0,3,1,0,1,0,1,0,0,0,0,1,2,1
12,2018,5,12,7,5,7,0,0,1,0,1,0,0,0,0,0,0,0
3,2021,6,15,5,5,2,0,1,1,0,0,0,0,0,0,1,1,0
5,2020,3,15,6,5,3,0,0,1,0,0,0,0,0,1,1,0,0
12,2018,2,18,3,2,6,2,0,1,0,0,0,0,0,0,0,1,0
3,2018,6,21,4,5,3,1,1,1,0,0,0,0,0,0,0,0,0
7,2018,10,9,2,4,1,0,0,1,0,0,0,0,0,0,0,1,1
9,2020,4,10,7,0,1,0,1,0,0,0,0,0,0,1,2,1,0
4,2019,12,16,1,5,3,2,0,1,0,0,0,0,0,0,0,1,0
6,2018,8,15,6,0,1,0,1,0,0,0,0,0,0,0,0,1,1
1,2021,3,19,4,5,7,2,1,1,0,0,0,0,0,0,2,0,0
7,2021,8,13,7,0,7,0,0,1,0,0,0,0,0,0,1,1,0
7,2020,5,18,7,0,5,0,0,1,0,0,0,1,0,1,1,0,0
6,2021,2,23,7,2,2,2,0,1,0,0,0,0,0,1,2,1,0
11,2018,1,18,4,1,5,2,1,1,0,0,0,0,1,0,0,0,0
7,2021,10,18,3,5,3,2,0,1,0,0,0,0,1,0,1,1,0
6,2021,12,14,6,5,3,0,0,1,0,0,0,0,1,1,2,1,1
7,2019,11,20,3,1,6,2,0,1,0,0,0,0,0,0,0,0,0
7,2019,6,20,3,1,5,0,1,1,0,0,0,0,0,0,0,1,0
7,2019,1,18,5,2,6,2,0,1,0,0,0,1,0,0,0,1,0
6,2020,11,18,5,2,6,2,0,1,0,0,0,0,0,1,2,0,0
3,2020,10,19,1,2,6,2,0,1,0,0,0,0,0,1,1,1,0
12,2019,2,7,2,6,2,0,0,1,1,0,0,0,1,0,0,1,0
2,2018,10,9,3,5,2,0,1,1,0,0,0,0,0,0,0,1,0
5,2020,7,7,2,5,2,0,1,0,0,0,1,0,0,0,1,2,0
3,2018,4,15,3,5,2,0,1,1,0,0,0,0,1,0,0,1,0
5,2018,10,9,6,5,2,0,0,1,0,0,0,0,0,0,0,1,0
6,2018,8,12,5,5,7,0,0,1,0,0,0,0,0,0,0,1,0
11,2018,9,6,5,6,4,1,0,1,1,0,0,0,0,0,0,0,0
7,2018,2,19,6,5,3,2,1,1,0,0,0,0,1,0,0,1,0
1,2021,6,16,7,1,5,0,1,1,0,0,0,0,0,0,1,1,0
4,2018,9,17,3,6,4,0,1,0,1,0,0,0,0,0,0,0,0
3,2019,10,23,7,2,6,2,0,1,0,1,0,0,0,0,0,1,1
8,2021,2,7,4,5,2,0,1,1,0,0,0,0,0,1,2,1,0
2,2018,7,14,3,0,3,0,0,1,0,1,0,0,0,0,0,2,0
1,2018,6,19,5,5,2,0,1,1,0,0,0,0,0,0,0,0,1
4,2020,4,19,7,0,7,1,1,1,0,0,0,0,0,1,2,1,0
12,2021,6,17,4,5,2,1,1,1,0,0,0,0,0,0,1,1,1
6,2020,11,7,6,1,5,0,0,1,0,0,0,0,1,1,2,0,0
6,2021,6,13,3,5,2,0,0,1,0,0,0,0,0,0,1,1,0
4,2020,5,17,1,1,5,0,1,1,0,0,0,0,0,1,1,0,0
7,2021,4,15,3,2,6,0,0,1,0,0,0,0,0,1,2,1,0
4,2021,9,13,3,2,6,0,0,1,0,0,1,0,1,0,1,0,0
5,2019,9,13,6,2,6,0,0,1,0,0,0,0,0,0,0,0,0
2,2018,8,1,1,0,1,2,1,0,0,0,0,0,0,0,0,1,0
1,2020,6,17,1,1,5,0,0,1,0,0,0,1,0,0,1,1,0
3,2018,1,8,3,6,4,0,0,1,1,0,0,0,0,0,0,0,1
9,2019,3,16,5,5,2,1,0,1,0,0,0,0,1,0,0,0,0
10,2019,1,6,6,6,2,2,0,1,1,0,0,0,1,0,0,1,0
10,2020,11,11,6,6,2,0,0,1,1,0,0,0,0,1,2,0,1
12,2020,4,18,5,5,2,0,1,1,0,0,0,0,0,1,2,1,0
4,2019,6,9,3,5,3,0,1,0,0,0,0,0,0,0,0,1,0
3,2018,6,16,6,2,6,0,0,1,0,0,0,0,0,0,0,0,0
6,2020,2,17,6,5,2,2,0,1,0,1,0,0,0,0,0,1,0
1,2019,2,6,4,5,3,1,0,1,0,0,0,1,0,0,0,1,1
9,2018,6,11,7,5,2,0,1,1,0,0,0,0,0,0,0,0,0
5,2018,10,21,1,6,4,2,0,1,1,0,0,0,0,0,0,1,1
4,2020,4,17,3,2,6,0,0,1,0,0,0,0,0,1,2,1,0
9,2018,5,14,4,5,3,0,1,0,0,0,0,1,1,0,0,0,0
1,2020,12,17,5,1,5,2,1,1,0,0,0,0,1,1,2,1,0
6,2018,8,23,5,0,6,2,1,1,0,0,0,0,1,0,0,1,0
4,2020,7,22,1,5,2,2,1,1,0,0,0,0,0,0,1,2,0
3,2020,1,8,2,5,2,0,1,1,0,0,0,0,0,0,0,1,0
12,2018,8,8,4,5,2,0,0,1,0,0,0,0,0,0,0,1,0
7,2021,5,18,5,0,2,0,0,1,0,0,0,1,1,1,2,1,1
1,2019,5,9,3,3,6,0,1,1,0,0,0,0,0,0,0,0,0
5,2020,9,6,3,0,2,0,0,1,0,0,0,1,0,0,1,0,0
4,2021,4,8,5,0,5,0,0,1,0,1,0,0,0,1,2,1,0
1,2021,8,17,5,2,6,0,0,1,0,0,0,0,1,0,1,1,0
7,2019,10,10,3,2,6,0,0,1,0,0,0,0,0,0,0,1,0
9,2019,4,16,4,2,6,0,0,1,0,0,0,0,0,0,0,1,0
3,2020,10,15,4,2,6,0,0,1,0,0,0,0,1,1,1,1,0
5,2019,6,14,3,1,5,0,1,1,0,0,0,0,0,0,0,1,0
2,2018,8,17,4,5,7,0,1,1,0,0,0,0,0,0,0,1,0
10,2020,9,14,2,6,4,0,0,1,1,0,0,0,0,0,1,0,0
7,2018,9,20,7,5,2,2,1,1,0,0,0,0,0,0,0,0,0
7,2019,5,7,3,6,4,0,0,1,1,0,0,0,0,0,0,0,0
7,2019,3,18,6,5,2,1,1,1,0,0,0,0,1,0,0,0,0
2,2020,6,16,5,5,3,0,0,1,0,1,0,0,1,0,1,1,0
4,2019,7,8,4,5,3,0,1,0,0,0,0,1,0,0,0,2,0
2,2019,7,19,7,5,7,0,0,1,0,1,0,0,0,0,0,2,0
7,2018,4,10,6,2,6,0,0,1,0,0,0,0,0,0,0,1,0
3,2019,4,8,5,2,6,0,0,1,0,0,0,1,0,0,0,1,0
3,2019,10,19,6,1,5,2,1,1,0,0,0,0,1,0,0,1,0
7,2018,7,8,2,3,6,0,1,0,0,0,0,0,0,0,0,2,0
8,2019,3,18,3,0,6,0,0,1,0,0,0,1,0,0,0,0,0
7,2019,7,9,3,2,6,0,0,1,0,0,0,0,0,0,0,2,0
7,2018,10,19,3,2,6,2,0,1,0,0,0,0,1,0,0,1,0
2,2018,3,15,4,6,4,0,0,1,1,0,0,0,1,0,0,1,1
6,2020,2,18,2,6,2,2,0,1,1,0,0,0,1,0,0,1,0
1,2020,6,0,7,6,2,2,0,0,1,0,0,1,0,0,1,1,0
9,2018,6,13,3,3,2,0,1,0,0,0,0,1,0,0,0,0,0
7,2019,10,8,4,2,6,0,0,1,0,0,0,0,0,0,0,1,0
1,2020,8,8,3,3,6,0,1,1,0,0,0,0,0,0,1,1,0
2,2018,11,23,5,6,7,2,1,0,1,0,0,0,0,0,0,0,0
1,2021,10,9,2,5,2,0,0,1,0,0,0,0,1,0,1,1,0
10,2019,9,14,6,6,4,0,0,1,1,0,0,0,1,0,0,0,0
11,2019,6,13,4,6,4,0,0,0,1,0,0,1,0,0,0,1,0
1,2018,11,15,5,5,3,0,1,0,0,0,0,1,0,0,0,0,0
7,2019,10,17,6,5,3,0,0,1,0,0,0,0,0,0,0,1,0
6,2019,12,16,1,1,5,2,0,1,0,0,0,0,1,0,0,1,0
1,2021,12,11,2,5,2,0,1,1,0,0,0,0,0,1,2,1,0
4,2020,4,19,6,5,3,1,1,1,0,0,0,0,0,1,2,1,0
4,2021,10,16,7,5,2,0,0,1,0,1,0,0,0,0,1,1,0
2,2018,6,17,6,5,2,0,1,1,0,0,0,0,0,0,0,0,0
12,2018,8,10,1,5,3,0,0,1,0,0,0,0,0,0,0,1,0
2,2021,12,14,6,5,3,0,0,1,0,0,0,0,1,1,2,1,0
9,2018,6,14,7,4,6,0,0,1,0,0,0,0,0,0,0,0,1
6,2018,1,17,5,5,3,2,1,1,0,0,0,0,1,0,0,0,0
1,2019,7,19,1,2,6,0,0,1,0,0,0,0,0,0,0,2,0
8,2018,6,18,7,3,6,0,0,0,0,1,0,1,0,0,0,0,0
6,2018,8,13,2,0,6,0,0,1,0,1,0,0,0,0,0,1,1
7,2021,4,8,3,5,2,0,1,1,0,0,0,0,0,1,2,1,0
4,2019,4,10,3,6,7,0,0,0,1,0,0,1,0,0,0,1,1
2,2021,6,14,7,5,2,0,1,1,0,0,0,0,1,0,1,1,0
6,2018,4,15,6,5,2,0,1,0,0,0,0,0,0,0,0,1,1
7,2018,2,10,3,5,3,0,0,1,0,0,0,0,0,0,0,1,1
4,2020,11,13,7,6,7,0,0,1,1,0,0,0,0,1,2,0,0
4,2020,7,15,2,2,6,0,0,1,0,0,0,0,0,0,1,2,0
11,2019,7,9,2,2,6,0,0,1,0,0,0,0,0,0,0,2,0
5,2019,8,10,6,0,2,0,0,1,0,1,0,0,0,0,0,0,0
3,2020,11,0,6,5,3,2,0,1,0,0,0,0,1,1,2,0,1
2,2021,5,12,2,5,2,0,1,0,0,0,0,1,0,1,2,1,0
10,2019,6,18,2,5,3,0,0,1,0,0,0,1,0,0,0,1,0
4,2018,11,17,7,2,6,2,0,1,0,0,0,0,0,0,0,0,0
10,2018,11,21,6,2,6,2,0,1,0,0,0,0,1,0,0,0,0
4,2021,11,8,6,6,4,0,0,1,1,0,0,0,1,0,2,0,0
1,2020,9,18,4,0,5,0,1,1,0,0,0,0,0,0,1,0,0
10,2020,6,10,4,5,3,0,1,1,0,0,0,0,0,0,1,1,0
7,2020,9,11,4,0,2,0,0,1,0,0,0,1,0,0,1,0,0
1,2021,7,1,5,0,7,2,0,0,0,0,0,1,0,0,1,2,1
10,2020,8,14,3,5,2,0,1,1,0,0,0,0,0,0,1,1,0
10,2021,8,16,5,5,2,0,1,1,0,0,0,0,0,0,1,1,0
1,2018,7,8,2,2,7,0,1,0,0,0,0,0,0,0,0,2,0
2,2021,3,19,3,0,2,0,1,0,0,0,0,1,0,0,2,0,0
5,2020,7,10,6,2,6,0,0,1,0,0,0,1,0,0,1,2,0
3,2019,8,8,5,5,3,0,1,0,0,0,0,0,0,0,0,0,0
4,2019,11,14,3,1,5,0,0,1,0,0,0,0,0,0,0,0,0
4,2020,5,17,1,2,6,0,0,1,0,0,0,0,0,1,1,0,0
6,2020,10,9,6,5,2,0,1,0,0,0,1,0,1,1,1,1,0
9,2020,2,13,5,5,3,0,1,1,0,0,0,0,0,0,0,1,0
11,2020,6,11,6,5,2,0,1,0,0,0,1,0,0,0,1,1,0
1,2021,12,16,1,6,4,2,0,1,1,0,0,0,1,1,2,1,1
5,2018,6,7,4,2,6,0,0,1,0,0,0,0,0,0,0,0,0
5,2021,10,1,2,1,7,2,0,1,0,0,0,1,1,0,1,1,1
9,2018,8,14,4,5,2,0,1,1,0,0,0,0,0,0,0,1,0
2,2021,7,12,4,0,1,0,1,0,0,0,0,0,0,0,1,2,0
4,2019,9,10,6,6,4,0,0,1,1,0,0,0,1,0,0,0,0
2,2019,7,8,3,2,6,0,0,1,0,0,0,0,0,0,0,2,0
8,2018,7,15,1,2,6,0,0,1,0,0,0,0,0,0,0,2,0
10,2021,2,16,3,2,6,0,0,1,0,0,0,0,0,1,2,1,0
4,2019,2,18,4,0,1,2,1,0,0,0,0,0,0,0,0,1,0
1,2018,5,23,1,0,7,2,0,0,0,1,0,0,0,0,0,0,0
1,2021,6,9,3,5,2,0,0,0,0,1,0,1,0,0,1,1,0
12,2018,1,12,4,2,6,0,0,1,0,0,0,1,1,0,0,0,0
1,2020,3,19,3,5,3,2,0,1,0,0,0,1,0,1,1,0,0
3,2018,1,8,2,6,4,0,1,0,1,0,0,0,0,0,0,0,0
9,2018,11,7,3,5,3,1,1,1,0,0,0,0,1,0,0,0,0
1,2021,3,17,7,6,2,0,0,1,1,0,0,0,0,0,2,0,0
2,2020,2,19,2,2,6,2,0,1,0,0,0,0,0,0,0,1,0
9,2018,5,13,3,5,3,0,1,1,0,0,0,0,0,0,0,0,0
8,2019,11,16,7,5,2,2,1,1,0,0,0,0,1,0,0,0,0
5,2020,7,23,3,1,7,2,0,1,0,0,0,0,1,0,1,2,0
8,2018,11,17,2,2,6,1,0,1,0,0,0,0,0,0,0,0,0
4,2018,1,5,5,5,3,2,1,1,0,0,0,0,1,0,0,0,0
10,2019,6,20,2,5,3,0,0,1,0,0,0,1,1,0,0,1,0
2,2018,5,19,4,2,7,0,1,0,0,0,0,1,0,0,0,0,0
2,2019,7,17,7,0,3,0,1,1,0,0,0,0,0,0,0,2,0
3,2019,7,11,2,0,5,0,1,1,0,0,0,0,0,0,0,2,0
4,2019,2,9,6,0,5,0,0,1,0,1,0,0,0,0,0,1,0
12,2018,9,15,3,5,2,0,1,1,0,0,0,0,0,0,0,0,0
11,2018,2,14,2,2,2,0,0,1,0,0,1,0,0,0,0,1,0
11,2018,11,18,4,3,6,2,1,1,0,0,0,0,0,0,0,0,0
2,2020,1,21,4,6,7,2,1,0,1,0,0,0,0,0,0,1,0
12,2021,8,9,2,2,6,0,0,1,0,1,0,0,0,0,1,1,1
1,2019,8,16,5,5,3,0,1,1,0,0,0,0,1,0,0,0,0
7,2021,4,17,6,7,7,0,0,0,0,1,0,0,0,1,2,1,0
2,2020,9,13,6,5,3,0,1,0,0,0,0,0,0,0,1,0,0
7,2018,11,18,5,1,5,2,1,1,0,0,0,0,0,0,0,0,0
7,2019,7,8,6,5,2,0,0,1,0,0,0,1,1,0,0,2,0
9,2018,6,20,4,5,3,0,0,1,0,0,0,0,0,0,0,0,0
2,2021,2,11,7,5,7,0,0,1,0,0,0,0,0,1,2,1,0
8,2020,4,18,2,1,5,0,0,1,0,0,0,0,0,1,2,1,0
12,2021,1,11,6,5,3,0,0,1,0,0,1,0,0,1,2,0,0
10,2021,12,16,2,6,4,2,0,1,1,0,0,0,1,1,2,1,1
5,2018,2,8,6,2,6,0,0,1,0,0,1,0,0,0,0,1,0
5,2018,10,15,4,2,6,0,0,1,0,0,0,0,0,0,0,1,1
3,2019,10,16,6,5,2,0,1,1,0,1,0,0,0,0,0,1,0
9,2019,4,14,5,0,1,0,1,0,0,0,0,0,0,0,0,1,0
2,2020,4,19,7,5,7,0,0,1,0,0,0,1,0,1,2,1,0
9,2021,11,9,3,6,7,0,0,1,1,0,0,0,0,0,2,0,0
1,2021,7,15,3,3,6,0,0,1,0,0,0,0,0,0,1,2,0
8,2019,12,13,5,5,7,0,1,1,0,0,0,0,0,0,0,1,0
8,2018,4,10,3,5,2,0,1,0,0,0,0,1,0,0,0,1,0
2,2019,6,8,7,6,4,0,0,1,1,0,0,0,0,0,0,1,0
4,2020,3,18,3,0,1,1,1,0,0,0,0,0,0,1,1,0,1
12,2018,5,8,3,5,2,0,1,1,0,0,0,0,0,0,0,0,0
11,2019,11,11,3,2,6,0,0,1,0,0,0,0,0,0,0,0,0
3,2020,10,13,3,5,7,0,1,1,0,0,0,0,0,1,1,1,0
12,2020,1,7,6,6,4,1,0,1,1,0,0,0,1,0,0,1,0
1,2018,8,7,5,2,2,0,0,1,0,1,0,0,0,0,0,1,0
4,2020,8,18,3,5,3,0,1,1,0,0,0,0,0,0,1,1,0
11,2020,4,21,3,5,3,1,1,1,0,0,0,0,0,1,2,1,0
11,2021,10,14,2,5,2,0,1,1,0,0,0,0,0,0,1,1,0
1,2018,7,9,3,5,2,0,1,1,0,0,0,0,0,0,0,2,0
6,2018,1,18,3,6,4,2,0,1,1,0,0,0,1,0,0,0,1
8,2018,4,19,3,5,3,0,0,1,0,1,0,0,0,0,0,1,0
1,2021,11,8,3,5,7,0,1,1,0,0,0,0,0,0,2,0,0
6,2019,4,17,3,5,7,0,0,1,0,1,0,0,0,0,0,1,1
12,2020,6,7,2,2,6,0,0,1,0,0,0,0,0,0,1,1,0
5,2021,11,17,6,5,3,1,0,1,0,1,0,1,0,0,2,0,1
8,2018,10,16,5,5,3,0,0,1,0,0,0,0,0,0,0,1,0
1,2019,10,10,5,1,5,0,1,1,0,0,0,1,0,0,0,1,0
1,2019,4,6,2,5,3,0,1,1,0,0,0,0,0,0,0,1,0
8,2018,8,9,2,1,5,0,1,1,0,0,0,0,0,0,0,1,0
4,2019,3,19,5,3,6,2,0,1,0,0,0,0,1,0,0,0,0
1,2019,1,19,3,2,6,2,0,1,0,0,0,0,1,0,0,1,0
2,2020,6,13,7,6,4,0,1,0,1,0,0,0,0,0,1,1,0
12,2020,6,18,4,5,2,0,1,1,0,0,0,0,0,0,1,1,0
3,2021,9,14,6,5,3,0,1,1,0,0,0,0,0,0,1,0,0
4,2021,7,19,7,5,3,0,1,1,0,0,0,0,0,0,1,2,0
1,2021,5,12,4,5,2,0,1,1,0,0,0,0,0,1,2,1,0
6,2020,7,17,5,2,6,0,0,1,0,0,0,0,0,0,1,2,0
1,2018,10,6,5,5,3,2,0,1,0,1,0,0,0,0,0,1,1
7,2021,8,20,2,5,7,2,1,1,0,0,0,0,1,0,1,1,0
2,2019,10,19,2,5,7,2,0,1,0,1,0,0,0,0,0,1,0
4,2019,9,21,4,2,6,2,0,1,0,0,0,0,0,0,0,0,0
6,2019,10,18,5,1,5,2,1,1,0,0,0,0,0,0,0,1,0
1,2018,2,18,6,1,5,2,1,1,0,0,0,0,0,0,0,1,0
9,2019,4,13,3,2,6,0,0,1,0,0,0,0,0,0,0,1,0
6,2021,4,8,4,2,6,0,0,1,0,0,0,1,0,1,2,1,0
12,2020,8,14,6,5,2,0,0,1,0,1,0,0,0,0,1,1,1
1,2020,6,19,4,0,2,0,1,1,0,0,0,0,0,0,1,1,0
9,2019,2,15,2,0,1,0,1,1,0,0,0,0,0,0,0,1,1
4,2021,9,11,3,0,4,0,0,0,1,0,0,1,0,0,1,0,0
6,2018,1,12,5,2,1,0,0,1,0,1,0,0,1,0,0,0,0
6,2021,9,18,3,3,6,0,1,1,0,0,0,0,0,0,1,0,0
3,2019,8,10,2,2,6,0,0,1,0,0,0,0,0,0,0,0,0
9,2020,2,8,3,6,4,0,0,0,1,0,0,1,0,0,0,1,1
5,2020,11,15,6,0,1,0,0,0,0,0,0,1,0,1,2,0,0
3,2020,4,16,5,1,5,0,1,1,0,0,0,0,0,1,2,1,0
9,2018,8,2,4,9,7,2,0,1,0,0,0,0,0,0,0,1,1
12,2018,5,15,2,5,3,0,1,1,0,0,0,0,0,0,0,0,0
2,2020,2,11,5,2,6,0,0,1,0,0,0,0,0,0,0,1,0
10,2020,7,11,4,5,2,0,0,1,0,0,0,0,0,0,1,2,1
1,2019,7,10,5,5,3,0,0,1,0,0,0,0,0,0,0,2,0
8,2021,9,21,5,5,2,2,0,1,0,0,0,0,0,0,1,0,0
7,2021,3,15,3,5,2,0,1,1,0,0,0,0,0,0,2,0,0
5,2020,2,9,7,2,6,0,0,1,0,0,0,0,0,0,0,1,0
8,2018,5,19,5,0,1,0,1,0,0,0,0,0,0,0,0,0,0
1,2021,4,19,3,1,5,1,0,1,0,0,0,0,0,1,2,1,0
1,2020,12,6,3,5,3,2,1,1,0,0,0,0,1,1,2,1,0
1,2020,4,19,2,2,2,0,1,1,0,0,0,0,0,1,2,1,0
2,2018,12,15,3,5,3,1,0,1,0,0,0,0,1,0,0,1,0
1,2020,10,21,1,6,2,2,0,1,1,0,0,0,1,1,1,1,0
4,2018,11,15,3,5,3,0,0,1,0,0,0,0,0,0,0,0,0
7,2019,10,8,4,5,2,0,1,0,0,0,0,0,0,0,0,1,0
1,2021,3,15,3,5,3,0,1,0,0,1,0,0,0,0,2,0,0
8,2020,10,14,3,2,2,0,0,1,0,0,0,0,0,1,1,1,0
2,2020,9,12,4,5,7,0,1,1,0,0,0,0,0,0,1,0,0
4,2020,9,13,1,3,6,0,0,1,0,0,0,1,0,0,1,0,1
4,2020,9,12,4,2,6,0,0,1,0,0,0,0,0,0,1,0,0
4,2019,2,20,6,5,2,2,0,1,0,0,0,1,0,0,0,1,0
3,2018,4,12,6,3,6,0,1,1,0,0,0,0,0,0,0,1,0
5,2021,9,6,6,5,2,2,0,1,0,0,0,0,0,0,1,0,0
1,2018,4,11,1,6,7,0,0,1,1,0,0,0,0,0,0,1,0
10,2019,6,21,3,2,6,2,0,1,0,0,0,0,0,0,0,1,1
12,2019,8,19,1,2,6,0,0,1,0,0,0,0,1,0,0,0,0
10,2021,7,15,5,5,3,0,0,1,0,0,0,0,0,0,1,2,0
1,2018,11,5,6,5,3,2,0,1,0,0,0,1,1,0,0,0,0
9,2019,10,17,4,0,6,2,0,0,0,1,0,1,0,0,0,1,1
10,2021,10,17,2,5,2,1,1,1,0,0,0,0,0,0,1,1,0
7,2018,8,15,2,5,2,0,1,1,0,0,0,0,0,0,0,1,0
2,2019,4,0,7,2,2,2,1,1,0,0,0,0,0,0,0,1,0
4,2018,5,12,1,2,6,0,0,1,0,0,0,0,0,0,0,0,0
9,2020,7,13,5,2,6,0,0,1,0,1,0,0,1,0,1,2,1
3,2019,6,9,5,1,5,0,1,0,0,0,0,1,0,0,0,1,0
12,2019,1,12,5,2,2,0,0,1,0,0,0,0,0,0,0,1,0
6,2019,8,17,1,2,6,0,0,1,0,1,0,0,0,0,0,0,0
10,2019,10,18,6,2,6,1,0,1,0,0,0,0,0,0,0,1,0
4,2021,10,16,6,2,6,0,0,1,0,0,0,1,0,0,1,1,0
1,2020,2,21,6,0,7,2,0,1,0,1,0,0,0,0,0,1,0
6,2019,8,7,3,5,2,0,1,1,0,0,0,0,0,0,0,0,0
10,2020,11,12,7,5,3,0,0,1,0,0,0,0,0,1,2,0,0
4,2021,9,17,5,3,6,0,0,1,0,1,0,0,0,0,1,0,0
2,2020,9,8,5,8,1,0,0,0,0,1,0,0,0,0,1,0,0
12,2018,3,20,2,6,2,2,0,1,1,0,0,0,1,0,0,1,0
1,2019,11,17,7,2,2,2,0,1,0,0,0,0,1,0,0,0,0
7,2020,10,22,5,9,1,2,0,1,0,0,0,0,1,1,1,1,0
5,2019,6,16,6,1,5,0,1,1,0,0,0,0,0,0,0,1,1
6,2021,3,11,4,0,6,0,0,1,0,0,0,1,0,0,2,0,0
12,2021,3,17,5,2,6,0,0,1,0,0,0,1,1,0,2,0,0
8,2018,11,15,5,5,2,0,0,1,0,1,0,0,1,0,0,0,1
1,2018,4,9,5,0,1,0,0,0,0,1,0,0,1,0,0,1,0
1,2018,6,20,5,0,3,0,1,1,0,0,0,0,0,0,0,0,0
4,2021,9,19,6,5,2,2,1,1,0,0,0,0,0,0,1,0,0
5,2020,8,19,4,5,3,0,1,1,0,0,0,0,0,0,1,1,1
2,2021,11,19,5,6,4,2,0,1,1,0,0,0,0,0,2,0,0
2,2019,12,21,2,3,6,2,1,1,0,0,0,0,1,0,0,1,1
8,2018,10,15,5,1,5,0,0,1,0,1,0,0,0,0,0,1,0