BEZ,UJAHR,UMONAT,USTUNDE,UWOCHENTAG,UART,UTYP1,ULICHTVERH,IstRad,IstPKW,IstFuss,IstKrad,IstGkfz,IstSonstige,USTRZUSTAND,LOCKDOWN,COVID,FERIEN,UKATEGORIE
8,2020,4,10,6,5,3,0,1,1,0,0,0,0,0,1,2,1,0
10,2018,4,9,6,5,3,0,0,1,0,0,0,0,0,0,0,1,0
1,2020,8,17,2,6,7,0,0,0,1,0,0,1,0,0,1,1,0
6,2021,11,16,7,5,3,2,0,1,0,0,0,0,1,0,2,0,0
4,2020,2,17,2,5,2,2,0,1,0,0,0,0,1,0,0,1,0
5,2020,10,8,6,6,2,0,0,1,1,0,0,0,1,1,1,1,0
5,2018,7,13,1,5,3,0,1,1,0,0,0,0,0,0,0,2,0
8,2018,7,23,1,5,3,2,1,1,0,0,0,0,0,0,0,2,0
5,2018,6,11,7,2,6,0,0,1,0,0,0,1,0,0,0,0,0
2,2019,8,10,6,2,6,0,0,1,0,0,0,0,0,0,0,0,0
11,2018,3,20,7,0,1,2,1,0,0,0,0,0,0,0,0,1,1
5,2019,10,9,4,2,6,0,0,1,0,0,0,1,1,0,0,1,0
1,2019,5,11,3,0,7,0,1,0,0,0,0,0,0,0,0,0,0
4,2019,9,11,4,2,6,0,0,1,0,0,0,0,1,0,0,0,0
12,2019,4,17,3,5,3,0,1,1,0,0,0,0,0,0,0,1,0
4,2018,10,13,6,2,6,0,0,1,0,1,0,0,0,0,0,1,0
11,2018,11,17,4,5,2,2,0,0,0,1,0,0,1,0,0,0,0
5,2018,11,8,5,2,6,0,0,1,0,0,0,1,0,0,0,0,0
3,2019,2,5,6,6,2,2,0,1,1,0,0,0,0,0,0,1,0
2,2021,5,18,7,2,6,0,1,1,0,0,0,0,0,1,2,1,0
2,2018,4,20,4,0,7,2,1,0,0,0,0,0,0,0,0,1,0
12,2020,6,14,2,0,7,0,1,0,0,0,0,0,0,0,1,1,0
4,2019,2,8,7,1,5,0,1,1,0,0,0,0,0,0,0,1,0
1,2019,9,8,6,3,6,0,0,1,0,1,0,0,0,0,0,0,0
9,2018,6,6,3,8,1,0,1,0,0,0,0,0,0,0,0,0,1
8,2020,8,14,6,5,2,0,1,1,0,0,0,0,0,0,1,1,0
2,2018,5,17,3,5,3,0,1,0,0,0,0,0,0,0,0,0,1
12,2018,5,8,5,0,5,0,0,1,0,0,1,0,0,0,0,0,0
1,2019,7,18,4,0,1,0,1,0,0,0,0,0,0,0,0,2,0
1,2021,3,2,7,5,3,2,0,1,0,0,0,0,0,0,2,0,0
11,2019,6,14,1,2,2,0,0,1,0,0,0,0,0,0,0,1,0
3,2019,11,0,1,0,5,2,0,0,0,1,0,1,1,0,0,0,0
4,2018,5,9,3,5,7,0,0,1,0,0,0,1,0,0,0,0,0
4,2021,12,14,2,0,7,0,1,1,0,0,0,0,0,1,2,1,0
2,2020,9,18,1,5,2,0,0,1,0,0,0,0,0,0,1,0,0
4,2020,4,16,4,5,2,0,0,1,0,1,0,0,0,1,2,1,0
1,2018,3,15,2,6,4,0,0,1,1,0,0,0,0,0,0,1,0
2,2020,5,17,7,2,6,0,0,1,0,0,0,0,0,1,1,0,0
2,2019,7,9,2,2,6,0,1,0,0,0,0,0,0,0,0,2,0
7,2019,6,16,2,2,6,0,0,1,0,0,0,1,0,0,0,1,0
1,2021,6,12,3,3,6,0,1,1,0,0,0,0,0,0,1,1,1
7,2018,9,16,2,6,4,0,1,0,1,0,0,0,0,0,0,0,0
7,2018,9,15,1,6,2,0,0,1,1,0,0,0,0,0,0,0,0
11,2019,11,16,5,0,2,2,0,1,0,0,0,1,0,0,0,0,0
10,2020,9,15,3,2,6,0,0,1,0,0,0,0,0,0,1,0,0
7,2021,5,20,3,2,6,1,0,1,0,0,0,0,0,1,2,1,0
1,2019,6,14,7,5,3,0,1,1,0,0,0,0,0,0,0,1,0
5,2021,8,14,5,1,5,0,0,1,0,0,0,0,0,0,1,1,0
11,2019,12,15,1,5,3,0,0,1,0,0,0,0,0,0,0,1,0
6,2018,6,11,1,5,3,0,1,1,0,0,0,0,0,0,0,0,1
12,2019,3,23,5,5,2,2,0,1,0,0,0,0,0,0,0,0,0
11,2021,10,17,7,5,7,0,1,1,0,0,0,0,0,0,1,1,0
11,2019,10,10,5,6,6,0,1,0,1,0,0,0,0,0,0,1,0
1,2019,4,16,3,1,5,0,1,1,0,0,0,0,0,0,0,1,0
9,2020,7,13,2,0,1,0,1,0,0,0,0,1,0,0,1,2,0
1,2020,9,16,6,5,2,0,1,1,0,0,0,0,0,0,1,0,0
1,2018,7,16,3,0,7,0,1,0,0,0,0,1,0,0,0,2,0
4,2019,10,17,5,6,4,2,0,1,1,0,0,0,0,0,0,1,0
9,2021,8,17,6,7,7,0,1,0,0,0,0,0,0,0,1,1,0
7,2021,4,15,2,1,5,0,0,1,0,1,0,0,0,1,2,1,0
2,2018,6,20,6,1,5,1,1,1,0,0,0,0,0,0,0,0,0
7,2018,1,0,7,6,4,2,0,1,1,0,0,0,0,0,0,0,1
3,2019,11,13,5,5,3,0,0,1,0,0,0,0,2,0,0,0,1
1,2021,5,18,7,0,5,0,1,1,0,0,0,0,0,1,2,1,0
1,2020,2,17,7,5,2,0,0,1,0,0,0,1,0,0,0,1,0
8,2019,7,15,2,6,4,0,0,1,1,0,0,0,0,0,0,2,0
4,2020,8,7,4,2,2,0,0,1,0,1,0,0,0,0,1,1,0
1,2021,6,9,3,3,6,0,0,1,0,0,0,0,0,0,1,1,0
1,2021,6,18,4,0,1,0,0,0,0,1,0,0,1,0,1,1,0
7,2021,8,11,4,5,2,0,1,1,0,0,0,0,0,0,1,1,0
6,2018,1,18,3,6,4,2,0,1,1,0,0,0,2,0,0,0,1
4,2021,9,15,3,5,3,0,0,1,0,0,0,1,0,0,1,0,0
10,2020,8,18,7,6,3,0,0,1,1,0,0,0,0,0,1,1,1
1,2020,5,18,6,0,2,0,1,1,0,0,0,0,0,1,1,0,0
2,2020,12,17,7,5,3,2,1,1,0,0,0,0,1,1,2,1,0
10,2021,1,17,2,5,3,2,1,1,0,0,0,0,1,1,2,0,0
8,2019,2,18,2,6,2,1,0,1,1,0,0,0,0,0,0,1,0
2,2021,7,12,4,5,3,0,1,0,0,0,0,0,0,0,1,2,0
10,2020,6,12,7,5,2,0,0,1,0,0,0,0,0,0,1,1,0
1,2020,1,17,4,0,5,2,1,1,0,0,0,0,1,0,0,1,0
1,2018,5,8,2,3,6,0,1,1,0,0,0,0,0,0,0,0,0
3,2018,6,7,5,5,3,0,1,1,0,0,0,0,0,0,0,0,0
4,2020,12,13,7,6,4,0,0,1,1,0,0,0,0,1,2,1,0
11,2018,6,18,1,1,5,0,0,1,0,0,0,0,1,0,0,0,0
2,2019,11,8,6,5,3,0,1,0,0,1,0,0,0,0,0,0,0
5,2021,10,5,2,1,1,2,0,1,0,0,0,0,1,0,1,1,0
8,2019,10,15,3,2,2,0,0,1,0,0,0,0,1,0,0,1,0
1,2019,9,11,4,0,1,0,1,0,0,0,0,0,0,0,0,0,0
3,2019,11,18,6,5,2,2,1,1,0,0,0,0,0,0,0,0,0
10,2020,12,14,6,5,2,0,0,1,0,0,0,1,0,1,2,1,0
1,2020,3,20,3,2,5,2,0,1,0,0,0,0,1,1,1,0,0
5,2020,8,8,5,6,4,0,0,1,1,0,0,0,0,0,1,1,1
5,2021,2,6,2,6,7,2,0,1,1,0,0,0,1,1,2,1,0
4,2021,8,8,3,0,7,0,1,0,0,0,0,0,0,0,1,1,0
1,2020,1,18,3,0,1,2,0,1,0,1,0,0,1,0,0,1,0
1,2020,7,0,4,0,1,2,1,0,0,0,0,0,0,0,1,2,0
4,2018,11,19,2,6,4,2,0,1,1,0,0,0,0,0,0,0,0
11,2019,5,8,7,2,6,0,0,1,0,0,0,1,0,0,0,0,0
9,2020,8,18,5,2,6,0,1,1,0,0,0,0,0,0,1,1,1
10,2021,6,20,5,5,3,0,0,0,0,1,0,1,0,0,1,1,1
10,2020,11,10,2,5,3,0,1,1,0,0,0,0,0,1,2,0,0
4,2020,6,21,7,3,6,1,0,1,0,0,0,0,0,0,1,1,0
1,2018,6,15,3,5,2,0,1,1,0,0,0,0,0,0,0,0,0
4,2021,11,16,7,5,2,2,0,1,0,0,0,0,1,0,2,0,0
4,2018,8,2,1,2,6,2,0,1,0,0,0,0,0,0,0,1,0
8,2019,5,11,4,2,6,0,0,1,0,0,0,0,1,0,0,0,0
1,2019,10,6,6,2,7,2,0,1,0,0,0,0,1,0,0,1,0
1,2018,1,10,2,2,2,0,1,1,0,0,0,0,0,0,0,0,0
5,2018,10,16,5,2,6,0,0,1,0,0,0,0,0,0,0,1,1
8,2020,6,15,4,0,3,0,1,1,0,0,0,0,0,0,1,1,0
1,2020,6,15,1,0,1,0,0,0,0,0,0,1,0,0,1,1,0
7,2018,10,14,4,6,4,0,0,1,1,0,0,0,0,0,0,1,0
6,2019,10,13,2,0,2,0,1,1,0,0,0,0,1,0,0,1,0
1,2018,2,14,6,6,2,0,0,1,1,0,0,1,0,0,0,1,0
3,2020,5,10,2,2,6,0,0,1,0,0,0,1,1,1,1,0,0
12,2020,3,19,4,0,1,2,1,0,0,0,0,0,0,1,1,0,1
2,2021,8,12,5,5,2,0,1,1,0,0,0,0,0,0,1,1,0
9,2019,11,18,2,5,2,2,1,0,0,0,1,0,1,0,0,0,0
1,2018,3,17,5,1,5,2,1,1,0,0,0,0,0,0,0,1,0
8,2018,9,13,2,5,3,0,1,1,0,0,0,0,0,0,0,0,0
1,2019,12,19,7,5,2,2,0,1,0,0,0,0,1,0,0,1,0
4,2021,12,17,6,2,6,2,0,1,0,0,0,0,1,1,2,1,0
10,2018,7,19,6,6,4,0,0,1,1,0,0,0,0,0,0,2,0
1,2020,11,21,5,6,2,2,0,0,1,0,0,1,1,1,2,0,0
1,2019,5,1,1,0,7,2,1,1,0,0,0,0,1,0,0,0,0
4,2018,11,20,4,0,7,2,0,1,0,1,0,0,0,0,0,0,1
1,2021,4,16,2,0,7,0,1,0,0,0,0,0,0,1,2,1,0
3,2020,7,2,1,0,1,2,0,0,0,0,0,1,0,0,1,2,0
2,2019,10,15,2,6,4,0,0,1,1,0,0,0,0,0,0,1,1
9,2019,3,14,7,2,6,0,1,1,0,1,0,0,0,0,0,0,0
9,2020,9,22,5,5,2,2,0,1,0,0,0,0,0,0,1,0,0
12,2021,11,12,2,5,3,0,0,1,0,1,0,0,1,0,2,0,1
4,2021,9,7,3,2,6,0,0,1,0,0,0,0,0,0,1,0,0
11,2018,6,9,5,5,3,0,0,1,0,0,0,1,0,0,0,0,0
6,2020,8,12,7,1,5,0,1,1,0,0,0,0,0,0,1,1,0
11,2021,6,8,3,5,2,0,1,1,0,0,0,0,0,0,1,1,0
6,2021,8,7,4,1,5,0,0,1,0,1,0,0,0,0,1,1,0
9,2020,5,10,3,5,3,0,1,1,0,0,0,0,0,1,1,0,0
11,2018,7,16,3,6,4,0,1,0,1,0,0,0,0,0,0,2,0
12,2020,8,12,1,8,1,0,0,1,0,0,0,0,0,0,1,1,1
3,2020,6,16,4,5,3,0,1,0,0,0,0,0,0,0,1,1,0
3,2019,11,16,4,5,3,2,0,1,0,0,0,0,1,0,0,0,1
7,2020,6,11,3,5,3,0,1,0,0,0,0,1,0,0,1,1,0
8,2021,5,7,2,5,3,0,1,0,0,0,0,1,0,1,2,1,0
4,2019,10,18,1,0,1,1,0,0,0,1,0,0,0,0,0,1,0
12,2020,2,12,5,5,3,0,1,1,0,0,0,0,0,0,0,1,0
3,2019,7,14,5,5,2,0,1,1,0,0,0,0,0,0,0,2,0
4,2021,11,18,1,5,2,2,0,1,0,0,0,0,1,0,2,0,1
7,2020,12,19,7,1,7,2,0,1,0,0,0,0,1,1,2,1,0
7,2018,12,7,6,5,3,1,0,1,0,0,0,0,1,0,0,1,0
7,2021,2,14,1,6,2,0,0,1,1,0,0,0,0,1,2,1,0
12,2018,9,13,4,5,7,0,0,1,0,0,0,1,0,0,0,0,0
3,2020,11,21,4,6,4,2,0,0,1,1,0,0,0,1,2,0,0
12,2020,5,16,4,2,6,0,0,1,0,0,0,0,0,1,1,0,0
4,2018,11,12,6,5,2,0,0,1,0,0,0,0,1,0,0,0,0
3,2018,2,7,2,6,7,0,0,1,1,0,0,0,0,0,0,1,0
4,2019,12,11,4,2,6,0,0,1,0,0,0,0,0,0,0,1,0
11,2019,12,0,3,9,1,2,0,1,0,0,0,0,1,0,0,1,1
4,2020,1,10,4,5,3,0,0,1,0,0,1,0,0,0,0,1,0
7,2019,11,19,3,1,5,2,1,1,0,0,0,0,0,0,0,0,0
4,2020,1,6,3,2,6,2,0,1,0,0,0,0,0,0,0,1,0
4,2020,6,18,2,0,6,0,0,1,0,0,0,1,0,0,1,1,0
4,2021,3,16,6,2,7,0,0,1,0,0,0,0,0,0,2,0,0
2,2019,11,17,2,6,4,2,0,1,1,0,0,0,0,0,0,0,1
10,2020,7,16,3,0,2,0,1,0,0,0,0,1,0,0,1,2,0
2,2019,1,0,6,5,3,2,1,1,0,0,0,0,1,0,0,1,0
4,2018,3,10,4,5,3,0,0,1,0,0,0,0,1,0,0,1,0
12,2019,2,9,4,9,1,0,0,1,0,0,0,0,1,0,0,1,1
3,2019,4,7,3,2,6,0,0,1,0,0,1,0,0,0,0,1,0
12,2020,2,16,6,6,2,0,0,1,1,0,0,0,0,0,0,1,0
7,2021,2,12,5,5,2,0,0,1,0,0,0,0,1,1,2,1,0
12,2018,9,12,6,5,2,0,0,1,0,0,0,0,0,0,0,0,0
7,2018,2,10,4,5,3,0,0,1,0,0,1,0,0,0,0,1,0
4,2020,9,10,1,5,7,0,1,1,0,0,0,0,0,0,1,0,1
7,2021,7,15,6,1,7,0,0,1,0,0,0,0,0,0,1,2,0
4,2019,7,11,3,5,3,0,1,1,0,0,0,0,0,0,0,2,0
3,2021,6,7,6,5,2,0,1,1,0,0,0,0,0,0,1,1,0
6,2018,11,7,3,6,4,0,0,1,1,0,0,0,1,0,0,0,0
11,2018,12,7,6,6,7,1,0,1,1,0,0,0,1,0,0,1,0
1,2018,8,23,4,5,3,2,1,1,0,0,0,0,0,0,0,1,0
5,2020,3,16,3,6,7,1,0,1,1,0,0,0,1,1,1,0,0
1,2019,10,9,2,0,7,0,1,0,0,0,0,0,0,0,0,1,0
3,2020,5,8,2,0,7,0,1,0,0,0,0,0,0,1,1,0,0
7,2021,5,11,2,5,2,0,0,1,0,1,0,0,0,1,2,1,0
3,2019,2,7,4,3,2,0,0,1,0,0,1,0,0,0,0,1,0
1,2019,7,20,5,5,2,0,0,1,0,0,0,1,0,0,0,2,0
11,2019,6,16,3,3,6,0,0,1,0,0,1,0,0,0,0,1,0
6,2018,2,21,3,6,4,2,0,1,1,0,0,0,0,0,0,1,0
1,2018,3,12,5,3,6,0,1,0,0,0,0,1,0,0,0,1,0
4,2019,8,16,3,0,2,0,0,1,0,0,0,1,0,0,0,0,0
7,2021,11,13,3,3,6,0,0,1,0,0,1,0,0,0,2,0,0
9,2018,7,13,4,0,2,0,1,0,0,0,0,1,0,0,0,2,0
4,2019,5,21,3,8,1,2,0,0,0,1,0,0,1,0,0,0,1
1,2018,9,17,1,2,6,0,0,1,0,1,0,0,1,0,0,0,0
3,2021,11,9,6,5,3,0,0,1,0,0,0,0,1,0,2,0,0
2,2019,1,4,4,8,1,2,0,1,0,0,0,0,0,0,0,1,1
1,2019,9,17,7,2,7,0,0,1,0,0,0,0,1,0,0,0,0
4,2019,9,15,3,1,5,0,1,1,0,0,0,0,0,0,0,0,0
12,2021,6,14,4,5,2,0,1,1,0,0,0,0,0,0,1,1,0
11,2019,2,18,3,1,1,2,0,1,0,0,0,0,0,0,0,1,0
4,2019,11,1,1,1,1,2,0,1,0,0,0,0,0,0,0,0,0
9,2020,6,15,1,5,2,0,1,1,0,0,0,0,0,0,1,1,0
4,2019,6,12,4,5,3,0,1,1,0,0,0,0,0,0,0,1,1
4,2018,10,13,7,3,6,0,0,1,0,1,0,0,0,0,0,1,0
5,2019,7,18,3,5,3,0,0,1,0,0,0,0,0,0,0,2,0
4,2019,9,12,7,0,4,0,0,0,1,1,0,0,1,0,0,0,0
12,2018,6,22,6,5,2,2,0,1,0,0,0,0,0,0,0,0,0
7,2018,11,9,4,2,6,0,0,1,0,0,1,0,0,0,0,0,0
2,2021,10,9,6,2,7,0,0,1,0,0,0,1,0,0,1,1,1
11,2020,8,9,2,0,7,0,0,0,0,1,0,0,0,0,1,1,0
7,2019,1,15,5,5,2,0,0,1,0,1,0,0,0,0,0,1,0
1,2019,5,21,4,8,1,2,0,1,0,0,0,0,1,0,0,0,0
3,2021,8,13,7,0,3,0,0,1,0,1,0,0,0,0,1,1,0
7,2021,11,13,2,5,3,0,0,1,0,0,0,0,0,0,2,0,0
4,2020,3,16,3,6,4,0,0,0,1,1,0,0,1,1,1,0,1
12,2018,5,16,6,6,2,0,0,1,1,0,0,0,0,0,0,0,0
7,2020,10,12,7,5,2,0,0,1,0,0,0,0,1,1,1,1,0
2,2018,3,8,5,5,2,0,1,1,0,0,0,0,1,0,0,1,0
4,2018,6,11,2,6,7,0,0,1,1,0,0,0,0,0,0,0,0
11,2019,3,12,2,0,6,0,0,1,0,1,0,0,1,0,0,0,0
3,2019,4,22,4,5,3,2,0,1,0,0,0,0,0,0,0,1,0
3,2021,6,15,5,2,6,0,1,1,0,0,0,0,1,0,1,1,0
4,2020,8,18,2,2,6,0,1,1,0,0,0,0,0,0,1,1,0
2,2019,8,10,6,6,4,0,1,0,1,0,0,0,0,0,0,0,0
9,2018,12,7,2,5,3,1,1,1,0,0,0,0,1,0,0,1,0
5,2018,9,13,3,0,2,0,0,1,0,1,0,0,0,0,0,0,0
5,2019,10,10,4,6,7,0,0,1,1,0,0,0,0,0,0,1,0
1,2021,11,7,2,0,2,1,1,1,0,0,0,0,1,0,2,0,0
1,2018,2,10,6,5,3,0,0,1,0,0,0,0,0,0,0,1,1
10,2018,8,18,3,0,7,0,1,0,0,0,0,0,0,0,0,1,0
6,2018,11,7,4,6,4,0,0,1,1,0,0,0,0,0,0,0,0
8,2021,3,13,4,5,7,0,0,1,0,0,0,1,0,0,2,0,1
2,2021,9,12,1,5,2,0,1,1,0,0,0,0,0,0,1,0,1
4,2021,7,14,3,2,2,0,0,1,0,0,0,1,0,0,1,2,0
6,2018,1,18,1,5,2,2,0,1,0,0,0,0,1,0,0,0,0
4,2019,4,18,5,3,6,0,0,1,0,0,1,0,0,0,0,1,0
1,2018,5,19,4,5,2,0,1,0,0,0,0,1,0,0,0,0,0
1,2018,12,16,5,2,6,2,0,1,0,0,0,0,0,0,0,1,0
3,2020,11,6,4,5,2,2,0,1,0,0,0,0,1,1,2,0,1
7,2021,3,12,4,6,7,0,0,0,1,0,0,1,0,0,2,0,1
3,2020,6,17,7,0,3,0,1,0,0,1,0,0,0,0,1,1,0
9,2019,10,10,2,5,3,0,1,1,0,0,0,0,0,0,0,1,1
7,2020,5,14,3,1,5,0,1,1,0,0,0,0,0,1,1,0,0
1,2019,11,17,7,0,1,2,1,0,0,0,0,0,0,0,0,0,1
11,2019,8,8,5,5,3,0,0,0,0,0,1,1,0,0,0,0,0
1,2020,9,6,4,5,2,0,1,1,0,0,0,0,0,0,1,0,0
5,2020,12,13,7,1,5,0,1,1,0,0,0,0,0,1,2,1,0
1,2018,7,14,1,5,7,0,0,1,0,1,0,0,0,0,0,2,0
11,2018,9,7,6,6,4,2,0,0,1,0,0,1,0,0,0,0,1
11,2018,5,6,3,5,7,0,0,1,0,0,0,1,0,0,0,0,1
7,2020,5,15,4,6,4,0,0,0,1,0,1,0,0,1,1,0,1
1,2021,12,13,5,2,6,0,0,1,0,0,0,0,1,1,2,1,0
8,2019,10,11,4,5,3,0,0,1,0,0,0,0,1,0,0,1,1
1,2021,5,8,5,0,6,0,0,0,0,0,0,1,0,1,2,1,0
4,2021,11,17,6,6,7,1,0,1,1,0,0,0,0,0,2,0,0
1,2018,1,11,3,2,6,0,0,1,0,0,0,0,1,0,0,0,0
3,2019,2,15,3,5,3,0,1,1,0,0,0,0,0,0,0,1,0
2,2018,6,18,5,5,2,0,1,1,0,0,0,0,0,0,0,0,0
8,2018,9,11,5,5,3,0,1,1,0,0,0,0,0,0,0,0,0
5,2019,11,13,1,0,2,0,0,1,0,0,0,1,0,0,0,0,1
12,2020,8,14,5,6,2,0,0,1,1,0,0,0,0,0,1,1,0
5,2018,10,17,5,5,2,1,1,1,0,0,0,0,1,0,0,1,0
4,2018,6,16,5,3,6,0,0,1,0,1,0,0,0,0,0,0,0
9,2021,8,13,4,0,2,0,1,1,0,0,0,0,0,0,1,1,0
4,2020,9,6,6,5,2,2,1,0,0,0,0,1,1,0,1,0,0
10,2021,9,18,5,0,7,1,0,1,0,0,0,0,0,0,1,0,1
5,2018,2,17,4,6,2,1,0,1,1,0,0,0,0,0,0,1,0
2,2019,1,16,1,2,6,2,0,1,0,0,0,0,0,0,0,1,0
2,2019,2,15,5,6,7,0,1,0,1,0,0,0,0,0,0,1,0
4,2018,4,14,4,2,6,0,0,1,0,0,0,1,0,0,0,1,1
11,2019,5,13,6,5,2,0,0,0,0,0,1,1,0,0,0,0,0
8,2019,3,22,4,5,3,2,0,1,0,0,0,0,1,0,0,0,0
6,2018,2,11,4,1,5,0,0,1,0,0,0,1,0,0,0,1,1
9,2018,4,16,2,5,3,0,0,1,0,0,0,0,1,0,0,1,1
11,2018,11,17,5,5,3,2,1,0,0,0,0,1,0,0,0,0,1
2,2020,11,22,5,5,2,2,1,0,0,1,0,0,0,1,2,0,1
11,2019,7,10,5,1,1,0,0,1,0,0,0,0,0,0,0,2,0
4,2021,8,8,5,5,3,0,0,1,0,0,0,0,0,0,1,1,0
12,2021,7,12,2,1,5,0,1,1,0,0,0,0,0,0,1,2,0
11,2021,4,17,3,5,3,0,0,1,0,1,0,0,0,1,2,1,0
2,2020,8,7,2,5,3,0,1,1,0,0,0,0,0,0,1,1,0
10,2019,4,9,5,5,3,0,0,1,0,0,0,1,0,0,0,1,1
11,2019,2,10,2,6,2,0,0,1,1,0,0,0,0,0,0,1,0
1,2018,6,23,3,5,3,2,1,1,0,0,0,0,0,0,0,0,0
8,2020,10,17,7,5,3,2,0,1,0,0,0,0,0,1,1,1,0
9,2020,12,18,3,0,3,2,1,1,0,0,0,0,0,1,2,1,0
12,2019,12,14,6,2,6,0,0,1,0,0,0,0,1,0,0,1,0
1,2020,9,15,7,2,1,0,1,0,0,0,0,0,0,0,1,0,0
4,2021,8,15,3,5,2,0,0,1,0,0,0,0,1,0,1,1,0
1,2019,5,9,2,3,6,0,1,0,0,0,0,0,0,0,0,0,0
12,2020,3,12,3,2,6,0,0,1,0,0,0,0,0,1,1,0,0
1,2021,12,19,4,5,7,2,0,1,0,0,0,0,0,1,2,1,0
7,2019,6,19,6,5,7,0,0,1,0,1,0,0,0,0,0,1,0
1,2020,7,14,6,1,6,0,1,1,0,0,0,0,1,0,1,2,0
7,2018,12,8,2,2,6,0,0,1,0,0,0,0,1,0,0,1,0
8,2021,9,15,4,2,6,0,0,1,0,0,0,0,0,0,1,0,0
9,2018,5,8,5,0,2,0,1,1,0,0,0,0,0,0,0,0,0
4,2019,7,8,2,1,5,0,1,0,0,0,0,1,0,0,0,2,0
12,2019,9,6,5,0,3,1,0,1,0,1,0,0,1,0,0,0,1
6,2021,11,18,3,5,3,0,0,1,0,0,0,0,1,0,2,0,0
4,2019,9,11,6,3,6,0,0,1,0,1,0,0,0,0,0,0,0
1,2019,10,16,4,3,6,0,1,0,0,0,1,0,0,0,0,1,0
4,2019,11,7,4,0,3,1,1,1,0,0,0,0,1,0,0,0,0
10,2019,9,18,3,5,3,0,1,1,0,0,0,0,0,0,0,0,0
7,2019,4,10,6,6,4,0,0,1,1,0,0,0,0,0,0,1,0
3,2018,6,14,1,5,3,0,1,1,0,0,0,0,0,0,0,0,0
7,2019,10,17,3,1,5,1,1,1,0,0,0,0,0,0,0,1,1
5,2018,10,11,5,6,2,0,0,1,1,0,0,0,0,0,0,1,0
5,2021,7,13,6,3,6,0,0,1,0,1,0,0,0,0,1,2,0
7,2020,7,16,5,2,6,0,0,1,0,0,0,0,0,0,1,2,0
7,2021,5,21,4,1,5,1,1,1,0,0,0,0,0,1,2,1,0
6,2021,5,17,1,2,6,0,0,1,0,0,0,1,0,1,2,1,0
5,2019,10,17,2,2,6,0,0,1,0,0,0,0,0,0,0,1,0
9,2018,6,8,5,3,6,0,0,1,0,0,0,0,0,0,0,0,0
11,2020,5,12,2,6,2,0,0,1,1,0,0,0,1,1,1,0,0
10,2021,6,6,5,5,2,0,0,0,0,1,0,1,0,0,1,1,1
9,2019,4,19,2,6,2,0,0,1,1,0,0,0,0,0,0,1,0
2,2020,11,14,4,2,6,0,1,0,0,0,0,0,0,1,2,0,0
1,2020,8,15,5,6,4,0,1,0,1,0,0,0,0,0,1,1,0
5,2019,1,18,3,6,2,2,0,1,1,0,0,0,1,0,0,1,1
8,2018,6,16,6,5,2,0,1,1,0,0,0,0,0,0,0,0,0
8,2019,6,17,3,2,6,0,0,1,0,0,0,0,0,0,0,1,0
2,2021,3,18,4,5,2,0,1,1,0,0,0,0,0,0,2,0,0
7,2018,7,8,5,5,3,0,0,1,0,0,0,1,0,0,0,2,0
1,2020,8,7,2,3,6,0,1,1,0,0,0,0,0,0,1,1,0
5,2019,1,18,3,2,7,2,0,1,0,0,0,0,1,0,0,1,0
3,2020,4,13,3,5,3,0,0,1,0,1,0,0,0,1,2,1,0
8,2019,1,18,3,2,6,2,0,1,0,0,0,0,0,0,0,1,0
4,2021,11,10,2,2,6,0,0,1,0,0,0,0,1,0,2,0,0
3,2021,6,15,3,5,3,0,1,1,0,0,0,0,0,0,1,1,0
12,2018,9,15,6,5,2,0,0,1,0,1,0,0,0,0,0,0,1
11,2021,12,9,7,2,6,0,0,1,0,0,0,0,2,1,2,1,0
6,2019,5,8,2,2,7,0,0,1,0,1,1,0,0,0,0,0,0
8,2021,5,16,6,6,4,0,0,1,1,0,0,0,0,1,2,1,0
7,2021,2,20,4,0,5,2,0,1,0,0,0,0,0,1,2,1,0
2,2021,10,16,1,5,3,0,1,1,0,0,0,1,0,0,1,1,0
11,2021,4,14,4,2,7,0,0,1,0,1,0,0,0,1,2,1,1
1,2019,5,7,3,3,6,0,0,1,0,0,0,0,0,0,0,0,0
1,2019,8,8,5,5,3,0,0,1,0,0,0,0,0,0,0,0,0
4,2020,12,19,6,5,7,2,0,1,0,0,0,0,0,1,2,1,0
12,2021,1,23,7,0,7,2,0,0,0,1,0,0,1,1,2,0,0
9,2021,10,7,6,6,7,1,0,0,1,0,0,1,0,0,1,1,0
4,2020,3,7,4,2,6,0,0,1,0,1,0,0,0,1,1,0,0
2,2021,7,16,6,0,6,2,0,1,0,0,0,0,1,0,1,2,0
6,2018,6,17,4,5,2,0,1,1,0,0,0,0,0,0,0,0,0
2,2020,4,12,3,5,2,0,1,1,0,0,0,0,0,1,2,1,0
12,2018,8,9,4,2,6,0,0,1,0,0,1,0,0,0,0,1,0
7,2020,2,16,5,2,2,0,0,1,0,0,0,0,0,0,0,1,0
1,2021,7,13,5,5,2,0,1,1,0,0,0,0,0,0,1,2,0
9,2021,5,13,6,1,5,0,1,1,0,0,0,0,0,1,2,1,1
12,2020,6,11,3,3,6,0,0,1,0,0,0,0,0,0,1,1,0
4,2019,3,12,7,3,1,0,1,0,0,0,0,1,0,0,0,0,0
9,2019,4,9,4,5,3,0,1,1,0,0,0,0,0,0,0,1,0
9,2018,9,17,1,5,3,1,0,1,0,0,0,0,0,0,0,0,0
8,2018,2,16,2,5,3,0,0,1,0,0,0,0,0,0,0,1,0