BEZ,UJAHR,UMONAT,USTUNDE,UWOCHENTAG,UART,UTYP1,ULICHTVERH,IstRad,IstPKW,IstFuss,IstKrad,IstGkfz,IstSonstige,USTRZUSTAND,LOCKDOWN,COVID,FERIEN,UKATEGORIE
7,2021,4,11,3,5,3,0,0,1,0,0,0,0,0,1,2,1,0
2,2018,6,18,5,5,2,0,0,1,0,1,0,0,0,0,0,0,0
7,2019,8,14,5,5,3,0,0,1,0,0,0,0,0,0,0,0,0
8,2020,9,15,1,2,6,0,0,1,0,0,0,0,0,0,1,0,0
2,2021,3,15,6,5,3,0,1,1,0,0,0,0,1,0,2,0,0
3,2021,8,14,4,2,6,0,0,1,0,0,0,0,0,0,1,1,0
11,2018,5,6,2,2,6,0,0,1,0,0,1,0,0,0,0,0,0
11,2021,12,16,2,5,3,1,1,1,0,0,0,0,1,1,2,1,0
1,2020,1,6,2,5,3,2,0,1,0,1,0,0,0,0,0,1,0
6,2019,12,17,2,5,2,2,0,1,0,0,0,0,1,0,0,1,0
2,2018,12,18,6,6,2,2,0,1,1,0,0,0,1,0,0,1,0
5,2020,11,15,1,3,6,0,0,1,0,1,0,0,0,1,2,0,0
8,2020,7,10,3,2,6,0,0,1,0,1,0,0,0,0,1,2,0
2,2019,7,18,3,5,2,0,1,1,0,0,0,0,0,0,0,2,0
3,2019,10,19,4,0,7,2,0,1,0,0,0,0,1,0,0,1,0
1,2018,7,9,4,0,5,0,1,1,0,0,0,0,0,0,0,2,0
1,2018,10,8,4,3,6,0,1,0,0,0,0,1,0,0,0,1,1
1,2021,4,15,1,2,6,0,1,1,0,0,0,0,0,1,2,1,0
2,2018,11,17,5,3,6,1,1,0,0,0,0,0,0,0,0,0,0
4,2018,2,11,4,2,6,0,0,0,0,0,1,0,0,0,0,1,0
12,2018,4,7,6,5,3,0,0,1,0,1,0,0,0,0,0,1,0
3,2020,6,10,3,5,2,0,1,1,0,0,0,0,0,0,1,1,0
3,2020,6,19,3,5,2,0,1,1,0,0,0,0,0,0,1,1,0
12,2020,4,14,3,5,3,0,1,1,0,0,0,0,0,1,2,1,1
6,2019,1,9,4,6,2,0,0,0,1,1,0,0,1,0,0,1,0
1,2018,5,23,5,5,2,2,0,1,0,0,0,0,0,0,0,0,0
7,2020,12,16,6,2,6,2,0,1,0,0,0,0,0,1,2,1,0
7,2021,9,16,3,2,6,0,0,1,0,0,0,0,0,0,1,0,0
9,2021,7,11,1,5,2,0,0,1,0,0,0,0,0,0,1,2,0
2,2020,10,18,6,5,3,2,1,1,0,0,0,0,1,1,1,1,1
10,2020,7,15,5,5,2,0,1,1,0,0,0,0,0,0,1,2,0
2,2019,5,21,5,5,3,2,1,1,0,0,0,0,1,0,0,0,0
8,2018,4,9,5,0,1,0,1,0,0,0,0,0,0,0,0,1,0
1,2019,5,11,5,5,3,0,0,1,0,1,0,0,0,0,0,0,0
3,2021,3,9,6,5,3,0,1,1,0,0,0,0,0,0,2,0,0
6,2019,3,17,3,0,2,0,1,1,0,0,0,0,1,0,0,0,0
1,2020,10,8,2,0,1,0,0,0,0,1,0,0,1,1,1,1,1
7,2018,8,16,5,2,6,0,1,0,0,0,0,0,0,0,0,1,1
11,2019,10,19,1,0,1,2,0,0,0,1,0,0,1,0,0,1,0
5,2019,1,16,7,2,6,1,0,1,0,0,0,0,1,0,0,1,0
1,2021,9,15,4,2,6,0,0,1,0,1,0,0,1,0,1,0,0
5,2018,2,12,3,0,6,0,0,1,0,0,0,0,0,0,0,1,0
6,2021,5,18,5,0,1,0,1,0,0,0,0,0,0,1,2,1,0
3,2018,4,14,1,5,7,0,0,1,0,0,0,0,1,0,0,1,1
6,2018,4,19,5,2,6,0,0,1,0,0,0,0,0,0,0,1,0
3,2018,11,9,2,5,3,0,0,0,0,1,0,1,0,0,0,0,0
2,2019,9,14,6,0,6,0,0,1,0,0,0,1,0,0,0,0,0
9,2021,2,13,4,0,1,0,0,0,0,1,0,0,1,1,2,1,1
12,2021,2,14,5,2,6,0,0,1,0,0,0,0,0,1,2,1,0
7,2021,8,13,2,5,3,0,1,1,0,0,0,0,1,0,1,1,0
1,2018,5,0,4,0,6,2,1,1,0,0,0,0,0,0,0,0,0
5,2020,10,17,4,2,6,1,0,1,0,0,0,0,1,1,1,1,1
4,2020,2,17,3,5,3,1,1,1,0,0,0,0,0,0,0,1,0
1,2019,10,18,4,0,3,1,1,1,0,0,0,0,1,0,0,1,0
9,2019,11,17,6,0,7,2,1,0,0,0,0,0,0,0,0,0,0
12,2021,10,11,3,6,4,0,0,1,1,0,0,0,0,0,1,1,0
4,2018,8,13,5,6,7,0,0,1,1,0,0,0,0,0,0,1,0
1,2018,10,7,3,5,3,0,0,1,0,1,0,0,1,0,0,1,0
3,2021,12,21,1,9,1,2,0,1,0,0,0,0,1,1,2,1,1
12,2019,3,16,5,2,6,0,0,1,0,0,0,0,1,0,0,0,0
2,2021,11,12,3,1,5,0,1,0,0,0,0,1,1,0,2,0,1
3,2021,3,10,7,3,6,0,1,0,0,0,0,0,1,0,2,0,0
9,2020,8,7,4,5,3,0,0,1,0,0,0,0,0,0,1,1,0
12,2020,8,20,6,1,5,2,0,1,0,0,0,0,0,0,1,1,0
10,2018,7,17,3,5,2,0,1,1,0,0,0,0,0,0,0,2,0
1,2019,7,8,6,5,2,0,1,1,0,0,0,0,0,0,0,2,0
8,2019,1,22,5,5,2,2,0,1,0,0,0,0,0,0,0,1,0
3,2020,1,7,3,3,6,0,1,1,0,0,0,0,0,0,0,1,0
3,2020,2,7,4,1,5,0,1,1,0,0,0,0,1,0,0,1,0
9,2019,9,18,3,6,4,0,1,0,1,0,0,0,1,0,0,0,1
8,2018,7,7,1,5,2,0,0,1,0,0,0,0,0,0,0,2,0
9,2020,9,8,4,0,1,0,1,0,0,0,0,0,1,0,1,0,0
12,2021,10,19,1,5,2,2,0,1,0,0,0,0,0,0,1,1,0
2,2019,7,16,3,5,2,0,1,1,0,0,0,0,0,0,0,2,0
2,2021,1,13,6,2,6,0,0,1,0,0,0,1,0,1,2,0,0
3,2020,3,12,2,5,3,0,1,1,0,0,0,0,0,1,1,0,0
1,2019,11,16,2,6,4,2,0,1,1,0,0,0,1,0,0,0,0
3,2021,10,19,1,0,6,2,0,1,0,1,0,0,0,0,1,1,0
1,2018,7,17,3,5,2,0,1,0,0,0,0,1,0,0,0,2,0
3,2019,9,16,3,5,2,0,1,1,0,0,0,0,0,0,0,0,0
2,2021,8,9,2,5,3,0,1,1,0,0,0,0,1,0,1,1,0
4,2019,5,10,5,5,2,0,0,1,0,0,0,0,0,0,0,0,0
10,2021,9,20,4,3,6,2,1,1,0,0,0,0,0,0,1,0,0
1,2018,1,14,3,6,2,0,0,1,1,0,0,0,1,0,0,0,0
1,2020,7,12,5,1,5,0,1,0,0,0,1,0,0,0,1,2,0
9,2018,5,13,4,3,6,0,1,0,0,0,0,1,0,0,0,0,0
3,2020,2,21,6,0,3,2,0,1,0,1,0,0,1,0,0,1,0
2,2021,1,14,7,0,1,0,0,0,0,1,0,0,1,1,2,0,0
2,2020,10,13,6,0,7,0,1,1,0,0,0,0,0,1,1,1,0
4,2021,10,8,6,5,2,0,1,1,0,0,0,0,0,0,1,1,0
5,2018,6,15,7,5,2,0,1,1,0,0,0,0,0,0,0,0,0
7,2020,2,18,5,0,3,2,0,1,0,1,0,0,0,0,0,1,0
3,2018,6,16,3,5,3,0,1,1,0,0,0,0,0,0,0,0,1
9,2020,1,14,6,0,1,0,1,0,0,0,0,0,0,0,0,1,0
8,2020,1,10,6,0,7,0,0,1,0,1,0,0,1,0,0,1,0
11,2019,11,17,5,5,2,2,0,1,0,0,0,0,1,0,0,0,0
8,2021,5,17,7,0,5,0,0,1,0,1,0,0,0,1,2,1,0
3,2020,11,0,1,9,1,2,0,1,0,0,0,0,0,1,2,0,0
4,2018,9,9,7,6,2,0,0,1,1,0,0,0,0,0,0,0,0
7,2019,5,11,3,5,2,0,1,1,0,0,0,0,0,0,0,0,0
9,2021,4,12,2,8,7,0,0,1,0,0,0,0,0,1,2,1,0
2,2021,6,18,4,5,3,0,1,1,0,0,0,0,0,0,1,1,1
3,2019,6,3,3,0,1,2,0,0,0,1,0,0,0,0,0,1,0
7,2020,10,5,5,5,2,2,0,1,0,1,0,0,0,1,1,1,1
11,2019,11,12,7,5,3,0,1,1,0,0,0,0,0,0,0,0,0
1,2019,10,13,5,0,1,0,0,0,0,1,0,0,0,0,0,1,0
11,2019,2,12,2,5,3,0,1,0,0,0,0,1,0,0,0,1,0
1,2019,9,12,5,2,6,0,0,1,0,0,0,0,0,0,0,0,0
9,2021,9,15,6,3,6,0,1,1,0,0,0,0,0,0,1,0,1
4,2019,7,10,4,1,5,0,1,0,0,0,0,1,0,0,0,2,0
1,2018,11,13,2,0,1,0,1,0,0,0,0,0,1,0,0,0,1
6,2018,5,19,3,6,4,0,1,0,1,0,0,0,0,0,0,0,0
1,2021,4,17,3,6,2,0,0,1,1,0,0,0,1,1,2,1,1
5,2018,2,14,3,6,4,0,0,1,1,0,0,0,0,0,0,1,0
3,2020,1,16,5,0,7,0,1,0,0,0,0,0,0,0,0,1,1
2,2018,8,8,3,0,6,0,0,1,0,1,0,0,0,0,0,1,0
1,2020,2,8,4,5,2,0,1,0,0,0,0,1,1,0,0,1,0
1,2020,7,13,1,0,2,0,1,1,0,0,0,0,1,0,1,2,0
4,2019,8,11,4,6,4,0,0,1,1,0,0,0,0,0,0,0,1
7,2020,5,15,5,0,2,0,1,1,0,0,0,0,0,1,1,0,0
4,2019,10,23,6,8,1,2,0,1,0,0,0,0,1,0,0,1,1
7,2020,2,11,3,2,2,0,0,1,0,1,0,0,0,0,0,1,0
4,2021,5,15,1,1,5,0,0,1,0,0,0,1,0,1,2,1,0
8,2018,6,13,1,2,6,0,0,1,0,0,0,0,0,0,0,0,0
10,2021,12,17,4,6,4,2,0,1,1,0,0,0,1,1,2,1,1
1,2018,5,13,3,1,5,0,1,1,0,0,0,0,0,0,0,0,0
1,2019,12,17,6,2,6,2,1,0,0,0,0,0,0,0,0,1,0
10,2021,6,13,5,2,6,0,0,1,0,0,0,0,0,0,1,1,0
1,2019,1,11,1,5,3,0,1,0,0,0,0,0,1,0,0,1,0
8,2020,4,14,2,3,6,0,1,1,0,0,0,0,0,1,2,1,0
12,2021,4,15,4,5,7,0,0,1,0,0,0,0,0,1,2,1,0
1,2021,7,18,5,0,1,0,1,0,0,0,0,0,1,0,1,2,1
2,2018,9,18,3,6,4,0,0,1,1,0,0,0,0,0,0,0,0
12,2018,5,12,6,5,3,0,1,1,0,0,0,0,0,0,0,0,0
4,2019,7,19,5,0,7,0,1,0,0,0,0,0,0,0,0,2,1
2,2020,5,13,7,0,1,0,1,0,0,0,0,0,0,1,1,0,1
3,2018,8,7,6,2,2,0,1,1,0,0,0,0,0,0,0,1,0
7,2018,2,20,7,2,2,2,0,1,0,0,0,0,0,0,0,1,0
1,2020,12,8,5,2,6,0,0,1,0,0,0,0,0,1,2,1,0
6,2019,1,17,2,2,2,2,0,1,0,0,0,0,1,0,0,1,0
4,2019,7,10,6,5,3,0,0,1,0,0,0,0,0,0,0,2,1
3,2018,6,13,4,5,3,0,1,1,0,0,0,0,0,0,0,0,0
2,2018,12,10,4,5,3,0,0,1,0,0,0,0,1,0,0,1,0
6,2019,7,17,6,5,2,0,1,0,0,0,0,1,0,0,0,2,0
4,2019,12,17,6,2,6,2,0,1,0,0,0,0,1,0,0,1,0
8,2018,1,14,5,5,3,0,1,1,0,0,0,0,1,0,0,0,0
7,2021,10,9,3,1,5,0,0,1,0,0,0,1,1,0,1,1,0
2,2019,7,15,4,0,1,0,1,0,0,0,0,0,0,0,0,2,0
7,2020,3,9,3,0,1,0,1,0,0,0,0,0,1,1,1,0,0
1,2018,6,12,4,0,7,0,0,0,0,1,0,0,0,0,0,0,0
1,2020,5,17,6,1,5,0,1,1,0,0,0,0,0,1,1,0,0
3,2018,6,10,4,5,3,0,1,1,0,0,0,0,0,0,0,0,0
5,2020,5,9,3,1,6,0,1,1,0,0,0,1,0,1,1,0,0
8,2020,6,16,4,6,4,0,0,1,1,0,0,0,0,0,1,1,0
3,2020,12,14,6,5,2,0,1,1,0,0,0,0,0,1,2,1,0
1,2019,1,6,5,6,2,2,0,1,1,0,0,0,0,0,0,1,0
11,2019,9,7,3,5,2,0,1,1,0,1,0,0,0,0,0,0,0
7,2020,5,8,3,5,2,0,0,1,0,0,0,0,0,1,1,0,0
11,2019,6,4,4,0,7,1,0,0,0,1,0,1,1,0,0,1,0
10,2020,1,11,6,5,3,0,1,1,0,0,0,0,0,0,0,1,1
10,2019,2,12,2,2,6,0,0,1,0,1,0,0,0,0,0,1,0
8,2020,7,13,6,1,5,0,1,0,0,1,0,0,0,0,1,2,0
5,2020,1,8,4,0,5,0,0,0,0,0,0,1,1,0,0,1,0
10,2021,7,8,2,5,3,0,1,0,0,0,0,1,1,0,1,2,0
2,2018,10,17,4,5,3,0,1,0,0,1,0,0,0,0,0,1,0
5,2019,3,20,5,5,7,2,0,1,0,0,0,0,1,0,0,0,1
1,2018,10,13,2,6,3,0,0,1,1,0,0,0,0,0,0,1,0
1,2020,1,18,3,0,1,2,1,0,0,0,0,0,1,0,0,1,0
4,2019,7,17,4,0,1,0,1,0,0,0,0,0,1,0,0,2,1
3,2020,1,17,4,6,4,2,0,0,1,0,0,1,0,0,0,1,0
8,2020,9,7,3,3,6,0,0,0,0,1,1,0,1,0,1,0,0
2,2020,8,10,3,0,1,0,1,0,0,0,0,0,1,0,1,1,1
3,2018,9,9,6,6,4,0,0,0,1,0,1,0,0,0,0,0,0
10,2020,12,12,7,5,3,0,0,1,0,0,0,0,1,1,2,1,0
8,2020,10,9,6,5,3,0,0,1,0,0,0,1,0,1,1,1,0
4,2019,11,9,3,3,6,0,0,1,0,1,0,0,0,0,0,0,0
7,2020,5,7,3,3,6,0,0,1,0,1,0,0,0,1,1,0,1
1,2018,10,12,4,6,4,0,0,1,1,0,0,0,0,0,0,1,0
9,2021,8,11,4,5,2,0,1,1,0,0,0,0,0,0,1,1,0
5,2019,6,14,4,2,6,0,0,1,0,0,0,1,0,0,0,1,0
8,2018,12,9,4,1,5,0,1,1,0,0,0,0,0,0,0,1,0
3,2020,7,17,2,0,3,0,0,1,0,0,0,1,0,0,1,2,0
10,2021,8,22,2,4,1,2,0,1,0,0,0,0,0,0,1,1,1
4,2019,10,16,3,2,6,0,0,1,0,1,0,0,0,0,0,1,0
4,2019,1,13,7,0,1,0,0,0,0,1,0,0,1,0,0,1,0
9,2021,12,14,4,6,4,0,0,1,1,0,0,0,0,1,2,1,0
8,2021,6,16,1,1,5,0,0,1,0,0,1,0,0,0,1,1,0
11,2019,1,13,4,4,7,0,0,1,0,0,0,0,0,0,0,1,0
7,2019,10,12,2,2,6,0,0,1,0,0,0,0,0,0,0,1,0
11,2020,9,17,3,0,1,0,1,0,0,0,0,0,0,0,1,0,1
10,2019,9,19,4,0,3,2,0,1,0,1,0,0,1,0,0,0,0
10,2019,2,11,5,5,3,0,0,1,0,0,0,0,0,0,0,1,0
6,2020,3,8,2,2,6,0,0,1,0,0,0,0,0,1,1,0,0
11,2018,3,11,5,5,3,0,1,1,0,0,0,0,0,0,0,1,0
10,2018,5,17,5,5,2,0,1,0,0,0,0,1,0,0,0,0,0
9,2018,1,5,5,5,2,2,1,1,0,0,0,0,1,0,0,0,0
2,2020,7,19,3,0,7,0,0,1,0,1,0,0,0,0,1,2,0
4,2018,5,22,4,0,2,2,0,1,0,0,0,1,0,0,0,0,0
7,2018,3,7,4,5,2,0,1,1,0,0,0,0,0,0,0,1,0
12,2018,8,11,4,2,6,0,0,1,0,0,0,0,0,0,0,1,0
11,2018,8,11,3,5,3,0,1,1,0,0,0,0,0,0,0,1,0
3,2021,6,20,3,2,2,0,0,1,0,1,0,0,0,0,1,1,0
10,2019,3,19,3,5,3,2,1,1,0,0,0,0,0,0,0,0,0
3,2021,10,8,5,1,5,0,1,1,0,0,0,0,1,0,1,1,0
11,2020,7,18,3,0,1,0,1,0,0,0,0,0,0,0,1,2,1
8,2018,4,13,4,6,4,0,0,1,1,0,0,0,0,0,0,1,0
1,2020,11,9,3,0,3,0,1,0,0,0,0,1,0,1,2,0,0
2,2018,8,13,4,5,3,0,0,1,0,0,0,0,0,0,0,1,0
4,2021,8,8,5,2,6,0,0,1,0,0,0,0,0,0,1,1,0
11,2019,4,8,5,5,2,0,1,1,0,0,0,0,0,0,0,1,0
9,2018,6,11,3,1,7,0,1,1,0,0,0,0,0,0,0,0,0
1,2020,8,18,3,1,5,0,1,1,0,0,0,0,0,0,1,1,0
4,2021,3,13,4,5,7,0,1,1,0,0,0,0,0,0,2,0,0
4,2021,1,4,3,9,1,2,0,1,0,0,0,0,1,1,2,0,0
1,2021,4,11,3,5,2,0,1,1,0,0,0,0,0,1,2,1,0
5,2020,5,14,4,5,3,0,1,0,0,0,0,1,0,1,1,0,0
1,2018,6,15,7,5,2,0,0,1,0,0,0,0,0,0,0,0,0
8,2018,9,2,7,6,7,2,0,1,1,0,0,0,1,0,0,0,0
1,2021,1,14,7,5,2,0,0,1,0,0,0,0,1,1,2,0,0
5,2018,3,2,1,5,2,2,0,1,0,0,0,0,1,0,0,1,1
2,2020,7,9,2,5,2,0,1,1,0,0,0,0,0,0,1,2,0
4,2018,4,11,4,2,6,0,1,1,0,0,0,0,0,0,0,1,0
4,2019,1,20,7,6,7,2,0,1,1,0,0,0,1,0,0,1,0
7,2018,9,19,7,2,6,0,0,1,0,1,0,0,0,0,0,0,0
7,2021,11,8,2,5,2,0,1,1,0,0,0,0,1,0,2,0,0
1,2021,10,15,4,5,7,0,0,1,0,1,0,0,0,0,1,1,0
1,2020,2,16,4,3,6,0,0,1,0,0,0,0,0,0,0,1,0
7,2018,11,14,4,5,3,0,0,1,0,0,0,0,0,0,0,0,1
9,2020,10,9,3,6,3,0,0,1,1,0,0,0,0,1,1,1,0
10,2018,10,13,2,3,6,0,0,1,0,0,0,1,0,0,0,1,0
5,2020,8,15,5,2,6,0,0,1,0,0,0,1,0,0,1,1,0
1,2019,8,11,4,6,4,0,0,0,1,0,0,1,0,0,0,0,0
8,2021,9,11,5,5,7,0,0,1,0,1,0,0,0,0,1,0,0
12,2018,9,7,3,5,2,0,1,1,0,1,0,0,0,0,0,0,0
3,2018,10,19,4,2,6,2,0,1,0,0,0,0,0,0,0,1,0
7,2021,9,20,6,2,6,2,0,1,0,1,0,0,1,0,1,0,0
8,2019,8,13,6,5,2,0,1,1,0,0,0,0,0,0,0,0,0
10,2019,10,11,1,5,3,0,0,1,0,0,0,1,0,0,0,1,1
7,2018,3,11,2,6,7,0,0,1,1,0,0,0,0,0,0,1,0
10,2019,11,16,2,6,2,1,0,1,1,0,0,0,1,0,0,0,0
7,2019,9,15,6,8,7,0,0,1,0,0,0,0,0,0,0,0,0
2,2020,7,21,5,1,5,1,0,1,0,1,0,0,0,0,1,2,0
12,2019,11,14,6,6,4,0,0,1,1,0,0,0,0,0,0,0,0
9,2021,8,16,3,5,2,0,1,1,0,0,0,0,0,0,1,1,0
1,2019,8,15,3,2,6,0,0,1,0,0,0,0,0,0,0,0,0
4,2018,10,13,2,2,6,0,0,1,0,1,0,0,0,0,0,1,1
1,2020,4,12,4,2,6,0,0,1,0,0,0,0,0,1,2,1,0
1,2021,8,15,1,5,7,0,0,1,0,1,0,0,1,0,1,1,0
6,2018,11,14,2,2,6,0,0,1,0,0,0,0,0,0,0,0,0
1,2019,1,14,4,3,6,0,0,1,0,0,0,0,0,0,0,1,0
3,2019,1,22,3,5,2,2,1,1,0,0,0,0,0,0,0,1,1
5,2018,10,12,3,2,6,0,0,1,0,1,0,0,0,0,0,1,0
3,2019,6,13,6,0,7,0,1,0,0,0,0,0,0,0,0,1,0
2,2020,1,13,4,5,2,0,1,0,0,0,1,0,1,0,0,1,1
6,2020,1,13,7,5,3,0,1,1,0,0,0,0,0,0,0,1,0
4,2018,5,16,3,6,2,0,0,1,1,0,0,0,0,0,0,0,0
3,2021,11,16,2,5,3,1,0,1,0,0,0,0,0,0,2,0,0
2,2020,12,20,3,5,2,2,1,0,0,0,0,1,0,1,2,1,0
1,2018,10,17,2,5,2,0,1,0,0,1,0,0,1,0,0,1,0
6,2020,8,15,4,3,6,0,0,1,0,1,0,0,0,0,1,1,0
5,2021,8,7,6,6,2,0,0,1,1,0,0,0,1,0,1,1,0
4,2021,7,13,6,2,6,0,0,1,0,0,0,0,0,0,1,2,0
4,2021,11,9,2,2,2,0,0,1,0,0,0,0,1,0,2,0,0
12,2019,4,21,3,5,2,2,0,1,0,0,0,0,0,0,0,1,0
5,2019,9,17,2,0,3,0,1,1,0,0,0,0,0,0,0,0,0
5,2021,3,14,4,5,2,0,0,1,0,0,0,0,1,0,2,0,0
1,2020,9,18,2,5,3,0,1,1,0,0,0,0,0,0,1,0,0
2,2021,10,21,3,5,2,2,0,1,0,0,0,1,1,0,1,1,0
3,2021,8,17,4,5,2,0,0,1,0,1,0,0,0,0,1,1,1
1,2021,6,23,3,0,1,2,0,0,0,1,0,0,0,0,1,1,1
8,2021,9,16,5,2,6,0,1,0,0,0,0,1,0,0,1,0,0
8,2021,4,23,5,1,5,2,0,1,0,0,0,0,0,1,2,1,0
7,2019,3,13,5,5,3,0,1,1,0,0,0,0,0,0,0,0,0
1,2020,6,7,5,1,5,0,1,1,0,0,0,0,1,0,1,1,0
4,2020,3,1,4,0,1,2,0,0,0,0,0,1,1,1,1,0,0
8,2018,6,13,2,3,6,0,0,1,0,1,0,0,0,0,0,0,0
7,2021,7,11,3,2,6,0,0,1,0,0,0,0,0,0,1,2,0
2,2020,11,16,2,1,5,1,1,1,0,0,0,0,1,1,2,0,0
5,2021,3,16,6,0,3,0,1,0,0,1,0,0,0,0,2,0,0
7,2019,7,8,5,5,2,0,1,1,0,0,0,0,0,0,0,2,0
4,2018,1,18,6,6,7,2,0,1,1,0,0,0,1,0,0,0,0
12,2019,11,9,6,5,3,0,1,1,0,0,0,0,1,0,0,0,0
12,2018,1,11,2,2,6,0,0,1,0,0,0,0,0,0,0,0,0
11,2018,5,11,5,6,7,0,0,1,1,0,0,0,0,0,0,0,1
6,2020,7,23,5,5,3,2,0,1,0,0,0,0,0,0,1,2,1
4,2018,3,12,1,5,2,0,0,1,0,0,0,0,0,0,0,1,0
1,2019,9,8,6,2,2,0,1,1,0,0,0,0,0,0,0,0,0
5,2019,5,13,5,5,2,0,0,1,0,0,0,0,0,0,0,0,1
7,2021,3,21,3,2,6,2,0,1,0,0,0,0,0,0,2,0,0
10,2021,11,15,4,6,2,1,0,1,1,0,0,0,1,0,2,0,0
12,2018,9,15,4,5,2,0,0,1,0,0,0,0,0,0,0,0,0
5,2018,7,16,7,2,6,0,1,0,0,0,0,0,0,0,0,2,0
8,2018,6,11,2,6,2,0,0,1,1,0,0,0,0,0,0,0,0
11,2018,10,20,3,6,7,1,0,1,1,0,0,0,0,0,0,1,0
8,2018,10,14,2,2,6,0,0,1,0,0,0,1,1,0,0,1,1
8,2021,9,18,4,0,5,1,1,1,0,0,0,0,1,0,1,0,0
1,2021,6,10,2,5,2,0,1,1,0,0,0,0,0,0,1,1,0
7,2020,6,15,3,5,3,0,0,1,0,0,0,0,0,0,1,1,0
1,2018,11,6,4,6,2,2,0,1,1,0,0,0,1,0,0,0,1
7,2018,8,16,2,5,3,0,0,1,0,0,0,0,0,0,0,1,1
4,2020,10,19,3,0,5,2,1,1,0,0,0,0,1,1,1,1,0
1,2019,8,9,5,0,5,0,0,1,0,1,0,0,0,0,0,0,0
9,2018,11,15,3,3,6,0,1,0,0,0,0,0,0,0,0,0,0
4,2021,8,19,6,5,2,0,0,1,0,0,0,0,0,0,1,1,0
1,2020,7,15,4,2,6,0,0,1,0,0,0,0,0,0,1,2,0
8,2020,5,13,4,2,6,0,0,1,0,0,0,0,0,1,1,0,0
1,2021,10,11,6,2,6,0,0,1,0,1,0,0,0,0,1,1,0
6,2020,10,20,5,1,5,2,0,1,0,0,0,0,1,1,1,1,0
12,2021,10,12,7,0,7,0,0,1,0,0,0,0,0,0,1,1,0
10,2020,9,18,5,5,2,0,1,1,0,0,0,0,0,0,1,0,0
11,2019,4,7,3,5,7,0,1,1,0,0,0,0,0,0,0,1,0
6,2020,3,7,2,2,6,0,0,1,0,0,0,0,1,1,1,0,0
2,2019,3,9,3,0,2,0,1,0,0,0,0,1,0,0,0,0,0
11,2018,6,12,6,2,6,0,0,1,0,0,0,0,0,0,0,0,0
6,2021,8,11,2,5,2,0,1,1,0,0,0,0,1,0,1,1,0
7,2019,1,22,6,5,3,2,0,1,0,0,0,0,1,0,0,1,0
6,2019,3,13,2,1,5,0,0,1,0,1,0,0,1,0,0,0,0
11,2021,9,22,7,0,1,2,0,0,0,1,0,0,1,0,1,0,0
10,2020,10,12,6,1,7,0,0,1,0,0,0,0,0,1,1,1,0
4,2021,12,7,6,3,6,2,0,1,0,0,0,0,1,1,2,1,0
4,2019,11,15,7,5,3,0,0,1,1,0,0,0,0,0,0,0,0
4,2018,6,19,7,5,5,0,1,1,0,0,0,0,0,0,0,0,0
4,2020,5,15,6,3,6,0,1,0,0,0,0,1,0,1,1,0,0
12,2020,4,18,2,5,7,0,0,1,0,1,0,0,0,1,2,1,0
11,2019,1,13,6,5,7,0,0,1,0,0,0,1,0,0,0,1,0
1,2018,4,15,6,5,2,0,1,1,0,0,0,0,0,0,0,1,0
8,2018,2,14,5,6,7,0,0,1,1,0,0,0,0,0,0,1,0
8,2018,12,19,7,5,3,2,1,1,0,0,0,0,0,0,0,1,1
1,2019,11,12,6,3,6,0,0,1,0,1,0,0,0,0,0,0,0
4,2019,3,14,6,3,6,0,0,1,0,0,0,1,0,0,0,0,0
1,2019,7,13,1,0,7,0,1,0,0,0,0,0,0,0,0,2,0
8,2018,7,13,4,6,4,0,0,0,1,1,0,0,0,0,0,2,0
3,2020,11,15,5,6,4,0,0,1,1,0,0,0,0,1,2,0,0
4,2020,6,14,5,5,3,0,1,1,0,0,0,0,0,0,1,1,0
1,2021,8,14,2,2,6,0,1,1,0,0,0,0,0,0,1,1,0
5,2019,4,10,2,6,2,0,0,1,1,0,0,0,1,0,0,1,0
8,2021,1,8,4,0,1,0,1,0,0,0,0,0,1,1,2,0,1
4,2021,12,19,4,2,6,2,0,1,0,0,0,0,0,1,2,1,0
2,2020,4,12,5,2,6,0,0,1,0,0,0,0,0,1,2,1,0
2,2019,6,16,3,5,2,0,1,1,0,0,0,0,0,0,0,1,0
1,2020,9,10,6,2,6,0,0,1,0,0,0,0,1,0,1,0,0
9,2018,3,10,7,2,6,0,0,1,0,0,0,0,0,0,0,1,0
2,2021,11,9,3,2,2,0,0,1,0,0,0,0,1,0,2,0,0
9,2018,8,16,7,5,2,0,0,1,0,0,0,1,0,0,0,1,1
4,2019,4,9,2,3,6,0,0,1,0,0,0,0,0,0,0,1,1
5,2021,1,11,7,8,1,0,0,1,0,0,0,0,2,1,2,0,0
1,2019,5,9,3,5,2,0,0,1,0,0,0,1,0,0,0,0,0
1,2021,11,16,1,2,6,1,0,1,0,0,0,0,1,0,2,0,0
2,2021,10,17,4,5,3,0,1,0,0,0,0,1,0,0,1,1,0
3,2020,3,12,7,5,2,0,1,1,0,0,0,0,0,1,1,0,0
6,2018,5,10,5,5,2,0,1,1,0,0,0,0,0,0,0,0,0
12,2019,2,9,2,2,6,0,0,1,0,0,0,0,1,0,0,1,0
4,2021,3,21,5,6,4,2,0,1,1,0,0,0,1,0,2,0,0
1,2020,8,8,3,0,6,0,1,0,0,0,0,0,0,0,1,1,0