BEZ,UJAHR,UMONAT,USTUNDE,UWOCHENTAG,UART,UTYP1,ULICHTVERH,IstRad,IstPKW,IstFuss,IstKrad,IstGkfz,IstSonstige,USTRZUSTAND,LOCKDOWN,COVID,FERIEN,UKATEGORIE
1,2019,4,7,5,5,3,0,1,1,0,0,0,0,0,0,0,1,0
4,2019,1,11,2,3,6,0,0,1,0,0,0,0,0,0,0,1,0
7,2018,9,21,2,1,1,2,0,1,0,0,0,0,0,0,0,0,1
1,2021,3,1,6,8,1,2,0,1,0,0,0,0,1,0,2,0,0
9,2020,6,17,2,4,6,0,1,0,0,0,0,0,0,0,1,1,0
11,2019,7,7,6,5,3,0,1,1,0,0,0,0,0,0,0,2,0
8,2021,12,18,6,5,2,2,0,1,0,1,0,0,0,1,2,1,0
5,2021,9,10,2,5,2,0,0,1,0,0,0,0,0,0,1,0,0
9,2018,6,17,6,5,3,0,1,1,0,0,0,0,0,0,0,0,0
12,2018,6,22,2,1,1,2,0,1,0,0,0,0,0,0,0,0,1
3,2019,6,19,7,5,3,0,0,1,0,1,0,0,0,0,0,1,1
5,2019,8,19,1,0,6,0,0,0,0,1,0,1,1,0,0,0,0
4,2019,8,13,7,6,4,0,0,1,1,0,0,0,0,0,0,0,0
4,2020,10,19,3,2,6,2,0,1,0,0,0,0,0,1,1,1,0
2,2019,10,12,5,2,6,0,0,1,0,0,0,0,0,0,0,1,0
3,2020,3,9,4,3,5,0,0,1,0,0,0,0,0,1,1,0,0
2,2020,9,13,5,5,3,0,0,1,0,1,0,0,0,0,1,0,0
5,2018,2,8,3,6,6,0,0,1,1,0,0,0,0,0,0,1,1
1,2021,8,10,4,6,4,0,1,1,1,0,0,0,0,0,1,1,0
12,2021,6,17,3,2,6,0,0,1,0,0,0,0,0,0,1,1,0
8,2020,9,8,4,0,2,0,1,1,0,0,0,0,0,0,1,0,0
1,2018,6,18,5,5,3,0,1,1,0,0,0,0,0,0,0,0,0
1,2020,1,14,2,2,6,0,0,1,0,0,1,0,1,0,0,1,0
4,2020,4,18,6,1,5,0,0,1,0,1,0,0,0,1,2,1,0
1,2019,12,16,6,5,3,2,1,1,0,0,0,0,0,0,0,1,0
11,2019,12,17,6,2,6,2,0,1,0,0,0,0,1,0,0,1,0
4,2021,6,12,4,2,6,0,0,0,0,1,0,0,0,0,1,1,0
5,2018,9,16,6,5,3,0,0,1,0,0,1,0,1,0,0,0,0
6,2018,4,14,3,5,3,0,1,1,0,0,0,0,0,0,0,1,0
1,2020,9,14,7,6,7,0,0,1,1,0,0,0,0,0,1,0,0
8,2019,8,9,2,5,3,0,0,1,0,0,0,0,0,0,0,0,0
5,2019,8,8,3,5,7,0,0,1,0,1,0,0,0,0,0,0,0
3,2019,6,11,1,2,6,0,0,1,0,0,0,0,0,0,0,1,0
8,2020,2,20,5,5,2,2,1,1,0,0,0,0,0,0,0,1,0
4,2018,7,11,3,5,3,0,1,1,0,0,0,0,0,0,0,2,1
7,2018,1,17,3,6,2,2,0,1,1,0,0,0,0,0,0,0,0
8,2021,11,14,2,5,3,0,1,0,0,0,0,1,1,0,2,0,0
12,2021,11,7,4,1,5,0,0,1,0,0,0,1,0,0,2,0,0
5,2019,6,1,1,0,1,2,0,1,0,1,0,0,0,0,0,1,1
7,2021,9,12,1,1,5,0,0,1,0,0,0,1,0,0,1,0,0
12,2021,3,17,1,0,1,0,0,0,0,1,0,0,0,0,2,0,0
10,2020,8,17,1,5,2,1,1,1,0,0,0,0,1,0,1,1,1
4,2019,8,9,6,1,5,0,1,0,0,0,0,1,0,0,0,0,0
1,2018,3,15,1,0,1,0,1,0,0,0,0,0,0,0,0,1,0
7,2021,7,18,7,0,6,0,1,0,0,0,0,1,0,0,1,2,0
3,2018,5,11,1,3,6,0,1,1,0,0,0,0,0,0,0,0,1
1,2021,4,8,5,5,3,0,1,1,0,0,0,0,0,1,2,1,0
5,2019,8,11,3,6,7,0,0,1,1,0,0,0,0,0,0,0,0
8,2021,12,18,2,1,5,2,1,1,0,0,0,0,1,1,2,1,0
12,2018,12,0,7,2,6,2,0,1,0,0,0,0,0,0,0,1,0
7,2020,8,20,6,0,7,1,0,1,0,0,0,0,0,0,1,1,0
2,2020,7,7,3,5,2,0,1,1,0,0,0,0,0,0,1,2,0
6,2021,12,17,2,6,4,1,1,0,1,0,0,0,1,1,2,1,0
3,2021,2,14,6,5,3,0,0,1,0,0,0,0,2,1,2,1,0
1,2021,9,9,1,5,2,0,1,1,0,0,0,0,0,0,1,0,0
4,2021,8,14,2,2,7,0,0,0,0,1,0,1,0,0,1,1,0
12,2021,9,17,4,5,2,0,1,1,0,0,0,0,0,0,1,0,0
7,2018,7,12,7,1,5,0,1,0,0,0,1,0,0,0,0,2,0
9,2021,6,17,4,5,2,0,1,1,0,0,0,0,1,0,1,1,0
11,2021,10,18,6,0,7,1,0,1,0,1,0,0,1,0,1,1,0
12,2020,9,20,2,5,2,2,0,1,0,0,0,1,0,0,1,0,0
4,2021,4,14,6,5,2,0,0,1,0,0,0,0,0,1,2,1,0
4,2019,11,23,1,3,6,2,0,1,0,0,0,0,0,0,0,0,0
9,2020,2,18,3,4,6,2,1,0,0,0,0,0,0,0,0,1,0
4,2018,1,14,4,2,6,0,0,1,0,0,0,0,0,0,0,0,0
9,2020,7,7,3,5,3,0,1,1,0,0,0,0,0,0,1,2,0
10,2019,9,14,3,5,2,0,1,1,0,0,0,0,0,0,0,0,0
1,2018,7,8,6,5,2,0,1,1,0,0,0,0,0,0,0,2,0
12,2020,3,9,2,3,6,0,0,1,0,0,0,0,0,1,1,0,0
3,2018,12,17,2,1,5,2,1,1,0,0,0,0,0,0,0,1,0
12,2019,5,21,7,6,4,2,0,1,1,0,0,0,0,0,0,0,1
1,2021,11,11,4,2,2,0,0,1,0,0,0,0,1,0,2,0,0
8,2018,4,9,6,6,2,0,0,1,1,0,0,0,0,0,0,1,0
8,2019,4,7,5,5,3,0,0,1,0,1,0,0,0,0,0,1,0
7,2020,2,14,3,5,5,0,1,1,0,0,0,0,0,0,0,1,0
5,2019,4,14,5,5,3,0,0,1,0,0,0,0,0,0,0,1,0
12,2018,9,7,4,1,5,0,1,0,0,0,0,1,0,0,0,0,1
7,2020,12,16,3,1,5,2,1,1,0,0,0,0,0,1,2,1,1
1,2021,2,5,1,9,1,2,0,0,0,0,0,1,0,1,2,1,0
2,2021,7,6,4,3,6,0,0,1,0,0,0,0,0,0,1,2,0
9,2018,5,3,1,5,3,2,1,1,0,0,0,0,0,0,0,0,1
10,2019,8,19,5,5,3,0,1,1,0,0,0,0,0,0,0,0,0
12,2020,6,13,2,5,3,0,0,1,0,1,0,0,0,0,1,1,1
4,2021,2,10,4,0,1,0,0,1,0,0,0,0,1,1,2,1,0
4,2018,12,14,6,5,2,0,1,1,0,0,0,0,1,0,0,1,0
4,2019,8,7,2,5,7,0,0,1,0,1,0,0,0,0,0,0,1
12,2018,3,14,6,5,3,0,1,1,0,0,0,0,0,0,0,1,0
1,2018,4,19,5,1,5,1,1,0,0,0,0,1,1,0,0,1,0
1,2019,8,16,5,5,3,0,1,1,0,0,0,0,0,0,0,0,0
2,2020,6,13,4,8,1,0,0,0,0,0,0,1,0,0,1,1,1
1,2020,2,17,3,5,2,0,1,1,0,0,0,0,0,0,0,1,0
7,2021,7,21,1,0,1,2,1,0,0,0,0,0,1,0,1,2,0
5,2018,3,15,7,5,2,0,0,1,0,0,0,0,1,0,0,1,0
1,2018,12,20,7,6,4,2,0,1,1,0,0,0,1,0,0,1,1
7,2021,3,16,5,5,7,0,0,1,0,1,0,0,1,0,2,0,0
7,2020,10,19,3,0,1,2,1,0,0,0,0,0,1,1,1,1,0
4,2019,10,0,7,1,5,2,1,1,0,0,0,0,0,0,0,1,1
3,2020,2,19,7,6,4,2,0,0,1,0,0,1,1,0,0,1,0
1,2018,7,18,2,1,5,0,1,1,0,0,0,0,0,0,0,2,0
7,2020,12,15,2,5,3,1,1,1,0,0,0,0,0,1,2,1,1
12,2019,6,16,2,0,2,0,0,1,0,0,0,1,0,0,0,1,0
4,2018,12,9,6,2,6,0,0,1,0,0,0,0,0,0,0,1,0
4,2021,7,16,3,1,5,0,1,1,0,0,0,0,0,0,1,2,0
8,2019,12,17,4,5,2,2,1,1,0,0,0,0,0,0,0,1,0
4,2019,2,10,5,5,3,0,0,1,0,0,0,0,0,0,0,1,0
4,2018,11,10,4,2,2,0,1,1,0,0,0,0,0,0,0,0,0
2,2018,9,19,7,2,6,0,1,1,0,0,0,0,0,0,0,0,0
7,2020,1,14,5,4,6,0,1,1,0,0,0,0,0,0,0,1,0
6,2018,2,23,1,1,1,2,1,1,0,0,0,0,0,0,0,1,1
6,2018,9,15,2,8,1,0,0,1,0,0,0,0,0,0,0,0,0
1,2019,4,17,1,0,1,0,1,0,0,0,0,0,0,0,0,1,0
2,2020,10,13,3,5,2,0,0,1,0,1,0,0,0,1,1,1,0
6,2019,6,13,4,5,3,0,0,1,0,0,0,1,0,0,0,1,0
7,2020,9,8,3,5,2,0,0,1,0,0,0,0,0,0,1,0,1
9,2018,8,16,3,1,5,0,1,1,0,0,0,0,0,0,0,1,0
4,2019,5,18,2,5,2,0,1,1,0,0,0,0,0,0,0,0,0
1,2018,6,17,4,0,1,0,1,0,0,0,0,0,0,0,0,0,0
7,2018,1,13,2,1,5,0,1,1,0,0,0,0,0,0,0,0,0
4,2021,11,15,3,5,3,0,1,1,0,0,0,0,1,0,2,0,0
6,2018,7,11,2,1,5,0,1,1,0,0,0,0,0,0,0,2,0
8,2019,6,9,6,3,6,0,1,1,0,0,0,0,0,0,0,1,0
1,2018,5,9,3,5,3,0,0,1,0,0,0,0,0,0,0,0,0
10,2021,3,9,4,0,7,0,1,0,0,0,0,0,0,0,2,0,0
4,2020,11,18,5,2,6,2,0,1,0,1,0,0,0,1,2,0,0
4,2021,6,15,3,2,6,0,0,1,0,0,0,0,0,0,1,1,0
1,2020,11,15,4,5,2,0,0,1,0,1,0,0,0,1,2,0,0
10,2020,5,17,1,5,3,0,1,1,0,0,0,0,0,1,1,0,0
3,2019,2,19,3,1,5,2,1,1,0,0,0,0,0,0,0,1,0
5,2019,12,16,1,3,6,2,0,1,0,0,0,0,1,0,0,1,0
1,2019,9,10,3,5,2,0,0,1,0,0,0,1,0,0,0,0,0
2,2018,2,11,4,3,6,0,1,1,0,0,0,0,0,0,0,1,0
3,2019,3,15,5,5,3,0,0,1,0,0,0,0,1,0,0,0,0
1,2019,8,18,4,6,4,1,1,0,1,0,0,0,0,0,0,0,1
1,2021,9,12,3,2,6,0,0,1,0,1,0,0,1,0,1,0,0
9,2021,6,14,5,2,6,0,0,1,0,1,0,0,0,0,1,1,0
1,2018,6,12,6,5,2,0,1,1,0,0,0,0,0,0,0,0,0
4,2018,9,17,5,5,3,0,0,1,0,0,0,0,0,0,0,0,0
12,2018,9,21,5,5,2,2,0,1,0,0,0,0,0,0,0,0,0
8,2021,7,6,7,4,6,0,0,1,0,0,0,0,0,0,1,2,0
6,2018,8,9,4,5,3,0,0,1,0,0,0,0,0,0,0,1,0
7,2019,1,17,2,5,3,2,0,1,0,0,0,0,0,0,0,1,0
5,2020,6,11,4,5,7,0,0,1,0,0,0,0,0,0,1,1,0
12,2020,2,13,6,5,3,0,0,1,0,0,0,0,0,0,0,1,0
5,2019,7,20,3,2,6,1,0,1,0,0,0,0,0,0,0,2,0
1,2019,2,7,2,6,7,1,1,0,1,0,0,0,1,0,0,1,1
4,2020,8,17,2,5,2,0,0,1,0,1,0,0,0,0,1,1,0
7,2021,5,18,1,2,6,0,0,1,0,0,0,1,1,1,2,1,0
3,2018,6,14,4,5,3,0,1,1,0,0,0,0,0,0,0,0,0
3,2018,8,8,3,5,2,0,1,1,0,0,0,0,0,0,0,1,1
5,2021,4,13,6,5,2,0,1,1,0,0,0,0,0,1,2,1,1
7,2018,6,15,5,1,5,0,1,1,0,0,0,0,0,0,0,0,1
3,2019,8,13,6,4,6,0,0,1,0,0,0,0,0,0,0,0,0
1,2019,9,1,7,0,1,2,0,1,0,0,0,0,0,0,0,0,0
5,2021,9,8,1,5,3,0,0,1,0,0,0,0,0,0,1,0,0
2,2020,6,17,6,5,3,0,1,1,0,0,0,0,0,0,1,1,0
4,2018,4,12,2,1,5,0,1,1,0,0,1,0,0,0,0,1,1
7,2018,7,10,2,1,5,0,0,1,0,0,0,0,0,0,0,2,0
7,2021,6,14,7,6,7,0,0,0,1,0,0,1,0,0,1,1,0
12,2021,9,9,5,5,2,0,0,0,0,0,0,1,0,0,1,0,1
2,2021,8,13,4,4,6,0,1,0,0,0,0,0,0,0,1,1,0
3,2019,7,11,3,0,1,0,1,0,0,0,0,0,0,0,0,2,0
3,2020,1,14,5,2,6,0,0,1,0,0,0,0,0,0,0,1,0
8,2018,5,16,4,5,3,0,0,1,0,0,0,1,0,0,0,0,0
11,2019,2,10,6,5,2,0,1,1,0,0,0,0,0,0,0,1,0
4,2020,8,18,6,3,6,0,1,1,0,0,0,0,0,0,1,1,0
4,2020,6,8,6,3,6,0,0,1,0,0,1,0,0,0,1,1,0
1,2019,8,20,6,0,1,0,1,0,0,0,0,0,0,0,0,0,0
8,2019,6,16,4,5,2,0,1,0,0,0,0,1,0,0,0,1,0
1,2021,8,15,7,2,6,0,0,1,0,1,0,0,0,0,1,1,0
7,2019,10,11,1,6,4,0,0,0,1,0,0,1,0,0,0,1,0
2,2020,3,8,4,5,2,0,1,1,0,0,0,0,0,1,1,0,0
5,2021,5,18,4,2,6,0,0,1,0,1,0,0,0,1,2,1,0
8,2018,4,0,5,0,7,2,0,1,0,0,0,0,0,0,0,1,0
4,2021,3,13,6,3,6,0,0,1,0,0,0,0,0,0,2,0,0
4,2020,10,14,3,2,6,0,0,1,0,0,0,0,0,1,1,1,0
1,2020,1,18,5,5,3,2,1,1,0,0,0,0,0,0,0,1,0
4,2019,1,7,4,3,6,1,0,1,0,0,0,0,1,0,0,1,0
4,2019,1,19,7,5,2,2,1,1,0,0,0,0,1,0,0,1,0
2,2019,9,20,4,0,1,2,0,0,0,1,0,0,1,0,0,0,1
11,2018,2,17,2,5,3,1,0,1,0,1,0,0,0,0,0,1,0
12,2019,4,14,6,2,7,0,0,1,0,1,0,0,0,0,0,1,0
4,2019,5,16,4,0,7,0,0,1,0,1,0,0,0,0,0,0,0
1,2021,11,13,5,2,6,0,0,0,0,0,0,1,1,0,2,0,0
12,2020,4,20,5,5,3,1,1,1,0,0,0,0,0,1,2,1,0
4,2020,11,21,7,2,6,2,0,1,0,0,0,0,0,1,2,0,0
12,2020,4,16,3,3,6,0,0,1,0,1,0,0,0,1,2,1,0
1,2018,5,7,5,6,4,0,0,1,1,0,0,0,0,0,0,0,0
12,2019,8,12,6,5,2,0,1,1,0,0,0,0,0,0,0,0,0
7,2018,11,16,6,6,4,2,0,1,1,0,0,0,1,0,0,0,0
12,2021,12,11,6,5,3,0,0,1,0,0,0,0,1,1,2,1,0
4,2019,8,9,5,5,2,0,1,0,0,0,1,0,0,0,0,0,1
1,2021,9,12,6,5,2,0,1,1,0,0,0,0,0,0,1,0,1
1,2021,6,5,5,5,3,0,0,1,0,0,0,0,0,0,1,1,0
7,2020,10,16,4,2,6,0,0,1,0,0,0,0,0,1,1,1,0
4,2018,1,16,2,0,1,2,1,0,0,0,0,0,1,0,0,0,0
5,2021,6,5,4,0,7,0,0,0,0,1,0,0,0,0,1,1,0
4,2018,8,9,4,3,2,0,1,0,0,0,1,0,0,0,0,1,1
11,2019,10,19,6,6,2,2,0,1,1,0,0,0,1,0,0,1,0
12,2018,5,15,1,5,3,0,0,1,0,1,0,0,1,0,0,0,1
3,2018,2,21,6,5,3,2,1,1,0,0,0,0,1,0,0,1,0
6,2019,1,8,4,1,5,0,0,1,0,0,0,1,1,0,0,1,0
2,2018,3,2,7,8,1,2,0,1,0,0,0,0,0,0,0,1,0
11,2018,11,22,5,5,3,2,0,1,0,0,0,1,0,0,0,0,0
1,2020,5,6,2,5,3,0,0,1,0,0,0,1,1,1,1,0,0
8,2018,10,12,3,5,2,0,0,1,0,0,0,1,0,0,0,1,0
1,2019,12,12,6,0,7,0,1,1,0,0,0,0,1,0,0,1,0
2,2020,12,11,3,5,2,0,1,1,0,0,0,0,0,1,2,1,0
3,2021,11,6,6,6,4,1,0,1,1,0,0,0,1,0,2,0,0
11,2020,8,15,5,5,2,0,1,1,0,0,0,0,0,0,1,1,0
11,2018,8,18,5,2,6,0,0,1,0,0,0,0,0,0,0,1,1
8,2021,12,14,5,5,3,0,1,1,0,0,0,0,0,1,2,1,0
1,2019,5,13,3,2,6,0,0,1,0,0,0,1,0,0,0,0,0
2,2019,7,21,2,5,2,2,1,1,0,0,0,0,0,0,0,2,1
7,2019,8,13,6,2,6,0,0,1,0,0,0,0,0,0,0,0,0
3,2019,6,12,1,5,7,0,0,1,0,0,0,1,0,0,0,1,1
12,2021,9,8,4,5,3,0,0,1,0,0,0,0,0,0,1,0,0
2,2021,11,0,7,6,4,2,0,0,1,0,0,1,1,0,2,0,0
1,2019,10,10,6,6,4,0,1,0,1,0,0,0,1,0,0,1,1
11,2020,7,18,4,5,7,0,1,1,0,0,0,0,0,0,1,2,0
1,2018,4,8,4,2,6,0,0,1,0,1,0,0,0,0,0,1,0
3,2021,5,6,5,5,3,0,0,1,0,0,0,0,0,1,2,1,0
6,2020,4,18,3,5,7,0,0,1,0,0,0,1,0,1,2,1,0
5,2019,7,15,6,0,6,0,0,1,0,0,0,1,0,0,0,2,1
9,2018,8,20,6,6,4,0,0,1,1,0,0,0,0,0,0,1,0
1,2018,4,15,3,5,2,0,1,1,0,0,0,0,0,0,0,1,0
8,2020,11,0,7,0,7,2,0,0,0,0,0,1,0,1,2,0,0
3,2020,4,9,7,5,2,0,0,1,0,0,0,0,0,1,2,1,0
4,2021,8,20,2,0,3,2,0,1,0,1,0,0,1,0,1,1,0
6,2021,7,17,5,1,1,0,0,1,0,1,0,0,1,0,1,2,0
3,2021,6,9,4,2,6,0,0,1,0,1,0,0,0,0,1,1,0
11,2020,9,10,2,5,3,0,1,1,0,0,0,0,0,0,1,0,1
10,2018,4,17,1,2,6,0,0,1,0,0,0,0,0,0,0,1,0
1,2018,2,9,4,5,2,0,1,1,0,0,0,0,0,0,0,1,0
12,2020,5,18,5,1,5,0,1,1,0,0,0,0,0,1,1,0,0
1,2019,9,9,2,5,2,0,1,1,0,0,0,0,1,0,0,0,1
1,2018,11,12,4,5,2,0,1,1,0,0,0,0,0,0,0,0,1
4,2019,6,13,4,5,3,0,0,1,0,0,1,0,0,0,0,1,0
2,2019,11,13,3,5,2,0,1,0,0,0,0,1,0,0,0,0,0
12,2019,9,14,4,6,4,0,0,1,1,0,0,0,1,0,0,0,0
1,2019,7,15,2,1,1,0,0,1,0,0,0,0,0,0,0,2,0
4,2019,7,14,5,2,6,0,0,1,0,0,0,0,0,0,0,2,0
9,2019,12,12,3,6,6,0,0,1,1,0,0,0,1,0,0,1,0
4,2020,4,9,5,5,3,0,0,1,0,0,0,0,0,1,2,1,0
10,2019,12,9,3,2,2,0,0,1,0,0,0,0,0,0,0,1,0
6,2020,7,11,3,1,5,0,0,1,0,0,0,0,0,0,1,2,0
1,2021,6,21,7,5,3,2,1,1,0,0,0,0,0,0,1,1,1
7,2021,8,9,2,0,6,0,0,1,0,1,0,0,0,0,1,1,0
11,2019,12,12,5,0,1,0,0,0,0,1,0,0,1,0,0,1,0
7,2018,4,19,7,5,2,0,0,1,0,0,0,0,0,0,0,1,0
6,2020,2,12,2,2,6,0,0,1,0,0,0,0,0,0,0,1,0
4,2021,3,10,6,5,2,0,1,1,0,0,0,0,0,0,2,0,0
8,2020,7,3,1,1,5,2,1,1,0,0,0,0,0,0,1,2,0
10,2018,2,16,4,5,3,0,1,1,0,0,0,0,0,0,0,1,0
8,2018,10,16,4,5,3,0,0,1,0,0,0,0,0,0,0,1,0
4,2018,5,17,5,2,6,0,0,1,0,0,0,0,0,0,0,0,0
3,2020,7,22,4,0,7,2,0,0,0,0,0,1,0,0,1,2,0
12,2020,2,19,7,6,2,2,0,1,1,0,0,0,1,0,0,1,0
5,2021,1,13,4,5,3,0,0,1,0,0,0,0,0,1,2,0,0
4,2021,4,11,5,5,2,0,0,1,0,1,0,0,0,1,2,1,1
9,2019,12,19,2,5,2,2,0,1,0,1,0,0,1,0,0,1,0
6,2019,4,11,3,6,4,0,0,1,1,0,0,0,0,0,0,1,1
2,2021,12,5,2,6,4,2,0,1,1,0,0,0,1,1,2,1,1
7,2020,6,13,3,2,2,0,0,1,0,0,0,0,0,0,1,1,0
4,2018,5,17,4,6,7,0,0,1,1,0,0,0,0,0,0,0,1
1,2020,2,13,5,2,7,0,0,1,0,1,0,0,1,0,0,1,0
4,2021,10,18,3,3,6,2,1,1,0,0,0,0,1,0,1,1,0
2,2020,6,19,5,2,6,0,1,1,0,0,0,0,0,0,1,1,0
8,2019,7,18,3,0,3,0,0,1,0,1,0,0,0,0,0,2,0
1,2020,8,18,2,5,3,0,0,1,0,1,0,0,0,0,1,1,1
2,2018,8,8,1,3,6,0,0,1,0,0,0,0,0,0,0,1,0
4,2018,12,15,7,0,2,0,1,1,0,0,0,0,1,0,0,1,0
4,2018,5,11,2,1,5,0,0,1,0,1,0,0,0,0,0,0,0
4,2019,5,10,2,5,3,0,1,1,0,0,0,0,0,0,0,0,0
1,2018,9,9,5,5,2,0,1,1,1,0,0,0,0,0,0,0,0
4,2018,11,17,5,5,2,2,0,1,0,1,0,0,0,0,0,0,0
7,2019,1,12,4,2,6,0,0,1,0,0,0,0,0,0,0,1,0
5,2020,9,8,3,5,3,0,0,1,0,0,0,0,0,0,1,0,0
9,2018,4,8,4,2,6,0,0,1,0,0,0,0,0,0,0,1,0
7,2019,9,10,2,6,7,0,0,0,1,1,0,0,0,0,0,0,0
4,2021,3,5,5,1,5,2,1,0,0,0,0,1,0,0,2,0,0
10,2018,8,7,5,5,3,0,1,1,0,0,0,0,0,0,0,1,0
7,2018,6,8,2,5,3,0,0,1,0,0,0,0,1,0,0,0,0
1,2021,6,14,2,1,5,0,0,1,0,0,0,0,0,0,1,1,0
2,2019,8,7,5,0,1,0,1,0,0,0,0,0,0,0,0,0,0
1,2020,10,9,2,5,2,0,1,1,0,0,0,0,1,1,1,1,0
9,2018,1,17,5,6,2,2,0,1,1,0,0,0,1,0,0,0,0
2,2018,2,6,1,5,3,2,0,1,0,0,0,1,0,0,0,1,0
5,2021,9,16,4,6,2,0,0,1,1,0,0,0,0,0,1,0,0
8,2020,5,4,3,0,7,1,1,0,0,0,0,0,0,1,1,0,0
1,2021,11,9,4,3,6,0,0,0,0,1,0,1,0,0,2,0,0
11,2019,5,18,2,0,1,0,0,1,0,1,0,0,1,0,0,0,0
9,2020,2,8,2,5,3,0,0,1,0,0,0,0,1,0,0,1,0
4,2019,9,13,2,0,2,0,0,0,0,0,0,1,0,0,0,0,0
9,2021,10,18,4,5,3,1,1,1,0,0,0,0,0,0,1,1,1
4,2020,9,19,7,5,3,1,0,1,0,0,0,1,0,0,1,0,1
5,2019,6,19,7,6,4,0,0,1,1,0,0,0,0,0,0,1,1
3,2021,11,14,1,1,5,0,1,1,0,0,0,0,0,0,2,0,0
4,2021,11,18,3,6,4,1,0,1,1,0,0,0,0,0,2,0,0
4,2018,10,10,3,2,2,0,1,1,0,0,0,0,1,0,0,1,0
4,2020,10,15,2,0,7,0,1,1,0,0,0,0,0,1,1,1,0
3,2019,10,18,3,2,6,0,0,1,0,1,0,0,1,0,0,1,0
3,2018,12,17,4,5,3,2,1,1,0,0,0,0,1,0,0,1,0
8,2020,1,18,7,5,3,2,0,1,0,0,0,0,1,0,0,1,0
1,2018,3,22,6,0,7,2,0,0,0,0,0,1,0,0,0,1,1
5,2019,10,16,7,2,6,0,1,1,0,0,0,0,0,0,0,1,0
2,2019,9,7,5,0,1,0,1,0,0,0,0,0,1,0,0,0,0
10,2018,3,8,5,0,6,0,1,0,0,0,0,1,0,0,0,1,0
6,2019,5,15,5,6,7,0,0,1,1,0,0,0,0,0,0,0,0
9,2019,11,18,7,6,4,2,0,1,1,0,0,0,0,0,0,0,1
4,2019,9,15,2,4,1,0,0,1,0,0,0,0,1,0,0,0,0
7,2019,12,17,7,5,2,2,0,1,0,0,0,0,0,0,0,1,1
5,2019,8,18,4,5,3,0,0,1,0,0,0,0,0,0,0,0,0
8,2018,12,7,1,4,6,0,0,1,0,0,0,1,1,0,0,1,0
5,2020,8,12,6,6,2,0,0,1,1,0,0,0,0,0,1,1,1
1,2020,11,9,7,6,4,0,1,0,1,0,0,0,0,1,2,0,0
6,2021,11,16,4,5,2,2,1,1,0,0,0,0,1,0,2,0,0
1,2020,11,15,4,5,2,0,1,1,0,0,0,0,0,1,2,0,0
4,2019,8,13,6,5,2,0,0,1,0,1,0,0,0,0,0,0,0
1,2021,11,16,4,5,3,0,0,1,0,0,0,0,0,0,2,0,0
6,2020,9,9,3,5,3,0,0,1,0,0,0,0,0,0,1,0,0
5,2018,1,0,2,6,7,2,0,0,1,0,0,1,0,0,0,0,1
6,2021,9,22,6,1,1,2,0,1,0,1,0,0,0,0,1,0,0
2,2019,7,14,4,0,6,0,1,0,0,0,0,0,0,0,0,2,0
2,2018,7,18,4,5,3,0,1,1,0,0,0,0,0,0,0,2,0
2,2019,1,11,5,0,6,0,0,1,0,0,0,1,0,0,0,1,0
8,2018,3,10,4,5,2,0,0,1,0,0,0,0,1,0,0,1,0
8,2020,5,17,3,6,4,0,0,1,1,0,0,0,0,1,1,0,0
6,2019,12,17,5,0,2,2,1,1,0,0,0,0,1,0,0,1,0
3,2021,8,15,6,5,2,0,1,1,0,0,0,0,0,0,1,1,0
4,2019,9,16,4,2,3,0,1,1,0,0,0,0,0,0,0,0,0
3,2019,6,11,7,5,3,0,0,1,0,0,0,0,0,0,0,1,0
8,2021,8,7,3,5,3,0,0,1,0,0,0,0,0,0,1,1,0
6,2019,6,16,3,2,6,0,0,1,0,0,1,0,0,0,0,1,0
5,2021,9,15,4,5,2,0,1,1,0,0,0,0,0,0,1,0,0
1,2018,6,9,3,2,2,0,0,1,0,0,0,0,1,0,0,0,0
7,2021,4,15,4,5,2,0,1,1,0,0,0,0,0,1,2,1,0
3,2020,8,20,1,5,3,1,1,1,0,0,0,0,0,0,1,1,0
1,2018,7,10,5,5,3,0,1,0,0,0,0,1,0,0,0,2,0
12,2018,7,13,7,5,3,0,0,1,0,0,0,0,0,0,0,2,0
11,2021,11,18,4,5,2,2,0,1,0,0,0,0,0,0,2,0,0
4,2019,11,9,5,5,2,0,1,1,0,0,0,0,0,0,0,0,0
1,2020,2,19,6,5,3,2,1,0,0,0,0,1,0,0,0,1,0
7,2018,9,15,4,5,2,0,0,1,0,0,0,0,0,0,0,0,0
11,2018,7,18,6,2,7,0,0,1,0,1,0,0,0,0,0,2,0
4,2021,8,11,3,5,3,0,1,0,0,0,0,0,0,0,1,1,0
12,2021,9,11,5,5,3,0,0,1,0,0,0,0,0,0,1,0,0
4,2021,1,18,3,6,2,2,0,1,1,0,0,0,1,1,2,0,0
7,2020,5,13,4,6,2,0,0,1,1,0,0,0,0,1,1,0,0
12,2018,8,6,6,1,5,0,0,1,0,0,0,0,0,0,0,1,0
9,2020,8,16,4,5,2,0,1,1,0,0,0,0,0,0,1,1,0
7,2020,9,17,2,5,3,0,0,1,0,0,0,1,0,0,1,0,0
1,2020,1,4,2,8,1,2,0,1,0,0,0,0,1,0,0,1,0
9,2021,7,22,1,8,1,2,0,1,0,0,0,0,0,0,1,2,0
9,2018,9,11,6,5,7,0,0,1,0,0,0,0,0,0,0,0,0
11,2018,5,14,5,2,6,0,0,1,0,0,1,0,0,0,0,0,0
12,2020,6,12,1,5,2,0,0,1,0,0,0,0,0,0,1,1,0