BEZ,UJAHR,UMONAT,USTUNDE,UWOCHENTAG,UART,UTYP1,ULICHTVERH,IstRad,IstPKW,IstFuss,IstKrad,IstGkfz,IstSonstige,USTRZUSTAND,LOCKDOWN,COVID,FERIEN,UKATEGORIE
6,2019,9,12,2,3,6,0,0,1,0,0,0,1,1,0,0,0,0
3,2021,7,20,6,0,2,0,1,1,0,0,0,0,0,0,1,2,1
7,2021,5,11,3,1,2,0,0,1,0,0,0,1,0,1,2,1,0
9,2020,9,20,4,5,7,2,1,1,0,0,0,0,0,0,1,0,1
10,2019,8,13,3,5,2,0,1,1,0,0,0,0,0,0,0,0,0
3,2021,8,12,6,0,6,0,0,1,0,0,1,0,0,0,1,1,0
11,2018,1,19,5,6,2,2,0,1,1,0,0,0,1,0,0,0,0
1,2021,5,6,2,1,5,0,0,0,0,0,1,1,0,1,2,1,0
7,2021,8,10,5,5,2,0,0,1,0,0,0,0,0,0,1,1,1
7,2019,6,17,1,1,5,0,1,1,0,0,0,0,0,0,0,1,0
8,2018,7,6,4,5,3,0,0,1,0,0,0,0,0,0,0,2,0
2,2021,7,18,7,5,2,0,1,1,0,0,0,0,0,0,1,2,0
8,2019,2,20,5,6,7,2,0,1,1,0,0,0,0,0,0,1,0
7,2018,8,7,5,5,2,0,0,1,0,0,0,1,0,0,0,1,0
4,2018,3,23,4,6,4,2,0,1,1,0,0,0,0,0,0,1,0
1,2020,9,15,7,6,2,0,0,1,1,0,0,0,1,0,1,0,0
7,2019,2,20,5,2,6,2,0,1,0,0,0,0,0,0,0,1,0
9,2021,10,15,6,1,5,0,1,1,0,0,0,0,0,0,1,1,0
4,2019,7,9,4,2,6,0,0,1,0,0,0,0,0,0,0,2,0
12,2018,10,15,2,5,3,0,1,1,0,0,0,0,0,0,0,1,0
9,2018,9,19,6,6,2,2,0,1,1,0,0,0,1,0,0,0,0
5,2020,11,13,7,0,7,0,0,1,0,0,0,0,0,1,2,0,0
4,2020,1,14,6,3,6,0,0,1,0,1,0,0,0,0,0,1,0
4,2019,2,9,5,5,7,0,0,1,0,1,0,0,0,0,0,1,0
11,2018,9,16,4,5,3,0,0,1,0,0,0,0,0,0,0,0,0
11,2021,9,2,1,0,1,2,0,0,0,0,0,1,0,0,1,0,1
2,2021,5,8,2,5,2,0,1,1,0,0,0,0,0,1,2,1,0
1,2020,8,12,3,2,6,0,0,0,0,1,0,1,0,0,1,1,0
4,2021,3,16,4,5,3,0,0,1,0,0,0,0,0,0,2,0,0
5,2020,11,16,2,5,2,0,1,1,0,0,0,0,0,1,2,0,0
4,2019,5,8,1,0,2,0,0,1,0,0,0,0,0,0,0,0,1
11,2021,2,6,4,6,2,2,0,1,1,0,0,0,1,1,2,1,0
2,2018,4,11,1,5,2,0,1,1,0,0,0,0,0,0,0,1,0
8,2021,12,0,3,3,6,2,0,1,0,0,1,0,1,1,2,1,0
9,2018,12,8,4,5,3,0,1,1,0,0,0,0,0,0,0,1,0
12,2020,9,13,1,8,1,0,0,1,0,0,0,0,0,0,1,0,0
3,2020,8,12,5,4,7,0,1,0,0,0,0,1,0,0,1,1,0
9,2018,10,16,3,0,2,0,0,1,0,0,0,1,0,0,0,1,0
3,2019,2,15,7,5,3,0,0,1,0,0,0,0,0,0,0,1,0
5,2019,6,8,4,5,2,0,1,1,0,0,0,0,0,0,0,1,0
4,2018,11,16,6,2,6,1,0,1,0,0,0,0,0,0,0,0,0
4,2019,12,15,2,1,5,1,1,1,0,0,0,0,1,0,0,1,0
3,2020,7,15,6,5,3,0,0,1,0,0,0,0,1,0,1,2,0
1,2018,9,22,5,3,6,2,0,1,0,0,0,0,0,0,0,0,0
1,2020,2,20,2,5,5,2,1,0,0,0,0,1,0,0,0,1,0
12,2018,6,13,7,1,5,0,1,1,0,0,0,0,0,0,0,0,1
10,2020,6,13,5,2,6,0,0,1,0,0,0,0,0,0,1,1,0
1,2018,10,18,3,6,4,2,0,1,1,0,0,0,1,0,0,1,0
3,2018,6,15,4,3,6,0,1,0,0,0,0,0,0,0,0,0,0
6,2018,6,15,6,0,6,0,0,1,0,1,0,1,0,0,0,0,0
3,2019,9,20,2,0,6,2,1,1,0,0,0,0,0,0,0,0,0
12,2021,6,23,4,1,5,2,1,1,0,0,0,0,0,0,1,1,1
11,2020,4,17,3,5,2,0,1,1,0,0,0,0,0,1,2,1,0
4,2020,1,16,4,6,7,1,0,1,1,0,0,0,1,0,0,1,0
9,2018,5,6,4,0,2,0,1,1,0,0,0,0,0,0,0,0,0
1,2020,11,15,5,6,4,1,1,0,1,0,0,0,1,1,2,0,0
4,2018,4,11,5,6,2,0,0,1,1,0,0,0,0,0,0,1,0
10,2020,9,8,7,6,4,0,0,0,1,0,0,1,0,0,1,0,1
6,2020,5,13,4,3,7,0,1,0,0,0,0,0,0,1,1,0,0
1,2018,1,13,4,5,3,0,1,1,0,0,0,0,1,0,0,0,0
2,2018,2,9,6,2,6,0,0,1,0,0,0,0,0,0,0,1,0
3,2021,8,19,2,8,1,2,0,1,0,0,0,0,1,0,1,1,1
2,2020,7,14,4,1,1,0,1,1,0,1,0,0,1,0,1,2,0
1,2021,9,17,5,3,6,0,0,1,0,1,0,0,0,0,1,0,0
3,2019,6,23,2,5,3,2,1,1,0,0,0,0,1,0,0,1,0
1,2018,12,18,7,5,2,2,0,1,0,0,0,0,1,0,0,1,0
12,2019,11,15,2,4,6,0,0,1,0,0,0,0,0,0,0,0,0
1,2020,6,10,3,5,2,0,1,1,0,0,0,0,0,0,1,1,0
8,2021,3,8,5,5,2,0,1,0,0,0,1,0,0,0,2,0,1
8,2020,10,6,4,3,6,2,0,1,0,0,1,0,1,1,1,1,0
7,2019,2,21,1,5,2,2,0,1,0,0,0,1,0,0,0,1,1
4,2021,8,11,5,2,6,0,0,1,0,0,0,0,0,0,1,1,0
4,2021,10,6,6,4,6,2,0,1,0,0,1,0,0,0,1,1,1
4,2021,7,17,5,5,7,0,0,1,0,1,0,0,0,0,1,2,0
10,2021,11,1,3,9,1,2,0,1,0,0,0,0,0,0,2,0,0
4,2021,9,7,3,5,2,0,1,1,0,0,0,0,0,0,1,0,0
12,2019,10,6,4,5,2,1,0,1,0,0,0,0,1,0,0,1,0
9,2021,9,14,2,5,3,0,0,1,0,0,0,0,0,0,1,0,0
1,2021,9,12,7,3,2,0,0,1,0,0,0,1,0,0,1,0,0
1,2021,12,11,3,5,3,0,1,1,0,0,0,0,0,1,2,1,0
7,2018,5,16,3,0,7,0,0,1,1,0,0,0,0,0,0,0,0
10,2020,12,11,4,6,4,0,0,1,1,0,0,0,0,1,2,1,0
6,2020,7,13,7,3,6,0,1,0,0,0,0,0,0,0,1,2,1
8,2019,1,3,4,3,6,2,0,1,0,0,1,0,1,0,0,1,0
7,2021,5,6,4,5,7,0,1,1,0,0,0,0,0,1,2,1,0
9,2020,10,16,2,2,6,0,0,1,0,0,0,1,1,1,1,1,0
9,2018,9,11,1,0,7,0,1,0,0,0,0,0,0,0,0,0,1
8,2021,1,13,2,1,5,0,1,1,0,0,0,0,1,1,2,0,0
12,2019,12,11,7,5,7,0,0,1,0,0,0,0,1,0,0,1,0
11,2021,12,18,6,6,2,2,0,1,1,0,0,0,1,1,2,1,0
4,2021,8,10,2,2,6,0,0,1,0,0,0,0,0,0,1,1,0
4,2018,7,8,2,0,2,0,0,1,0,0,0,1,0,0,0,2,0
5,2020,9,23,7,0,6,2,0,1,0,0,0,1,0,0,1,0,0
1,2018,8,9,4,5,3,0,1,1,0,0,0,0,0,0,0,1,0
4,2020,4,13,1,5,2,0,1,1,0,0,0,0,0,1,2,1,0
4,2021,2,16,5,2,6,0,0,1,0,0,0,0,0,1,2,1,0
2,2019,5,17,7,3,2,0,1,1,0,0,0,0,0,0,0,0,1
9,2019,9,14,6,5,2,0,1,1,0,0,0,0,0,0,0,0,0
8,2018,10,14,7,1,5,0,1,1,0,0,0,0,0,0,0,1,0
5,2021,9,22,2,0,7,2,0,1,0,0,0,0,0,0,1,0,1
12,2018,11,15,2,0,5,2,0,1,0,0,0,1,0,0,0,0,0
9,2018,7,15,3,5,2,0,1,0,0,0,0,1,0,0,0,2,0
7,2021,6,11,6,5,3,0,1,1,0,0,0,0,0,0,1,1,0
3,2018,6,19,4,5,3,0,1,0,0,1,0,0,0,0,0,0,0
10,2020,1,6,5,5,3,2,0,1,0,0,0,0,1,0,0,1,0
11,2019,10,14,6,6,2,0,0,1,1,0,0,0,0,0,0,1,0
6,2021,12,17,4,2,6,2,0,1,0,0,0,0,0,1,2,1,0
4,2019,6,9,2,5,3,0,1,0,0,0,1,0,0,0,0,1,1
2,2021,2,19,6,6,4,2,0,1,1,0,0,0,2,1,2,1,0
1,2018,1,12,6,5,2,0,1,1,0,0,0,0,1,0,0,0,0
3,2019,3,14,4,5,3,0,1,1,0,0,0,0,0,0,0,0,0
2,2020,1,9,6,5,3,0,1,1,0,0,0,0,1,0,0,1,0
11,2021,12,18,5,8,1,2,0,1,0,0,0,0,2,1,2,1,0
5,2018,7,14,7,1,1,0,1,1,0,0,0,1,0,0,0,2,0
11,2019,5,8,2,6,4,0,0,1,1,0,0,0,0,0,0,0,1
12,2019,7,12,7,4,5,0,0,1,0,0,0,1,0,0,0,2,0
3,2019,5,18,2,0,1,0,1,0,0,0,0,0,1,0,0,0,0
7,2018,5,19,7,1,5,0,1,1,0,0,0,0,0,0,0,0,1
4,2018,10,19,3,5,7,2,0,1,0,0,0,0,1,0,0,1,0
1,2019,6,7,5,5,2,0,1,1,0,0,0,0,0,0,0,1,0
4,2018,7,15,6,5,5,0,0,1,0,1,0,0,0,0,0,2,0
1,2020,10,9,5,2,6,0,0,1,0,0,0,0,0,1,1,1,0
4,2019,7,19,5,5,2,0,1,1,0,0,0,0,0,0,0,2,0
3,2018,8,13,4,5,2,0,0,1,0,0,0,0,0,0,0,1,1
4,2019,11,16,1,6,2,2,0,1,1,0,0,0,0,0,0,0,0
5,2018,3,16,1,2,4,0,0,1,1,0,0,0,0,0,0,1,0
5,2018,9,16,7,6,4,0,0,1,1,0,0,0,0,0,0,0,1
1,2020,9,19,6,2,6,2,0,1,0,0,0,0,1,0,1,0,0
6,2020,5,15,4,6,4,0,1,0,1,0,0,0,0,1,1,0,0
11,2021,11,5,3,6,2,2,0,1,1,0,0,0,1,0,2,0,0
1,2021,8,8,5,5,3,0,1,1,0,0,0,0,0,0,1,1,0
7,2018,5,15,5,3,6,0,1,0,0,0,0,1,0,0,0,0,0
2,2018,5,18,4,5,2,0,1,1,0,0,0,0,0,0,0,0,0
1,2019,9,19,4,5,2,0,1,1,0,0,0,0,0,0,0,0,0
3,2018,6,8,2,5,2,0,1,0,0,0,0,0,0,0,0,0,1
2,2018,10,17,4,5,2,0,1,1,0,0,0,0,0,0,0,1,0
1,2018,7,10,3,2,6,0,0,1,0,0,0,0,0,0,0,2,0
12,2018,7,16,7,2,2,0,0,1,0,1,0,0,0,0,0,2,0
11,2019,12,14,1,0,4,0,1,0,1,0,0,0,0,0,0,1,0
4,2021,1,11,1,5,2,0,0,1,0,0,0,0,1,1,2,0,0
6,2020,8,9,3,5,3,0,1,1,0,0,0,0,0,0,1,1,0
10,2021,11,9,5,5,3,0,1,0,0,0,0,1,0,0,2,0,0
3,2019,10,17,4,1,5,1,1,1,0,0,0,1,1,0,0,1,0
12,2020,7,10,4,2,6,0,0,1,0,0,0,0,0,0,1,2,0
12,2020,9,16,6,5,2,0,0,1,0,0,0,0,0,0,1,0,0
5,2021,9,11,2,2,6,0,0,1,0,0,0,0,0,0,1,0,1
4,2019,3,8,3,2,6,0,0,1,0,0,0,0,0,0,0,0,0
8,2018,3,8,3,5,2,0,1,1,0,0,0,0,1,0,0,1,0
10,2021,11,15,3,5,3,0,1,1,0,0,0,0,0,0,2,0,0
8,2019,9,18,4,5,3,0,0,1,0,1,0,0,0,0,0,0,0
6,2019,8,8,3,6,2,0,0,1,1,0,0,0,0,0,0,0,0
8,2018,5,23,3,4,1,2,1,0,0,0,0,0,0,0,0,0,0
8,2021,6,0,4,5,3,2,1,0,0,1,0,0,0,0,1,1,1
1,2020,9,14,7,3,6,0,1,1,0,0,0,0,0,0,1,0,0
4,2018,9,5,4,0,2,2,1,0,0,0,0,1,0,0,0,0,0
7,2018,4,12,7,0,5,0,0,1,0,0,0,1,0,0,0,1,0
1,2018,4,6,4,3,6,0,0,1,0,1,0,0,0,0,0,1,0
10,2018,11,19,2,6,4,2,1,0,1,0,0,0,1,0,0,0,0
11,2021,7,21,5,5,2,0,1,1,0,0,0,0,0,0,1,2,0
10,2019,3,10,4,5,3,0,1,1,0,0,0,0,0,0,0,0,0
4,2018,12,16,6,2,2,2,0,1,0,0,0,0,0,0,0,1,0
4,2019,6,14,4,5,2,0,1,1,0,0,0,0,0,0,0,1,0
1,2020,9,23,7,6,2,2,0,1,1,0,0,0,1,0,1,0,0
7,2019,4,18,2,5,2,0,1,1,0,0,0,0,0,0,0,1,0
12,2018,10,16,6,5,3,0,0,1,0,1,0,0,0,0,0,1,1
9,2021,7,20,5,5,2,0,1,1,0,0,0,0,0,0,1,2,1
6,2018,10,13,3,2,6,0,0,1,0,0,0,0,0,0,0,1,0
6,2018,12,18,2,1,5,2,1,1,0,0,0,0,0,0,0,1,0
2,2019,7,12,3,6,4,0,1,0,1,0,0,0,0,0,0,2,0
3,2021,4,16,3,6,7,0,0,0,1,0,1,0,0,1,2,1,1
3,2020,2,4,4,4,7,2,0,1,0,0,0,0,1,0,0,1,0
7,2019,7,5,5,0,1,1,0,0,0,0,0,1,0,0,0,2,0
1,2019,6,20,4,3,6,1,1,1,0,0,0,0,0,0,0,1,0
1,2021,4,18,4,2,6,0,0,1,0,0,0,0,0,1,2,1,0
3,2018,9,13,3,5,3,0,0,1,0,1,0,0,0,0,0,0,0
4,2019,9,6,4,0,3,0,0,1,0,1,0,0,0,0,0,0,1
3,2020,8,18,5,5,3,0,1,1,0,0,0,0,0,0,1,1,0
11,2018,4,10,2,6,7,0,0,1,1,0,0,1,0,0,0,1,0
7,2021,10,11,4,5,2,0,1,1,0,0,0,0,0,0,1,1,0
3,2020,4,10,4,5,2,0,0,1,0,0,0,1,0,1,2,1,0
3,2020,11,18,5,6,7,2,1,0,1,0,0,0,1,1,2,0,0
12,2020,11,19,6,1,7,2,0,1,0,0,0,0,0,1,2,0,1
10,2020,6,9,6,1,5,0,1,0,0,0,0,1,0,0,1,1,0
11,2019,5,22,6,6,2,2,0,0,1,0,0,1,0,0,0,0,1
12,2018,4,6,5,5,3,0,1,1,0,0,0,0,0,0,0,1,0
4,2021,7,19,5,6,7,0,0,0,1,0,0,1,1,0,1,2,0
2,2020,8,8,6,5,2,0,1,1,0,0,0,0,0,0,1,1,0
1,2019,6,8,3,5,2,0,0,1,0,0,0,1,0,0,0,1,0
1,2019,7,17,2,2,6,0,0,1,0,0,1,0,1,0,0,2,0
8,2020,9,11,2,5,3,0,0,1,0,0,0,0,0,0,1,0,0
1,2019,8,19,1,5,2,0,0,1,0,0,0,0,1,0,0,0,1
4,2018,8,9,2,1,5,0,0,1,0,1,0,0,0,0,0,1,0
7,2018,5,16,6,5,3,0,0,1,0,0,0,1,0,0,0,0,1
7,2018,10,5,1,9,1,2,0,1,0,0,0,0,0,0,0,1,0
10,2021,12,7,4,5,7,0,1,0,0,0,0,1,0,1,2,1,0
10,2019,9,7,6,5,3,0,0,1,0,0,0,1,0,0,0,0,0
10,2020,3,7,3,5,3,0,0,1,0,0,0,1,0,1,1,0,0
6,2021,10,16,5,5,3,0,0,1,0,0,0,0,0,0,1,1,0
2,2018,6,17,3,3,6,0,0,1,0,1,0,0,0,0,0,0,1
1,2019,1,10,4,6,7,0,0,1,1,0,0,0,1,0,0,1,0
1,2021,9,17,4,5,3,1,0,1,0,0,0,0,1,0,1,0,0
2,2018,12,14,1,5,3,0,0,1,0,0,0,0,1,0,0,1,0
5,2018,4,13,1,0,7,0,1,0,0,0,0,0,0,0,0,1,1
1,2020,9,23,7,5,2,2,1,1,0,0,0,0,1,0,1,0,0
12,2020,8,10,3,6,7,0,1,0,1,0,0,0,0,0,1,1,0
1,2019,9,6,2,5,2,0,1,1,0,0,0,0,0,0,0,0,0
1,2020,11,8,4,5,3,0,0,1,0,0,0,0,0,1,2,0,0
4,2021,8,8,6,0,3,0,1,1,0,0,0,0,0,0,1,1,0
8,2019,11,6,5,6,4,1,0,1,1,0,0,0,0,0,0,0,0
8,2018,9,16,2,5,2,0,0,1,0,0,0,1,0,0,0,0,0
2,2021,6,7,5,1,5,0,0,1,0,0,0,0,0,0,1,1,0
12,2018,4,8,5,5,2,0,1,1,0,0,0,0,0,0,0,1,0
11,2018,11,18,1,1,5,2,0,1,0,1,0,0,1,0,0,0,1
1,2019,8,18,3,5,3,0,1,0,0,0,0,0,0,0,0,0,0
4,2020,7,14,4,0,7,0,0,0,0,1,0,0,1,0,1,2,0
1,2021,8,18,1,2,6,0,0,1,0,0,0,0,0,0,1,1,0
7,2018,9,17,2,1,1,0,0,1,0,1,0,0,0,0,0,0,0
3,2019,9,13,6,2,6,0,0,1,0,1,0,0,0,0,0,0,0
2,2019,1,16,6,6,4,2,1,0,1,0,0,0,1,0,0,1,0
1,2018,8,18,4,2,6,0,0,1,0,0,0,0,0,0,0,1,0
7,2019,12,12,7,0,3,0,1,1,0,0,0,0,1,0,0,1,0
5,2018,12,15,5,2,2,2,0,1,0,0,0,0,0,0,0,1,0
1,2019,8,15,4,6,7,0,0,0,1,0,0,1,0,0,0,0,0
6,2019,12,16,4,0,2,2,0,1,1,0,0,0,0,0,0,1,0
8,2019,5,8,6,5,7,0,0,1,0,0,0,0,0,0,0,0,0
7,2019,5,22,6,2,2,2,0,1,0,0,0,0,0,0,0,0,0
2,2018,6,16,5,2,2,0,0,1,0,0,0,0,0,0,0,0,0
2,2019,7,10,6,5,2,0,1,0,0,0,1,0,0,0,0,2,0
8,2021,7,21,6,5,2,2,1,1,0,0,0,0,0,0,1,2,0
9,2019,1,17,5,2,2,1,0,1,0,0,0,0,0,0,0,1,0
4,2018,6,15,6,2,6,0,1,1,0,0,0,0,0,0,0,0,0
1,2021,5,15,4,5,3,0,0,1,0,0,0,0,0,1,2,1,0
1,2020,9,16,3,5,3,0,0,1,0,0,0,0,0,0,1,0,0
5,2020,10,17,2,6,4,1,0,1,1,0,0,0,0,1,1,1,0
3,2021,6,16,2,1,5,0,0,1,0,1,0,0,0,0,1,1,0
1,2019,4,16,5,6,4,0,0,1,1,0,0,0,0,0,0,1,1
4,2021,3,17,2,5,2,0,0,1,0,0,0,1,0,0,2,0,0
6,2021,6,18,3,5,3,0,1,1,0,0,0,0,0,0,1,1,0
8,2021,7,5,5,5,2,0,1,0,0,0,0,1,0,0,1,2,1
4,2019,2,13,4,5,3,0,0,1,0,0,0,0,0,0,0,1,0
12,2021,6,17,4,1,5,1,0,1,1,0,0,1,1,0,1,1,0
2,2021,7,22,7,6,4,2,0,0,1,1,0,0,0,0,1,2,0
10,2018,6,8,5,5,2,0,1,1,0,0,0,0,0,0,0,0,0
8,2020,8,9,7,5,2,0,0,1,0,0,0,0,0,0,1,1,0
4,2021,12,19,5,5,3,2,1,1,0,0,0,0,1,1,2,1,0
12,2018,1,12,5,6,7,0,0,0,1,0,0,1,1,0,0,0,0
1,2019,7,21,4,0,1,2,0,0,0,1,0,0,1,0,0,2,0
10,2021,7,12,4,9,1,0,0,1,0,0,0,0,0,0,1,2,1
6,2018,3,14,5,3,3,0,1,1,0,0,1,0,0,0,0,1,1
3,2019,11,17,6,0,6,2,0,1,0,0,0,1,0,0,0,0,0
11,2020,10,17,2,2,6,0,0,1,0,0,0,0,0,1,1,1,0
2,2018,9,17,3,3,2,0,0,0,0,1,0,1,0,0,0,0,0
12,2019,10,17,2,6,2,2,0,1,1,0,0,0,1,0,0,1,1
2,2019,1,4,3,2,6,2,0,1,0,0,0,0,1,0,0,1,0
2,2018,8,4,7,0,1,2,0,0,0,1,0,0,0,0,0,1,0
12,2018,8,11,5,5,2,0,0,1,0,0,0,1,1,0,0,1,0
3,2019,10,10,5,0,1,0,0,1,0,0,0,0,0,0,0,1,0
9,2018,1,8,3,0,7,1,1,0,0,0,0,0,1,0,0,0,0
5,2021,8,9,5,1,5,0,0,1,0,0,0,1,0,0,1,1,0
1,2018,6,17,2,5,3,0,1,0,0,0,0,1,0,0,0,0,1
1,2020,11,0,7,5,2,2,1,1,0,0,0,0,0,1,2,0,0
7,2019,5,8,5,2,6,0,0,1,0,0,0,1,0,0,0,0,0
12,2019,6,11,1,5,2,0,0,1,0,0,0,0,0,0,0,1,1
4,2020,4,12,6,5,2,0,1,1,0,0,0,0,0,1,2,1,0
7,2019,3,14,5,5,3,0,0,1,0,1,0,0,0,0,0,0,0
4,2020,5,19,3,5,2,0,1,1,0,0,0,0,0,1,1,0,1
8,2021,1,18,2,6,2,2,0,1,1,0,0,0,1,1,2,0,0
10,2019,7,1,3,5,2,2,0,1,0,0,0,1,0,0,0,2,0
5,2019,6,17,6,5,3,0,1,1,0,0,0,0,0,0,0,1,0
9,2021,1,11,3,6,4,0,1,1,1,0,0,0,1,1,2,0,0
10,2019,1,14,5,6,4,0,0,0,1,0,0,1,0,0,0,1,1
7,2021,4,15,6,6,7,0,0,1,1,0,0,0,0,1,2,1,0
11,2019,4,9,4,5,3,0,0,1,0,1,0,0,0,0,0,1,1
3,2020,7,14,7,3,6,0,1,0,0,0,0,0,0,0,1,2,0
1,2021,12,17,4,5,7,1,1,1,0,0,0,0,1,1,2,1,0
6,2020,2,13,4,5,7,0,1,1,0,0,0,0,1,0,0,1,0
2,2019,9,7,3,5,2,0,1,1,0,0,0,0,1,0,0,0,0
10,2019,6,16,1,5,3,0,0,1,0,1,0,0,0,0,0,1,0
8,2020,4,18,3,3,6,0,1,1,0,0,0,0,0,1,2,1,0
9,2018,3,0,7,1,1,2,0,1,0,0,0,0,1,0,0,1,1
2,2018,9,12,1,5,3,0,0,1,0,0,0,0,0,0,0,0,0
2,2021,8,16,4,5,2,0,1,1,0,0,0,0,0,0,1,1,0
5,2019,2,18,1,2,4,2,0,1,1,0,0,0,0,0,0,1,1
7,2019,1,14,5,6,4,0,1,0,1,0,0,0,0,0,0,1,0
7,2019,4,16,1,6,7,0,1,0,1,0,0,0,0,0,0,1,0
6,2021,10,11,7,5,3,0,1,1,0,0,0,0,0,0,1,1,0
4,2019,9,11,5,5,2,0,1,1,0,0,0,0,0,0,0,0,0
1,2019,8,10,5,0,2,0,1,1,0,0,0,0,0,0,0,0,0
2,2020,7,7,2,5,3,0,1,1,0,0,0,0,0,0,1,2,0
2,2018,10,22,6,5,3,2,1,1,0,0,0,0,0,0,0,1,0
1,2019,3,9,6,0,5,0,0,1,0,0,0,0,0,0,0,0,0
7,2019,6,7,4,1,5,0,1,1,0,0,0,0,0,0,0,1,0
5,2020,3,15,5,0,1,0,1,0,0,0,0,0,0,1,1,0,1
8,2021,10,12,7,5,3,0,0,1,0,0,0,0,0,0,1,1,0
1,2018,8,20,1,5,2,1,1,1,0,0,0,0,0,0,0,1,0
6,2019,4,14,3,3,6,0,0,1,0,0,1,0,0,0,0,1,0
4,2020,6,10,6,8,1,0,0,0,0,1,0,0,0,0,1,1,1
2,2021,1,7,5,6,2,1,0,1,1,0,0,0,1,1,2,0,0
9,2019,8,10,2,5,5,0,0,1,0,0,0,0,0,0,0,0,0
4,2019,1,13,3,2,6,0,0,1,0,0,1,0,0,0,0,1,0
5,2018,11,17,4,0,2,2,0,1,0,0,0,1,0,0,0,0,0
8,2018,8,10,3,0,6,0,0,1,0,1,0,0,0,0,0,1,0
8,2018,5,21,6,6,4,2,0,1,1,0,0,0,0,0,0,0,0
1,2021,2,18,4,2,6,2,0,1,0,0,0,0,1,1,2,1,0
4,2021,7,14,5,5,3,0,1,1,0,0,0,0,1,0,1,2,0
4,2019,6,18,2,0,7,0,0,0,0,1,0,0,1,0,0,1,0
1,2019,12,21,6,2,6,2,0,1,0,0,0,0,1,0,0,1,0
10,2018,4,16,2,2,2,0,0,1,0,0,0,0,0,0,0,1,0
3,2020,7,16,3,0,1,0,0,0,0,1,0,0,0,0,1,2,0
1,2021,6,14,4,5,3,0,1,1,0,0,0,0,0,0,1,1,0
9,2021,7,18,3,5,2,0,1,1,0,0,0,0,0,0,1,2,0
2,2021,6,9,7,2,6,0,0,1,0,0,0,1,0,0,1,1,0
11,2020,9,10,6,6,7,0,0,1,1,0,0,0,1,0,1,0,0
4,2020,8,11,2,3,6,0,0,1,0,0,1,0,0,0,1,1,0
1,2021,4,12,5,1,5,0,0,1,0,1,0,0,0,1,2,1,0
8,2018,7,19,5,2,2,0,0,1,0,1,0,0,0,0,0,2,0
12,2021,9,12,7,2,2,0,0,1,0,0,0,0,1,0,1,0,0
4,2018,5,8,2,5,2,0,1,1,0,0,0,0,0,0,0,0,0
3,2021,2,15,4,5,2,0,1,1,0,0,0,0,0,1,2,1,1
12,2018,6,16,3,5,2,0,1,1,0,0,0,0,0,0,0,0,0
7,2018,11,17,2,2,6,2,0,1,0,0,0,0,1,0,0,0,0
10,2018,5,19,5,0,1,1,0,1,0,1,0,0,1,0,0,0,1
2,2019,11,4,7,0,1,2,0,0,0,0,0,1,0,0,0,0,0
1,2020,4,16,3,2,6,0,0,1,0,0,0,0,0,1,2,1,0
5,2019,7,6,2,3,6,0,0,0,0,1,1,0,0,0,0,2,0
7,2021,6,16,2,1,5,0,0,1,0,0,0,1,0,0,1,1,0
1,2021,3,10,1,5,2,0,0,1,0,0,0,0,0,0,2,0,0
8,2020,11,0,5,9,1,2,0,1,0,0,0,0,0,1,2,0,1
5,2018,8,11,4,2,6,0,1,0,0,0,0,1,0,0,0,1,0
4,2019,5,7,2,2,6,0,0,1,0,0,1,0,0,0,0,0,0
9,2018,7,13,6,5,2,0,0,1,0,0,0,0,0,0,0,2,1
11,2020,7,23,1,1,5,2,1,1,0,0,0,0,0,0,1,2,0
10,2020,8,8,2,5,7,0,0,1,0,0,0,0,0,0,1,1,0
4,2020,1,8,4,2,6,0,0,1,0,0,0,0,0,0,0,1,0
3,2020,4,16,1,0,6,0,0,1,0,1,0,0,0,1,2,1,0
8,2018,12,16,3,5,3,2,0,1,0,0,0,0,1,0,0,1,0
5,2019,3,14,7,5,3,0,0,1,0,0,0,0,0,0,0,0,0
1,2019,8,8,5,2,2,0,0,1,0,0,0,0,0,0,0,0,0
8,2019,5,19,3,2,1,0,1,1,0,1,0,0,0,0,0,0,0
1,2018,5,7,3,2,2,0,0,0,0,1,1,0,0,0,0,0,0
6,2018,6,12,5,4,6,0,0,1,0,1,0,0,0,0,0,0,0
3,2021,9,12,4,0,1,0,0,0,0,1,0,0,0,0,1,0,1
8,2019,6,16,2,5,2,0,1,1,0,0,0,0,0,0,0,1,0
6,2021,6,18,3,1,6,0,1,1,0,0,0,1,0,0,1,1,0
2,2019,8,17,2,5,3,0,1,1,0,0,0,0,0,0,0,0,0
1,2019,7,16,5,0,4,0,1,0,1,0,0,0,0,0,0,2,1
2,2019,5,18,3,6,7,0,1,0,1,0,0,0,0,0,0,0,1
12,2018,5,20,6,1,5,0,0,0,0,1,0,1,0,0,0,0,0
2,2019,8,14,1,5,3,0,1,1,0,0,0,0,0,0,0,0,0
10,2018,9,13,5,5,3,0,1,1,0,0,0,0,0,0,0,0,0
2,2018,1,17,5,1,5,2,1,1,0,0,0,0,1,0,0,0,0
4,2019,6,8,5,5,3,0,0,1,0,0,0,0,0,0,0,1,0
1,2018,12,18,3,5,2,2,1,1,0,0,0,0,0,0,0,1,0
5,2018,10,11,1,5,2,0,1,1,0,0,0,0,0,0,0,1,1
1,2019,10,6,4,2,7,2,0,1,0,0,0,0,1,0,0,1,0