BEZ,UJAHR,UMONAT,USTUNDE,UWOCHENTAG,UART,UTYP1,ULICHTVERH,IstRad,IstPKW,IstFuss,IstKrad,IstGkfz,IstSonstige,USTRZUSTAND,LOCKDOWN,COVID,FERIEN,UKATEGORIE
4,2020,6,7,3,2,6,0,0,1,0,0,0,0,0,0,1,1,0
2,2018,3,20,3,1,5,2,1,1,0,0,0,0,1,0,0,1,0
10,2018,7,16,5,0,2,0,1,1,0,0,0,0,0,0,0,2,0
1,2018,11,7,3,3,6,0,0,1,0,0,0,0,0,0,0,0,0
6,2021,6,5,6,0,3,1,0,1,0,1,0,0,0,0,1,1,1
1,2018,6,8,3,3,2,0,1,0,0,1,0,0,0,0,0,0,0
7,2018,1,10,4,5,3,0,1,1,0,0,0,0,1,0,0,0,1
3,2018,11,10,4,1,5,0,0,1,0,0,0,0,0,0,0,0,0
7,2018,9,17,2,0,2,0,0,1,1,0,0,0,0,0,0,0,0
1,2020,9,10,2,2,2,0,0,1,0,0,0,1,0,0,1,0,0
9,2021,3,7,4,5,2,0,1,1,0,0,0,0,0,0,2,0,0
6,2018,1,17,2,2,6,2,0,1,0,0,0,0,0,0,0,0,0
7,2018,5,19,5,2,7,0,1,0,0,0,0,1,0,0,0,0,0
8,2020,8,9,6,6,4,0,0,1,1,0,0,0,0,0,1,1,0
2,2021,7,18,5,3,6,0,1,0,0,0,0,1,0,0,1,2,0
11,2018,4,11,5,1,5,0,0,1,0,0,0,0,0,0,0,1,1
5,2018,5,19,3,5,7,0,1,1,0,0,0,0,0,0,0,0,0
6,2020,4,14,5,1,1,0,0,1,0,0,0,0,0,1,2,1,0
11,2019,7,16,5,0,7,0,0,1,0,0,0,1,0,0,0,2,0
4,2018,8,11,4,6,4,0,0,1,1,0,0,0,0,0,0,1,0
1,2019,5,8,3,2,2,0,1,0,0,0,0,1,0,0,0,0,0
4,2019,11,16,6,2,6,0,0,1,0,0,0,1,0,0,0,0,0
1,2019,12,8,6,3,6,0,0,1,0,0,0,1,0,0,0,1,0
3,2020,11,11,6,5,2,0,1,0,0,0,0,1,0,1,2,0,0
1,2020,8,12,2,5,2,0,1,1,0,0,0,0,0,0,1,1,0
1,2020,11,8,5,1,5,0,1,1,0,0,0,0,1,1,2,0,0
12,2019,11,15,3,5,3,1,0,1,0,0,0,0,0,0,0,0,0
7,2020,5,12,7,0,6,0,1,0,0,0,0,0,0,1,1,0,0
7,2018,5,14,3,5,3,0,1,1,0,0,0,0,0,0,0,0,0
1,2019,9,14,1,0,1,0,0,0,0,0,0,1,1,0,0,0,0
12,2020,12,12,7,6,2,0,0,1,1,0,0,0,1,1,2,1,0
9,2020,7,16,5,2,6,0,0,1,0,0,0,0,0,0,1,2,1
2,2019,12,20,7,0,3,2,0,1,0,0,0,0,1,0,0,1,1
4,2020,6,21,2,3,6,1,0,1,0,0,0,0,0,0,1,1,0
7,2021,10,11,6,0,2,0,0,1,0,0,1,1,1,0,1,1,0
11,2021,1,10,3,2,6,0,0,1,0,0,0,0,1,1,2,0,0
1,2018,8,20,2,2,6,1,0,1,0,1,0,0,0,0,0,1,0
7,2019,5,6,2,5,3,0,0,1,0,1,0,0,0,0,0,0,0
8,2019,8,14,5,2,6,0,0,1,0,0,0,0,0,0,0,0,1
10,2020,10,11,6,0,6,0,0,1,0,0,0,1,0,1,1,1,0
1,2018,8,18,3,5,2,0,1,1,0,0,0,0,0,0,0,1,0
12,2020,5,13,5,2,6,0,0,1,0,0,0,0,0,1,1,0,0
8,2018,4,19,4,2,2,0,0,1,0,1,0,0,0,0,0,1,0
2,2021,2,13,7,0,2,0,1,0,0,0,0,1,0,1,2,1,0
12,2018,2,15,2,5,2,0,1,0,0,0,1,0,0,0,0,1,1
2,2019,7,14,5,1,5,0,1,0,0,1,0,0,0,0,0,2,1
5,2018,11,10,4,3,6,0,0,1,0,0,0,0,1,0,0,0,0
3,2020,3,18,2,2,6,1,0,1,0,0,0,0,0,1,1,0,0
12,2020,2,18,4,5,3,2,0,1,0,0,0,1,1,0,0,1,0
2,2020,5,12,6,0,7,0,0,1,0,1,0,0,1,1,1,0,0
2,2020,5,14,2,6,4,0,1,0,1,0,0,0,0,1,1,0,0
5,2018,11,17,5,2,6,2,0,1,0,0,0,0,0,0,0,0,0
12,2020,3,19,6,5,3,2,1,1,0,0,0,0,1,1,1,0,0
8,2020,11,18,2,1,5,2,1,1,0,0,0,0,0,1,2,0,0
12,2020,2,6,3,6,2,2,0,1,1,0,0,0,1,0,0,1,0
12,2020,2,19,7,2,6,2,0,1,0,0,0,0,1,0,0,1,0
5,2020,1,20,3,0,2,2,0,1,0,1,0,0,0,0,0,1,1
1,2020,3,9,7,0,1,0,1,0,0,0,0,0,1,1,1,0,0
7,2020,11,11,3,5,2,0,1,0,0,0,1,0,0,1,2,0,1
8,2018,4,8,4,0,1,0,0,1,0,1,0,0,0,0,0,1,0
1,2020,6,19,1,5,3,0,1,1,0,0,0,0,0,0,1,1,0
11,2018,4,20,4,5,2,2,0,1,0,0,0,0,0,0,0,1,1
6,2018,5,15,2,5,2,0,0,1,0,0,0,0,0,0,0,0,0
9,2021,6,12,1,5,3,0,0,1,0,0,0,0,0,0,1,1,0
10,2021,9,12,5,3,6,0,0,1,0,1,0,0,0,0,1,0,1
1,2019,7,9,2,5,7,0,1,1,0,0,0,0,0,0,0,2,0
4,2020,11,19,3,3,6,2,1,1,0,0,0,0,1,1,2,0,1
7,2020,3,10,2,4,6,0,0,0,0,1,1,0,0,1,1,0,1
12,2021,1,8,2,0,6,0,0,1,0,1,0,0,1,1,2,0,0
3,2019,4,6,6,5,3,0,0,1,0,0,0,0,0,0,0,1,0
3,2020,5,15,7,6,4,0,0,0,1,0,0,1,0,1,1,0,0
5,2018,9,7,3,4,2,0,1,1,0,0,0,0,0,0,0,0,0
10,2019,8,15,3,1,5,0,1,1,0,0,0,0,0,0,0,0,0
2,2019,6,20,3,2,6,0,0,1,0,0,0,0,0,0,0,1,0
7,2020,11,15,4,4,6,0,0,1,0,0,0,0,0,1,2,0,0
1,2019,5,15,3,2,6,0,0,1,0,1,0,0,0,0,0,0,0
7,2020,1,15,6,0,7,0,1,0,0,0,0,0,0,0,0,1,0
8,2019,10,17,7,6,4,1,0,1,1,0,0,0,1,0,0,1,1
12,2020,10,6,2,5,2,1,1,1,0,0,0,0,0,1,1,1,0
3,2019,10,22,5,1,5,2,0,1,0,0,0,0,0,0,0,1,0
1,2021,4,15,3,5,3,0,0,1,0,1,0,0,0,1,2,1,0
8,2019,8,9,3,5,3,0,0,1,0,1,0,1,0,0,0,0,0
12,2019,11,0,7,2,6,2,0,1,0,0,0,0,0,0,0,0,0
9,2018,10,15,6,3,6,0,1,0,0,0,0,0,0,0,0,1,0
11,2020,6,20,1,5,3,0,0,1,0,0,0,1,0,0,1,1,0
9,2018,7,13,6,5,2,0,0,1,0,1,0,0,0,0,0,2,0
3,2018,7,2,4,1,5,2,0,1,0,0,0,0,0,0,0,2,0
2,2020,6,17,5,6,4,0,0,1,1,0,0,0,1,0,1,1,0
9,2018,3,9,3,2,6,0,0,1,0,0,0,1,1,0,0,1,0
1,2018,7,14,5,5,3,0,1,1,0,0,0,0,0,0,0,2,1
3,2021,12,17,3,5,3,2,1,1,0,0,0,0,1,1,2,1,0
1,2020,6,19,7,5,3,0,1,1,0,0,0,0,0,0,1,1,0
10,2019,8,9,3,0,7,0,0,1,0,1,0,0,1,0,0,0,0
4,2018,4,19,3,0,6,0,0,1,0,0,0,1,0,0,0,1,0
9,2021,5,16,2,8,1,0,0,0,0,1,0,0,0,1,2,1,0
1,2018,3,12,5,5,3,0,1,1,0,0,0,0,0,0,0,1,0
11,2021,2,17,3,5,3,2,1,1,0,0,0,0,1,1,2,1,0
3,2020,5,12,5,2,6,0,0,1,0,0,0,0,0,1,1,0,0
1,2019,6,18,5,5,3,1,1,1,0,0,0,0,1,0,0,1,1
7,2020,3,13,4,6,4,0,0,1,1,0,0,0,0,1,1,0,0
7,2019,8,8,3,5,3,0,1,0,0,0,0,0,0,0,0,0,0
6,2018,6,8,6,0,7,0,1,0,0,0,0,0,0,0,0,0,0
7,2019,10,16,4,5,2,0,0,1,0,1,0,0,0,0,0,1,0
9,2020,12,11,5,2,6,0,1,1,0,0,0,0,1,1,2,1,0
10,2019,8,7,6,1,5,0,1,1,0,0,0,0,0,0,0,0,0
4,2020,11,5,1,3,6,2,0,1,0,1,0,0,0,1,2,0,0
9,2018,8,16,3,5,5,0,1,1,0,0,0,0,0,0,0,1,0
5,2021,8,16,3,0,7,0,1,1,0,0,0,0,0,0,1,1,1
1,2020,3,14,7,3,2,0,0,1,0,0,0,1,0,1,1,0,0
5,2020,4,8,2,5,3,0,1,1,0,0,0,0,0,1,2,1,0
1,2019,5,5,1,6,4,1,1,0,1,0,0,0,0,0,0,0,0
3,2020,3,12,7,5,3,0,0,1,0,0,0,0,0,1,1,0,0
1,2021,11,11,4,5,2,0,0,1,0,0,1,0,0,0,2,0,0
7,2021,8,1,3,0,1,2,0,0,0,1,0,0,0,0,1,1,0
6,2021,5,12,2,2,6,0,0,1,0,0,0,0,0,1,2,1,0
10,2021,12,16,3,6,4,1,0,1,1,0,0,0,0,1,2,1,0
1,2018,11,23,6,2,6,2,0,1,0,0,0,0,0,0,0,0,0
1,2020,10,13,5,8,1,0,0,1,0,0,0,0,1,1,1,1,0
3,2020,11,17,3,3,6,2,1,0,0,0,0,0,1,1,2,0,0
12,2021,3,19,1,3,6,2,0,1,0,0,0,0,1,0,2,0,1
1,2019,11,18,3,5,2,2,0,1,0,1,0,0,1,0,0,0,0
4,2018,9,15,3,2,1,0,0,1,0,0,0,0,0,0,0,0,0
2,2021,3,20,4,0,7,1,1,0,0,0,0,0,0,0,2,0,1
4,2019,4,18,5,3,6,0,0,1,0,0,1,0,0,0,0,1,0
8,2019,4,13,7,2,6,0,0,1,0,0,0,0,0,0,0,1,0
7,2018,5,17,3,1,5,0,0,0,0,1,1,0,0,0,0,0,0
11,2019,2,16,3,2,2,0,1,1,0,0,0,1,0,0,0,1,0
6,2019,9,14,3,0,1,0,0,0,0,1,0,0,0,0,0,0,1
7,2021,8,21,7,6,2,2,0,1,1,0,0,0,1,0,1,1,0
4,2019,3,17,5,2,6,0,0,1,0,0,0,0,0,0,0,0,0
1,2020,9,9,6,0,1,0,1,0,0,0,0,0,0,0,1,0,0
6,2019,12,8,3,6,2,0,0,1,1,0,0,0,0,0,0,1,0
9,2018,8,14,3,5,3,0,1,1,0,0,0,0,0,0,0,1,0
11,2019,10,10,7,3,6,0,1,1,0,0,0,0,0,0,0,1,0
3,2019,8,19,4,2,2,2,0,1,0,1,0,0,0,0,0,0,0
2,2020,9,7,3,5,2,0,1,1,0,0,0,0,0,0,1,0,0
2,2021,5,11,2,6,2,0,0,1,1,0,0,0,0,1,2,1,0
9,2018,11,3,6,9,1,2,0,1,0,0,0,0,1,0,0,0,0
1,2019,8,15,2,0,2,0,1,1,0,0,0,0,0,0,0,0,0
7,2018,3,14,4,5,3,0,1,1,0,0,0,0,0,0,0,1,0
3,2021,9,18,5,6,4,0,0,1,1,0,0,0,0,0,1,0,1
8,2019,6,1,1,5,2,2,1,1,0,0,0,0,0,0,0,1,0
7,2019,5,16,2,5,3,0,1,1,0,0,0,0,0,0,0,0,0
8,2019,10,16,2,3,6,0,0,1,0,1,0,0,0,0,0,1,0
8,2019,5,17,3,5,2,0,0,1,0,1,0,0,0,0,0,0,0
3,2019,1,19,7,6,2,2,0,1,1,0,0,0,1,0,0,1,0
9,2020,6,14,4,5,7,0,0,1,0,0,0,0,0,0,1,1,0
8,2018,8,15,4,2,6,0,0,1,0,0,0,0,0,0,0,1,0
6,2021,5,15,7,5,2,0,1,0,0,0,0,0,0,1,2,1,0
5,2021,10,8,2,3,6,0,0,1,0,0,1,0,0,0,1,1,0
8,2020,9,7,2,5,3,0,1,0,0,0,0,1,0,0,1,0,0
12,2018,7,20,4,5,3,1,1,1,0,0,0,0,0,0,0,2,0
4,2019,4,16,7,3,6,0,1,1,0,0,0,0,0,0,0,1,0
11,2019,7,16,1,6,4,0,0,1,1,0,0,0,0,0,0,2,1
7,2020,10,8,3,5,2,0,1,1,0,0,0,0,0,1,1,1,0
4,2018,5,19,4,3,2,0,0,1,0,0,0,0,0,0,0,0,0
1,2018,8,9,6,3,6,0,1,1,0,0,0,0,0,0,0,1,0
3,2021,6,9,4,5,2,0,1,0,0,0,0,1,1,0,1,1,0
12,2018,7,15,5,2,6,0,0,1,0,0,0,1,0,0,0,2,0
4,2021,11,9,3,0,7,0,1,0,0,0,0,0,0,0,2,0,0
7,2019,4,19,3,5,3,1,0,1,0,1,0,0,0,0,0,1,0
4,2021,9,14,7,2,6,0,0,1,0,0,0,0,0,0,1,0,0
6,2019,9,22,7,0,1,2,0,0,0,1,0,0,1,0,0,0,0
9,2018,1,6,6,2,6,2,0,1,0,0,0,0,1,0,0,0,0
7,2021,8,13,4,2,6,0,0,1,0,0,0,0,0,0,1,1,0
1,2018,2,11,5,5,3,0,0,1,0,0,0,0,0,0,0,1,0
11,2018,4,20,2,9,1,1,0,1,0,0,0,0,1,0,0,1,0
8,2020,2,16,5,5,3,1,1,1,0,0,0,0,0,0,0,1,0
9,2021,3,16,4,1,5,0,1,1,0,0,0,0,0,0,2,0,1
9,2020,2,8,2,5,3,0,1,0,0,0,0,1,1,0,0,1,1
7,2021,10,19,3,5,7,2,0,1,0,0,0,0,1,0,1,1,0
4,2020,1,20,3,6,4,2,0,1,1,0,0,0,0,0,0,1,0
1,2021,9,8,3,2,6,0,0,1,0,0,0,0,0,0,1,0,0
1,2019,6,8,2,0,1,0,1,0,0,0,0,0,0,0,0,1,0
2,2018,12,19,4,5,3,2,0,1,0,1,0,0,0,0,0,1,0
7,2019,6,13,5,5,3,0,0,1,0,0,0,1,0,0,0,1,0
10,2020,8,19,3,2,6,0,0,1,0,1,0,0,0,0,1,1,1
12,2020,1,9,5,5,3,0,0,1,0,0,0,0,1,0,0,1,0
4,2020,2,14,2,5,2,0,0,1,0,0,0,1,0,0,0,1,0
5,2018,1,17,3,2,2,2,0,1,0,0,0,0,0,0,0,0,0
8,2019,8,15,4,5,2,0,0,1,0,0,0,0,0,0,0,0,0
7,2020,7,18,5,5,2,0,1,1,0,0,0,0,1,0,1,2,0
11,2020,11,0,2,9,1,2,0,1,0,0,0,0,1,1,2,0,0
10,2021,5,11,6,2,1,0,0,1,0,0,0,0,1,1,2,1,0
1,2018,1,23,7,2,6,2,0,1,0,0,0,0,1,0,0,0,0
8,2018,4,7,4,5,2,0,1,1,0,0,0,0,1,0,0,1,0
10,2019,11,17,3,2,6,2,0,1,0,0,0,0,0,0,0,0,0
12,2019,8,12,4,0,1,0,1,0,0,0,0,0,0,0,0,0,0
12,2019,9,13,6,5,3,0,0,1,0,0,0,0,1,0,0,0,0
7,2019,9,17,2,0,7,0,0,0,0,1,0,1,1,0,0,0,0
1,2018,11,17,3,5,3,2,1,1,0,0,0,0,0,0,0,0,0
4,2020,9,7,3,5,3,0,1,1,0,0,0,0,0,0,1,0,0
10,2021,10,14,5,5,2,0,1,1,0,0,0,0,0,0,1,1,0
1,2020,6,18,3,5,2,0,0,1,0,0,0,0,0,0,1,1,0
1,2018,10,16,4,6,4,0,0,1,1,0,0,0,0,0,0,1,0
8,2018,7,15,2,6,4,0,0,0,1,0,0,1,0,0,0,2,1
12,2018,2,9,5,6,7,0,0,1,1,0,0,0,0,0,0,1,0
1,2020,2,6,2,6,4,1,0,0,1,1,0,0,0,0,0,1,0
8,2019,7,11,4,2,6,0,0,1,0,0,1,0,0,0,0,2,0
2,2018,1,23,5,5,2,2,1,1,0,0,0,0,1,0,0,0,0
1,2019,10,4,5,0,1,2,0,0,0,0,0,1,1,0,0,1,0
5,2019,5,15,5,2,6,0,0,1,0,0,0,0,0,0,0,0,0
1,2018,12,20,4,1,5,2,1,1,0,0,0,0,0,0,0,1,0
8,2020,9,8,5,6,4,0,0,1,1,0,0,0,0,0,1,0,0
8,2021,1,12,4,5,3,0,0,1,0,0,0,0,1,1,2,0,0
3,2018,8,22,3,5,2,2,1,1,0,0,0,0,0,0,0,1,0
4,2021,7,20,6,0,7,0,0,0,0,0,0,1,0,0,1,2,1
12,2020,11,7,2,5,3,0,1,0,0,1,0,0,0,1,2,0,1
4,2021,4,17,2,5,3,0,1,1,0,0,0,0,0,1,2,1,0
11,2019,8,16,2,0,7,0,1,0,0,0,0,0,0,0,0,0,1
1,2020,10,20,7,2,6,2,0,1,0,0,0,0,0,1,1,1,0
7,2019,6,14,3,5,2,0,1,1,0,0,0,0,0,0,0,1,0
4,2021,10,15,6,4,2,0,1,1,0,0,0,0,0,0,1,1,1
11,2018,6,8,5,3,6,0,1,0,0,0,0,0,0,0,0,0,0
11,2018,5,20,2,6,4,0,1,0,1,0,0,0,0,0,0,0,1
7,2020,9,19,1,5,7,1,0,1,0,1,0,0,0,0,1,0,0
9,2020,7,9,2,3,6,0,1,0,0,0,0,0,0,0,1,2,1
8,2018,5,9,3,3,6,0,0,1,0,1,0,0,0,0,0,0,0
2,2018,6,12,1,5,3,0,1,1,0,0,0,0,1,0,0,0,0
6,2021,11,7,3,6,7,0,0,1,1,0,0,0,1,0,2,0,0
7,2021,8,11,5,0,7,0,0,1,0,0,0,0,0,0,1,1,0
8,2019,9,18,7,0,5,0,1,1,0,0,0,0,1,0,0,0,0
5,2018,4,14,7,2,6,0,0,1,0,0,0,0,0,0,0,1,0
3,2019,6,15,3,0,1,0,1,0,0,0,0,0,0,0,0,1,1
3,2020,11,16,5,3,6,2,1,0,0,0,1,0,1,1,2,0,0
7,2019,9,7,6,0,4,0,1,0,1,0,0,0,1,0,0,0,0
1,2019,11,8,6,2,6,0,0,1,0,1,0,0,1,0,0,0,0
6,2019,11,10,7,0,3,0,0,0,0,1,0,1,1,0,0,0,0
7,2018,7,17,3,3,6,0,0,1,0,1,0,0,0,0,0,2,1
10,2021,8,15,4,2,6,0,0,1,0,0,0,0,0,0,1,1,0
12,2021,5,11,3,2,6,0,0,1,0,0,0,0,0,1,2,1,0
9,2018,8,10,2,6,3,0,0,1,1,0,0,0,0,0,0,1,1
2,2018,9,19,5,2,6,2,0,1,0,1,0,0,1,0,0,0,0
1,2019,6,9,1,2,6,0,0,1,0,0,0,1,0,0,0,1,0
5,2020,5,16,4,2,6,0,0,1,0,0,0,1,0,1,1,0,0
6,2021,5,16,7,1,5,0,1,1,0,0,0,0,0,1,2,1,0
4,2021,6,12,6,2,2,0,0,1,0,0,0,0,0,0,1,1,0
2,2019,10,14,3,3,6,0,1,1,0,0,0,0,1,0,0,1,0
12,2019,12,7,3,2,2,0,0,1,0,1,0,0,1,0,0,1,0
1,2020,10,8,6,5,2,0,1,1,0,0,0,0,0,1,1,1,0
3,2018,1,6,6,5,3,2,1,1,0,0,0,0,1,0,0,0,0
3,2018,11,16,6,5,3,2,1,1,0,0,0,0,1,0,0,0,0
4,2021,9,8,2,2,6,0,0,0,0,1,0,1,0,0,1,0,0
4,2020,6,13,5,5,2,0,1,0,0,0,1,0,0,0,1,1,0
4,2021,12,11,3,5,2,0,1,1,0,0,0,0,0,1,2,1,0
7,2018,5,8,4,5,2,0,1,1,0,0,0,0,0,0,0,0,0
4,2019,12,7,6,5,3,1,1,0,0,0,0,1,0,0,0,1,0
2,2018,5,17,2,5,7,0,1,1,0,0,0,0,0,0,0,0,1
2,2018,2,16,4,6,4,0,0,1,1,0,0,0,0,0,0,1,1
8,2020,8,16,7,0,1,0,1,0,0,0,0,0,0,0,1,1,0
1,2018,1,8,3,5,2,0,1,1,0,0,0,0,0,0,0,0,0
11,2019,6,7,4,5,2,0,1,1,0,0,0,0,0,0,0,1,0
3,2021,11,18,5,5,2,1,1,0,0,1,0,0,1,0,2,0,0
12,2018,2,8,5,5,3,0,1,1,0,0,0,0,0,0,0,1,0
1,2019,12,16,3,2,2,2,0,1,0,0,0,0,1,0,0,1,0
5,2018,7,13,4,0,2,0,1,1,0,0,0,0,0,0,0,2,0
2,2018,4,14,6,5,3,0,0,1,0,0,0,0,0,0,0,1,0
7,2020,12,15,1,6,2,0,0,1,1,0,0,0,0,1,2,1,0
4,2021,5,19,3,2,6,1,1,1,0,0,0,0,0,1,2,1,0
9,2020,9,12,2,2,6,0,1,1,0,0,0,0,0,0,1,0,0
4,2019,8,17,3,5,7,0,1,1,0,0,0,0,0,0,0,0,0
4,2019,12,22,5,5,2,2,0,1,0,0,0,0,0,0,0,1,0
9,2021,9,22,4,5,3,2,0,1,0,1,0,0,0,0,1,0,0
6,2018,9,16,3,5,2,0,1,1,0,0,0,0,0,0,0,0,0
10,2020,8,11,5,0,1,0,0,1,0,1,0,0,0,0,1,1,1
2,2021,9,14,3,5,3,0,1,0,0,0,0,1,0,0,1,0,1
3,2018,4,11,5,5,2,0,1,1,0,0,0,0,1,0,0,1,0
4,2021,8,14,3,5,2,0,0,1,0,0,0,0,0,0,1,1,0
4,2018,4,21,1,2,6,2,0,1,0,0,0,0,0,0,0,1,0
8,2020,12,17,4,6,4,2,0,1,1,0,0,0,1,1,2,1,0
12,2021,10,0,5,5,7,2,0,1,0,0,0,1,0,0,1,1,0
9,2018,10,8,3,0,7,0,0,1,0,0,0,0,0,0,0,1,0
1,2019,6,8,3,0,1,0,1,0,0,0,0,0,0,0,0,1,0
1,2019,4,10,4,3,6,0,0,1,0,0,0,0,0,0,0,1,0
4,2020,6,17,2,2,6,0,0,1,0,0,0,0,0,0,1,1,0
12,2021,3,11,5,5,2,0,1,1,0,0,0,0,0,0,2,0,0
6,2020,4,14,4,1,5,0,1,1,0,0,0,0,0,1,2,1,0
6,2020,5,16,3,6,4,0,0,1,1,0,0,0,1,1,1,0,0
8,2018,1,18,7,5,3,2,1,1,0,0,0,0,1,0,0,0,0
7,2019,3,16,5,6,4,0,0,1,1,0,0,0,1,0,0,0,0
1,2021,10,19,6,6,7,2,0,0,1,0,0,1,0,0,1,1,0
1,2019,9,15,5,5,3,0,0,1,0,0,0,0,0,0,0,0,0
1,2021,2,19,5,5,2,2,1,1,0,0,0,0,1,1,2,1,0
3,2019,6,18,2,0,1,0,0,0,0,1,0,0,0,0,0,1,1
2,2018,5,10,3,5,3,0,0,1,0,0,0,0,0,0,0,0,0
5,2020,10,9,1,5,2,0,1,1,0,0,0,0,0,1,1,1,0
6,2020,11,11,2,2,6,0,0,1,0,0,0,0,0,1,2,0,0
12,2021,9,16,5,6,7,0,0,1,1,0,0,0,0,0,1,0,0
9,2018,2,14,4,9,1,0,0,1,0,0,0,0,0,0,0,1,1
9,2021,3,16,6,2,2,0,0,1,0,0,0,0,0,0,2,0,0
4,2020,10,18,1,2,6,2,0,1,0,0,0,0,0,1,1,1,0
3,2018,2,17,2,2,6,1,1,1,0,0,0,0,0,0,0,1,1
9,2020,4,15,5,5,2,0,1,1,0,0,0,0,0,1,2,1,0
9,2021,10,15,4,1,5,0,1,1,0,0,0,0,0,0,1,1,0
1,2018,5,13,7,0,6,0,1,0,0,0,0,0,0,0,0,0,0
7,2019,6,1,7,5,3,2,1,1,0,0,0,0,0,0,0,1,0
1,2019,7,9,6,5,2,0,1,0,0,0,1,0,0,0,0,2,1
7,2021,7,22,1,5,3,2,0,1,0,0,0,0,0,0,1,2,0
4,2021,5,20,2,3,6,2,0,1,0,0,1,0,1,1,2,1,0
1,2018,5,11,2,6,2,0,0,1,1,0,0,0,0,0,0,0,1
12,2019,2,16,6,3,6,0,1,1,0,0,0,0,0,0,0,1,1
9,2018,7,18,7,3,6,0,1,1,0,0,0,0,0,0,0,2,1
4,2021,4,16,5,5,2,0,0,1,0,0,0,0,0,1,2,1,0
3,2021,7,18,5,0,2,0,0,1,0,1,0,0,0,0,1,2,0
9,2021,10,15,3,5,2,0,0,1,0,0,0,1,0,0,1,1,1
8,2018,1,1,7,6,2,2,0,1,1,0,0,0,0,0,0,0,0
4,2021,6,20,4,5,2,0,1,1,0,0,0,0,0,0,1,1,1
12,2019,7,23,5,0,1,2,1,0,0,0,0,0,0,0,0,2,0
4,2018,1,10,5,5,3,0,0,1,0,0,0,0,1,0,0,0,0
10,2021,11,13,4,0,4,0,0,0,1,0,0,1,0,0,2,0,0
1,2020,7,10,4,0,3,0,0,0,0,1,0,1,0,0,1,2,1
1,2019,6,15,4,3,6,0,0,1,0,1,0,0,0,0,0,1,0
4,2019,3,18,2,5,3,1,0,1,0,0,0,0,0,0,0,0,0
4,2019,10,11,3,5,2,0,1,1,0,0,0,0,0,0,0,1,1
3,2019,9,14,7,6,4,0,1,0,1,0,0,0,0,0,0,0,0
4,2018,7,23,7,0,1,2,1,0,0,0,0,0,0,0,0,2,1
2,2019,7,15,2,2,2,0,1,0,0,0,0,0,0,0,0,2,0
7,2018,11,16,6,5,2,0,0,1,0,0,0,0,0,0,0,0,0
8,2018,7,7,3,1,1,0,0,0,0,1,1,1,0,0,0,2,1
1,2019,1,9,7,4,1,0,0,1,0,0,0,1,1,0,0,1,1
4,2020,12,19,6,6,2,2,0,1,1,0,0,0,0,1,2,1,0
10,2021,8,15,2,5,2,0,0,1,0,0,0,1,0,0,1,1,1
3,2020,11,7,4,5,3,0,1,1,0,0,0,0,1,1,2,0,0
5,2018,6,16,2,2,6,0,0,1,0,0,0,0,0,0,0,0,0
12,2019,6,13,3,5,3,0,1,1,0,0,0,0,0,0,0,1,0
2,2020,7,15,6,5,3,0,1,1,0,0,0,0,0,0,1,2,0
9,2018,6,18,3,2,6,0,0,1,0,0,0,1,0,0,0,0,0
1,2018,11,18,6,5,3,2,1,1,0,0,0,0,1,0,0,0,0
2,2019,10,14,3,5,3,0,1,1,0,0,0,0,1,0,0,1,0
4,2019,2,9,6,1,5,0,1,1,0,0,0,1,0,0,0,1,1
9,2021,8,8,3,3,6,0,0,1,0,1,0,1,0,0,1,1,0
8,2020,10,17,2,5,3,2,0,1,0,0,0,0,1,1,1,1,1
11,2021,11,13,5,3,6,0,0,1,0,0,0,0,1,0,2,0,0
6,2020,11,16,7,2,6,2,0,1,0,0,0,0,0,1,2,0,0
10,2019,6,13,3,5,3,0,1,1,0,0,0,0,0,0,0,1,0
2,2021,8,2,5,3,6,2,1,1,0,0,0,0,0,0,1,1,0
1,2019,9,8,2,5,2,0,1,1,0,0,0,0,0,0,0,0,0
5,2018,8,9,3,2,6,0,0,1,0,0,0,0,0,0,0,1,0
9,2020,6,11,4,5,3,0,1,1,0,0,0,0,0,0,1,1,0
7,2020,2,9,2,0,5,0,0,0,0,0,0,1,0,0,0,1,1
1,2019,4,16,4,2,6,0,0,1,0,0,0,0,0,0,0,1,0
4,2021,11,16,4,5,2,1,1,1,0,0,0,0,0,0,2,0,0
4,2021,9,20,1,1,5,2,0,1,0,0,0,0,0,0,1,0,0
3,2018,1,22,7,2,6,2,0,1,0,0,0,0,0,0,0,0,0
6,2020,3,12,2,3,6,0,1,0,0,0,1,0,0,1,1,0,1
11,2019,6,7,6,5,2,0,1,1,0,0,0,0,0,0,0,1,1
10,2021,11,7,2,5,3,0,1,1,0,0,0,0,1,0,2,0,0
1,2020,6,12,1,5,3,0,0,1,0,0,0,0,0,0,1,1,0
1,2018,9,14,1,5,7,0,0,1,0,0,0,0,0,0,0,0,1
8,2018,7,14,2,3,6,0,1,1,0,0,0,0,0,0,0,2,0
5,2020,5,14,4,5,7,0,0,1,0,1,0,0,0,1,1,0,1
3,2019,7,16,2,2,7,0,0,0,0,1,1,0,1,0,0,2,0
4,2019,10,10,2,5,2,0,0,1,0,1,0,0,0,0,0,1,0
8,2019,8,17,6,3,6,0,1,1,0,0,0,0,0,0,0,0,0
6,2018,12,16,7,0,4,2,0,0,1,0,0,1,0,0,0,1,0