BEZ,UJAHR,UMONAT,USTUNDE,UWOCHENTAG,UART,UTYP1,ULICHTVERH,IstRad,IstPKW,IstFuss,IstKrad,IstGkfz,IstSonstige,USTRZUSTAND,LOCKDOWN,COVID,FERIEN,UKATEGORIE
12,2018,4,13,6,2,6,0,0,1,0,0,0,1,1,0,0,1,0
1,2021,12,17,7,5,2,1,0,1,0,0,0,0,2,1,2,1,1
12,2019,8,8,3,0,4,0,0,1,1,0,0,0,0,0,0,0,0
9,2020,6,6,3,5,2,0,1,1,0,0,0,0,0,0,1,1,0
4,2020,1,15,1,2,6,0,0,1,0,0,0,1,0,0,0,1,0
4,2019,4,18,1,6,4,0,1,0,1,0,0,0,0,0,0,1,0
8,2019,10,16,4,5,7,0,0,1,0,1,0,0,0,0,0,1,0
3,2021,7,16,4,0,3,0,1,1,0,0,0,0,0,0,1,2,0
4,2019,4,20,4,3,2,2,0,0,0,1,1,0,0,0,0,1,0
2,2021,11,13,2,0,6,0,1,1,0,0,0,0,0,0,2,0,0
4,2019,4,18,1,0,4,0,1,0,1,0,0,0,0,0,0,1,0
12,2019,5,16,3,6,2,0,0,1,1,0,0,0,0,0,0,0,0
11,2018,9,14,4,2,6,0,0,1,0,0,0,1,0,0,0,0,1
12,2018,8,10,5,3,6,0,0,1,0,0,0,0,1,0,0,1,0
6,2020,4,23,6,1,5,2,1,1,0,0,0,0,0,1,2,1,0
12,2018,9,20,7,1,5,2,1,1,0,1,0,0,0,0,0,0,0
4,2020,9,11,5,5,3,0,0,1,0,0,0,0,0,0,1,0,0
6,2021,5,10,7,2,6,0,0,1,0,0,0,0,0,1,2,1,0
1,2018,9,17,2,5,3,0,1,1,0,0,0,0,0,0,0,0,0
1,2018,1,19,3,6,6,2,1,0,1,0,0,0,1,0,0,0,0
1,2018,3,15,4,0,7,0,1,0,0,0,0,0,0,0,0,1,0
1,2021,10,16,2,6,4,0,1,0,1,0,0,0,0,0,1,1,0
2,2021,8,10,6,2,6,0,0,1,0,0,0,0,0,0,1,1,0
7,2019,11,18,5,3,6,2,0,1,0,0,0,0,1,0,0,0,0
1,2018,5,11,7,3,6,0,1,0,0,0,0,0,0,0,0,0,0
6,2018,5,16,6,2,6,0,0,1,0,1,0,0,0,0,0,0,0
2,2019,10,16,6,5,3,0,1,1,0,0,0,0,1,0,0,1,0
12,2018,12,19,4,8,1,2,0,1,0,0,0,0,1,0,0,1,0
12,2018,8,12,2,5,3,0,1,1,0,0,0,0,0,0,0,1,0
2,2018,9,11,2,5,2,0,1,1,0,0,0,0,0,0,0,0,0
3,2019,2,18,2,2,6,2,0,1,0,0,0,0,0,0,0,1,0
2,2020,6,14,4,2,6,0,0,1,0,0,0,0,0,0,1,1,0
1,2019,8,15,5,0,7,0,1,0,0,0,0,0,0,0,0,0,0
9,2018,12,15,2,5,3,0,1,1,0,0,0,0,0,0,0,1,0
3,2019,11,18,3,6,4,2,0,1,1,0,0,0,1,0,0,0,0
5,2020,3,19,6,1,3,2,0,1,0,0,0,0,1,1,1,0,1
4,2019,6,16,2,5,3,0,0,1,0,0,0,0,0,0,0,1,0
1,2018,5,17,7,5,3,0,0,1,0,0,0,0,0,0,0,0,0
5,2019,11,17,5,2,6,2,0,1,0,0,0,0,1,0,0,0,0
8,2021,11,19,3,2,6,2,0,1,0,0,0,0,0,0,2,0,0
7,2019,10,17,3,2,6,1,0,1,0,1,0,0,1,0,0,1,0
3,2018,4,15,2,0,1,0,1,0,0,0,0,0,0,0,0,1,0
4,2020,3,10,3,8,7,0,0,1,1,0,0,0,0,1,1,0,0
4,2018,12,18,1,6,4,2,0,1,1,0,0,0,1,0,0,1,1
8,2020,12,13,5,5,2,0,1,1,0,0,0,0,0,1,2,1,0
7,2018,12,19,2,0,2,2,1,1,0,0,0,0,0,0,0,1,0
8,2018,5,20,6,6,7,0,1,0,1,0,0,0,0,0,0,0,0
3,2020,4,12,6,2,6,0,0,1,0,0,0,0,0,1,2,1,0
2,2019,2,12,3,6,4,0,0,1,1,0,0,0,1,0,0,1,0
1,2018,1,12,7,0,1,0,1,0,0,0,0,0,0,0,0,0,0
12,2019,3,15,2,0,1,0,0,0,0,1,0,0,1,0,0,0,0
7,2020,8,17,4,0,4,0,1,0,1,0,0,0,0,0,1,1,0
1,2019,5,9,2,2,6,0,0,1,0,1,0,0,0,0,0,0,0
3,2021,6,12,6,5,3,0,1,1,0,0,0,0,0,0,1,1,0
7,2019,1,13,5,1,5,0,1,1,0,0,0,0,0,0,0,1,0
1,2021,11,18,7,6,2,2,0,1,1,0,0,0,1,0,2,0,0
4,2019,1,8,2,5,2,1,1,1,0,0,0,0,1,0,0,1,0
2,2020,1,22,4,5,3,2,0,1,0,0,0,0,0,0,0,1,0
11,2018,8,16,6,5,3,0,1,0,0,0,0,0,0,0,0,1,1
4,2020,12,12,1,0,1,0,1,0,0,0,0,0,0,1,2,1,1
4,2019,8,16,5,2,6,0,0,1,0,0,0,1,0,0,0,0,0
1,2019,6,17,2,5,7,0,0,1,0,1,0,0,0,0,0,1,0
2,2020,6,8,3,5,3,0,1,0,0,0,0,0,0,0,1,1,0
12,2021,8,11,1,0,1,0,0,0,0,1,0,0,0,0,1,1,1
8,2019,5,18,7,5,2,0,0,1,0,0,0,1,0,0,0,0,0
4,2019,6,9,5,6,2,0,1,0,1,0,0,0,0,0,0,1,0
1,2019,8,8,3,2,6,0,1,1,0,0,0,0,0,0,0,0,0
4,2020,8,8,2,5,2,0,1,1,0,0,0,0,0,0,1,1,0
4,2021,7,22,1,6,7,0,0,0,1,0,0,1,0,0,1,2,0
2,2021,10,17,4,2,6,0,0,1,0,0,0,0,0,0,1,1,0
10,2021,11,8,7,0,1,0,0,0,0,1,0,0,1,0,2,0,0
10,2020,5,12,4,2,6,0,0,1,0,0,0,0,0,1,1,0,0
3,2021,6,23,3,2,6,2,0,1,0,0,0,0,0,0,1,1,0
6,2021,10,18,6,1,5,2,0,1,0,0,0,0,0,0,1,1,0
12,2018,6,13,3,2,6,0,0,1,0,1,0,0,0,0,0,0,0
4,2020,10,10,3,5,2,0,0,1,0,1,0,0,0,1,1,1,1
3,2018,8,17,4,1,5,0,1,0,0,0,0,1,0,0,0,1,0
1,2018,4,15,4,1,5,0,1,1,0,0,0,0,0,0,0,1,0
4,2020,6,11,7,8,1,0,1,0,0,0,0,0,0,0,1,1,1
2,2021,9,14,5,5,3,0,0,1,0,0,0,0,0,0,1,0,0
3,2018,12,18,2,6,2,2,0,0,1,0,1,0,0,0,0,1,0
1,2019,7,17,5,0,6,0,0,1,0,0,0,1,0,0,0,2,0
1,2018,5,18,1,1,1,0,1,1,0,0,0,0,0,0,0,0,0
2,2018,8,17,4,0,2,0,1,1,0,0,0,0,0,0,0,1,0
7,2020,7,15,3,2,6,0,0,1,0,1,0,0,0,0,1,2,1
2,2021,8,12,2,0,1,0,0,0,0,0,0,1,1,0,1,1,0
5,2020,5,18,4,5,2,0,0,1,0,0,0,0,0,1,1,0,0
2,2019,6,10,4,2,6,0,0,1,0,1,0,0,0,0,0,1,0
10,2019,5,16,4,2,1,0,0,1,0,0,0,0,0,0,0,0,0
6,2021,2,14,6,3,6,0,1,1,0,0,0,0,0,1,2,1,0
1,2021,12,21,7,2,6,2,0,1,0,0,0,0,1,1,2,1,0
9,2019,4,15,3,2,6,0,0,1,0,0,1,0,0,0,0,1,0
1,2018,7,18,2,1,1,0,1,1,0,0,0,0,0,0,0,2,0
9,2021,7,11,5,5,2,0,1,1,0,0,0,0,1,0,1,2,0
7,2020,12,19,4,6,2,2,0,1,1,0,0,0,1,1,2,1,0
1,2018,3,8,1,6,2,0,0,1,1,0,0,0,0,0,0,1,0
1,2018,7,13,2,5,3,0,1,1,0,0,0,0,0,0,0,2,0
12,2020,7,9,4,2,6,0,0,1,0,0,0,1,0,0,1,2,0
11,2018,7,19,1,1,5,0,1,1,0,0,0,0,0,0,0,2,0
3,2021,10,19,1,2,6,2,0,1,0,0,0,0,1,0,1,1,1
4,2020,7,8,5,0,2,0,1,1,0,0,0,0,0,0,1,2,0
1,2018,10,12,5,5,3,0,1,0,0,0,0,1,0,0,0,1,0
2,2020,2,6,6,5,3,2,1,1,0,0,0,0,1,0,0,1,0
6,2020,1,11,6,5,7,0,0,1,0,0,0,0,0,0,0,1,0
7,2018,9,13,2,5,2,0,0,1,0,1,0,0,0,0,0,0,0
4,2021,11,4,6,8,1,2,0,1,0,0,0,0,1,0,2,0,0
12,2018,7,1,6,1,1,2,0,1,0,1,0,0,0,0,0,2,1
4,2020,9,12,3,2,6,0,0,1,0,1,0,0,0,0,1,0,0
6,2021,3,10,7,0,2,0,0,1,0,1,0,0,1,0,2,0,0
7,2018,8,14,3,0,2,0,0,1,0,0,0,1,0,0,0,1,0
2,2021,10,19,2,1,1,2,0,1,0,0,0,0,0,0,1,1,1
12,2020,8,9,5,0,6,0,0,1,0,1,0,0,0,0,1,1,1
9,2021,5,17,1,1,5,0,0,1,0,0,0,0,0,1,2,1,0
6,2020,6,14,6,5,3,0,0,1,0,0,0,0,1,0,1,1,0
1,2018,9,14,6,6,4,0,0,1,1,0,0,0,0,0,0,0,0
8,2018,1,16,1,5,3,1,0,1,0,0,0,1,0,0,0,0,0
1,2021,5,17,3,2,6,0,0,1,0,0,0,0,1,1,2,1,0
9,2021,11,17,7,5,3,2,1,1,0,0,0,0,1,0,2,0,0
11,2021,8,15,3,1,5,0,0,1,0,0,0,0,0,0,1,1,0
6,2020,7,16,5,5,2,0,1,1,0,0,0,0,0,0,1,2,0
1,2020,2,0,1,2,6,2,0,1,0,0,0,0,0,0,0,1,0
4,2018,10,12,2,2,6,0,1,1,0,0,0,0,0,0,0,1,0
4,2019,4,10,2,5,3,0,0,1,0,0,0,0,0,0,0,1,0
11,2021,7,11,4,5,7,0,0,1,0,0,0,1,0,0,1,2,1
11,2018,12,8,3,5,2,0,1,1,0,0,0,0,1,0,0,1,0
3,2018,9,13,2,2,7,0,0,1,0,1,0,0,0,0,0,0,0
10,2021,10,11,2,6,7,0,0,0,1,0,0,1,0,0,1,1,1
2,2019,9,10,4,0,3,0,1,0,0,0,0,0,0,0,0,0,0
1,2020,9,13,5,5,3,0,1,1,0,0,0,0,0,0,1,0,0
10,2018,5,14,4,5,3,0,1,1,0,0,0,0,0,0,0,0,1
9,2020,9,15,4,5,2,0,0,1,0,1,0,0,0,0,1,0,0
8,2018,7,9,2,0,6,0,0,0,0,0,0,1,0,0,0,2,0
5,2021,6,14,6,1,5,0,0,1,0,0,0,1,0,0,1,1,0
2,2020,9,19,1,5,3,0,1,0,0,0,0,1,0,0,1,0,0
6,2019,7,18,2,2,7,0,0,1,0,1,0,1,0,0,0,2,1
3,2018,5,7,5,0,6,0,1,0,0,0,0,1,0,0,0,0,0
12,2019,1,14,4,2,3,0,1,1,0,0,0,0,0,0,0,1,0
1,2018,3,17,1,5,3,1,1,1,0,0,0,0,0,0,0,1,0
1,2018,10,10,6,2,6,0,0,1,0,0,0,1,0,0,0,1,0
1,2019,12,19,2,6,2,2,0,1,1,0,0,0,1,0,0,1,0
8,2021,3,7,4,2,6,0,0,1,0,0,0,0,0,0,2,0,0
6,2020,8,8,5,5,3,0,0,1,0,1,0,0,0,0,1,1,0
1,2021,6,10,3,2,6,0,0,1,0,1,0,0,0,0,1,1,0
10,2019,1,18,7,6,2,2,0,1,1,0,0,0,1,0,0,1,0
4,2020,10,16,6,2,6,0,0,1,0,0,0,0,0,1,1,1,0
1,2018,2,16,7,9,1,0,0,1,0,0,0,0,0,0,0,1,0
7,2021,8,6,3,5,2,0,0,1,0,0,0,0,0,0,1,1,0
1,2018,7,8,7,5,7,0,0,1,0,0,0,0,0,0,0,2,0
4,2021,6,8,2,2,2,0,0,1,0,1,0,0,0,0,1,1,0
5,2019,2,7,3,2,7,0,0,1,0,0,0,0,0,0,0,1,0
2,2019,8,7,4,5,2,0,0,1,0,0,0,0,0,0,0,0,0
10,2020,8,2,7,6,7,2,1,0,1,0,0,0,0,0,1,1,0
1,2020,6,17,1,5,3,0,0,1,0,0,1,0,0,0,1,1,0
2,2021,4,16,3,5,2,0,1,0,0,0,0,1,1,1,2,1,0
4,2021,6,3,1,0,1,2,1,0,0,0,0,0,0,0,1,1,1
1,2020,1,9,2,3,6,0,0,1,0,0,0,0,0,0,0,1,0
10,2018,8,16,2,5,2,0,0,1,0,1,0,0,0,0,0,1,0
10,2020,2,18,4,5,2,2,1,1,0,0,0,0,1,0,0,1,0
4,2020,11,6,2,5,2,0,0,1,0,0,0,0,0,1,2,0,0
11,2021,8,17,4,5,3,0,0,1,0,0,0,0,0,0,1,1,0
2,2021,1,7,3,5,3,2,0,1,0,0,0,0,1,1,2,0,1
6,2018,4,19,1,2,6,0,0,1,0,1,0,0,0,0,0,1,0
2,2021,2,11,3,1,5,0,1,1,0,0,0,0,1,1,2,1,0
12,2020,10,16,3,0,1,0,1,0,0,0,0,0,0,1,1,1,0
5,2021,11,17,4,2,6,2,0,1,0,0,1,0,0,0,2,0,0
9,2019,4,9,7,1,5,0,1,1,0,0,0,0,0,0,0,1,1
3,2020,2,18,3,6,4,1,0,1,1,0,0,0,0,0,0,1,0
4,2021,10,10,3,2,2,0,1,1,0,0,0,0,1,0,1,1,0
1,2019,5,14,2,2,2,0,0,1,0,0,0,0,0,0,0,0,0
10,2021,10,6,5,5,2,0,0,1,0,0,0,0,0,0,1,1,0
4,2018,4,19,3,6,4,0,0,0,1,0,0,1,0,0,0,1,0
1,2020,2,16,4,5,2,0,1,0,0,0,0,1,0,0,0,1,0
12,2018,8,15,5,5,2,0,1,1,0,0,0,0,0,0,0,1,0
2,2018,8,16,4,1,5,0,1,1,0,0,0,1,0,0,0,1,0
11,2018,12,17,5,0,2,2,0,1,1,0,0,0,1,0,0,1,0
8,2020,5,20,6,1,5,0,1,1,0,0,0,0,0,1,1,0,0
4,2019,8,12,6,5,7,0,0,1,0,1,0,0,0,0,0,0,0
2,2018,10,17,3,5,2,0,1,1,0,0,0,0,0,0,0,1,0
7,2020,6,17,5,5,3,0,1,1,0,0,0,0,1,0,1,1,0
1,2020,9,10,4,3,6,0,1,1,0,0,0,0,0,0,1,0,0
4,2021,1,15,2,5,2,0,1,1,0,0,0,0,1,1,2,0,0
5,2018,2,7,4,2,6,0,0,1,0,0,0,0,0,0,0,1,0
4,2020,6,15,1,2,6,0,0,1,0,0,0,0,1,0,1,1,0
9,2019,4,17,4,2,7,0,0,1,0,0,0,0,0,0,0,1,0
3,2020,11,13,1,2,6,0,1,1,0,0,0,0,0,1,2,0,0
11,2019,4,11,3,2,6,0,0,1,0,1,0,0,0,0,0,1,1
1,2018,6,18,5,5,3,0,1,1,0,0,0,0,0,0,0,0,0
12,2020,1,17,7,5,3,2,0,1,0,0,0,0,1,0,0,1,0
7,2018,7,12,2,5,3,0,0,1,0,0,0,0,0,0,0,2,0
9,2019,4,14,7,4,6,0,1,0,0,0,0,0,0,0,0,1,0
2,2018,6,8,4,5,3,0,1,1,0,0,0,0,0,0,0,0,0
11,2019,4,17,1,4,6,0,0,1,0,0,0,0,0,0,0,1,0
6,2019,1,7,4,6,2,2,0,1,1,0,0,0,1,0,0,1,1
4,2020,3,8,3,0,5,0,1,1,0,0,0,0,0,1,1,0,0
1,2019,11,11,3,6,7,0,0,1,1,0,0,0,1,0,0,0,0
4,2020,8,21,1,8,1,2,0,1,0,0,0,0,1,0,1,1,0
3,2021,8,14,6,2,6,0,0,1,0,0,0,0,0,0,1,1,0
11,2020,5,13,6,5,3,0,0,1,0,1,0,0,0,1,1,0,1
2,2019,12,15,7,5,3,0,0,1,0,0,0,0,1,0,0,1,0
5,2018,3,7,5,6,4,0,0,1,1,0,0,0,0,0,0,1,1
5,2018,5,1,1,0,1,2,1,0,0,0,0,0,0,0,0,0,0
8,2018,2,11,6,6,4,0,0,1,1,0,0,0,0,0,0,1,0
1,2019,7,6,2,6,4,0,1,0,1,0,0,0,0,0,0,2,0
3,2020,3,9,5,2,2,0,1,1,0,0,0,0,0,1,1,0,0
1,2020,5,7,4,0,1,0,0,0,0,1,0,0,0,1,1,0,0
2,2018,12,11,3,2,1,0,0,1,0,0,0,0,0,0,0,1,0
5,2019,7,15,1,5,2,0,0,1,0,0,0,0,1,0,0,2,0
11,2020,6,7,4,0,7,0,0,1,0,1,0,0,0,0,1,1,1
5,2018,3,5,2,5,3,0,0,1,0,0,0,0,0,0,0,1,0
4,2018,2,11,4,2,6,0,0,1,0,0,0,1,0,0,0,1,0
1,2019,10,20,3,1,5,2,1,0,0,0,0,1,1,0,0,1,0
11,2020,3,17,3,5,3,0,1,0,0,0,0,0,0,1,1,0,0
4,2019,7,15,4,2,6,0,0,1,0,1,0,0,0,0,0,2,0
8,2020,6,18,1,0,1,0,1,0,0,0,0,0,0,0,1,1,0
1,2018,7,11,1,1,5,0,1,1,0,0,0,0,0,0,0,2,0
1,2021,8,13,5,5,3,0,1,1,0,0,0,0,0,0,1,1,0
3,2021,8,17,3,5,2,0,0,0,0,1,0,0,0,0,1,1,0
3,2019,1,7,6,5,3,1,1,1,0,0,0,0,2,0,0,1,0
12,2018,1,15,4,6,4,0,0,1,1,0,0,0,0,0,0,0,0
4,2021,6,22,1,3,6,2,0,1,0,0,0,1,0,0,1,1,0
12,2019,7,13,6,2,6,0,0,1,0,0,0,0,1,0,0,2,0
11,2021,3,9,2,2,6,0,0,1,0,0,0,0,0,0,2,0,0
4,2018,2,18,2,3,6,2,1,1,0,0,0,0,0,0,0,1,0
7,2018,5,13,5,2,6,0,0,1,0,0,0,0,0,0,0,0,0
11,2019,6,17,3,5,3,0,1,0,0,0,0,0,0,0,0,1,1
12,2018,4,17,6,5,7,0,0,1,0,0,0,0,0,0,0,1,0
2,2021,10,17,5,5,2,0,1,1,0,0,0,0,1,0,1,1,0
2,2020,5,14,1,2,6,0,0,1,0,0,0,0,0,1,1,0,0
8,2020,9,13,3,5,2,0,1,1,0,0,0,0,0,0,1,0,0
3,2021,3,7,4,5,3,0,1,1,0,0,0,0,0,0,2,0,0
5,2018,1,13,5,6,4,0,0,1,1,0,0,0,0,0,0,0,1
4,2021,3,9,3,2,6,0,0,1,0,0,0,0,0,0,2,0,0
10,2021,3,9,6,4,5,0,1,1,0,0,0,0,0,0,2,0,0
4,2018,3,15,3,0,5,0,1,1,0,0,0,0,0,0,0,1,0
6,2019,10,12,4,5,3,0,1,1,0,0,0,0,0,0,0,1,0
12,2020,5,11,6,5,2,0,1,1,0,0,0,0,0,1,1,0,0
5,2018,5,18,7,2,6,0,0,1,0,0,0,0,0,0,0,0,0
7,2019,12,14,4,3,6,0,0,1,0,0,0,0,0,0,0,1,0
5,2018,6,20,2,6,4,0,0,1,1,0,0,0,0,0,0,0,0
12,2019,6,9,1,5,3,0,0,1,0,0,0,0,0,0,0,1,0
9,2019,5,14,1,3,6,0,0,1,0,0,0,0,0,0,0,0,0
8,2018,5,0,7,3,6,2,0,1,0,0,0,1,0,0,0,0,0
1,2019,10,13,2,6,7,0,0,0,1,0,0,1,0,0,0,1,1
7,2020,1,12,5,3,6,0,1,1,0,0,0,0,0,0,0,1,0
3,2020,4,12,4,5,7,0,1,1,0,0,0,0,0,1,2,1,0
6,2021,10,18,6,6,2,1,0,1,1,0,0,0,1,0,1,1,0
6,2020,7,4,7,1,5,2,0,1,0,1,0,0,0,0,1,2,0
7,2019,6,11,3,5,3,0,1,1,0,0,0,0,0,0,0,1,0
1,2019,2,18,4,5,3,2,0,1,0,0,0,0,1,0,0,1,0
10,2018,3,8,7,5,3,0,0,1,0,0,0,1,1,0,0,1,1
2,2020,5,20,3,5,3,0,0,1,0,0,0,0,0,1,1,0,0
4,2019,8,13,7,5,2,0,1,1,0,0,0,0,0,0,0,0,0
7,2020,4,17,3,5,3,0,1,1,0,0,0,0,0,1,2,1,0
4,2018,4,12,1,1,5,0,1,1,0,0,0,0,0,0,0,1,1
4,2021,9,19,6,0,1,1,0,0,0,1,0,0,0,0,1,0,0
1,2018,6,16,4,6,4,0,0,1,1,0,0,0,0,0,0,0,1
8,2019,8,13,1,2,6,0,0,1,0,1,0,0,0,0,0,0,0
2,2018,1,10,1,5,3,0,0,1,0,0,0,0,0,0,0,0,0
2,2019,5,9,4,5,2,0,1,1,0,0,0,0,0,0,0,0,0
12,2020,11,15,3,5,3,0,0,1,0,0,0,0,0,1,2,0,0
3,2020,9,7,3,5,2,0,0,1,0,0,0,1,0,0,1,0,0
3,2021,11,9,4,5,3,0,1,1,0,0,0,0,0,0,2,0,0
8,2019,6,18,6,5,2,0,0,1,0,0,0,0,0,0,0,1,0
7,2018,6,16,3,2,6,0,0,1,0,0,0,0,0,0,0,0,0
5,2020,3,15,3,1,5,0,0,1,0,0,0,0,0,1,1,0,0
2,2019,9,7,6,3,6,0,1,0,0,0,0,0,0,0,0,0,0
9,2019,11,8,6,2,6,0,0,1,0,0,0,0,0,0,0,0,0
4,2018,6,15,3,1,5,0,1,1,0,0,0,0,0,0,0,0,0
8,2021,10,18,2,6,2,2,0,1,1,0,0,0,0,0,1,1,0
4,2021,9,19,1,1,5,2,0,1,0,0,0,1,0,0,1,0,1
11,2018,7,17,6,4,5,0,1,1,0,0,0,0,0,0,0,2,0
2,2021,9,23,5,5,3,2,0,1,0,0,0,0,1,0,1,0,0
8,2020,1,19,5,5,3,2,1,1,0,0,0,0,0,0,0,1,0
6,2019,11,19,7,5,3,2,0,1,0,0,0,0,1,0,0,0,1
4,2019,6,19,7,2,6,0,0,1,0,0,0,0,0,0,0,1,0
6,2020,3,17,5,5,3,0,0,1,0,0,0,0,0,1,1,0,0
9,2018,3,10,5,6,7,0,0,1,1,0,0,0,0,0,0,1,1
2,2019,5,16,6,2,6,0,0,1,0,1,0,0,0,0,0,0,0
4,2020,12,20,5,6,7,2,0,1,0,0,0,1,1,1,2,1,0
2,2019,10,10,3,2,2,0,1,0,0,0,0,1,0,0,0,1,0
4,2018,5,14,6,3,6,0,1,1,0,0,0,0,0,0,0,0,0
1,2018,5,8,5,2,4,0,1,0,1,0,0,0,0,0,0,0,0
3,2019,6,6,4,6,4,0,1,0,1,0,0,0,0,0,0,1,0
1,2020,3,10,5,5,3,0,0,1,0,0,0,0,1,1,1,0,0
2,2018,1,8,2,6,2,0,0,1,1,0,0,0,0,0,0,0,1
3,2018,10,14,4,2,6,0,0,1,0,0,0,0,0,0,0,1,0
5,2020,7,18,4,2,6,0,0,1,0,0,0,0,1,0,1,2,0
12,2021,10,13,5,5,7,0,0,1,0,1,0,0,0,0,1,1,0
10,2018,4,13,3,5,3,0,1,1,0,0,0,0,0,0,0,1,0
11,2018,12,10,2,5,3,0,0,1,0,0,0,0,1,0,0,1,0
9,2019,5,20,1,0,7,0,0,1,0,0,0,0,0,0,0,0,0
2,2021,11,17,2,6,2,2,0,1,1,0,0,0,1,0,2,0,0
1,2021,8,12,4,2,6,0,0,1,0,1,0,0,0,0,1,1,0
1,2018,9,15,2,0,5,0,1,1,0,0,0,0,0,0,0,0,0
4,2018,2,12,3,5,2,0,1,1,0,0,0,0,1,0,0,1,0
12,2019,11,12,7,5,3,0,0,1,0,0,0,0,0,0,0,0,0
1,2018,9,9,6,5,3,0,1,0,0,0,0,0,0,0,0,0,0
4,2019,9,14,6,2,6,0,0,1,0,0,0,0,0,0,0,0,0
4,2019,7,11,7,2,6,0,1,0,0,0,0,0,0,0,0,2,0
9,2019,3,15,2,2,6,0,0,1,0,0,0,0,1,0,0,0,0
3,2018,5,8,2,5,7,0,1,1,0,0,0,0,0,0,0,0,0
11,2019,2,15,4,5,3,0,1,1,0,0,0,0,0,0,0,1,1
4,2018,9,14,6,5,2,0,0,1,0,1,1,0,0,0,0,0,0
1,2018,6,4,7,3,6,0,1,0,0,0,0,0,0,0,0,0,0
8,2019,10,6,4,8,1,2,0,1,0,0,0,0,1,0,0,1,0
1,2018,8,8,4,3,6,0,0,0,0,1,0,1,0,0,0,1,0
3,2019,10,21,4,5,3,2,1,0,0,1,0,0,1,0,0,1,0
1,2019,6,20,6,5,2,1,0,1,0,0,0,0,0,0,0,1,0
1,2018,8,16,5,5,3,0,0,1,0,0,0,0,0,0,0,1,0
9,2020,6,14,1,5,3,0,1,1,0,0,0,0,1,0,1,1,0
3,2019,1,17,5,5,2,2,1,1,0,0,0,0,0,0,0,1,0
3,2019,6,17,1,1,5,0,1,1,0,0,0,0,0,0,0,1,0
4,2020,5,19,2,2,6,0,0,1,0,0,0,0,1,1,1,0,0
1,2018,9,22,5,0,1,2,0,1,0,1,0,0,0,0,0,0,0
5,2018,3,20,4,5,3,2,0,1,0,0,0,0,0,0,0,1,0
2,2019,9,9,3,5,2,0,1,0,0,0,0,1,1,0,0,0,0
7,2020,1,19,3,5,3,2,0,1,0,1,0,0,1,0,0,1,1
1,2020,10,12,4,5,2,0,1,1,0,0,0,0,1,1,1,1,0
1,2021,9,23,6,6,4,2,1,0,1,0,0,0,0,0,1,0,0
4,2019,8,19,6,0,1,0,0,0,0,1,0,0,0,0,0,0,1
12,2019,12,16,6,5,2,1,1,1,0,0,0,0,0,0,0,1,0
8,2021,8,13,2,5,2,0,0,1,0,1,0,0,0,0,1,1,0
1,2021,7,23,5,5,2,2,0,1,0,0,0,0,0,0,1,2,0
7,2019,6,15,3,3,6,0,0,0,0,1,1,0,0,0,0,1,1
3,2021,9,11,6,6,7,0,0,1,1,0,0,0,0,0,1,0,0
2,2019,7,17,2,2,6,0,0,1,0,0,0,0,0,0,0,2,0
10,2019,10,14,6,5,3,0,0,1,0,1,0,0,0,0,0,1,0
7,2018,11,16,5,5,2,1,1,1,0,0,0,0,0,0,0,0,0
4,2021,2,9,7,5,3,0,0,1,0,0,0,1,1,1,2,1,0
9,2018,9,11,5,3,6,0,1,0,0,0,0,0,0,0,0,0,0
12,2019,12,20,6,4,6,2,1,0,0,0,0,0,0,0,0,1,1
3,2020,3,23,6,5,2,2,0,1,0,0,0,0,0,1,1,0,0
3,2021,3,12,2,6,4,0,0,1,1,0,0,0,0,0,2,0,0
7,2018,9,18,4,3,5,0,0,1,0,0,0,0,0,0,0,0,0
1,2021,3,7,5,5,2,0,1,1,0,0,0,0,0,0,2,0,0
3,2018,3,9,4,0,1,0,0,0,0,1,0,0,1,0,0,1,0
1,2021,4,16,3,3,6,0,1,0,0,0,0,0,0,1,2,1,1
4,2020,10,15,7,1,5,0,1,1,0,0,0,0,0,1,1,1,0
2,2019,9,14,3,2,6,0,0,1,0,1,0,0,1,0,0,0,0
11,2020,4,15,7,0,1,0,1,0,0,0,0,0,0,1,2,1,0
9,2018,7,19,1,3,6,0,1,1,0,0,0,0,1,0,0,2,0
1,2018,8,21,3,5,3,2,1,1,0,0,0,0,0,0,0,1,0
8,2018,4,10,7,5,3,0,0,1,0,0,0,0,0,0,0,1,0
2,2019,7,3,7,0,1,2,0,0,0,1,0,0,0,0,0,2,1
8,2021,8,9,3,5,2,0,0,1,0,0,0,1,0,0,1,1,0
6,2020,6,16,6,0,5,0,1,1,0,0,0,0,1,0,1,1,0
6,2021,6,11,1,0,2,0,0,1,0,1,0,0,0,0,1,1,1
4,2018,4,16,3,5,7,0,0,1,0,1,0,0,0,0,0,1,0
9,2021,11,19,4,5,3,0,1,0,0,1,0,0,1,0,2,0,1
5,2020,12,19,6,2,6,2,0,1,0,0,0,0,0,1,2,1,0
4,2021,6,15,6,5,2,0,1,1,0,0,0,0,0,0,1,1,0
1,2020,8,22,2,5,3,2,0,1,0,1,0,0,0,0,1,1,0
3,2021,7,10,4,2,6,0,0,1,0,0,1,0,1,0,1,2,0
2,2020,2,9,3,5,3,0,1,1,0,0,0,0,1,0,0,1,0