BEZ,UJAHR,UMONAT,USTUNDE,UWOCHENTAG,UART,UTYP1,ULICHTVERH,IstRad,IstPKW,IstFuss,IstKrad,IstGkfz,IstSonstige,USTRZUSTAND,LOCKDOWN,COVID,FERIEN,UKATEGORIE
4,2021,7,15,7,6,4,0,1,0,1,0,0,0,0,0,1,2,0
3,2021,12,6,6,0,1,1,0,0,0,1,0,0,2,1,2,1,0
10,2019,10,19,5,3,6,2,1,1,0,0,0,0,1,0,0,1,1
9,2018,10,9,1,6,4,0,1,0,1,0,0,0,0,0,0,1,1
5,2019,4,15,3,2,6,0,0,1,0,0,0,0,0,0,0,1,0
11,2020,6,6,2,5,3,0,1,1,0,0,0,0,0,0,1,1,0
2,2020,3,12,4,5,2,0,0,1,0,0,1,0,0,1,1,0,0
2,2021,4,19,6,2,6,0,1,1,0,0,0,0,0,1,2,1,0
5,2018,4,8,2,1,5,0,0,1,0,0,0,0,1,0,0,1,0
4,2021,12,15,3,0,1,0,1,0,0,0,0,0,2,1,2,1,0
3,2020,2,12,3,5,3,0,1,1,0,0,0,0,1,0,0,1,0
1,2018,7,13,2,6,7,0,0,1,1,0,0,0,0,0,0,2,0
9,2021,8,12,2,6,4,0,0,0,1,0,0,1,1,0,1,1,1
1,2019,11,15,3,0,1,0,0,0,0,1,0,0,0,0,0,0,0
6,2021,8,16,2,2,3,0,1,1,0,0,0,0,0,0,1,1,0
3,2018,10,7,2,2,6,0,0,1,0,0,0,0,0,0,0,1,0
12,2018,6,13,3,2,2,0,0,1,0,0,0,0,0,0,0,0,0
4,2019,7,12,2,2,6,0,0,1,0,0,0,0,0,0,0,2,0
10,2019,1,16,5,6,4,0,0,1,1,0,0,0,0,0,0,1,0
2,2021,1,19,2,5,2,2,1,1,0,0,0,0,1,1,2,0,0
9,2020,10,10,5,5,3,0,1,1,0,0,0,0,0,1,1,1,0
12,2018,10,19,6,5,2,2,0,1,0,1,0,0,0,0,0,1,0
2,2021,9,16,2,0,2,0,1,1,0,0,0,0,0,0,1,0,0
8,2021,4,17,3,5,3,0,1,1,0,1,0,0,0,1,2,1,0
1,2019,6,20,7,2,6,0,0,1,0,0,0,0,0,0,0,1,0
9,2020,12,1,2,9,1,2,0,1,0,0,0,0,1,1,2,1,0
6,2020,9,12,2,5,2,0,0,1,0,0,0,0,0,0,1,0,0
1,2020,8,16,7,6,4,0,0,1,1,0,0,0,0,0,1,1,0
3,2018,4,17,7,5,2,0,1,1,0,0,0,0,0,0,0,1,0
4,2021,9,16,4,2,6,0,0,1,0,0,0,0,0,0,1,0,0
1,2019,12,16,1,3,6,2,1,0,0,0,0,0,1,0,0,1,0
6,2018,3,12,3,1,3,0,1,1,0,0,0,0,0,0,0,1,0
7,2018,6,10,4,5,2,0,1,1,0,0,0,0,0,0,0,0,0
1,2019,9,10,1,1,5,0,1,1,0,0,0,0,0,0,0,0,0
1,2020,8,16,4,2,6,0,0,1,0,0,0,0,0,0,1,1,0
6,2020,7,19,7,5,3,0,0,1,0,0,0,0,0,0,1,2,1
12,2019,5,13,3,5,3,0,1,1,0,0,0,0,0,0,0,0,0
9,2019,12,11,5,8,1,0,0,1,0,0,0,0,1,0,0,1,0
9,2019,7,12,5,5,3,0,0,0,0,0,1,1,0,0,0,2,0
2,2019,7,7,4,5,2,0,1,1,0,0,0,0,0,0,0,2,0
11,2021,5,15,7,5,2,0,0,1,0,0,0,0,0,1,2,1,0
1,2019,6,2,4,0,7,2,0,1,0,0,0,1,0,0,0,1,1
4,2020,7,4,5,9,1,1,0,1,0,0,0,0,0,0,1,2,0
7,2019,11,11,6,1,5,0,0,1,0,0,0,0,0,0,0,0,1
8,2020,10,13,5,5,3,0,0,1,0,0,0,0,1,1,1,1,0
1,2019,2,17,7,9,1,2,0,0,0,0,0,1,0,0,0,1,0
4,2018,7,11,5,2,6,0,0,1,0,0,0,0,0,0,0,2,0
10,2021,8,11,2,5,3,0,0,1,0,0,0,0,1,0,1,1,0
11,2020,4,18,3,2,2,0,0,1,0,1,0,0,0,1,2,1,0
10,2021,9,7,4,0,6,0,0,1,0,1,0,0,0,0,1,0,0
2,2020,9,10,5,5,3,0,0,1,0,0,0,1,0,0,1,0,0
12,2021,11,14,6,2,6,0,0,1,0,0,0,0,0,0,2,0,0
3,2019,6,0,7,2,7,2,1,1,0,0,0,0,0,0,0,1,0
1,2018,2,16,2,2,6,0,0,1,0,0,0,0,0,0,0,1,0
4,2018,9,15,5,6,4,0,1,0,1,0,0,0,0,0,0,0,0
4,2021,12,17,2,2,6,2,0,1,0,0,0,0,0,1,2,1,0
5,2019,9,16,4,4,1,0,0,1,0,0,0,0,1,0,0,0,0
10,2021,11,16,2,5,2,2,1,1,0,0,0,0,1,0,2,0,0
7,2019,1,1,3,5,3,2,0,1,0,0,0,1,1,0,0,1,1
5,2019,12,13,3,0,6,0,0,1,0,0,0,1,1,0,0,1,0
1,2018,8,7,3,5,2,0,0,1,0,0,0,1,0,0,0,1,0
5,2021,4,14,1,5,2,0,0,1,0,0,0,0,0,1,2,1,1
3,2018,7,17,5,5,3,0,1,0,0,0,0,1,0,0,0,2,0
2,2019,2,7,6,6,7,0,0,1,1,0,0,0,0,0,0,1,0
9,2021,7,12,7,3,6,0,0,1,0,1,0,0,0,0,1,2,0
6,2018,5,18,3,3,6,0,0,1,0,1,0,0,0,0,0,0,1
9,2021,6,7,4,2,6,0,0,1,0,0,0,0,0,0,1,1,0
8,2020,1,5,1,0,7,2,0,1,0,0,0,0,0,0,0,1,0
6,2018,11,6,2,5,2,1,0,1,0,0,0,0,1,0,0,0,0
1,2021,11,19,6,2,6,1,0,1,0,0,0,0,0,0,2,0,0
11,2018,5,5,5,5,3,1,1,1,0,0,0,0,0,0,0,0,1
4,2018,1,8,7,3,2,0,0,1,0,0,0,0,0,0,0,0,0
5,2020,6,16,5,5,2,0,0,1,0,1,0,0,0,0,1,1,0
8,2018,4,17,2,0,2,0,0,1,0,1,0,0,0,0,0,1,0
10,2021,11,22,1,4,6,2,0,1,0,0,0,0,1,0,2,0,0
1,2020,11,22,4,5,2,2,1,1,0,0,0,0,0,1,2,0,0
10,2019,9,12,6,2,2,0,0,1,0,1,0,0,0,0,0,0,0
7,2020,5,12,4,5,3,0,0,1,0,1,0,0,0,1,1,0,0
10,2021,11,15,2,5,3,0,0,1,0,0,0,1,0,0,2,0,0
4,2019,11,15,3,3,6,0,0,1,0,0,1,0,0,0,0,0,0
5,2019,6,12,3,5,2,0,1,0,0,0,1,0,0,0,0,1,0
11,2020,4,14,4,5,2,0,1,1,0,0,0,0,0,1,2,1,0
3,2020,1,14,3,2,6,0,0,1,0,0,0,1,1,0,0,1,0
3,2019,11,14,6,2,6,0,0,1,0,0,0,0,0,0,0,0,0
9,2020,12,16,3,2,6,2,0,1,0,0,0,0,0,1,2,1,0
1,2021,8,18,7,5,2,0,1,1,0,0,0,0,0,0,1,1,0
8,2021,3,16,2,6,2,0,0,1,1,0,0,0,0,0,2,0,0
8,2020,7,17,1,0,1,0,0,1,0,0,0,0,0,0,1,2,0
7,2018,3,19,7,2,6,2,0,1,0,0,0,0,1,0,0,1,0
12,2020,7,17,7,5,3,0,1,1,0,0,0,0,0,0,1,2,0
3,2019,11,7,2,5,2,2,1,1,0,0,0,0,0,0,0,0,1
8,2020,4,18,2,5,3,0,1,1,0,0,0,0,0,1,2,1,0
12,2021,7,14,5,2,6,0,0,1,0,0,0,0,0,0,1,2,0
4,2018,4,19,4,0,3,1,0,1,0,1,0,0,0,0,0,1,0
11,2021,9,10,6,1,5,0,1,1,0,0,0,0,0,0,1,0,0
8,2021,12,17,6,2,4,2,1,1,1,0,0,0,0,1,2,1,0
1,2018,3,14,2,2,6,0,0,1,0,0,0,0,0,0,0,1,0
3,2019,6,15,3,6,4,0,1,0,1,0,0,0,0,0,0,1,0
6,2019,8,18,6,5,3,0,1,1,0,0,0,0,0,0,0,0,0
10,2020,8,17,3,5,3,0,0,1,0,1,0,0,0,0,1,1,0
12,2020,9,22,7,3,6,2,0,1,0,0,0,0,0,0,1,0,0
6,2018,12,16,6,5,2,2,1,1,0,0,0,0,1,0,0,1,0
7,2021,2,14,2,6,2,0,0,1,1,0,0,0,2,1,2,1,0
2,2020,5,15,6,3,6,0,0,1,0,1,0,0,0,1,1,0,0
2,2019,7,23,4,5,7,2,0,1,0,1,0,0,1,0,0,2,0
6,2020,9,9,4,5,2,0,1,1,0,0,0,0,0,0,1,0,0
10,2018,1,16,1,2,2,1,0,1,0,0,0,0,0,0,0,0,0
11,2020,7,23,6,0,1,2,1,0,0,0,0,0,0,0,1,2,0
1,2018,5,9,6,0,1,0,0,0,0,1,0,0,0,0,0,0,0
11,2018,6,14,6,0,1,0,0,0,0,1,0,0,0,0,0,0,1
1,2018,2,18,2,5,2,2,1,1,0,0,0,0,0,0,0,1,0
8,2021,4,8,1,0,1,0,0,0,0,1,0,0,1,1,2,1,0
7,2020,6,19,3,1,7,0,0,1,0,0,0,0,0,0,1,1,1
9,2021,1,18,5,2,6,2,0,1,0,0,0,0,1,1,2,0,0
3,2018,5,9,3,1,5,0,1,1,0,0,0,0,0,0,0,0,0
8,2018,11,8,4,5,3,0,1,1,0,0,0,0,0,0,0,0,0
9,2021,9,11,5,5,2,0,1,1,0,0,0,0,0,0,1,0,0
1,2019,4,15,4,5,3,0,1,1,0,0,0,0,0,0,0,1,0
8,2021,6,8,2,5,3,0,1,0,0,0,0,0,0,0,1,1,0
2,2020,5,8,4,1,5,0,1,1,0,0,0,0,0,1,1,0,0
11,2020,9,7,2,5,2,0,1,1,0,0,0,0,0,0,1,0,0
3,2021,12,8,2,6,2,0,0,1,1,0,0,0,0,1,2,1,0
2,2020,7,13,2,5,3,0,0,1,0,0,0,0,0,0,1,2,0
4,2019,8,14,3,5,3,0,1,1,0,0,0,0,0,0,0,0,0
6,2018,8,15,1,5,2,0,1,0,0,0,0,0,0,0,0,1,0
2,2020,6,17,2,5,2,0,1,0,0,0,0,0,0,0,1,1,0
3,2019,8,16,3,5,2,0,1,1,0,0,0,0,0,0,0,0,0
2,2019,3,17,3,3,2,0,0,1,0,1,0,0,0,0,0,0,0
1,2020,10,1,7,1,5,2,1,1,0,0,0,0,1,1,1,1,0
10,2019,9,17,5,2,6,0,0,1,0,0,0,0,0,0,0,0,0
4,2020,3,16,3,5,3,0,0,1,0,1,0,0,1,1,1,0,0
2,2021,11,16,4,2,6,1,0,1,0,0,0,1,1,0,2,0,0
6,2020,3,12,4,5,2,0,0,1,0,0,0,0,0,1,1,0,0
7,2018,9,19,2,0,4,0,0,0,1,0,0,1,0,0,0,0,0
9,2021,6,16,4,0,1,0,1,0,0,0,0,1,0,0,1,1,0
9,2021,11,11,4,5,3,0,1,0,0,1,0,0,0,0,2,0,0
4,2019,8,14,1,3,6,0,0,1,0,1,0,0,0,0,0,0,0
1,2021,7,18,4,5,2,0,1,1,0,0,0,0,0,0,1,2,0
2,2018,9,12,7,5,3,0,1,1,0,0,0,0,0,0,0,0,0
1,2018,1,6,5,5,3,2,1,1,0,0,0,0,1,0,0,0,0
4,2018,9,16,3,0,2,0,1,0,0,0,1,0,0,0,0,0,0
10,2021,11,9,5,5,3,0,1,1,0,0,0,0,0,0,2,0,0
8,2018,1,21,7,2,6,2,0,1,0,0,0,0,0,0,0,0,0
10,2018,6,13,4,5,3,0,1,1,0,0,0,0,0,0,0,0,0
10,2019,4,20,2,6,4,2,0,1,1,0,0,0,0,0,0,1,1
1,2020,10,17,5,2,6,0,0,1,0,0,0,1,1,1,1,1,0
4,2021,8,10,2,3,6,0,1,1,0,0,0,0,0,0,1,1,0
1,2018,6,20,2,5,7,1,0,1,0,0,0,0,0,0,0,0,0
6,2021,3,9,4,5,2,0,1,0,0,0,1,0,0,0,2,0,0
1,2018,8,5,5,6,4,2,0,0,1,1,0,0,0,0,0,1,1
5,2018,11,8,5,3,6,0,0,1,0,1,0,1,0,0,0,0,0
7,2020,12,7,6,1,5,1,0,1,0,0,0,0,1,1,2,1,0
11,2021,9,15,3,5,3,0,1,1,0,0,0,0,0,0,1,0,0
3,2021,8,7,5,5,3,0,1,1,0,0,0,0,1,0,1,1,0
5,2020,1,18,7,2,2,2,0,1,0,0,0,0,0,0,0,1,0
2,2019,5,11,4,0,6,0,0,1,0,1,0,0,0,0,0,0,0
5,2018,11,18,2,4,1,1,0,1,0,0,0,0,1,0,0,0,0
11,2018,6,11,6,5,2,0,1,1,0,0,0,0,0,0,0,0,0
1,2019,3,21,5,5,3,2,0,1,0,0,0,0,1,0,0,0,0
2,2018,3,17,5,0,3,2,0,1,0,1,0,0,0,0,0,1,0
1,2021,8,17,2,6,4,0,1,0,1,0,0,0,0,0,1,1,0
3,2019,8,21,7,0,7,1,0,0,0,1,0,0,1,0,0,0,0
6,2018,6,17,3,5,2,0,1,1,0,0,0,0,0,0,0,0,0
5,2020,6,15,5,5,3,0,0,1,0,0,0,0,0,0,1,1,0
4,2020,10,16,5,3,6,0,0,1,0,0,1,0,1,1,1,1,0
5,2021,8,19,7,5,2,0,1,1,0,0,0,0,0,0,1,1,0
1,2020,10,21,7,6,4,2,1,0,1,0,0,0,0,1,1,1,0
6,2021,5,18,1,4,6,0,1,1,0,0,0,0,1,1,2,1,0
4,2018,12,14,2,5,2,0,0,1,0,0,0,0,0,0,0,1,0
8,2019,5,20,1,0,7,1,1,1,0,0,0,0,0,0,0,0,0
9,2019,11,16,3,2,6,2,0,1,0,0,0,0,0,0,0,0,0
6,2020,9,15,3,3,6,0,0,1,0,0,0,0,0,0,1,0,0
2,2019,1,7,5,6,2,0,0,1,1,0,0,0,1,0,0,1,0
2,2018,9,7,5,5,3,0,1,1,0,0,0,0,0,0,0,0,0
4,2019,3,20,5,5,2,2,1,1,0,0,0,0,1,0,0,0,0
7,2021,3,14,6,1,7,0,1,1,0,0,0,0,0,0,2,0,0
10,2020,5,16,4,5,3,0,0,1,0,0,0,1,0,1,1,0,0
4,2021,12,16,5,6,4,2,0,1,1,0,0,0,2,1,2,1,0
9,2021,6,9,3,1,5,0,0,1,0,1,0,0,0,0,1,1,0
12,2019,10,11,7,2,6,0,0,1,0,0,0,1,0,0,0,1,0
3,2020,9,14,2,5,2,0,0,1,0,0,0,0,0,0,1,0,1
2,2019,5,18,2,6,4,0,0,1,1,1,0,0,0,0,0,0,0
2,2020,3,17,6,2,6,0,0,1,0,0,0,0,0,1,1,0,0
11,2021,6,16,2,2,6,0,0,1,0,0,0,1,0,0,1,1,0
4,2019,8,13,5,2,6,0,0,1,0,0,0,0,0,0,0,0,0
5,2021,9,20,4,1,5,0,1,1,0,0,0,0,0,0,1,0,0
1,2019,6,0,6,5,3,2,1,1,0,0,0,0,0,0,0,1,0
1,2020,11,23,2,0,1,2,1,0,0,0,0,0,1,1,2,0,1
8,2019,4,20,6,5,2,0,0,1,0,0,0,0,0,0,0,1,1
4,2018,11,9,1,6,7,0,1,0,1,0,0,0,1,0,0,0,0
8,2021,6,10,3,5,7,0,0,1,0,0,0,1,0,0,1,1,0
1,2018,11,9,5,0,1,0,0,0,0,1,0,0,0,0,0,0,0
11,2021,9,13,6,5,2,0,1,1,0,0,0,0,0,0,1,0,1
7,2019,4,16,5,5,2,0,0,1,0,1,0,0,0,0,0,1,0
10,2020,12,17,3,5,3,2,0,1,0,1,0,0,1,1,2,1,1
4,2020,5,20,4,5,3,1,0,1,0,1,0,0,0,1,1,0,0
11,2018,9,13,6,6,7,0,0,0,1,0,0,1,0,0,0,0,0
7,2018,6,20,5,1,6,0,0,1,0,0,0,1,0,0,0,0,1
1,2019,11,15,1,2,6,0,0,1,0,0,0,0,0,0,0,0,0
4,2020,10,9,3,3,6,0,0,1,0,0,0,0,0,1,1,1,0
1,2019,3,9,3,5,2,0,1,1,0,0,0,0,0,0,0,0,0
2,2021,8,10,3,1,5,0,0,1,0,0,1,0,0,0,1,1,0
1,2019,3,17,3,5,3,0,1,0,0,0,1,0,0,0,0,0,0
7,2019,9,14,5,2,6,0,0,1,0,0,0,0,0,0,0,0,0
5,2018,11,16,2,5,2,1,1,1,0,0,0,0,0,0,0,0,0
7,2018,8,6,2,0,2,0,0,0,0,0,0,1,0,0,0,1,0
9,2019,7,7,3,5,7,0,1,0,0,0,0,1,0,0,0,2,0
12,2018,8,18,4,5,3,0,1,1,0,0,0,0,0,0,0,1,0
1,2020,7,10,5,1,5,0,1,1,0,0,0,0,0,0,1,2,0
2,2018,7,15,2,5,3,0,0,1,0,0,0,0,0,0,0,2,0
2,2019,12,19,2,6,2,2,0,1,1,0,0,0,1,0,0,1,0
9,2020,2,22,2,0,1,2,0,0,0,1,0,0,1,0,0,1,0
4,2020,3,1,6,2,6,2,0,1,0,0,0,0,0,1,1,0,0
4,2020,6,15,3,2,6,0,0,1,0,0,0,0,0,0,1,1,0
12,2019,12,21,2,6,4,2,0,1,1,0,0,0,1,0,0,1,0
7,2020,8,19,6,5,7,1,0,1,0,0,0,0,0,0,1,1,1
6,2020,4,20,5,5,3,2,0,1,0,0,0,0,0,1,2,1,0
7,2019,8,18,6,1,5,0,1,1,0,0,0,0,0,0,0,0,0
6,2019,11,17,7,6,2,2,0,1,1,0,0,0,0,0,0,0,0
11,2020,12,18,4,6,2,2,0,1,1,0,0,0,1,1,2,1,0
3,2020,3,17,5,6,4,1,0,1,1,0,0,0,0,1,1,0,0
6,2019,3,15,4,2,2,0,1,1,0,0,0,0,0,0,0,0,0
1,2018,7,20,2,3,6,0,1,1,0,0,0,0,0,0,0,2,0
5,2019,10,17,4,2,6,0,0,1,0,0,0,1,1,0,0,1,0
1,2020,6,22,6,2,6,2,0,1,0,1,0,0,0,0,1,1,0
1,2019,7,17,4,2,6,0,0,1,0,0,0,0,1,0,0,2,0
3,2018,2,17,4,6,4,1,0,1,1,0,0,0,0,0,0,1,0
7,2020,10,16,5,1,7,0,0,1,0,0,0,0,1,1,1,1,0
7,2019,8,1,4,8,1,2,0,1,0,0,0,0,0,0,0,0,0
2,2020,11,19,2,4,7,2,1,1,0,0,0,0,0,1,2,0,0
1,2020,6,14,6,2,6,0,0,1,0,0,0,0,0,0,1,1,0
4,2021,6,9,3,6,7,0,1,0,1,0,0,0,0,0,1,1,0
4,2020,4,9,4,5,3,0,0,1,0,0,0,0,1,1,2,1,0
2,2020,10,14,1,5,3,0,0,1,0,0,0,0,1,1,1,1,0
4,2018,12,16,6,2,2,2,0,1,0,0,0,1,1,0,0,1,0
2,2020,5,18,7,5,3,0,1,1,0,0,0,0,0,1,1,0,0
5,2019,9,7,5,5,3,0,1,1,0,0,0,0,0,0,0,0,0
1,2018,9,14,1,6,7,0,1,0,1,0,0,0,0,0,0,0,0
12,2020,8,18,2,6,4,0,0,1,1,0,0,0,0,0,1,1,1
1,2018,12,13,5,5,3,0,1,1,0,0,0,0,1,0,0,1,0
9,2019,12,14,5,6,4,0,0,1,1,0,0,0,0,0,0,1,1
5,2019,5,16,3,5,7,0,0,1,0,0,1,0,0,0,0,0,1
4,2018,8,17,6,2,6,0,0,1,0,0,0,0,0,0,0,1,0
11,2019,9,14,6,3,6,0,0,1,0,0,0,0,1,0,0,0,0
7,2018,2,14,4,1,5,0,1,1,0,0,0,0,0,0,0,1,0
11,2020,8,14,5,5,3,0,1,1,0,0,0,0,0,0,1,1,0
12,2021,6,13,4,2,6,0,0,1,0,0,0,0,1,0,1,1,0
10,2020,7,21,1,5,2,2,1,1,0,0,0,0,1,0,1,2,0
2,2021,10,14,6,5,2,0,1,1,0,0,0,0,0,0,1,1,0
3,2021,9,14,3,5,3,0,1,0,0,0,0,0,0,0,1,0,0
2,2020,5,23,4,5,2,2,1,1,0,0,0,0,0,1,1,0,0
11,2020,3,11,1,0,1,0,0,0,0,1,0,0,0,1,1,0,0
8,2019,6,20,4,5,3,0,0,1,0,0,0,0,0,0,0,1,0
12,2021,5,14,6,5,3,0,1,1,0,0,0,0,1,1,2,1,0
5,2021,11,4,7,0,1,2,0,0,0,0,0,1,0,0,2,0,0
8,2021,10,10,7,2,6,0,0,1,0,0,0,0,0,0,1,1,0
2,2018,10,17,4,5,3,2,1,1,0,0,0,0,0,0,0,1,0
1,2019,10,2,3,0,7,2,0,0,0,0,0,1,0,0,0,1,0
4,2019,10,17,4,4,7,2,1,0,0,0,0,1,0,0,0,1,1
11,2019,4,7,1,0,1,0,1,0,0,0,0,0,0,0,0,1,0
6,2019,11,20,3,5,3,2,1,1,0,0,0,0,1,0,0,0,0
6,2018,3,15,2,5,2,0,1,0,0,0,0,1,0,0,0,1,0
1,2021,2,20,5,5,3,2,1,1,0,0,0,0,0,1,2,1,0
9,2019,5,17,6,2,6,0,0,1,0,0,0,0,0,0,0,0,0
11,2021,12,14,5,5,2,0,0,1,0,0,0,0,1,1,2,1,0
3,2021,5,19,5,5,3,0,1,1,0,0,0,0,1,1,2,1,0
11,2021,4,20,5,5,3,2,0,1,0,0,0,1,0,1,2,1,0
7,2018,11,8,3,5,3,0,0,1,0,1,0,0,0,0,0,0,1
9,2021,1,13,3,0,7,0,0,0,0,0,1,0,0,1,2,0,0
2,2018,9,16,7,0,7,0,0,0,0,1,0,0,0,0,0,0,1
5,2019,12,23,7,5,2,2,0,1,0,0,0,0,1,0,0,1,0
11,2020,1,7,5,5,2,2,1,1,0,0,0,0,0,0,0,1,0
1,2019,1,6,4,5,2,1,1,1,0,0,0,0,0,0,0,1,0
3,2019,7,16,5,3,6,0,1,1,0,0,0,0,0,0,0,2,0
2,2018,1,13,7,1,5,0,0,1,0,0,0,0,1,0,0,0,0
2,2019,10,16,5,2,7,0,0,1,0,0,0,0,1,0,0,1,0
9,2018,4,15,3,5,3,0,0,1,0,0,0,0,0,0,0,1,0
2,2018,5,10,5,0,2,0,1,0,0,0,1,0,0,0,0,0,0
2,2018,5,11,3,5,2,0,1,1,0,0,0,0,0,0,0,0,0
8,2019,7,20,2,2,7,1,0,1,0,1,0,0,0,0,0,2,0
4,2020,12,8,3,0,1,0,1,0,0,0,0,0,1,1,2,1,0
12,2018,12,16,4,6,4,1,0,1,1,0,0,0,0,0,0,1,0
5,2019,8,15,7,2,6,0,0,1,0,0,0,0,0,0,0,0,0
11,2021,9,14,1,1,5,0,1,0,0,0,0,1,0,0,1,0,0
9,2019,2,10,4,2,6,0,0,1,0,0,0,0,0,0,0,1,0
3,2021,12,18,2,6,4,2,0,1,1,0,0,0,1,1,2,1,0
3,2018,5,16,3,1,5,0,1,1,0,0,0,0,1,0,0,0,0
1,2018,6,11,2,5,2,0,1,1,0,0,0,0,0,0,0,0,0
1,2020,12,10,7,5,2,0,0,1,0,0,0,0,1,1,2,1,0
8,2020,10,15,4,6,4,0,0,1,1,0,0,0,1,1,1,1,0
1,2020,7,6,2,6,4,0,0,1,1,0,0,0,0,0,1,2,0
12,2019,6,21,7,0,6,1,0,1,0,1,0,0,0,0,0,1,0
1,2021,11,17,7,6,4,1,0,1,1,0,0,0,0,0,2,0,1
12,2019,6,23,7,2,7,2,0,0,0,0,0,1,0,0,0,1,0
6,2020,6,18,1,5,3,0,0,1,0,0,0,0,0,0,1,1,0
11,2018,10,14,5,5,3,0,1,1,0,0,0,0,0,0,0,1,0
3,2021,9,13,6,5,3,0,0,1,0,0,0,1,0,0,1,0,0
5,2018,5,18,3,5,2,0,1,0,0,0,0,1,0,0,0,0,0
7,2018,5,18,3,0,1,0,0,0,0,1,0,0,0,0,0,0,0
1,2018,11,13,7,5,7,0,0,1,0,0,0,0,1,0,0,0,0
3,2021,8,10,3,5,3,0,1,1,0,0,0,0,1,0,1,1,1
3,2020,2,20,6,6,2,2,0,1,1,0,0,0,0,0,0,1,0
11,2018,8,13,1,0,7,0,0,1,0,1,0,0,1,0,0,1,0
2,2018,5,15,4,5,3,0,1,1,0,0,0,0,0,0,0,0,0
3,2018,5,16,5,5,3,0,1,1,0,0,0,0,0,0,0,0,0
6,2019,6,18,5,6,4,0,0,1,1,0,0,0,1,0,0,1,1
6,2019,8,15,4,0,1,0,1,0,0,0,0,0,0,0,0,0,0
2,2020,4,0,7,5,3,2,1,1,0,0,0,0,0,1,2,1,0
4,2020,1,18,4,5,3,2,1,1,0,0,0,0,1,0,0,1,0
6,2020,8,20,5,5,2,0,1,1,0,0,0,0,0,0,1,1,1
2,2020,3,15,6,3,6,0,1,0,0,0,1,0,1,1,1,0,0
2,2021,10,16,6,5,3,0,1,1,0,0,0,0,0,0,1,1,0
3,2018,6,19,7,5,2,0,0,1,0,1,0,0,0,0,0,0,1
3,2020,2,17,7,5,3,1,1,1,0,0,0,0,0,0,0,1,0
1,2019,1,16,3,5,2,2,0,1,0,0,0,0,1,0,0,1,0
8,2021,10,14,3,0,5,0,0,1,0,0,0,0,0,0,1,1,0
2,2021,8,19,6,5,3,0,1,0,0,0,0,0,0,0,1,1,0
3,2019,9,7,6,3,6,0,1,1,0,0,0,0,0,0,0,0,0
8,2020,8,6,7,1,7,0,0,1,0,0,0,0,0,0,1,1,0
4,2020,6,22,6,1,5,2,1,0,0,0,0,1,0,0,1,1,1
3,2020,10,0,1,9,7,2,0,0,0,0,0,1,0,1,1,1,0
2,2019,3,19,7,6,4,2,0,1,1,0,0,0,1,0,0,0,1
4,2021,8,11,3,2,6,0,0,1,0,1,0,0,0,0,1,1,1
8,2020,7,11,2,0,2,0,1,0,0,0,0,1,0,0,1,2,0
4,2021,4,17,4,5,2,0,0,1,0,0,0,0,0,1,2,1,1
10,2020,7,1,4,9,1,2,0,1,0,0,0,0,0,0,1,2,0
8,2020,1,17,4,5,3,2,0,1,0,0,0,0,1,0,0,1,1
12,2019,12,18,2,6,2,2,0,0,1,0,0,1,1,0,0,1,1
11,2018,11,15,2,5,7,0,0,0,0,0,1,1,0,0,0,0,0
4,2019,6,18,2,1,5,0,1,1,0,0,0,0,0,0,0,1,0
2,2021,12,16,1,9,1,2,0,1,0,0,0,0,1,1,2,1,0
11,2021,9,15,2,5,3,0,1,1,0,0,0,0,0,0,1,0,0
5,2018,5,11,4,1,5,0,1,1,0,0,0,0,0,0,0,0,0
3,2021,3,10,7,2,6,0,0,1,0,0,0,0,0,0,2,0,0
7,2021,8,15,4,5,3,0,1,0,0,0,0,0,0,0,1,1,1
5,2019,11,7,5,5,2,0,0,1,0,0,0,1,0,0,0,0,0
12,2020,1,15,6,3,6,0,0,1,0,0,0,0,0,0,0,1,0
4,2019,5,7,4,2,6,0,1,0,0,0,0,0,0,0,0,0,0
5,2020,8,6,6,5,3,0,1,1,0,0,0,0,0,0,1,1,0
3,2020,11,9,2,2,6,0,0,1,0,0,0,1,0,1,2,0,1
12,2019,2,19,4,6,4,2,0,1,1,0,0,0,0,0,0,1,1
1,2019,6,7,6,1,5,0,1,1,0,0,0,0,0,0,0,1,0
4,2021,7,15,3,1,5,0,1,1,0,0,0,0,0,0,1,2,0
6,2020,2,8,5,5,2,0,1,1,0,0,0,0,0,0,0,1,0
8,2019,2,16,4,5,2,0,0,1,0,1,0,0,0,0,0,1,1
4,2018,6,9,3,0,4,0,0,0,1,0,0,1,0,0,0,0,0
11,2020,4,10,2,5,3,0,0,1,0,0,0,0,0,1,2,1,0
2,2020,6,9,3,3,6,0,1,0,0,0,0,0,0,0,1,1,1
6,2019,6,18,4,0,7,0,1,0,0,0,0,0,0,0,0,1,0
8,2021,6,16,3,3,2,0,1,1,0,0,0,0,0,0,1,1,0
11,2018,6,16,3,2,7,0,0,1,0,0,0,0,0,0,0,0,0
2,2019,7,15,4,3,6,0,1,1,0,0,0,0,0,0,0,2,0
11,2019,7,16,4,0,7,0,1,1,0,0,0,0,0,0,0,2,0
9,2020,5,15,7,2,6,0,0,1,0,0,0,0,1,1,1,0,0