BEZ,UJAHR,UMONAT,USTUNDE,UWOCHENTAG,UART,UTYP1,ULICHTVERH,IstRad,IstPKW,IstFuss,IstKrad,IstGkfz,IstSonstige,USTRZUSTAND,LOCKDOWN,COVID,FERIEN,UKATEGORIE
1,2019,4,12,7,6,4,0,0,0,1,0,1,0,0,0,0,1,0
4,2019,12,14,1,2,6,0,0,1,0,0,0,0,0,0,0,1,0
2,2020,10,23,2,5,3,2,0,1,0,1,0,0,0,1,1,1,1
10,2020,6,8,3,5,3,0,1,0,0,0,0,1,0,0,1,1,0
4,2019,7,19,2,5,2,0,0,1,0,0,0,0,0,0,0,2,1
1,2018,5,5,5,5,2,0,1,0,0,1,0,0,0,0,0,0,0
11,2019,10,20,6,6,4,2,0,1,1,0,0,0,1,0,0,1,0
4,2020,9,5,6,5,3,2,1,1,0,0,0,0,1,0,1,0,0
10,2021,10,15,6,0,3,0,0,1,0,1,0,0,1,0,1,1,1
4,2018,9,14,6,5,3,0,1,0,0,0,0,1,0,0,0,0,0
7,2018,4,17,3,2,6,0,0,1,0,0,0,0,0,0,0,1,0
4,2018,5,14,1,2,6,0,0,1,0,0,0,0,0,0,0,0,0
9,2018,2,15,2,6,4,0,0,1,1,0,0,0,0,0,0,1,0
7,2019,1,11,2,5,2,0,0,1,0,0,0,1,0,0,0,1,0
1,2019,7,12,2,5,7,0,0,1,0,0,1,0,0,0,0,2,0
1,2020,5,9,3,0,1,0,1,0,0,0,0,0,0,1,1,0,0
1,2019,6,4,1,9,1,1,0,1,0,0,0,0,0,0,0,1,0
3,2021,1,17,4,5,2,2,0,1,0,0,0,0,1,1,2,0,0
2,2018,4,12,6,0,7,0,1,0,0,0,0,0,0,0,0,1,0
4,2018,8,9,7,3,6,0,0,1,0,1,0,0,0,0,0,1,1
4,2018,8,16,6,2,7,0,1,1,0,0,0,0,0,0,0,1,0
11,2020,12,12,4,2,6,0,0,1,0,0,0,0,1,1,2,1,0
4,2020,9,9,6,0,6,0,0,1,0,1,0,0,1,0,1,0,0
3,2020,1,18,3,6,4,2,0,1,1,0,0,0,0,0,0,1,1
3,2020,5,15,6,5,3,0,1,1,0,0,0,0,0,1,1,0,0
1,2019,2,15,3,2,6,0,0,1,0,0,0,0,0,0,0,1,0
1,2018,11,10,3,5,2,0,1,0,0,0,1,0,0,0,0,0,1
1,2019,9,13,2,0,1,0,1,0,0,0,0,0,0,0,0,0,0
8,2020,6,17,3,0,1,0,1,0,0,0,0,0,0,0,1,1,1
9,2019,5,17,3,6,4,0,0,1,1,0,0,0,0,0,0,0,0
2,2018,7,7,6,1,5,0,1,1,0,0,0,0,0,0,0,2,0
5,2020,12,11,3,2,6,0,0,1,0,0,0,0,1,1,2,1,0
8,2020,7,17,5,1,5,0,1,1,0,0,0,0,1,0,1,2,0
6,2019,5,19,2,5,3,0,1,1,0,0,0,0,1,0,0,0,0
4,2021,7,19,4,5,7,0,0,1,0,1,0,0,0,0,1,2,0
1,2021,11,17,3,5,2,2,1,1,0,0,0,0,1,0,2,0,0
1,2020,7,8,5,0,6,0,0,0,0,1,0,1,1,0,1,2,0
7,2018,7,17,1,0,7,0,0,0,0,1,0,1,1,0,0,2,0
12,2021,12,10,5,5,3,0,0,1,0,0,0,0,2,1,2,1,0
2,2019,8,10,2,5,5,0,1,0,0,0,0,1,0,0,0,0,0
6,2021,10,9,4,2,2,0,0,1,1,0,0,0,0,0,1,1,0
9,2019,8,18,5,5,2,0,1,1,0,0,0,0,0,0,0,0,0
9,2019,2,6,2,2,6,1,0,1,0,0,0,0,0,0,0,1,0
1,2019,9,10,5,2,6,0,0,1,0,0,0,0,0,0,0,0,0
1,2021,6,14,7,6,4,0,0,1,1,0,0,0,0,0,1,1,0
11,2019,6,6,3,2,6,0,0,1,0,0,1,0,0,0,0,1,0
1,2018,3,14,4,3,6,0,0,1,0,0,0,0,0,0,0,1,0
7,2021,8,14,3,2,6,0,0,1,0,0,0,0,0,0,1,1,0
10,2019,2,15,1,5,2,0,0,1,0,0,0,0,0,0,0,1,1
2,2020,2,16,6,5,3,0,1,1,0,0,0,0,0,0,0,1,0
4,2019,5,22,3,6,4,2,0,1,1,0,0,0,0,0,0,0,1
6,2018,6,12,3,8,1,0,0,1,0,0,0,0,0,0,0,0,0
4,2019,11,19,5,2,6,2,0,1,0,0,0,0,1,0,0,0,0
12,2020,12,2,6,5,3,2,0,1,0,0,0,1,0,1,2,1,0
6,2019,4,18,4,3,6,0,1,1,0,0,0,0,0,0,0,1,0
2,2020,6,19,3,5,2,0,0,1,0,0,0,1,0,0,1,1,0
10,2020,12,12,7,0,1,0,1,0,0,0,0,0,2,1,2,1,0
5,2020,8,16,2,5,2,0,0,0,0,1,0,0,1,0,1,1,0
1,2019,10,4,7,5,2,2,0,1,0,0,0,0,1,0,0,1,0
12,2019,3,17,7,6,4,1,0,1,1,0,0,0,0,0,0,0,0
9,2019,2,18,5,5,2,2,1,1,0,0,0,0,0,0,0,1,0
3,2019,10,6,2,5,2,0,1,1,0,0,0,0,0,0,0,1,0
3,2021,7,16,5,0,5,0,1,1,0,0,0,0,1,0,1,2,0
5,2020,2,14,6,2,6,0,0,1,0,0,0,0,0,0,0,1,0
1,2018,9,14,6,6,2,0,0,0,1,0,0,1,0,0,0,0,1
7,2020,3,19,6,1,5,2,0,1,0,0,1,0,0,1,1,0,1
4,2018,12,19,6,6,4,2,0,0,1,0,0,1,1,0,0,1,1
4,2019,8,8,6,2,6,0,0,1,0,0,0,1,0,0,0,0,0
4,2020,6,14,2,1,5,0,0,0,0,1,0,1,0,0,1,1,0
11,2018,3,14,5,5,3,0,0,1,0,0,0,1,0,0,0,1,0
3,2021,6,6,4,5,7,0,0,1,0,0,0,0,0,0,1,1,0
3,2021,11,19,7,0,5,2,1,0,0,0,0,1,0,0,2,0,0
7,2021,11,10,6,6,4,0,0,0,1,0,0,1,0,0,2,0,0
2,2020,8,7,2,5,2,0,0,1,0,1,0,0,0,0,1,1,0
7,2018,4,16,1,0,6,0,0,1,0,0,0,1,0,0,0,1,0
7,2018,1,16,2,5,2,2,0,1,0,0,0,0,0,0,0,0,0
9,2021,12,23,1,1,5,2,0,1,0,0,0,0,1,1,2,1,0
1,2021,7,11,2,6,4,0,0,1,1,0,0,0,0,0,1,2,1
7,2020,2,6,4,0,1,1,0,0,0,1,0,0,1,0,0,1,0
4,2020,12,15,5,6,7,1,0,1,1,0,0,0,0,1,2,1,0
5,2020,9,12,3,6,2,0,0,1,1,0,0,0,0,0,1,0,0
2,2021,10,15,7,5,3,0,0,1,0,0,0,1,0,0,1,1,0
3,2018,5,11,3,3,6,0,0,1,0,0,1,0,0,0,0,0,0
8,2021,6,16,5,5,2,0,0,1,0,0,0,0,0,0,1,1,1
7,2018,3,14,2,2,6,0,0,1,0,0,0,0,0,0,0,1,0
2,2020,7,18,4,0,1,0,1,0,0,0,0,0,0,0,1,2,0
11,2021,11,12,7,4,6,0,0,1,0,0,0,0,0,0,2,0,1
9,2021,7,8,2,5,2,0,1,0,0,0,0,1,0,0,1,2,0
1,2021,10,16,1,0,1,1,1,0,0,0,0,0,0,0,1,1,1
1,2021,9,14,7,5,3,0,1,1,0,0,0,0,0,0,1,0,0
6,2021,9,13,3,6,4,0,0,0,1,1,0,0,0,0,1,0,0
7,2021,10,23,4,0,1,2,0,0,0,0,0,1,0,0,1,1,0
4,2020,6,19,5,5,7,0,0,1,0,0,0,0,0,0,1,1,0
12,2018,2,12,5,5,2,0,1,1,0,0,0,0,0,0,0,1,0
1,2019,2,14,6,2,2,0,1,1,0,0,0,0,0,0,0,1,0
4,2020,8,15,4,5,7,0,0,1,0,1,0,0,1,0,1,1,0
3,2021,11,14,4,8,1,0,0,1,0,0,0,0,0,0,2,0,0
8,2020,8,12,5,6,4,0,0,1,1,0,0,0,0,0,1,1,0
1,2020,2,10,2,5,3,0,0,1,0,0,0,0,1,0,0,1,0
1,2018,12,21,7,5,3,2,0,1,0,0,0,1,1,0,0,1,0
2,2020,6,23,5,1,5,2,0,0,0,1,0,0,1,0,1,1,0
8,2019,1,8,5,5,3,0,1,1,0,0,0,0,0,0,0,1,0
5,2019,11,10,6,0,7,0,0,1,0,0,0,1,0,0,0,0,1
7,2018,11,6,4,1,1,0,0,1,0,1,0,0,0,0,0,0,1
4,2019,7,15,3,5,7,0,0,1,0,1,0,0,0,0,0,2,0
2,2020,2,20,6,5,2,2,0,1,0,0,0,0,0,0,0,1,0
3,2018,5,15,5,5,3,0,1,1,0,0,0,0,0,0,0,0,1
7,2018,4,16,3,5,2,0,0,1,0,1,0,1,0,0,0,1,0
2,2019,6,13,2,6,4,0,1,0,1,0,0,0,0,0,0,1,1
2,2018,12,1,7,5,2,2,1,1,0,0,0,0,0,0,0,1,0
4,2018,9,19,2,0,3,0,0,1,0,1,0,0,0,0,0,0,0
2,2018,11,8,5,0,1,0,0,1,0,1,0,0,0,0,0,0,0
11,2018,6,7,5,2,6,0,0,1,0,0,0,0,0,0,0,0,0
5,2018,2,17,2,6,4,1,0,1,1,0,0,0,0,0,0,1,1
4,2020,12,18,5,5,3,2,0,1,0,0,0,0,0,1,2,1,0
1,2018,8,7,2,5,3,0,0,1,0,0,0,0,0,0,0,1,0
7,2021,8,18,5,5,2,0,1,1,0,0,0,0,0,0,1,1,0
4,2020,4,18,6,0,3,0,1,1,0,0,0,0,0,1,2,1,0
4,2021,1,17,5,0,1,2,0,0,0,1,0,0,1,1,2,0,0
2,2019,3,12,7,5,7,0,0,1,0,0,0,0,0,0,0,0,0
3,2018,5,7,4,5,3,0,0,1,0,1,0,0,0,0,0,0,1
8,2018,2,6,5,6,2,2,0,0,1,0,1,0,0,0,0,1,0
9,2018,10,15,5,0,3,0,0,1,0,1,0,0,0,0,0,1,0
2,2020,4,15,1,5,2,0,0,1,0,1,0,0,0,1,2,1,0
1,2019,5,9,2,3,6,0,1,0,0,0,0,0,0,0,0,0,0
9,2019,6,7,4,5,7,0,0,1,0,1,0,0,0,0,0,1,0
11,2020,5,14,4,2,6,0,0,1,0,0,0,0,0,1,1,0,0
9,2018,11,8,6,5,3,0,1,1,0,0,0,0,0,0,0,0,0
3,2021,2,13,4,5,3,0,0,1,0,0,0,0,1,1,2,1,0
1,2020,5,17,6,6,4,0,0,1,1,0,0,0,0,1,1,0,0
9,2019,1,13,6,2,7,0,0,1,0,0,0,1,1,0,0,1,0
12,2021,1,19,6,5,3,2,0,1,0,1,0,0,1,1,2,0,0
12,2020,4,17,2,5,3,0,0,1,0,1,0,0,0,1,2,1,0
11,2021,9,16,4,4,6,0,1,0,0,0,0,0,0,0,1,0,0
7,2018,11,15,5,1,5,0,0,1,0,0,0,0,0,0,0,0,0
4,2020,7,9,4,5,3,0,0,1,0,1,0,0,0,0,1,2,0
7,2018,8,11,6,5,2,0,1,1,0,0,0,0,0,0,0,1,1
12,2018,4,9,1,8,1,0,1,0,0,0,0,0,0,0,0,1,0
10,2020,10,13,1,1,5,0,0,1,0,1,0,0,0,1,1,1,0
12,2020,10,13,7,5,3,0,0,1,0,1,0,0,0,1,1,1,0
7,2021,11,10,2,6,2,0,0,1,1,0,0,0,0,0,2,0,0
4,2019,3,9,4,5,7,0,0,1,0,0,0,0,0,0,0,0,0
9,2020,10,6,3,2,6,2,0,1,0,0,0,0,1,1,1,1,0
7,2019,10,19,6,6,2,2,0,1,1,0,0,0,1,0,0,1,0
3,2019,12,16,6,8,1,2,0,1,0,0,0,0,0,0,0,1,0
3,2018,10,16,2,2,6,0,0,1,0,0,0,0,0,0,0,1,0
3,2018,3,23,6,7,7,2,0,1,0,0,0,0,1,0,0,1,0
5,2020,2,13,3,0,2,0,0,1,0,0,0,1,0,0,0,1,0
1,2021,1,19,3,2,6,2,0,1,0,0,0,0,0,1,2,0,0
2,2019,10,8,5,0,6,0,0,0,0,1,0,1,0,0,0,1,0
4,2018,11,12,7,1,5,0,1,1,0,0,0,1,0,0,0,0,0
6,2021,7,14,5,0,3,0,1,0,0,1,0,0,1,0,1,2,1
11,2019,5,15,4,1,5,0,0,1,0,0,0,1,0,0,0,0,0
5,2021,4,16,5,5,2,0,1,1,0,0,0,0,0,1,2,1,0
4,2019,9,20,2,5,2,2,0,1,0,1,0,0,0,0,0,0,0
8,2019,3,13,5,5,3,0,0,1,0,0,0,0,1,0,0,0,0
2,2021,9,16,2,0,7,0,1,0,0,0,0,0,0,0,1,0,0
1,2020,9,18,6,0,3,0,1,1,0,0,0,0,0,0,1,0,0
12,2018,10,17,2,5,3,0,1,1,0,0,0,0,0,0,0,1,0
3,2021,8,7,5,0,3,0,0,1,0,1,0,0,1,0,1,1,0
1,2019,9,10,2,5,3,0,0,1,0,0,0,0,0,0,0,0,0
2,2020,5,17,7,2,6,0,1,0,0,0,0,0,0,1,1,0,0
2,2019,6,8,4,0,1,0,0,0,0,1,0,0,1,0,0,1,0
11,2021,10,11,7,5,2,0,0,1,0,1,0,0,0,0,1,1,0
1,2021,9,14,7,0,1,0,1,0,0,0,0,0,0,0,1,0,1
7,2018,9,12,7,3,6,0,1,1,0,0,0,0,1,0,0,0,0
4,2020,1,15,7,1,5,0,0,1,0,1,0,0,0,0,0,1,0
8,2020,10,6,6,5,2,1,1,1,0,0,0,0,1,1,1,1,0
6,2020,4,18,2,1,3,0,1,1,0,0,0,0,0,1,2,1,0
3,2019,7,20,4,6,7,0,1,0,1,0,0,0,0,0,0,2,0
10,2021,9,18,6,5,2,0,1,1,0,0,0,0,0,0,1,0,0
1,2019,7,16,2,2,6,0,0,1,0,0,0,0,0,0,0,2,0
5,2020,5,23,7,1,1,2,0,1,0,0,0,0,0,1,1,0,1
9,2018,9,15,2,2,2,0,0,1,0,0,0,0,0,0,0,0,0
8,2019,4,19,5,6,4,0,1,0,1,0,0,0,0,0,0,1,0
6,2020,9,13,4,5,2,0,0,1,0,1,0,0,0,0,1,0,0
7,2020,12,20,6,3,6,2,0,1,0,0,1,0,0,1,2,1,0
12,2019,4,22,2,0,3,2,0,1,0,1,0,0,0,0,0,1,0
11,2021,2,17,5,2,6,0,0,1,0,0,0,1,0,1,2,1,0
8,2020,6,16,2,1,5,0,0,1,0,0,0,0,0,0,1,1,0
2,2018,5,8,2,2,6,0,0,1,0,1,0,0,0,0,0,0,0
2,2018,11,13,6,0,7,0,0,1,0,0,0,0,0,0,0,0,0
4,2018,12,18,3,2,6,2,0,1,0,0,0,1,1,0,0,1,0
1,2020,8,16,3,5,2,0,1,0,0,1,0,0,0,0,1,1,0
6,2020,4,18,3,5,3,0,1,1,0,0,0,0,0,1,2,1,1
12,2019,5,16,5,0,1,0,1,0,0,0,0,0,0,0,0,0,0
10,2019,3,12,3,0,3,0,0,1,0,1,0,0,1,0,0,0,1
9,2018,12,10,2,6,2,0,0,1,1,0,0,0,1,0,0,1,0
9,2021,6,16,4,5,2,0,1,1,0,0,0,0,0,0,1,1,1
10,2019,4,11,5,5,3,0,1,1,0,0,0,0,0,0,0,1,0
9,2018,6,13,4,5,3,0,0,1,0,0,0,0,0,0,0,0,0
2,2018,10,15,2,5,3,0,1,1,0,0,0,0,0,0,0,1,0
9,2020,5,6,4,1,5,0,1,1,0,0,0,0,0,1,1,0,0
2,2021,9,12,1,2,6,0,0,1,0,0,0,0,0,0,1,0,0
10,2019,9,18,5,5,3,0,0,1,0,0,0,0,0,0,0,0,1
7,2018,7,17,3,2,6,0,0,1,0,0,0,0,0,0,0,2,0
5,2021,7,12,1,5,3,0,1,1,0,0,0,0,0,0,1,2,0
10,2018,5,7,5,5,3,0,0,1,0,0,0,0,0,0,0,0,1
3,2019,1,10,1,5,3,0,0,1,0,0,0,0,0,0,0,1,0
5,2018,7,17,2,6,2,0,0,1,1,0,0,0,0,0,0,2,0
12,2020,9,16,1,5,2,0,0,1,0,0,0,0,0,0,1,0,0
8,2019,4,14,3,2,6,0,0,1,0,0,0,0,0,0,0,1,0
1,2019,9,21,3,6,4,2,1,0,1,0,0,0,1,0,0,0,0
7,2019,11,19,3,1,7,2,0,1,0,0,0,0,0,0,0,0,1
8,2020,10,6,4,9,1,2,0,1,0,0,0,0,1,1,1,1,0
3,2019,11,10,1,5,3,0,0,1,0,0,0,0,0,0,0,0,0
5,2020,5,15,6,2,6,0,0,1,0,0,0,0,0,1,1,0,0
7,2020,8,11,1,1,5,0,1,1,0,0,0,0,0,0,1,1,0
3,2018,6,16,6,0,3,0,0,1,0,1,0,0,0,0,0,0,1
1,2019,6,10,6,5,2,0,1,1,0,0,0,0,0,0,0,1,0
9,2018,3,7,1,9,1,0,0,1,0,0,0,0,0,0,0,1,1
1,2020,6,9,4,0,3,0,1,0,0,1,0,0,0,0,1,1,0
12,2019,7,15,4,3,5,0,1,1,0,0,0,0,0,0,0,2,0
10,2021,9,15,4,6,4,0,0,0,1,0,1,0,1,0,1,0,0
2,2018,5,15,3,6,4,0,1,0,1,0,0,0,0,0,0,0,1
8,2021,9,6,4,5,3,0,1,0,0,0,0,0,0,0,1,0,0
3,2020,3,8,6,5,2,0,1,1,0,0,0,0,1,1,1,0,0
8,2018,2,0,5,9,1,2,0,1,0,0,0,0,1,0,0,1,1
11,2020,3,14,1,6,7,0,0,1,1,0,0,0,0,1,1,0,0
3,2018,5,15,6,5,3,0,1,1,0,0,0,0,0,0,0,0,0
1,2018,1,17,2,2,6,0,1,0,0,0,0,1,1,0,0,0,0
1,2019,7,9,4,5,3,0,1,0,0,0,1,0,0,0,0,2,0
11,2020,4,13,2,5,3,0,1,1,0,0,0,0,0,1,2,1,0
1,2020,3,19,1,0,7,2,0,1,0,0,0,0,0,1,1,0,1
4,2019,10,10,3,3,6,0,0,1,0,0,0,1,0,0,0,1,0
2,2019,8,9,5,5,2,0,1,1,0,0,0,0,0,0,0,0,0
8,2019,6,7,5,5,2,0,1,0,0,0,0,0,0,0,0,1,0
8,2021,11,9,3,5,3,0,1,1,0,0,0,0,1,0,2,0,0
6,2018,9,13,2,5,2,0,0,1,0,1,0,0,0,0,0,0,1
9,2020,6,9,5,1,5,0,1,1,0,0,0,0,0,0,1,1,0
10,2018,1,13,5,2,6,0,0,1,0,0,0,0,1,0,0,0,0
3,2020,10,11,6,5,7,0,1,1,0,0,0,0,1,1,1,1,1
2,2020,6,17,6,0,5,0,1,1,0,0,0,0,0,0,1,1,0
8,2020,1,11,4,5,3,0,0,1,0,0,0,0,0,0,0,1,1
8,2021,10,13,6,1,1,0,0,1,0,0,0,1,1,0,1,1,0
6,2019,10,13,1,5,3,0,1,1,0,0,0,0,0,0,0,1,0
11,2019,6,22,5,2,6,2,1,1,0,0,0,0,0,0,0,1,0
4,2020,11,11,4,6,7,0,1,0,1,0,0,0,0,1,2,0,0
10,2020,4,15,5,2,2,0,0,1,0,0,0,0,0,1,2,1,0
4,2018,3,19,5,2,6,2,0,1,0,0,0,0,0,0,0,1,0
4,2021,6,13,4,2,6,0,1,0,0,0,0,0,0,0,1,1,0
1,2019,9,23,7,5,2,2,1,1,0,0,0,0,0,0,0,0,0
11,2020,4,11,3,2,2,0,0,1,0,0,0,0,0,1,2,1,0
8,2021,5,16,2,0,1,0,0,0,0,1,0,0,0,1,2,1,0
1,2020,1,8,5,2,6,0,0,1,0,0,0,0,0,0,0,1,0
8,2020,6,13,6,0,2,0,1,1,0,0,0,0,0,0,1,1,0
8,2021,4,19,1,1,5,2,1,1,0,0,0,0,0,1,2,1,0
5,2020,11,10,7,6,7,0,0,1,1,0,0,0,0,1,2,0,0
5,2020,1,7,3,5,2,2,0,1,0,0,0,0,0,0,0,1,0
1,2021,5,13,6,0,5,0,1,1,0,0,0,0,0,1,2,1,0
12,2019,9,16,6,2,6,0,0,1,0,0,0,0,0,0,0,0,0
2,2019,2,17,2,2,6,2,0,1,0,0,0,0,0,0,0,1,0
5,2018,5,7,5,5,2,0,1,1,0,0,0,0,0,0,0,0,0
5,2021,5,17,6,5,2,0,0,1,0,0,0,0,0,1,2,1,1
1,2020,9,12,2,6,4,0,1,0,1,0,0,0,0,0,1,0,0
10,2020,10,6,3,0,2,0,1,1,0,0,0,0,0,1,1,1,0
1,2020,4,16,7,1,5,0,1,1,0,0,0,0,0,1,2,1,0
3,2021,12,16,6,5,2,1,1,1,0,0,0,0,0,1,2,1,0
2,2021,6,18,3,5,2,0,1,1,0,0,0,0,0,0,1,1,0
3,2021,6,8,3,2,6,0,0,1,0,0,0,0,0,0,1,1,0
8,2019,11,14,5,5,2,0,1,1,0,0,0,0,0,0,0,0,0
12,2020,1,11,4,5,2,0,0,1,0,0,0,0,1,0,0,1,0
1,2019,6,17,5,4,6,0,0,0,0,1,1,0,0,0,0,1,0
8,2018,10,11,6,0,4,0,0,0,1,0,0,1,0,0,0,1,0
11,2021,3,14,6,0,4,0,1,0,1,0,0,0,0,0,2,0,0
6,2019,9,16,4,0,6,0,0,0,0,1,0,0,1,0,0,0,0
2,2018,12,22,2,5,3,2,0,1,0,0,0,0,1,0,0,1,0
7,2020,6,14,2,3,6,0,0,1,0,1,0,0,0,0,1,1,0
3,2020,10,18,4,5,2,2,1,1,0,0,0,0,0,1,1,1,1
2,2020,5,16,3,0,7,0,1,0,0,0,0,0,0,1,1,0,1
1,2021,10,8,2,1,5,0,1,0,0,0,0,1,1,0,1,1,0
2,2019,10,19,6,0,1,2,0,0,0,1,0,1,1,0,0,1,1
1,2021,6,19,4,2,7,0,0,1,0,0,0,0,0,0,1,1,0
4,2020,7,18,5,2,6,0,0,1,0,0,0,0,0,0,1,2,0
7,2018,11,7,5,5,3,0,0,1,0,0,0,0,0,0,0,0,0
12,2021,8,11,6,5,3,0,1,1,0,0,0,0,0,0,1,1,0
6,2018,6,21,6,2,6,2,0,1,0,0,0,1,1,0,0,0,0
3,2020,1,15,6,1,5,1,0,1,0,1,0,0,1,0,0,1,0
1,2018,1,18,5,1,6,2,1,1,0,0,0,0,1,0,0,0,0
4,2018,11,21,3,9,1,1,0,0,0,1,0,0,0,0,0,0,0
10,2021,3,19,7,6,4,2,0,1,1,0,0,0,1,0,2,0,0
5,2018,7,15,4,0,1,0,0,1,0,1,0,0,0,0,0,2,0
9,2020,9,6,5,5,2,0,0,1,0,1,0,0,0,0,1,0,1
2,2019,1,16,5,5,2,0,1,1,0,0,0,0,0,0,0,1,0
8,2019,2,11,6,5,3,0,0,1,0,0,0,0,0,0,0,1,0
11,2018,10,23,1,4,6,2,0,0,0,0,0,1,0,0,0,1,0
12,2019,11,14,4,0,1,0,0,1,0,1,0,0,1,0,0,0,0
7,2018,6,7,5,6,4,0,1,0,1,0,0,0,0,0,0,0,0
5,2019,1,15,4,6,4,0,0,1,1,0,0,0,0,0,0,1,1
9,2020,5,16,4,5,3,0,0,0,0,1,0,0,0,1,1,0,0
7,2019,8,17,5,0,6,0,0,1,0,0,0,1,0,0,0,0,0
3,2021,5,19,2,5,3,0,1,1,0,0,0,0,0,1,2,1,0
1,2019,7,10,3,2,6,0,0,1,0,0,0,0,0,0,0,2,0
2,2021,6,13,4,5,3,0,0,1,0,0,0,0,0,0,1,1,0
12,2018,5,11,1,5,7,0,0,1,0,1,0,0,0,0,0,0,1
4,2019,9,10,3,0,1,0,1,0,0,0,0,0,1,0,0,0,0
11,2019,11,10,3,5,3,0,0,1,0,0,0,0,0,0,0,0,0
7,2018,12,17,7,2,6,2,0,1,0,0,0,0,1,0,0,1,0
1,2019,8,17,3,6,7,0,0,0,1,0,0,1,0,0,0,0,1
8,2020,3,8,4,5,3,0,1,1,0,0,0,0,0,1,1,0,0
7,2018,5,12,3,1,5,0,1,1,0,0,0,0,0,0,0,0,0
10,2020,5,11,2,0,2,0,0,0,1,0,0,1,1,1,1,0,0
6,2018,9,19,6,6,7,2,0,1,1,0,0,0,0,0,0,0,1
11,2019,3,10,7,5,3,0,0,1,0,0,0,0,0,0,0,0,0
12,2018,6,7,5,5,3,0,0,1,0,0,0,0,0,0,0,0,0
7,2018,9,10,1,5,2,0,0,1,0,0,0,1,0,0,0,0,0
7,2021,7,8,1,5,2,0,1,1,0,0,0,0,0,0,1,2,0
11,2019,12,18,3,1,5,2,0,1,0,0,0,0,1,0,0,1,0
9,2021,3,8,4,2,6,0,0,1,0,0,0,0,0,0,2,0,0
4,2021,2,15,3,5,2,0,0,1,0,0,0,0,1,1,2,1,0
4,2020,8,1,6,5,2,2,0,1,0,0,0,0,0,0,1,1,0
12,2021,1,19,5,6,4,2,0,1,1,0,0,0,1,1,2,0,0
5,2019,4,6,3,5,2,0,1,0,0,0,0,1,0,0,0,1,1
9,2019,5,15,3,0,7,0,0,0,0,1,1,0,0,0,0,0,0
1,2019,3,8,3,5,3,0,0,1,0,1,0,0,0,0,0,0,0
1,2019,10,10,6,2,6,0,1,1,0,0,0,0,1,0,0,1,0
1,2020,5,12,7,2,6,0,0,1,0,0,0,1,0,1,1,0,0
6,2021,11,16,6,5,2,0,1,1,0,0,0,0,0,0,2,0,0
12,2019,12,6,6,5,2,2,0,1,0,0,0,1,2,0,0,1,0
2,2018,1,6,4,2,3,1,1,1,0,0,0,0,1,0,0,0,0
7,2019,12,10,6,0,3,0,0,0,0,1,0,1,1,0,0,1,0
8,2018,8,19,7,2,6,1,1,1,0,0,0,0,0,0,0,1,0
5,2018,12,10,6,6,4,0,0,0,1,0,1,0,1,0,0,1,1
1,2019,6,14,2,6,4,0,0,1,1,0,0,0,0,0,0,1,0
9,2020,3,11,2,5,3,0,1,1,0,0,0,0,1,1,1,0,0
11,2021,8,10,7,5,3,0,0,1,0,0,0,0,0,0,1,1,1
10,2018,6,11,1,4,5,0,0,1,0,0,0,0,0,0,0,0,0
10,2019,9,16,7,0,5,0,0,1,0,0,0,0,0,0,0,0,0
8,2019,1,3,1,5,7,2,0,1,0,0,0,0,1,0,0,1,0
4,2020,5,14,3,2,6,0,1,1,0,0,0,0,1,1,1,0,0
5,2021,8,17,3,1,5,0,1,1,0,0,0,0,0,0,1,1,0
6,2018,12,15,7,5,3,1,0,1,0,1,0,0,1,0,0,1,1
4,2020,10,16,3,4,2,1,1,1,0,0,0,0,0,1,1,1,0
1,2021,9,10,4,3,6,0,0,1,0,1,0,0,0,0,1,0,0
8,2019,11,6,2,5,3,1,1,0,0,0,0,1,1,0,0,0,0
9,2021,11,10,5,2,7,0,0,1,0,0,0,0,2,0,2,0,0
7,2020,5,9,3,2,6,0,1,1,0,0,0,0,0,1,1,0,0
1,2020,11,2,6,9,1,2,0,0,0,0,0,1,0,1,2,0,0
7,2018,5,17,3,2,6,0,1,0,0,0,0,0,0,0,0,0,1
10,2021,3,11,5,2,6,0,0,1,0,0,0,0,0,0,2,0,0
8,2021,3,11,6,0,2,0,0,1,0,0,0,1,0,0,2,0,0
12,2021,4,12,6,3,2,0,0,1,0,0,0,1,0,1,2,1,0
8,2018,3,13,7,3,3,0,0,1,0,0,0,0,0,0,0,1,0
2,2021,7,20,2,6,4,0,0,1,1,0,0,0,0,0,1,2,1
12,2020,11,17,1,5,3,2,0,1,0,0,0,0,0,1,2,0,0
8,2020,7,7,2,5,3,0,1,1,0,0,0,0,0,0,1,2,0
4,2020,6,22,4,6,7,2,0,1,1,0,0,0,0,0,1,1,0
2,2021,2,5,5,0,6,0,1,0,0,0,0,1,0,1,2,1,0
7,2021,7,11,4,5,2,0,1,1,0,0,0,0,0,0,1,2,0
4,2019,8,19,4,5,3,1,0,1,0,1,0,0,0,0,0,0,0
7,2020,8,17,5,2,6,0,1,1,0,0,0,0,0,0,1,1,0
10,2019,4,19,4,5,2,0,1,1,0,0,0,0,0,0,0,1,0
3,2021,12,14,5,2,6,0,0,1,0,0,0,0,0,1,2,1,0
2,2018,6,10,3,5,2,0,0,1,0,0,0,0,0,0,0,0,0