BEZ,UJAHR,UMONAT,USTUNDE,UWOCHENTAG,UART,UTYP1,ULICHTVERH,IstRad,IstPKW,IstFuss,IstKrad,IstGkfz,IstSonstige,USTRZUSTAND,LOCKDOWN,COVID,FERIEN,UKATEGORIE
1,2020,9,10,6,2,6,0,1,0,0,0,0,1,0,0,1,0,0
1,2020,12,1,4,9,1,2,0,1,0,0,0,0,0,1,2,1,1
1,2019,9,7,3,3,6,0,1,1,0,0,0,0,0,0,0,0,0
4,2020,3,11,6,5,7,0,1,1,0,0,0,0,0,1,1,0,0
8,2020,7,11,7,6,7,0,1,0,1,0,0,0,0,0,1,2,0
2,2018,7,10,2,1,6,0,1,1,0,0,1,0,0,0,0,2,0
10,2020,8,13,1,2,2,0,0,1,0,0,0,0,1,0,1,1,1
1,2018,5,18,2,1,5,0,0,1,0,1,0,0,0,0,0,0,0
5,2020,3,0,5,2,2,2,0,1,0,0,0,0,0,1,1,0,1
7,2018,9,16,4,5,3,0,1,1,0,0,0,0,0,0,0,0,0
7,2021,8,21,6,5,3,2,0,1,0,0,0,1,0,0,1,1,0
1,2019,8,12,3,2,2,0,1,0,0,0,1,0,0,0,0,0,0
8,2020,1,15,3,3,6,1,0,1,0,0,0,1,1,0,0,1,0
12,2020,5,14,7,6,4,0,1,0,1,0,0,0,0,1,1,0,0
2,2018,3,9,7,0,4,0,0,0,1,0,0,1,0,0,0,1,0
6,2018,7,10,7,6,4,0,1,0,1,0,0,0,0,0,0,2,0
4,2018,5,18,2,5,2,0,1,0,0,1,0,0,0,0,0,0,0
3,2019,5,9,4,0,3,0,1,1,0,0,0,0,0,0,0,0,0
12,2019,9,13,1,2,6,0,0,1,0,0,0,0,0,0,0,0,0
1,2020,8,13,3,3,6,0,1,1,0,0,0,0,0,0,1,1,0
1,2019,6,13,4,5,2,0,0,1,0,1,0,0,0,0,0,1,0
9,2018,7,10,7,5,3,0,1,0,0,0,0,1,0,0,0,2,0
2,2020,10,14,4,0,6,0,0,0,0,1,1,0,1,1,1,1,0
4,2018,7,13,3,2,6,0,1,1,0,0,0,0,0,0,0,2,0
10,2018,10,14,4,5,3,0,0,0,0,0,0,1,0,0,0,1,0
9,2019,3,1,5,9,1,2,0,1,0,0,0,0,1,0,0,0,0
7,2021,7,13,6,1,5,0,1,1,0,0,0,0,0,0,1,2,1
10,2018,11,21,3,5,3,0,1,0,0,0,0,1,0,0,0,0,0
8,2021,12,14,1,5,3,0,0,1,0,1,0,0,1,1,2,1,0
8,2020,11,12,7,0,5,0,1,1,0,0,0,0,0,1,2,0,0
4,2018,6,18,1,0,6,0,0,1,0,1,0,0,1,0,0,0,0
4,2020,3,18,5,6,4,2,0,1,1,0,0,0,0,1,1,0,1
6,2018,2,1,6,2,7,2,0,1,0,0,0,0,0,0,0,1,0
9,2019,9,11,4,5,2,0,1,0,0,0,1,0,0,0,0,0,0
9,2021,3,11,1,2,6,0,0,1,0,0,0,0,1,0,2,0,0
6,2021,8,17,4,5,2,0,1,1,0,0,0,0,0,0,1,1,1
5,2019,1,5,6,6,2,2,0,1,1,0,0,0,0,0,0,1,0
5,2020,2,17,5,1,5,2,0,1,0,0,0,0,0,0,0,1,0
8,2021,2,14,1,2,6,0,0,1,0,0,0,0,0,1,2,1,0
8,2019,9,7,5,2,7,0,1,1,0,0,0,0,0,0,0,0,0
12,2019,1,9,7,2,6,0,0,1,0,0,1,0,1,0,0,1,0
2,2020,10,6,6,6,2,1,0,0,1,0,0,1,1,1,1,1,0
7,2018,9,5,3,6,2,2,0,1,1,0,0,0,0,0,0,0,0
8,2021,8,7,6,6,7,0,1,0,1,0,0,0,0,0,1,1,0
3,2018,11,19,1,0,1,2,0,0,0,1,0,0,1,0,0,0,1
3,2020,7,9,5,2,6,0,0,1,0,0,0,0,0,0,1,2,0
6,2020,7,14,6,5,3,0,0,1,0,0,0,1,0,0,1,2,0
4,2018,1,6,3,5,3,2,0,1,0,0,0,0,1,0,0,0,0
4,2019,6,10,2,6,4,0,0,1,1,0,0,0,0,0,0,1,0
1,2019,2,19,4,6,4,2,0,1,1,0,0,0,0,0,0,1,1
5,2018,8,15,3,0,7,0,1,0,0,0,0,0,0,0,0,1,1
3,2019,2,18,4,6,4,1,0,1,1,0,0,0,0,0,0,1,1
3,2018,11,17,5,6,4,2,1,0,1,0,0,0,0,0,0,0,0
1,2019,2,14,6,5,2,0,1,0,0,0,0,1,0,0,0,1,0
5,2020,8,5,6,5,3,0,0,1,0,0,0,1,0,0,1,1,0
3,2018,2,17,4,0,7,2,1,0,0,0,0,0,0,0,0,1,0
12,2021,8,14,1,5,2,0,0,1,0,0,0,1,0,0,1,1,0
1,2020,9,11,1,0,1,0,1,0,0,0,0,0,0,0,1,0,0
1,2019,8,15,5,5,2,0,1,1,0,0,0,0,0,0,0,0,0
10,2021,1,16,3,3,6,1,0,1,0,0,0,0,1,1,2,0,0
7,2020,9,21,5,0,1,2,1,0,0,0,0,0,0,0,1,0,0
6,2020,9,16,2,5,3,0,0,1,0,0,0,0,0,0,1,0,1
10,2018,12,17,2,2,6,2,0,1,0,0,0,0,0,0,0,1,0
7,2020,9,16,3,6,2,0,0,1,1,0,0,0,0,0,1,0,0
2,2018,9,1,7,6,4,2,0,1,1,0,0,0,0,0,0,0,0
6,2020,6,17,4,5,3,0,1,1,0,0,0,0,0,0,1,1,0
11,2018,7,21,3,6,4,2,0,0,1,1,0,0,0,0,0,2,0
12,2020,2,15,4,2,6,1,0,1,0,0,0,0,1,0,0,1,0
5,2018,8,11,2,0,2,0,0,1,0,0,0,0,0,0,0,1,1
12,2020,8,14,5,6,4,0,0,1,1,0,0,0,0,0,1,1,1
4,2018,10,14,6,6,4,0,0,1,1,0,0,0,0,0,0,1,0
12,2020,12,12,2,6,7,0,0,1,1,0,0,0,0,1,2,1,0
3,2019,5,7,6,5,3,0,0,1,0,1,0,0,0,0,0,0,0
6,2019,7,12,7,5,2,0,1,1,0,0,0,0,0,0,0,2,0
11,2018,12,17,1,6,2,2,0,1,1,0,0,0,1,0,0,1,0
4,2018,10,14,5,3,6,0,0,1,0,1,0,0,0,0,0,1,1
8,2020,5,17,7,5,2,0,1,1,0,0,0,0,0,1,1,0,0
2,2019,8,15,5,1,5,0,1,1,0,0,0,0,0,0,0,0,0
7,2021,8,11,2,2,6,0,0,1,0,0,0,0,0,0,1,1,0
7,2018,7,9,1,5,2,0,0,1,0,0,0,0,0,0,0,2,0
11,2020,8,7,4,0,2,0,0,1,1,0,0,0,0,0,1,1,0
7,2021,3,18,3,0,2,0,1,1,0,0,0,0,0,0,2,0,0
6,2020,7,19,1,8,1,0,1,0,0,0,0,0,1,0,1,2,0
1,2020,12,17,2,0,2,2,0,0,1,0,0,1,0,1,2,1,0
9,2021,11,17,4,6,4,2,0,0,1,0,0,1,0,0,2,0,0
8,2018,7,16,4,0,2,0,1,1,0,0,0,0,0,0,0,2,0
1,2019,11,11,3,1,5,0,1,1,0,0,0,0,0,0,0,0,0
1,2018,7,12,5,0,1,0,0,0,0,1,0,0,1,0,0,2,0
1,2018,5,10,2,6,4,0,0,1,1,0,0,0,0,0,0,0,0
3,2019,10,22,1,3,6,2,1,0,0,0,0,1,0,0,0,1,1
12,2018,12,19,7,5,2,2,0,1,0,0,0,0,1,0,0,1,0
9,2019,9,12,2,5,3,0,1,1,0,0,0,0,0,0,0,0,0
6,2019,3,21,7,5,3,2,0,1,0,0,0,1,0,0,0,0,0
4,2020,12,17,3,2,6,2,0,1,0,0,0,0,0,1,2,1,0
8,2021,8,4,5,5,3,1,0,1,0,0,0,0,0,0,1,1,0
11,2018,1,17,5,6,3,2,0,1,1,0,0,0,1,0,0,0,0
4,2018,2,7,2,2,6,0,0,1,0,0,0,0,2,0,0,1,0
7,2020,2,17,5,0,1,2,1,0,0,0,0,0,0,0,0,1,0
4,2021,8,14,1,3,6,0,0,1,0,0,0,0,0,0,1,1,0
3,2018,7,6,3,5,3,0,0,1,0,1,0,0,0,0,0,2,0
1,2020,2,18,6,5,5,0,0,1,0,0,0,0,0,0,0,1,0
7,2018,10,19,3,5,7,2,0,1,0,0,0,0,1,0,0,1,0
10,2021,10,18,4,6,4,2,1,0,1,0,0,0,0,0,1,1,1
2,2021,2,14,6,6,4,0,1,0,1,0,0,0,0,1,2,1,0
3,2020,8,13,2,5,2,0,1,1,0,0,0,0,0,0,1,1,0
6,2019,3,9,7,5,3,0,0,1,0,0,0,0,1,0,0,0,0
6,2018,10,14,2,2,6,0,0,1,0,0,0,0,1,0,0,1,0
2,2021,7,16,6,5,3,0,0,1,0,1,0,0,0,0,1,2,0
12,2018,10,23,2,0,3,2,0,1,0,1,0,0,0,0,0,1,0
12,2019,8,8,2,1,1,0,0,1,0,0,0,0,0,0,0,0,0
6,2018,2,15,2,2,6,0,0,1,0,0,0,0,0,0,0,1,0
3,2019,11,18,5,6,2,2,0,1,1,0,0,0,1,0,0,0,0
9,2019,9,14,4,5,3,0,1,1,0,0,0,0,1,0,0,0,0
7,2019,3,19,7,6,4,1,0,1,1,0,0,0,1,0,0,0,0
9,2018,3,3,7,8,1,2,0,1,0,0,0,0,0,0,0,1,1
11,2021,3,8,2,5,2,0,1,1,0,0,0,0,0,0,2,0,0
2,2020,11,11,3,5,3,0,1,1,0,0,0,0,1,1,2,0,0
7,2020,9,9,2,0,2,0,1,0,0,0,0,1,0,0,1,0,1
2,2018,12,1,1,0,1,2,1,0,0,0,0,0,1,0,0,1,0
6,2020,5,8,3,0,6,0,0,0,0,0,1,1,0,1,1,0,1
8,2020,5,9,6,2,2,0,0,1,0,1,1,0,0,1,1,0,0
4,2018,10,15,4,2,6,0,0,1,0,1,0,0,0,0,0,1,0
4,2020,2,13,4,2,6,0,0,1,0,0,0,0,1,0,0,1,0
9,2018,4,6,1,9,1,2,0,1,0,0,0,0,1,0,0,1,0
4,2018,1,14,5,0,7,0,0,1,0,0,0,0,0,0,0,0,1
8,2019,4,16,4,2,1,0,0,1,0,0,0,0,0,0,0,1,1
9,2021,5,13,4,2,5,0,0,1,0,0,0,0,0,1,2,1,0
12,2021,4,9,3,5,7,0,0,1,0,0,0,1,0,1,2,1,0
7,2021,6,12,4,5,3,0,0,1,0,0,0,0,1,0,1,1,0
9,2021,10,9,2,5,2,0,1,0,0,0,0,1,0,0,1,1,0
2,2019,7,9,4,6,7,0,1,0,1,0,0,0,0,0,0,2,0
2,2020,8,9,2,5,2,0,0,1,0,1,0,0,0,0,1,1,0
11,2019,11,15,4,5,3,0,1,1,0,0,0,0,1,0,0,0,0
8,2021,7,13,6,5,3,0,0,1,0,0,0,0,1,0,1,2,0
3,2021,7,20,1,5,3,0,1,1,0,0,0,0,0,0,1,2,1
8,2018,10,16,2,6,4,0,0,1,1,0,0,0,0,0,0,1,0
11,2019,8,14,2,0,2,0,1,0,0,0,0,1,0,0,0,0,0
6,2021,10,18,5,5,3,2,1,1,0,0,0,0,0,0,1,1,1
4,2018,11,19,4,1,5,2,1,1,0,0,0,0,1,0,0,0,0
2,2019,4,11,7,5,3,0,0,1,0,0,0,1,0,0,0,1,1
6,2019,9,12,7,2,6,0,0,1,0,0,0,0,0,0,0,0,0
10,2018,9,10,6,2,2,0,0,1,0,0,0,0,0,0,0,0,0
3,2019,8,10,6,9,1,0,0,1,0,0,0,0,0,0,0,0,0
11,2019,12,17,5,5,3,2,0,1,0,0,0,0,1,0,0,1,0
6,2018,4,17,2,5,3,0,1,0,0,1,0,0,0,0,0,1,0
2,2020,10,15,6,0,5,1,0,1,0,1,0,0,1,1,1,1,0
10,2020,11,9,6,5,2,0,1,1,0,0,0,0,0,1,2,0,1
1,2018,8,12,1,5,2,0,1,1,0,0,0,0,0,0,0,1,0
4,2019,10,15,3,0,1,0,0,1,0,0,0,1,1,0,0,1,0
7,2021,11,15,4,1,4,0,0,1,1,0,0,0,0,0,2,0,0
8,2021,3,11,1,2,6,0,0,1,0,0,0,0,1,0,2,0,0
4,2018,12,18,5,2,6,2,0,1,0,0,0,0,1,0,0,1,0
7,2018,10,11,2,5,3,0,0,1,0,0,0,1,0,0,0,1,0
12,2021,1,13,4,6,2,0,0,1,1,0,0,0,1,1,2,0,1
11,2021,11,12,2,0,2,0,1,1,0,0,0,0,1,0,2,0,0
7,2019,12,7,6,2,6,1,0,1,0,0,0,0,1,0,0,1,0
3,2018,10,17,4,2,6,2,0,1,0,0,0,0,0,0,0,1,0
2,2018,8,13,3,5,7,0,0,1,0,1,0,0,0,0,0,1,0
12,2019,9,18,3,2,6,1,0,1,0,0,0,0,1,0,0,0,0
7,2018,4,13,1,5,7,0,1,1,0,0,0,0,0,0,0,1,0
8,2019,8,16,4,5,3,0,0,1,0,0,0,0,0,0,0,0,0
3,2018,11,17,2,6,6,2,0,1,1,0,0,0,0,0,0,0,1
11,2021,10,13,7,2,6,0,1,0,0,0,0,0,0,0,1,1,0
2,2020,10,17,6,5,2,1,1,1,0,0,0,0,0,1,1,1,0
12,2020,6,7,4,0,7,0,0,1,0,0,0,0,0,0,1,1,1
11,2021,8,10,6,6,4,0,0,1,1,0,0,0,0,0,1,1,0
3,2021,1,15,6,6,4,0,0,1,1,0,0,0,0,1,2,0,1
1,2020,8,17,2,5,3,0,1,1,0,0,0,0,0,0,1,1,1
8,2020,7,18,2,4,2,0,1,1,0,0,0,0,1,0,1,2,0
9,2020,7,5,5,5,3,0,1,1,0,0,0,0,0,0,1,2,0
3,2020,2,14,2,0,7,0,0,0,1,0,1,0,1,0,0,1,1
7,2021,6,11,7,6,7,0,1,0,1,0,0,0,0,0,1,1,0
3,2020,3,13,4,0,7,0,1,0,0,0,0,0,0,1,1,0,0
3,2018,10,10,7,5,3,0,1,1,0,0,0,0,0,0,0,1,1
5,2018,7,20,3,5,2,0,1,1,0,0,0,0,0,0,0,2,0
9,2019,4,15,7,6,4,0,0,1,1,0,0,0,0,0,0,1,0
1,2021,11,10,4,5,2,0,1,0,0,0,1,0,0,0,2,0,0
5,2018,3,10,1,1,5,0,0,1,0,0,0,0,0,0,0,1,0
4,2021,11,19,2,6,2,2,0,1,1,0,0,0,1,0,2,0,0
7,2021,4,18,6,1,5,0,1,1,0,0,0,0,0,1,2,1,0
2,2021,7,17,2,5,2,0,1,1,0,0,0,0,0,0,1,2,1
7,2021,5,12,3,5,3,0,1,1,0,0,0,0,1,1,2,1,0
5,2021,7,18,4,2,7,0,0,1,0,1,0,0,0,0,1,2,1
4,2021,6,18,5,0,3,0,0,1,0,1,0,0,0,0,1,1,0
8,2019,10,16,4,5,3,0,1,0,0,1,0,0,0,0,0,1,0
1,2018,1,18,2,6,4,2,0,1,1,0,0,0,1,0,0,0,0
9,2021,12,15,1,0,7,1,0,1,0,0,0,0,1,1,2,1,0
2,2018,7,12,3,5,2,0,1,1,0,0,0,0,0,0,0,2,0
12,2021,10,13,5,0,6,0,1,1,0,0,0,0,0,0,1,1,0
12,2021,9,10,4,9,1,0,0,1,0,0,0,0,0,0,1,0,0
11,2018,7,11,6,2,6,0,0,0,0,1,0,0,1,0,0,2,0
10,2018,3,9,5,2,7,0,0,1,0,0,0,0,0,0,0,1,0
1,2019,5,17,7,1,5,0,0,1,0,0,0,0,1,0,0,0,0
6,2021,6,8,2,5,3,0,0,1,0,1,0,0,0,0,1,1,0
12,2020,9,12,2,5,7,0,0,1,0,1,0,0,0,0,1,0,1
10,2021,5,10,2,0,7,0,0,0,0,1,0,1,0,1,2,1,0
6,2019,1,14,2,2,2,0,0,1,0,0,0,0,1,0,0,1,0
2,2021,6,10,4,5,2,0,1,1,0,0,0,0,1,0,1,1,0
9,2019,6,15,6,2,6,0,0,1,0,0,0,0,0,0,0,1,0
11,2020,1,7,6,2,6,0,0,1,0,0,0,0,1,0,0,1,0
2,2021,4,17,6,2,6,0,0,1,0,0,0,0,0,1,2,1,0
7,2019,8,21,5,6,7,2,1,0,1,0,0,0,0,0,0,0,0
8,2018,6,19,4,3,6,0,1,0,0,0,1,0,0,0,0,0,0
1,2018,1,7,4,1,5,0,1,1,0,0,0,1,1,0,0,0,0
7,2019,7,14,2,0,1,0,0,0,0,1,0,0,1,0,0,2,1
4,2020,1,21,5,8,1,2,0,1,0,0,0,0,0,0,0,1,1
3,2021,11,18,5,5,2,2,1,0,0,1,0,0,1,0,2,0,0
8,2021,7,23,1,9,1,2,0,1,0,0,0,0,0,0,1,2,0
9,2019,12,13,7,6,4,0,0,1,1,0,0,0,0,0,0,1,0
3,2019,10,7,4,6,4,1,0,0,1,1,0,0,0,0,0,1,0
7,2021,8,11,7,3,6,0,0,1,0,1,0,0,0,0,1,1,0
4,2020,12,16,4,5,3,2,1,1,0,0,0,0,1,1,2,1,0
7,2019,5,11,4,5,2,0,1,1,0,0,0,0,0,0,0,0,0
7,2019,11,16,1,2,6,0,0,1,0,0,0,1,1,0,0,0,0
8,2021,6,16,1,5,3,0,0,1,0,0,0,0,0,0,1,1,0
1,2018,7,18,6,5,3,0,0,1,0,0,0,0,0,0,0,2,0
3,2020,2,6,2,2,6,2,0,1,0,0,0,1,0,0,0,1,0
2,2018,4,12,6,3,6,0,1,0,0,0,0,0,0,0,0,1,0
1,2020,5,17,4,5,3,0,1,1,0,0,0,0,0,1,1,0,0
4,2019,7,15,7,6,6,0,1,0,1,0,0,0,0,0,0,2,0
10,2019,7,5,4,6,4,0,0,0,1,0,0,1,0,0,0,2,0
7,2021,3,10,7,3,6,0,0,1,0,0,0,0,0,0,2,0,0
4,2019,12,12,3,5,2,0,0,1,0,0,0,0,0,0,0,1,0
8,2020,10,6,6,5,3,1,0,1,0,0,0,1,1,1,1,1,0
4,2018,9,17,7,5,2,0,0,1,0,0,0,0,0,0,0,0,0
1,2018,5,18,3,5,2,0,1,1,0,0,0,0,0,0,0,0,0
2,2019,10,15,1,6,4,0,0,1,1,0,0,0,0,0,0,1,0
12,2018,9,8,4,5,2,0,0,1,0,1,0,0,0,0,0,0,1
1,2019,6,14,1,6,7,0,0,1,1,0,0,0,0,0,0,1,0
1,2020,9,20,1,1,5,1,0,1,0,0,0,1,0,0,1,0,0
12,2019,6,16,3,5,2,0,1,1,0,0,0,0,0,0,0,1,0
7,2018,4,13,7,2,6,0,0,1,0,0,0,1,1,0,0,1,0
4,2018,9,18,3,0,5,0,1,1,0,0,0,0,0,0,0,0,0
12,2020,7,11,6,2,1,0,1,1,0,0,0,0,1,0,1,2,0
7,2021,5,17,3,2,6,0,0,1,0,0,0,1,0,1,2,1,0
4,2020,5,7,2,6,4,0,0,0,1,1,0,0,0,1,1,0,0
5,2020,12,14,5,5,3,0,1,1,0,0,0,0,1,1,2,1,0
3,2018,2,17,1,6,2,2,0,1,1,0,0,0,1,0,0,1,0
4,2020,6,16,2,1,5,0,0,1,0,0,0,0,0,0,1,1,0
4,2018,12,22,5,6,2,2,0,1,1,0,0,0,1,0,0,1,0
6,2018,8,14,4,2,7,0,0,1,0,0,0,0,0,0,0,1,0
1,2020,8,19,7,5,2,0,1,1,0,0,0,0,0,0,1,1,0
1,2018,1,20,7,6,4,2,0,0,1,0,0,1,1,0,0,0,0
11,2019,9,9,4,0,6,0,0,1,0,0,1,0,0,0,0,0,0
6,2019,9,22,2,1,5,2,0,1,0,0,0,0,0,0,0,0,0
4,2021,11,14,5,2,6,0,1,1,0,0,0,0,0,0,2,0,0
6,2018,10,8,4,0,3,0,0,0,0,1,1,0,1,0,0,1,0
5,2018,8,9,3,5,3,0,0,1,0,1,0,0,0,0,0,1,0
3,2020,12,5,5,5,2,2,0,1,0,1,0,0,0,1,2,1,1
1,2020,10,0,7,2,2,2,0,1,0,0,0,0,1,1,1,1,0
11,2021,5,7,5,6,7,0,1,0,1,0,0,0,0,1,2,1,0
9,2020,11,8,5,0,7,0,1,0,0,0,0,0,0,1,2,0,0
9,2020,4,12,2,5,2,0,1,1,0,0,0,0,0,1,2,1,0
9,2021,7,10,6,5,3,0,0,1,0,0,0,1,0,0,1,2,0
9,2020,11,13,5,3,6,0,0,1,0,1,0,0,0,1,2,0,0
4,2020,1,2,1,8,1,2,0,1,0,0,0,0,1,0,0,1,0
3,2021,9,0,3,1,7,2,0,0,0,0,0,1,0,0,1,0,0
3,2020,5,16,5,0,6,0,0,1,0,1,0,0,0,1,1,0,0
1,2018,11,18,5,5,3,2,0,1,0,1,0,0,0,0,0,0,1
5,2021,5,15,6,5,2,0,1,1,0,0,0,0,0,1,2,1,0
9,2018,12,17,5,6,4,2,0,1,1,0,0,0,1,0,0,1,1
9,2018,4,7,2,2,3,0,1,1,0,0,1,0,0,0,0,1,0
4,2018,4,18,4,5,2,0,1,1,0,0,0,0,0,0,0,1,0
9,2019,5,18,4,6,2,0,0,1,1,0,0,0,0,0,0,0,0
2,2018,7,15,5,5,3,0,1,1,0,0,0,0,0,0,0,2,0
6,2018,5,13,1,0,3,0,0,1,0,1,0,0,0,0,0,0,0
1,2018,10,16,4,6,7,0,0,1,1,0,0,0,0,0,0,1,0
1,2018,9,10,4,5,2,0,1,1,0,0,0,0,0,0,0,0,0
1,2018,3,7,6,2,6,0,0,1,0,0,0,0,0,0,0,1,0
4,2018,2,5,1,9,1,0,0,1,0,0,0,0,0,0,0,1,0
1,2021,10,8,6,1,5,0,1,0,0,0,1,0,0,0,1,1,0
10,2020,12,19,5,4,6,2,0,1,0,0,0,0,1,1,2,1,0
7,2019,1,14,6,5,2,0,1,1,0,0,0,0,0,0,0,1,0
2,2020,7,14,5,5,3,0,1,0,0,0,0,1,0,0,1,2,0
1,2018,5,0,4,2,6,2,0,1,0,0,0,0,0,0,0,0,0
1,2018,9,19,5,5,2,2,0,1,0,0,0,0,1,0,0,0,0
9,2019,1,18,5,6,2,2,0,1,1,0,0,0,1,0,0,1,1
7,2018,6,9,5,6,4,0,0,1,1,0,0,0,0,0,0,0,0
3,2018,5,15,6,5,3,0,0,1,0,0,0,0,0,0,0,0,0
9,2018,6,18,5,5,2,0,1,1,0,0,0,0,0,0,0,0,0
2,2020,7,14,3,5,3,0,1,1,0,0,0,0,0,0,1,2,0
5,2018,5,7,2,5,7,0,0,1,0,1,0,0,0,0,0,0,1
11,2020,1,7,4,5,3,2,1,1,0,0,0,0,0,0,0,1,1
5,2019,6,18,2,5,3,0,0,1,0,0,0,0,0,0,0,1,0
1,2020,2,19,3,0,6,2,1,0,0,0,0,1,1,0,0,1,1
2,2018,8,21,5,9,1,2,0,1,0,0,0,0,0,0,0,1,0
10,2018,5,6,2,3,6,0,0,1,0,0,1,0,0,0,0,0,1
7,2020,5,12,7,0,7,0,1,0,0,0,0,0,0,1,1,0,0
5,2020,1,6,6,6,2,2,0,1,1,0,0,0,1,0,0,1,0
4,2021,7,15,2,2,6,0,0,1,0,0,0,0,0,0,1,2,0
1,2020,5,19,1,0,1,1,0,0,0,1,0,0,1,1,1,0,0
6,2020,10,15,7,9,1,0,0,1,0,0,0,0,1,1,1,1,1
1,2018,10,7,3,2,6,0,0,0,0,1,0,1,0,0,0,1,0
5,2019,10,15,6,0,2,0,0,1,0,0,0,1,0,0,0,1,1
12,2018,5,16,6,2,2,0,0,1,0,0,0,1,0,0,0,0,1
6,2019,10,16,4,5,3,0,0,1,0,0,0,0,0,0,0,1,0
10,2020,8,13,3,0,3,0,0,0,0,0,0,1,0,0,1,1,0
10,2019,3,15,2,2,6,0,0,1,0,0,0,0,1,0,0,0,0
4,2020,8,16,5,5,7,0,1,0,0,1,0,0,0,0,1,1,0
9,2018,6,18,6,5,3,0,1,1,0,0,0,0,0,0,0,0,0
7,2021,5,10,4,2,6,0,0,1,0,0,0,0,0,1,2,1,0
12,2019,11,9,6,5,3,0,0,1,0,0,1,0,1,0,0,0,0
12,2019,10,11,5,5,7,0,1,1,0,0,0,0,1,0,0,1,0
8,2019,11,16,6,1,5,2,1,1,0,0,0,0,0,0,0,0,0
6,2019,1,12,5,1,5,0,1,1,0,0,0,0,0,0,0,1,0
7,2021,9,14,6,2,3,0,1,1,0,0,0,0,1,0,1,0,0
10,2020,7,10,3,0,3,0,0,0,0,0,0,1,0,0,1,2,0
1,2020,6,18,1,5,3,0,1,1,0,0,0,0,1,0,1,1,1
2,2020,11,16,5,5,2,2,1,0,0,0,0,0,0,1,2,0,1
4,2019,11,18,6,5,3,2,1,1,0,0,0,0,1,0,0,0,0
3,2021,1,13,4,0,2,0,1,1,0,0,0,0,1,1,2,0,0
7,2019,8,13,6,2,6,0,1,1,0,0,0,0,0,0,0,0,0
9,2019,7,16,4,6,2,0,0,0,1,0,1,0,0,0,0,2,0
4,2018,4,19,3,3,6,0,1,0,0,0,0,1,0,0,0,1,0
4,2020,9,19,7,5,3,2,0,1,0,0,0,0,1,0,1,0,0
10,2018,1,15,1,8,1,0,0,1,0,0,0,0,1,0,0,0,1
3,2020,5,3,7,6,6,2,0,1,1,0,0,0,0,1,1,0,0
4,2021,4,10,2,5,2,0,1,0,0,0,0,1,0,1,2,1,0
4,2020,11,15,2,0,7,1,1,0,0,0,0,0,0,1,2,0,1
9,2018,3,8,6,6,2,0,0,1,1,0,0,0,0,0,0,1,0
7,2018,10,10,6,1,5,0,0,1,0,1,0,0,0,0,0,1,0
11,2020,4,10,3,9,1,0,0,1,0,0,0,0,0,1,2,1,0
11,2020,11,16,7,5,3,1,1,1,0,0,0,0,0,1,2,0,0
7,2018,6,5,1,8,1,0,0,0,0,1,0,0,0,0,0,0,1
5,2020,8,10,3,5,2,0,1,1,0,0,0,0,0,0,1,1,0
9,2018,11,9,1,5,3,0,1,0,0,0,0,1,1,0,0,0,0
3,2018,2,7,6,5,2,0,1,1,0,0,0,0,0,0,0,1,0
5,2018,3,20,5,5,2,2,0,1,0,1,0,0,0,0,0,1,0
1,2021,6,18,4,5,2,0,1,1,0,0,0,0,0,0,1,1,0
12,2018,4,13,7,2,2,0,0,1,0,0,0,0,0,0,0,1,0
3,2021,11,16,4,0,2,2,0,1,0,0,0,1,1,0,2,0,0
9,2019,10,13,4,0,6,0,0,1,0,0,0,1,0,0,0,1,0
4,2018,4,22,4,5,3,2,0,1,0,0,1,0,1,0,0,1,0
4,2019,3,10,7,2,6,0,0,1,0,0,0,0,1,0,0,0,0
2,2019,2,9,4,5,3,0,0,1,0,0,0,0,0,0,0,1,1
2,2020,4,15,3,5,3,0,1,0,0,1,0,0,0,1,2,1,1
1,2019,11,18,7,2,6,2,0,1,0,0,0,0,0,0,0,0,0
8,2020,4,15,4,0,6,0,1,1,0,0,0,0,0,1,2,1,0
1,2020,11,4,2,5,3,2,0,1,0,0,0,0,1,1,2,0,0
7,2020,1,15,7,1,1,0,0,1,0,0,0,0,0,0,0,1,1
4,2020,9,18,7,5,2,0,1,1,0,0,0,0,0,0,1,0,0
1,2020,6,15,6,5,2,0,0,1,0,1,0,0,0,0,1,1,0
3,2018,7,15,7,0,1,0,1,0,0,0,0,0,0,0,0,2,1
11,2019,9,17,5,5,3,0,1,1,0,0,0,0,0,0,0,0,1
8,2019,9,15,2,5,3,0,1,1,0,0,0,0,1,0,0,0,0
6,2021,10,7,3,6,2,2,0,1,1,0,0,0,1,0,1,1,0
3,2020,11,13,2,5,3,0,0,1,0,1,0,0,0,1,2,0,1
10,2018,6,13,4,5,3,0,0,1,0,0,1,0,0,0,0,0,0
3,2018,8,16,1,5,3,0,0,1,0,0,0,0,0,0,0,1,0
1,2018,10,16,1,0,1,0,1,0,0,0,0,0,0,0,0,1,0
1,2020,9,16,3,5,3,0,0,1,0,1,0,0,0,0,1,0,0
4,2019,2,15,7,6,4,0,0,1,1,0,0,0,0,0,0,1,0
9,2019,2,5,6,3,6,2,0,1,0,0,1,0,0,0,0,1,1
1,2021,6,17,3,0,5,0,1,0,0,0,0,1,0,0,1,1,0
5,2018,12,12,2,6,2,0,0,1,1,0,0,0,0,0,0,1,0