BEZ,UJAHR,UMONAT,USTUNDE,UWOCHENTAG,UART,UTYP1,ULICHTVERH,IstRad,IstPKW,IstFuss,IstKrad,IstGkfz,IstSonstige,USTRZUSTAND,LOCKDOWN,COVID,FERIEN,UKATEGORIE
11,2021,5,0,7,1,5,2,0,0,0,1,0,1,1,1,2,1,0
2,2018,7,7,4,5,2,0,1,1,0,0,0,0,0,0,0,2,0
1,2020,8,17,7,5,2,0,1,1,0,0,0,0,0,0,1,1,0
8,2019,9,16,6,1,1,0,0,1,0,1,0,0,0,0,0,0,0
4,2019,5,17,6,5,3,0,0,1,0,0,0,0,0,0,0,0,0
11,2021,8,18,7,3,6,0,1,0,0,0,0,0,0,0,1,1,0
10,2021,8,22,6,5,7,2,1,0,0,0,0,1,0,0,1,1,1
5,2019,10,13,4,5,2,0,1,1,0,0,0,0,0,0,0,1,1
6,2021,7,18,2,9,1,0,0,1,0,0,0,0,0,0,1,2,1
12,2021,5,8,2,5,3,0,0,1,0,0,1,0,0,1,2,1,0
9,2020,8,18,3,5,2,0,0,1,0,1,0,0,0,0,1,1,0
6,2018,9,7,5,6,7,0,1,0,1,0,0,0,0,0,0,0,0
2,2019,2,12,2,2,6,0,0,1,0,0,0,0,1,0,0,1,0
12,2020,10,18,5,2,6,0,0,1,0,0,0,0,1,1,1,1,1
12,2021,9,14,3,2,6,0,0,1,0,0,0,0,0,0,1,0,0
4,2019,9,16,1,5,2,0,1,1,0,0,0,0,0,0,0,0,0
3,2019,9,11,6,5,3,0,1,1,0,0,0,0,0,0,0,0,0
7,2018,5,15,4,1,5,0,1,1,0,0,0,0,0,0,0,0,0
4,2021,12,18,4,5,2,1,1,1,0,0,0,0,0,1,2,1,0
8,2021,7,17,5,2,6,0,0,1,0,0,0,0,1,0,1,2,0
7,2019,2,12,7,6,4,0,0,1,1,0,0,0,0,0,0,1,1
7,2019,12,17,6,2,6,2,0,1,0,0,0,0,0,0,0,1,0
5,2018,6,20,2,5,2,0,1,0,0,0,0,1,0,0,0,0,0
8,2021,11,17,4,0,4,2,1,0,1,0,0,0,0,0,2,0,1
3,2019,7,15,2,5,2,0,1,1,0,0,0,0,0,0,0,2,0
6,2020,11,16,4,5,3,2,0,1,0,0,0,0,0,1,2,0,0
11,2021,9,18,1,5,2,1,0,1,0,0,0,1,0,0,1,0,0
7,2019,6,19,2,8,1,0,0,1,0,0,0,0,1,0,0,1,0
9,2018,2,8,2,6,4,0,0,0,1,0,0,1,0,0,0,1,0
1,2019,7,13,7,0,7,0,0,1,1,0,0,1,0,0,0,2,1
5,2018,8,8,1,5,3,0,1,0,0,0,0,1,0,0,0,1,0
5,2020,2,5,6,5,2,2,0,1,0,0,0,0,1,0,0,1,0
4,2019,8,5,4,3,6,1,0,1,0,0,0,0,0,0,0,0,0
11,2020,10,21,4,5,3,2,0,1,0,0,0,0,0,1,1,1,0
3,2020,8,8,3,1,5,0,1,1,0,0,0,0,0,0,1,1,0
1,2021,5,0,3,5,3,2,1,1,0,0,0,0,1,1,2,1,0
5,2018,5,1,7,5,3,2,0,1,0,0,0,0,0,0,0,0,0
4,2018,3,15,5,2,6,0,0,1,0,0,0,0,0,0,0,1,0
3,2019,8,11,6,3,6,0,1,1,0,0,0,0,0,0,0,0,0
4,2018,10,14,1,2,6,0,0,1,0,0,0,0,0,0,0,1,0
2,2018,5,15,4,6,4,0,0,1,1,0,0,0,0,0,0,0,0
2,2019,1,22,5,6,4,2,0,1,1,0,0,0,0,0,0,1,1
5,2018,4,22,6,5,2,2,1,1,0,0,0,0,1,0,0,1,1
7,2020,9,15,5,6,4,0,0,1,1,0,0,0,0,0,1,0,0
2,2018,4,14,3,4,6,0,0,1,0,0,0,0,0,0,0,1,0
1,2018,3,16,6,5,2,0,0,1,0,0,0,0,0,0,0,1,0
9,2020,6,16,5,5,2,0,1,1,0,0,0,0,1,0,1,1,1
1,2018,7,18,5,2,2,0,0,1,0,0,0,0,0,0,0,2,0
12,2021,6,11,3,5,3,0,1,1,0,0,0,0,0,0,1,1,0
1,2021,4,20,4,0,1,2,0,0,0,1,0,0,0,1,2,1,0
7,2019,1,18,7,5,3,2,0,1,0,0,0,0,1,0,0,1,0
12,2020,11,9,2,5,2,0,1,1,0,0,0,0,1,1,2,0,0
11,2021,10,7,4,5,2,0,1,1,0,0,0,0,0,0,1,1,0
6,2018,7,12,7,2,6,0,0,1,0,0,0,0,0,0,0,2,0
1,2018,4,9,6,1,7,0,1,1,0,0,0,0,0,0,0,1,0
6,2018,8,18,5,2,6,0,0,1,0,1,0,0,0,0,0,1,1
9,2019,2,20,7,5,2,2,0,1,0,0,0,0,1,0,0,1,0
5,2021,10,16,3,8,1,0,0,1,0,0,0,0,0,0,1,1,0
11,2020,9,14,5,0,7,0,1,0,0,0,1,0,0,0,1,0,1
8,2021,11,17,1,2,6,2,0,1,0,0,0,0,1,0,2,0,0
5,2018,1,17,6,2,6,2,0,1,0,0,0,0,0,0,0,0,0
3,2021,4,13,4,5,2,0,0,1,0,0,0,0,0,1,2,1,0
1,2021,5,6,5,0,6,0,0,1,0,1,0,0,1,1,2,1,0
7,2018,2,13,7,2,6,0,0,1,0,0,0,0,0,0,0,1,0
3,2020,7,11,4,6,4,0,1,1,1,0,0,0,0,0,1,2,0
1,2019,12,8,5,5,3,0,0,1,0,0,0,1,1,0,0,1,0
4,2019,12,18,6,0,7,2,0,1,0,0,0,0,1,0,0,1,0
6,2019,7,8,2,5,3,0,1,1,0,0,0,0,1,0,0,2,0
9,2020,7,14,7,5,3,0,0,1,0,0,0,0,0,0,1,2,0
9,2019,8,12,7,5,3,0,0,1,0,0,0,0,0,0,0,0,0
2,2018,5,6,2,5,3,0,1,1,0,0,0,0,0,0,0,0,1
7,2019,7,8,6,9,1,0,0,1,0,0,0,0,1,0,0,2,1
12,2019,9,6,5,5,3,0,0,1,0,1,0,0,1,0,0,0,0
1,2020,12,16,3,2,6,2,0,1,0,0,0,0,1,1,2,1,0
12,2020,12,20,7,6,7,2,0,1,1,0,0,0,0,1,2,1,0
4,2018,7,12,2,6,7,0,0,1,1,0,0,0,0,0,0,2,0
3,2018,9,20,5,3,6,2,1,0,0,0,0,0,0,0,0,0,0
1,2019,11,7,1,2,6,0,0,1,0,0,0,0,0,0,0,0,0
6,2018,11,18,6,2,7,2,0,1,0,1,0,0,0,0,0,0,0
2,2019,6,23,7,0,7,2,0,0,1,1,0,0,0,0,0,1,0
1,2020,3,6,6,5,7,1,0,1,0,1,0,0,1,1,1,0,0
2,2020,12,10,5,1,5,0,1,1,0,0,0,0,0,1,2,1,0
4,2018,6,9,2,2,6,0,0,1,0,0,0,0,0,0,0,0,1
1,2018,8,23,4,3,6,2,1,1,0,0,0,0,0,0,0,1,0
5,2018,5,14,5,5,3,0,0,1,0,0,0,0,0,0,0,0,0
5,2019,11,14,1,0,7,0,0,0,0,1,0,0,1,0,0,0,0
1,2021,12,22,3,5,3,2,0,1,0,1,0,0,1,1,2,1,1
8,2019,4,16,3,2,6,0,0,1,0,0,0,0,0,0,0,1,0
8,2021,11,17,3,1,5,1,1,0,0,0,0,1,0,0,2,0,0
11,2019,2,20,7,2,6,2,0,1,0,0,0,0,0,0,0,1,0
9,2020,5,13,5,3,6,0,0,0,0,1,0,1,0,1,1,0,1
1,2018,11,19,6,0,2,2,0,1,0,1,0,0,1,0,0,0,0
5,2021,6,14,2,5,2,0,1,1,0,0,0,0,0,0,1,1,1
11,2021,5,14,6,0,6,0,0,1,0,1,0,0,0,1,2,1,0
4,2018,6,10,4,5,2,0,0,1,0,0,0,0,0,0,0,0,0
8,2018,8,23,2,1,5,2,0,1,0,0,0,1,0,0,0,1,0
1,2019,9,15,7,2,6,0,0,1,0,1,0,0,1,0,0,0,0
12,2021,12,14,5,5,3,0,0,1,0,0,0,0,0,1,2,1,0
4,2019,4,14,3,2,6,0,0,1,0,0,0,0,0,0,0,1,0
6,2021,8,16,6,4,6,0,0,1,0,0,0,0,0,0,1,1,0
3,2018,4,18,6,5,2,0,1,1,0,0,0,0,0,0,0,1,1
8,2020,3,12,2,5,2,0,0,1,0,0,0,0,0,1,1,0,0
10,2019,1,16,3,6,2,2,0,1,1,0,0,0,1,0,0,1,1
5,2018,10,13,2,4,6,0,1,0,0,0,0,0,0,0,0,1,0
4,2020,2,13,6,5,2,0,0,1,0,0,0,0,0,0,0,1,0
2,2020,6,20,3,5,2,0,1,1,0,0,0,0,0,0,1,1,0
3,2020,12,14,3,0,1,0,1,0,0,0,0,0,0,1,2,1,0
1,2018,7,14,3,3,6,0,0,0,0,1,1,0,0,0,0,2,0
2,2021,3,16,2,5,2,0,1,1,0,0,0,0,0,0,2,0,1
11,2020,7,1,6,2,7,2,1,1,0,0,0,0,0,0,1,2,0
8,2020,6,14,4,6,4,0,0,1,1,0,0,0,0,0,1,1,0
1,2021,11,19,6,5,2,2,1,1,0,0,0,0,0,0,2,0,0
1,2018,7,7,5,0,3,0,0,1,0,1,0,0,0,0,0,2,0
9,2019,4,10,1,5,3,0,0,1,0,0,0,1,0,0,0,1,1
8,2020,6,11,5,5,3,0,0,1,0,0,0,0,0,0,1,1,0
7,2019,10,16,5,5,2,0,1,1,0,0,0,0,0,0,0,1,0
6,2021,1,11,2,9,1,0,0,1,0,0,0,0,2,1,2,0,1
6,2020,5,16,6,1,5,0,1,1,0,0,0,0,0,1,1,0,1
6,2020,6,18,5,0,6,0,0,1,0,1,0,0,0,0,1,1,0
1,2021,9,2,6,0,1,2,0,0,0,0,0,1,0,0,1,0,1
10,2020,10,17,4,1,5,0,0,1,0,0,0,1,0,1,1,1,0
3,2018,10,16,3,5,2,0,1,0,0,0,0,1,1,0,0,1,0
3,2018,9,21,2,0,7,2,0,0,0,1,1,0,1,0,0,0,0
4,2018,4,18,5,0,1,0,1,0,0,0,0,0,0,0,0,1,0
9,2018,9,8,3,3,6,0,0,1,0,0,0,0,0,0,0,0,0
4,2019,5,15,5,5,3,0,0,1,0,0,0,0,0,0,0,0,0
12,2021,3,13,4,0,7,0,1,0,0,0,0,0,0,0,2,0,0
8,2020,8,21,7,0,7,2,0,0,0,1,0,0,0,0,1,1,0
12,2020,5,10,7,3,6,0,0,0,0,1,0,1,0,1,1,0,0
5,2020,7,12,5,5,3,0,0,1,0,0,0,0,1,0,1,2,1
5,2019,6,9,4,5,2,0,0,1,0,0,0,0,0,0,0,1,1
1,2018,4,18,3,5,2,0,1,1,0,0,0,0,0,0,0,1,0
4,2018,7,15,4,5,5,0,0,1,0,1,0,0,0,0,0,2,0
1,2019,8,17,7,5,2,0,1,1,0,0,0,0,0,0,0,0,0
1,2021,12,17,6,5,2,2,1,1,0,0,0,0,0,1,2,1,0
8,2019,6,12,6,3,6,0,1,0,0,0,1,0,0,0,0,1,0
6,2018,5,21,5,6,7,0,0,1,1,0,0,0,0,0,0,0,0
1,2019,2,8,3,5,2,0,1,1,0,0,0,0,0,0,0,1,0
12,2019,12,20,2,2,6,2,0,1,0,0,0,0,1,0,0,1,0
1,2021,6,6,6,0,1,0,0,0,0,0,0,1,0,0,1,1,0
5,2018,5,8,5,2,2,0,0,1,0,0,0,0,0,0,0,0,0
2,2021,8,15,6,5,2,0,1,1,0,0,0,0,0,0,1,1,0
4,2020,1,16,3,5,7,2,1,1,0,0,0,0,1,0,0,1,0
1,2021,3,14,6,5,3,0,1,1,0,0,0,0,1,0,2,0,0
9,2021,9,15,5,5,2,0,0,1,0,0,0,0,0,0,1,0,0
3,2018,11,13,7,5,3,0,1,1,0,0,0,0,0,0,0,0,0
4,2018,12,18,6,6,6,2,0,1,1,0,0,0,0,0,0,1,0
1,2018,11,19,6,5,2,2,0,1,0,0,0,0,0,0,0,0,0
6,2019,8,9,6,1,5,0,1,1,0,0,0,0,0,0,0,0,1
7,2020,9,8,4,3,5,0,1,1,0,0,0,0,0,0,1,0,0
3,2021,5,13,5,0,5,0,0,1,0,1,0,0,0,1,2,1,0
1,2018,3,6,2,1,1,1,0,1,0,0,0,0,2,0,0,1,0
11,2020,8,18,4,0,7,0,0,1,0,1,0,0,0,0,1,1,0
4,2021,4,16,4,3,6,0,0,1,0,0,0,0,1,1,2,1,0
2,2021,11,11,2,0,1,0,0,0,0,1,0,0,1,0,2,0,0
1,2018,3,21,3,6,2,2,0,1,1,0,0,0,1,0,0,1,0
1,2019,4,8,6,3,6,0,1,0,0,0,1,0,0,0,0,1,0
1,2019,7,11,3,5,2,0,0,1,0,1,0,0,0,0,0,2,1
11,2019,8,19,5,4,6,0,1,0,0,0,0,0,0,0,0,0,0
7,2018,1,11,2,0,6,0,0,1,0,1,0,0,1,0,0,0,0
6,2018,4,15,3,5,2,0,0,1,0,1,0,0,0,0,0,1,1
4,2021,10,16,4,2,6,0,0,1,0,0,0,0,0,0,1,1,0
5,2019,5,19,3,5,3,0,0,1,0,0,0,0,0,0,0,0,0
10,2018,6,15,4,2,6,0,0,1,0,0,0,0,0,0,0,0,0
7,2019,4,18,3,2,6,0,0,1,0,0,0,0,0,0,0,1,0
2,2019,8,2,2,5,3,2,0,1,0,0,0,1,0,0,0,0,0
6,2021,9,8,3,5,2,0,1,1,0,0,0,0,0,0,1,0,0
6,2019,1,18,7,6,4,2,0,1,1,0,0,1,1,0,0,1,1
10,2021,11,13,2,6,7,0,1,0,1,0,0,0,0,0,2,0,0
7,2021,3,16,6,0,4,0,1,0,1,0,0,0,0,0,2,0,0
2,2020,7,19,7,2,6,0,0,1,0,0,0,0,0,0,1,2,0
10,2021,5,16,3,0,7,0,0,1,0,0,0,0,0,1,2,1,0
4,2019,4,15,3,1,5,0,0,1,0,0,0,0,0,0,0,1,0
7,2018,3,10,5,5,3,0,0,1,0,0,0,0,1,0,0,1,0
11,2021,2,16,2,5,3,0,1,1,0,0,0,0,0,1,2,1,0
7,2021,12,13,3,5,2,0,1,0,0,0,0,1,1,1,2,1,0
8,2019,9,8,6,5,2,0,1,1,0,0,0,0,1,0,0,0,0
4,2019,10,16,7,1,5,0,1,1,0,0,0,0,0,0,0,1,0
4,2018,6,15,7,8,1,0,0,1,0,0,0,0,1,0,0,0,0
1,2018,8,20,3,0,5,2,0,1,0,1,0,0,0,0,0,1,0
9,2020,6,18,6,5,3,0,1,1,0,0,0,0,0,0,1,1,0
9,2018,10,17,5,5,2,0,1,1,0,0,0,0,0,0,0,1,1
4,2018,4,13,7,6,4,0,1,0,1,0,0,0,0,0,0,1,0
1,2019,8,21,5,1,5,2,1,1,0,0,0,0,0,0,0,0,0
8,2018,12,17,3,6,2,2,0,1,1,0,0,0,0,0,0,1,0
7,2018,5,17,4,0,4,0,1,0,1,0,0,0,0,0,0,0,0
2,2018,1,8,5,5,2,0,1,1,0,0,0,0,0,0,0,0,0
10,2020,3,14,2,5,2,0,0,1,0,0,0,0,0,1,1,0,0
10,2020,5,15,7,0,1,0,0,0,0,1,0,0,1,1,1,0,0
1,2018,4,5,4,0,1,1,1,0,0,0,0,0,1,0,0,1,0
8,2021,11,7,2,6,2,0,0,1,1,0,0,0,1,0,2,0,0
3,2020,5,1,7,8,1,2,0,0,0,0,0,1,0,1,1,0,1
4,2019,5,17,4,2,6,0,0,1,0,0,0,0,0,0,0,0,0
11,2019,12,21,7,2,6,2,0,1,0,0,0,0,1,0,0,1,0
10,2020,9,16,5,5,2,0,1,1,0,0,0,0,0,0,1,0,1
3,2021,8,8,5,5,2,0,1,1,0,0,0,0,0,0,1,1,0
1,2018,6,18,2,1,5,0,1,1,0,0,0,0,0,0,0,0,1
10,2018,1,17,3,6,4,2,0,1,1,0,0,0,1,0,0,0,1
12,2019,4,18,6,2,6,0,0,1,0,0,0,0,0,0,0,1,0
6,2020,4,9,6,4,2,0,0,1,0,0,0,1,0,1,2,1,0
5,2021,9,12,6,8,1,0,0,0,0,0,0,1,0,0,1,0,0
4,2020,7,18,2,5,2,0,1,1,0,0,0,0,1,0,1,2,0
5,2021,4,18,2,6,2,0,0,1,1,0,0,0,0,1,2,1,0
8,2018,5,17,5,5,3,0,1,1,0,0,0,0,0,0,0,0,1
9,2018,9,17,6,5,3,0,0,1,0,0,0,0,0,0,0,0,0
7,2020,3,10,2,6,2,0,0,1,1,0,0,0,0,1,1,0,1
7,2021,1,15,4,5,3,0,0,1,0,0,0,0,1,1,2,0,0
12,2018,6,19,4,5,3,0,1,0,0,0,0,1,0,0,0,0,0
4,2018,8,14,4,5,2,0,1,1,0,0,0,0,0,0,0,1,0
1,2020,9,9,5,6,4,0,1,0,1,0,0,0,0,0,1,0,0
4,2021,10,19,2,5,3,1,1,1,0,0,0,0,1,0,1,1,0
1,2018,1,22,6,2,6,2,0,1,0,0,0,0,0,0,0,0,0
12,2019,4,13,3,0,6,0,0,1,0,0,0,1,0,0,0,1,0
3,2018,6,7,6,5,2,0,1,1,0,0,0,0,0,0,0,0,0
7,2021,6,14,2,0,2,0,0,1,0,0,0,1,0,0,1,1,0
6,2020,7,20,2,6,2,0,1,0,1,0,0,0,1,0,1,2,1
11,2020,1,16,2,5,3,2,0,1,0,0,0,0,1,0,0,1,0
4,2021,1,11,3,0,4,0,0,1,1,0,0,0,0,1,2,0,0
2,2019,8,22,5,1,5,2,1,1,0,1,0,0,0,0,0,0,0
4,2018,10,19,4,1,6,2,1,1,0,0,0,0,0,0,0,1,0
1,2018,8,15,2,0,2,0,0,1,0,1,0,0,0,0,0,1,0
12,2020,9,14,4,2,6,0,0,1,0,0,0,0,0,0,1,0,0
12,2018,3,19,7,1,5,2,0,1,0,0,0,0,1,0,0,1,0
1,2018,9,15,7,6,4,0,0,1,1,0,0,0,0,0,0,0,0
1,2018,1,9,5,5,2,0,1,0,0,0,0,1,1,0,0,0,0
1,2018,3,17,1,2,6,0,0,1,0,0,0,0,0,0,0,1,0
7,2021,10,14,3,2,6,0,0,1,0,0,0,0,0,0,1,1,0
10,2018,7,18,4,2,6,0,0,1,0,0,0,1,0,0,0,2,0
12,2021,7,9,6,6,4,0,0,0,1,0,0,1,0,0,1,2,1
7,2018,2,16,3,6,2,0,0,0,1,0,0,1,0,0,0,1,0
7,2021,6,9,2,2,6,0,0,1,0,0,0,0,0,0,1,1,0
9,2018,4,15,7,3,6,0,1,1,0,0,0,0,0,0,0,1,0
7,2021,10,5,7,9,1,2,0,0,0,1,0,0,1,0,1,1,0
1,2021,2,11,6,6,7,0,0,1,1,0,0,0,0,1,2,1,1
5,2019,6,19,3,5,3,0,0,1,0,0,0,0,0,0,0,1,0
4,2021,6,16,4,0,5,0,1,1,0,0,0,0,0,0,1,1,0
12,2020,10,17,5,5,3,0,1,1,0,0,0,0,1,1,1,1,0
9,2018,5,19,1,5,2,0,1,1,0,0,0,0,0,0,0,0,0
6,2020,12,14,6,1,7,0,0,1,0,0,0,0,0,1,2,1,0
9,2020,5,13,6,3,6,0,1,0,0,0,0,0,0,1,1,0,0
4,2020,6,10,5,5,2,0,0,1,0,0,0,1,0,0,1,1,0
1,2018,10,17,3,6,4,0,0,0,1,0,0,1,0,0,0,1,0
4,2020,11,10,2,1,5,0,1,1,0,0,0,0,1,1,2,0,0
12,2019,2,15,2,0,7,0,0,0,0,0,0,1,0,0,0,1,0
1,2020,9,13,7,5,2,0,1,1,0,0,0,0,0,0,1,0,0
5,2018,9,10,3,3,6,0,0,1,0,1,0,0,0,0,0,0,0
6,2020,8,13,4,3,6,0,0,1,0,1,0,0,0,0,1,1,0
8,2021,5,0,5,5,3,2,0,1,0,0,0,0,1,1,2,1,0
12,2019,6,14,3,1,5,0,1,1,0,0,0,1,0,0,0,1,0
11,2020,7,8,6,5,2,0,1,1,0,0,0,0,0,0,1,2,0
3,2020,10,13,6,5,2,0,0,1,0,0,0,0,1,1,1,1,0
9,2021,5,9,1,0,7,0,0,1,0,0,0,0,1,1,2,1,0
9,2020,11,11,7,6,2,0,0,1,1,0,0,0,0,1,2,0,0
3,2021,8,13,2,5,7,0,0,1,0,1,0,0,0,0,1,1,0
1,2020,9,21,4,2,2,2,1,0,0,0,0,0,0,0,1,0,1
9,2021,10,14,3,5,3,0,0,1,0,1,0,0,0,0,1,1,1
12,2018,3,14,7,5,2,0,1,1,0,0,0,0,0,0,0,1,0
7,2019,11,13,6,0,6,0,1,1,0,0,0,0,0,0,0,0,0
2,2018,8,13,5,0,7,0,1,0,0,0,0,0,0,0,0,1,0
5,2021,7,15,3,5,3,0,1,1,0,0,0,0,0,0,1,2,0
6,2020,6,15,6,0,5,0,1,1,0,0,0,0,1,0,1,1,0
3,2018,8,11,7,1,5,0,1,1,0,0,0,0,0,0,0,1,0
2,2021,8,21,4,5,3,2,1,1,0,0,0,0,1,0,1,1,0
1,2018,9,12,2,5,3,0,0,1,0,0,1,0,0,0,0,0,0
11,2018,7,19,6,2,6,0,0,1,0,0,0,0,0,0,0,2,0
2,2020,11,17,2,6,4,2,0,1,1,0,0,0,0,1,2,0,0
10,2020,6,16,3,2,6,0,0,1,0,0,0,0,0,0,1,1,0
3,2021,5,10,6,6,2,0,0,1,1,0,0,0,0,1,2,1,1
7,2019,8,10,5,0,6,0,1,1,0,0,0,0,0,0,0,0,0
8,2018,5,17,5,1,5,0,1,1,0,0,0,0,0,0,0,0,0
4,2019,7,13,6,2,6,0,0,1,0,0,0,0,0,0,0,2,0
7,2019,2,16,5,3,6,0,0,1,0,0,0,0,0,0,0,1,0
2,2019,6,8,2,5,2,0,1,0,0,0,1,0,0,0,0,1,0
12,2021,7,15,6,2,1,0,0,1,0,0,0,0,1,0,1,2,0
6,2018,5,13,5,7,7,0,0,1,0,0,0,0,0,0,0,0,0
3,2019,2,8,2,5,3,0,1,1,0,0,0,0,0,0,0,1,0
3,2019,7,13,6,5,3,0,0,1,0,0,0,0,0,0,0,2,0
4,2018,1,21,5,0,7,2,0,1,0,0,0,0,0,0,0,0,1
3,2018,5,8,4,5,3,0,1,1,0,0,0,0,0,0,0,0,0
6,2019,3,11,6,1,5,0,1,1,0,0,0,0,0,0,0,0,0
5,2018,9,7,3,2,6,0,0,1,0,0,0,0,0,0,0,0,0
2,2019,7,15,5,5,2,0,1,0,0,0,0,1,0,0,0,2,0
6,2019,8,20,7,6,7,2,1,0,1,0,0,0,0,0,0,0,0
1,2018,11,18,3,5,2,2,1,0,0,1,0,0,0,0,0,0,0
9,2018,9,16,2,0,2,0,1,1,0,0,0,0,0,0,0,0,0
1,2019,6,18,1,0,1,0,0,0,0,1,0,0,0,0,0,1,0
2,2019,6,13,7,6,7,0,0,1,1,0,0,0,0,0,0,1,1
3,2020,12,19,3,5,3,2,1,0,0,0,0,1,0,1,2,1,1
3,2019,6,16,5,4,1,0,0,1,0,0,0,0,1,0,0,1,0
5,2020,4,19,2,6,4,1,0,1,1,0,0,0,0,1,2,1,0
6,2020,7,16,4,5,2,0,0,1,0,0,0,0,1,0,1,2,0
1,2020,9,12,2,5,2,0,1,1,0,0,0,0,0,0,1,0,0
1,2021,9,18,6,5,7,0,0,1,0,0,0,1,0,0,1,0,0
4,2018,10,16,7,5,3,0,1,1,0,0,0,0,0,0,0,1,0
12,2018,6,10,3,6,4,0,0,1,1,0,0,0,0,0,0,0,0
6,2020,12,6,4,5,2,2,1,0,0,0,0,0,0,1,2,1,0
4,2019,11,14,3,5,3,0,1,1,0,0,0,0,0,0,0,0,0
11,2020,10,16,6,5,2,1,1,1,0,0,0,0,1,1,1,1,0
2,2020,2,20,2,5,3,1,1,1,0,0,0,0,1,0,0,1,0
4,2019,1,13,5,3,6,0,0,1,0,0,1,0,0,0,0,1,0
7,2021,5,20,2,5,3,2,0,1,0,0,0,0,1,1,2,1,0
4,2019,3,20,4,5,2,2,1,1,0,0,0,0,0,0,0,0,0
2,2018,7,15,2,6,4,0,1,0,1,0,0,0,0,0,0,2,0
4,2020,9,11,3,0,7,0,1,0,0,0,0,0,0,0,1,0,1
3,2019,5,17,3,2,2,0,1,1,0,0,0,0,0,0,0,0,0
4,2020,10,20,4,2,6,2,0,1,0,0,0,1,1,1,1,1,0
1,2020,3,11,5,0,7,0,1,0,0,0,0,0,1,1,1,0,0
8,2020,11,17,4,6,2,2,0,1,1,0,0,0,0,1,2,0,0
6,2021,6,23,3,5,3,2,0,1,0,0,0,0,1,0,1,1,0
7,2018,10,8,3,6,2,0,0,1,1,0,0,0,0,0,0,1,0
8,2021,11,16,7,5,2,2,1,1,0,0,0,0,0,0,2,0,0
6,2018,8,16,5,2,2,0,0,1,0,0,0,0,0,0,0,1,0
12,2019,10,19,5,2,6,2,0,1,0,1,0,0,0,0,0,1,0
1,2018,8,14,7,2,1,0,0,1,0,0,0,0,0,0,0,1,0
8,2019,8,15,4,5,2,0,1,1,0,0,0,0,0,0,0,0,0
1,2018,9,14,4,0,1,0,1,0,0,0,0,0,0,0,0,0,1
3,2019,5,8,4,0,5,0,0,0,0,1,0,1,0,0,0,0,1
3,2021,9,14,1,5,2,0,1,1,0,0,0,0,0,0,1,0,0
6,2020,8,14,4,5,3,0,1,1,0,0,0,0,0,0,1,1,0
2,2019,10,14,6,2,7,0,1,1,0,0,0,0,0,0,0,1,0
6,2019,12,19,5,1,1,2,0,1,0,1,0,0,1,0,0,1,0
1,2020,1,23,1,5,3,2,0,1,0,0,0,0,1,0,0,1,0
2,2021,5,7,3,5,3,0,1,0,0,0,0,0,1,1,2,1,0
2,2021,4,18,3,0,1,0,1,0,0,0,0,0,1,1,2,1,0
3,2021,5,10,5,5,3,0,1,1,0,0,0,0,0,1,2,1,0
9,2018,10,19,7,0,1,2,0,0,0,1,0,0,0,0,0,1,1
9,2019,2,3,7,5,3,2,0,1,0,0,0,0,0,0,0,1,1
10,2019,6,15,4,6,4,0,0,1,1,0,0,0,0,0,0,1,1
1,2019,4,19,4,0,1,0,0,1,0,1,0,0,0,0,0,1,0
4,2021,1,11,1,3,6,0,1,1,0,0,0,0,1,1,2,0,0
8,2019,10,14,4,5,3,0,1,1,0,0,0,0,0,0,0,1,0
4,2018,6,14,6,2,6,0,0,1,0,0,0,0,0,0,0,0,0
8,2019,9,21,1,6,7,2,1,0,1,0,0,0,0,0,0,0,1
9,2018,1,7,6,6,4,0,0,1,1,0,0,0,1,0,0,0,0
7,2021,10,22,2,5,7,2,0,0,0,1,0,1,0,0,1,1,0
4,2020,1,0,7,5,2,2,0,1,0,0,0,1,1,0,0,1,1
1,2018,10,11,6,5,3,0,1,1,0,0,0,0,0,0,0,1,1
5,2021,1,18,1,5,2,2,0,1,0,0,0,0,1,1,2,0,0
1,2019,12,19,3,5,3,2,0,1,0,1,0,0,0,0,0,1,0
1,2018,8,14,5,6,4,0,0,0,1,1,0,0,0,0,0,1,0
7,2021,10,18,3,5,2,2,0,1,0,0,0,1,1,0,1,1,0
2,2018,1,11,7,6,4,0,1,0,1,0,0,0,0,0,0,0,0
11,2018,12,8,3,2,6,0,0,1,0,0,0,1,1,0,0,1,0
1,2021,10,0,1,2,6,2,0,1,0,0,0,0,0,0,1,1,0
12,2020,3,10,3,5,3,0,0,1,0,0,0,0,0,1,1,0,0
4,2021,9,23,7,8,1,2,0,1,0,0,0,0,0,0,1,0,0
1,2018,3,14,5,5,2,0,1,1,0,0,0,0,1,0,0,1,0
4,2020,9,15,4,5,2,0,0,1,0,0,0,1,0,0,1,0,0
1,2018,12,15,6,5,2,1,1,1,0,0,0,0,1,0,0,1,0
10,2020,8,9,5,4,6,0,0,1,0,0,0,0,0,0,1,1,1
9,2018,4,14,6,9,1,0,0,1,0,0,0,0,0,0,0,1,1
10,2019,1,14,6,2,2,0,0,1,0,0,0,0,0,0,0,1,0
10,2018,6,14,1,1,5,0,0,1,1,0,0,0,0,0,0,0,0
9,2021,8,22,6,4,5,2,0,1,0,0,0,0,0,0,1,1,0
2,2018,10,14,1,2,7,0,0,1,0,1,0,0,0,0,0,1,0