BEZ,UJAHR,UMONAT,USTUNDE,UWOCHENTAG,UART,UTYP1,ULICHTVERH,IstRad,IstPKW,IstFuss,IstKrad,IstGkfz,IstSonstige,USTRZUSTAND,LOCKDOWN,COVID,FERIEN,UKATEGORIE
3,2018,6,19,7,2,6,0,0,1,0,0,0,0,0,0,0,0,0
9,2018,11,19,6,4,2,2,1,1,0,0,0,0,0,0,0,0,0
8,2020,4,17,5,5,3,0,0,0,0,1,0,0,0,1,2,1,0
4,2019,5,9,1,5,2,0,1,1,0,0,0,0,0,0,0,0,0
9,2020,12,14,4,5,3,0,1,1,0,0,0,0,0,1,2,1,0
3,2018,6,19,6,5,3,0,0,1,0,0,0,0,0,0,0,0,0
3,2018,3,12,6,2,6,0,0,1,0,0,0,0,1,0,0,1,0
3,2020,7,16,3,5,3,0,0,1,0,1,0,0,0,0,1,2,1
10,2018,2,15,7,2,6,0,0,1,0,0,0,0,0,0,0,1,0
5,2019,11,19,6,5,2,2,0,1,0,1,0,0,1,0,0,0,0
2,2018,3,9,5,0,7,0,1,0,0,0,0,0,1,0,0,1,0
7,2018,8,8,5,0,1,0,0,0,0,1,0,0,0,0,0,1,1
7,2021,5,20,2,2,6,0,1,1,0,0,0,0,0,1,2,1,0
4,2021,1,16,6,5,3,1,0,1,0,0,0,0,0,1,2,0,0
8,2020,8,11,5,1,5,0,1,1,0,0,0,0,0,0,1,1,0
4,2020,5,14,6,2,6,0,0,1,0,1,0,0,0,1,1,0,1
1,2019,10,17,2,5,3,1,1,1,0,0,0,0,0,0,0,1,0
8,2021,9,7,6,0,3,0,1,1,0,0,0,0,0,0,1,0,0
6,2021,8,7,7,1,5,0,1,1,0,0,0,0,0,0,1,1,0
9,2020,9,14,1,2,2,0,0,1,0,0,0,0,0,0,1,0,0
9,2020,9,19,4,6,7,1,0,1,1,0,0,0,0,0,1,0,0
6,2021,9,18,6,5,2,0,1,1,0,0,0,0,1,0,1,0,0
2,2018,9,19,4,6,4,1,1,0,1,0,0,0,0,0,0,0,0
6,2019,11,5,7,9,1,2,0,1,1,0,0,0,0,0,0,0,1
9,2018,9,14,5,3,6,0,0,1,0,0,0,0,0,0,0,0,1
3,2020,6,23,7,0,7,2,1,0,0,0,0,0,0,0,1,1,0
12,2018,9,22,5,5,3,2,0,1,0,0,0,0,0,0,0,0,1
1,2021,12,16,6,6,4,1,0,1,1,0,0,0,0,1,2,1,1
8,2019,12,13,7,5,3,0,0,1,0,0,0,1,0,0,0,1,0
6,2019,7,11,2,2,7,0,0,1,0,0,0,0,0,0,0,2,1
4,2021,3,19,4,5,5,2,1,1,0,0,0,0,0,0,2,0,0
5,2020,4,8,2,5,2,0,1,0,0,0,1,0,0,1,2,1,0
1,2020,8,23,6,5,2,2,1,1,0,0,0,0,0,0,1,1,0
10,2019,11,5,6,5,3,2,0,1,0,0,0,0,0,0,0,0,1
1,2020,2,6,6,0,7,2,0,0,0,0,0,1,0,0,0,1,1
4,2020,12,12,7,1,5,0,1,1,0,0,0,0,0,1,2,1,0
11,2018,8,11,5,5,2,0,0,1,0,0,0,0,1,0,0,1,0
8,2021,3,12,2,6,4,0,0,1,1,0,0,0,0,0,2,0,0
3,2019,8,19,3,3,6,0,1,0,0,0,0,0,0,0,0,0,0
1,2018,11,17,4,5,2,2,0,1,0,0,0,0,0,0,0,0,0
4,2019,6,8,4,0,1,0,0,0,0,1,0,0,0,0,0,1,0
4,2019,7,7,2,0,3,0,1,1,0,0,0,0,0,0,0,2,0
12,2020,11,16,5,5,2,1,0,1,0,1,0,0,0,1,2,0,0
1,2020,8,9,4,5,3,0,1,0,0,0,0,0,0,0,1,1,1
5,2019,7,13,7,5,3,0,0,1,0,0,0,0,0,0,0,2,0
4,2018,4,14,5,5,2,0,0,1,0,0,0,0,0,0,0,1,0
4,2021,8,11,5,2,6,0,1,1,0,0,0,0,1,0,1,1,0
7,2018,6,18,7,1,5,0,0,0,0,0,1,1,0,0,0,0,1
7,2020,7,21,7,5,3,1,0,1,0,0,0,1,0,0,1,2,1
3,2019,8,9,3,2,6,0,1,1,0,0,0,0,0,0,0,0,0
7,2019,1,18,1,6,4,2,0,1,1,0,0,0,1,0,0,1,1
1,2018,8,20,5,0,1,2,1,0,0,0,0,0,0,0,0,1,1
9,2020,6,7,4,5,3,0,1,1,0,0,0,0,0,0,1,1,0
4,2021,1,15,1,4,6,0,1,1,0,0,0,0,0,1,2,0,0
5,2020,3,18,6,5,7,2,0,1,0,0,0,0,1,1,1,0,0
4,2019,7,19,5,5,3,0,1,1,0,0,0,0,0,0,0,2,0
1,2019,7,7,3,6,4,0,0,0,1,0,1,0,0,0,0,2,1
11,2020,3,7,6,5,2,0,0,1,0,0,0,0,0,1,1,0,0
10,2021,12,23,2,5,3,2,0,1,0,0,0,0,2,1,2,1,0
10,2020,5,16,6,5,2,0,1,0,0,0,0,1,0,1,1,0,0
4,2018,3,17,5,5,3,0,1,1,0,0,0,0,1,0,0,1,0
1,2020,9,13,1,5,2,0,0,1,0,1,0,0,0,0,1,0,0
9,2018,3,8,6,2,6,0,1,1,0,0,0,0,1,0,0,1,1
4,2021,12,11,5,5,2,0,1,1,0,0,0,0,1,1,2,1,0
3,2018,10,7,4,5,2,0,1,1,0,0,0,0,0,0,0,1,0
1,2018,7,16,1,0,1,0,1,0,0,0,0,0,0,0,0,2,1
4,2021,6,11,4,0,6,0,0,0,0,0,0,1,0,0,1,1,0
4,2018,9,15,5,2,6,0,0,1,0,0,0,0,0,0,0,0,0
7,2019,8,14,7,2,6,0,1,1,0,0,0,0,0,0,0,0,0
4,2020,1,19,5,5,2,2,1,1,0,0,0,0,1,0,0,1,0
1,2019,11,0,7,1,5,2,0,1,0,0,0,1,0,0,0,0,1
1,2021,6,16,3,3,7,0,1,1,0,0,0,0,0,0,1,1,0
6,2020,3,10,6,0,6,0,0,1,0,0,0,1,0,1,1,0,0
7,2019,8,22,4,5,3,2,0,1,0,0,0,0,0,0,0,0,0
5,2018,9,7,2,5,7,0,0,1,0,1,0,0,0,0,0,0,0
2,2019,8,17,5,5,2,0,1,1,0,0,0,0,0,0,0,0,0
8,2019,8,14,5,0,3,0,0,1,0,0,0,1,0,0,0,0,0
9,2019,2,8,4,0,1,0,1,0,0,0,0,0,1,0,0,1,0
3,2019,3,16,6,6,4,0,0,1,1,0,0,0,0,0,0,0,1
6,2020,6,10,2,5,2,0,1,1,0,0,0,0,0,0,1,1,0
4,2021,8,15,7,5,2,0,1,0,0,0,0,0,0,0,1,1,0
7,2021,7,15,1,5,3,0,1,1,0,0,0,0,0,0,1,2,0
2,2021,11,20,1,6,4,2,0,1,1,0,0,0,1,0,2,0,0
7,2018,3,9,6,6,7,0,0,1,1,0,0,0,0,0,0,1,0
9,2018,11,12,5,2,6,0,0,1,0,0,0,0,0,0,0,0,0
8,2019,3,12,3,3,6,0,0,1,0,1,0,1,1,0,0,0,0
3,2020,6,16,4,1,5,0,1,1,0,0,0,0,0,0,1,1,0
9,2021,6,12,7,5,2,0,0,1,0,0,0,0,0,0,1,1,0
4,2020,1,8,3,2,6,0,0,1,0,0,0,0,1,0,0,1,0
11,2019,8,22,7,0,1,2,1,0,0,0,0,0,0,0,0,0,1
3,2021,12,14,1,2,6,0,0,1,0,0,0,0,0,1,2,1,0
9,2018,5,7,5,0,2,0,1,1,0,0,0,0,0,0,0,0,0
1,2021,1,6,2,5,2,2,0,1,0,0,0,0,1,1,2,0,0
4,2020,5,8,5,5,2,0,0,1,0,0,0,1,0,1,1,0,0
1,2019,3,13,2,2,6,0,0,1,0,0,0,0,0,0,0,0,0
1,2018,2,5,1,5,3,2,0,1,0,0,0,0,0,0,0,1,0
1,2019,3,15,3,3,6,0,0,1,0,1,0,0,1,0,0,0,0
1,2018,7,18,3,2,7,0,0,1,0,0,0,1,0,0,0,2,0
5,2021,6,13,6,0,1,0,0,0,0,1,0,0,0,0,1,1,0
2,2021,10,9,2,8,1,0,0,1,0,0,0,0,1,0,1,1,0
8,2020,5,22,7,1,5,2,1,1,0,0,0,0,0,1,1,0,0
6,2020,2,13,2,6,4,0,0,1,1,0,0,0,1,0,0,1,0
12,2021,2,17,6,5,3,2,1,1,0,0,0,0,1,1,2,1,1
12,2020,5,15,1,2,6,0,0,1,0,0,0,0,0,1,1,0,0
5,2021,4,18,4,9,1,0,0,0,0,1,0,0,1,1,2,1,1
1,2021,5,15,1,0,1,0,0,1,0,1,0,0,1,1,2,1,1
1,2019,7,15,5,5,2,0,0,1,0,1,0,0,0,0,0,2,0
11,2021,5,15,3,6,2,0,0,1,1,0,0,0,0,1,2,1,0
10,2018,2,15,4,6,4,0,0,1,1,0,0,0,0,0,0,1,1
4,2021,10,14,7,0,1,0,1,0,0,0,0,0,0,0,1,1,1
4,2019,3,10,3,6,3,0,0,1,1,0,0,0,1,0,0,0,0
1,2021,8,14,7,5,2,0,0,1,0,1,0,0,0,0,1,1,0
3,2019,9,16,6,5,2,0,1,1,0,0,0,0,0,0,0,0,0
12,2019,9,10,4,5,2,0,0,1,0,0,0,1,0,0,0,0,0
12,2019,9,16,4,9,1,0,0,1,0,0,0,0,0,0,0,0,0
8,2018,3,13,6,6,4,0,0,1,1,0,0,0,0,0,0,1,0
12,2019,2,10,7,6,7,0,0,1,1,0,0,0,0,0,0,1,0
3,2020,9,18,5,1,6,0,1,1,0,0,0,0,0,0,1,0,0
2,2019,6,19,2,5,2,0,1,1,0,0,0,0,0,0,0,1,0
6,2021,5,14,2,5,3,0,0,1,0,1,0,0,0,1,2,1,1
1,2018,7,16,2,3,6,0,0,1,0,1,0,0,0,0,0,2,0
1,2021,1,12,3,5,7,0,0,0,0,0,1,1,1,1,2,0,0
2,2018,2,17,2,5,3,0,0,1,0,0,0,1,0,0,0,1,0
2,2021,8,22,5,5,3,2,1,1,0,0,0,0,0,0,1,1,0
1,2021,11,15,4,6,2,0,0,0,1,0,1,0,0,0,2,0,1
6,2021,8,12,5,6,4,0,0,1,1,0,0,0,0,0,1,1,0
9,2019,4,14,3,4,6,0,0,1,0,0,0,0,0,0,0,1,0
1,2021,4,9,5,5,2,0,1,0,0,0,0,1,0,1,2,1,0
7,2021,3,11,4,2,6,0,0,1,0,0,0,1,0,0,2,0,0
7,2021,10,3,1,5,3,2,1,1,0,0,0,0,0,0,1,1,0
11,2018,5,16,2,6,4,0,1,0,1,0,0,0,0,0,0,0,0
8,2018,5,19,3,2,6,0,1,1,0,0,0,0,0,0,0,0,0
11,2021,7,14,3,5,3,0,1,1,0,0,0,0,0,0,1,2,0
3,2020,7,20,6,5,2,0,1,0,0,0,0,1,0,0,1,2,0
7,2021,5,13,4,0,6,0,1,1,0,0,0,0,0,1,2,1,0
7,2018,11,18,6,6,2,2,0,1,1,0,0,0,0,0,0,0,0
4,2019,7,9,2,2,6,0,0,1,0,0,0,0,0,0,0,2,0
1,2020,4,17,5,5,2,0,1,1,0,0,0,0,0,1,2,1,0
1,2019,6,10,6,2,6,0,0,1,0,0,1,0,0,0,0,1,0
6,2020,10,15,5,6,2,0,0,1,1,0,0,0,0,1,1,1,0
4,2019,6,15,3,2,6,0,0,1,0,0,0,0,0,0,0,1,0
4,2020,9,16,2,5,3,0,1,1,0,0,0,0,0,0,1,0,0
2,2021,2,3,2,0,1,2,0,0,0,0,0,1,2,1,2,1,0
10,2019,4,9,2,5,3,0,1,1,0,0,0,0,0,0,0,1,0
1,2021,7,21,3,0,2,2,1,1,0,0,0,0,0,0,1,2,0
5,2018,4,19,2,1,5,0,0,0,0,1,0,1,0,0,0,1,0
4,2020,6,13,4,5,2,0,0,1,0,1,0,0,0,0,1,1,0
6,2019,6,23,5,0,1,2,1,0,0,0,0,0,0,0,0,1,1
7,2018,11,8,6,6,2,0,0,1,1,0,0,0,1,0,0,0,0
5,2021,10,16,1,6,4,0,0,0,1,1,0,0,0,0,1,1,0
1,2019,9,15,4,2,6,0,0,1,0,1,0,0,1,0,0,0,0
3,2020,7,10,3,5,3,0,0,1,0,0,0,0,0,0,1,2,0
12,2020,4,14,2,5,3,0,0,1,0,1,0,0,0,1,2,1,0
3,2018,5,9,4,2,6,0,1,1,0,0,0,0,0,0,0,0,0
1,2018,6,16,6,6,4,0,1,0,1,0,0,0,0,0,0,0,1
7,2020,1,20,5,6,4,2,0,1,1,0,0,0,1,0,0,1,0
1,2021,1,20,2,6,4,2,1,0,1,0,0,0,0,1,2,0,0
11,2019,1,2,3,6,4,2,0,1,1,0,0,0,1,0,0,1,0
2,2021,2,10,2,0,7,0,0,1,0,0,0,0,2,1,2,1,0
3,2018,12,6,3,6,4,2,0,0,1,0,0,1,1,0,0,1,0
4,2021,3,14,3,5,2,0,0,1,0,0,0,0,0,0,2,0,0
3,2018,6,9,5,0,2,0,1,1,0,0,0,0,0,0,0,0,0
9,2019,9,18,1,5,2,0,0,1,0,0,0,0,0,0,0,0,0
11,2021,10,5,3,5,3,2,1,1,0,0,0,0,0,0,1,1,0
3,2019,7,10,2,1,5,0,1,1,0,0,0,0,0,0,0,2,0
4,2020,7,11,2,6,7,0,0,0,1,0,0,1,0,0,1,2,1
2,2021,4,19,4,4,7,0,1,0,1,0,0,0,0,1,2,1,0
6,2021,9,22,2,2,6,2,1,1,0,0,0,0,0,0,1,0,0
1,2018,4,15,5,5,3,0,1,1,0,0,0,0,1,0,0,1,0
2,2019,5,15,6,3,6,0,1,0,0,0,0,0,0,0,0,0,0
3,2021,12,10,2,1,5,0,1,1,0,0,0,0,1,1,2,1,0
1,2019,3,21,7,1,5,2,1,1,0,0,0,0,0,0,0,0,0
4,2018,10,16,2,2,6,0,0,1,0,0,0,0,1,0,0,1,0
3,2020,3,15,6,5,3,0,0,1,0,1,0,0,1,1,1,0,0
4,2021,8,18,4,5,7,0,0,1,0,1,0,0,0,0,1,1,1
9,2018,3,13,3,5,3,0,0,1,0,0,0,0,0,0,0,1,0
6,2021,4,4,2,0,7,2,0,1,0,0,0,0,0,1,2,1,0
2,2019,8,12,4,0,2,0,1,1,0,0,0,0,0,0,0,0,0
4,2019,11,5,2,2,6,2,0,1,0,0,0,0,1,0,0,0,0
2,2018,9,7,2,5,2,0,0,1,0,0,0,0,0,0,0,0,0
9,2020,2,16,5,0,5,0,1,1,0,0,0,0,0,0,0,1,0
5,2019,8,11,7,5,2,0,1,1,0,0,0,0,0,0,0,0,1
2,2018,11,9,2,1,7,0,0,1,0,0,0,0,0,0,0,0,0
4,2021,7,11,5,3,6,0,0,1,0,0,1,0,0,0,1,2,0
5,2019,10,17,1,5,2,1,0,1,0,0,0,0,0,0,0,1,0
7,2020,5,19,1,5,3,0,1,1,0,0,0,0,0,1,1,0,0
2,2021,5,10,7,0,3,0,1,0,0,1,0,0,0,1,2,1,0
1,2020,6,7,5,5,3,0,0,1,0,0,0,1,0,0,1,1,0
9,2018,1,13,6,0,1,0,1,0,0,0,0,0,1,0,0,0,0
3,2019,10,18,4,5,7,0,0,1,0,1,0,0,0,0,0,1,0
2,2021,9,18,3,1,5,1,1,1,0,0,0,0,0,0,1,0,0
3,2021,6,10,2,1,5,0,1,1,0,0,0,0,0,0,1,1,1
1,2021,12,9,2,0,5,0,1,1,0,0,0,0,1,1,2,1,0
3,2021,10,10,5,5,3,0,1,1,0,0,0,0,0,0,1,1,0
4,2019,2,16,1,1,5,0,1,1,0,0,0,0,0,0,0,1,0
5,2019,3,16,3,5,3,0,1,1,0,0,0,0,0,0,0,0,0
12,2018,4,15,7,5,3,0,1,1,0,0,0,0,0,0,0,1,0
2,2018,7,10,3,6,4,0,1,0,1,0,0,0,0,0,0,2,0
5,2020,11,16,1,5,3,2,0,1,0,0,0,0,1,1,2,0,1
4,2019,4,18,7,1,5,0,1,1,0,0,0,0,0,0,0,1,0
1,2018,7,15,3,5,3,0,1,1,0,0,0,0,0,0,0,2,0
5,2018,11,20,6,6,4,2,0,1,1,0,0,0,0,0,0,0,1
5,2021,2,15,6,5,2,0,1,1,0,0,0,0,0,1,2,1,0
7,2020,9,13,6,1,5,0,1,1,0,0,0,1,0,0,1,0,0
11,2020,1,12,6,0,1,0,0,0,0,1,0,0,1,0,0,1,0
7,2019,12,14,1,3,6,0,0,1,0,0,0,0,1,0,0,1,0
2,2020,1,19,6,3,6,2,1,1,0,0,0,0,1,0,0,1,0
4,2021,6,18,6,5,2,0,1,1,0,0,0,0,0,0,1,1,0
4,2021,1,8,3,6,4,0,0,1,1,0,0,0,1,1,2,0,0
3,2020,9,15,4,3,6,0,1,1,0,0,0,0,0,0,1,0,0
2,2018,10,16,2,6,4,0,1,0,1,0,0,0,0,0,0,1,1
1,2021,1,11,1,5,2,0,0,1,0,1,0,0,0,1,2,0,1
1,2021,11,7,4,5,7,0,0,1,0,1,0,0,0,0,2,0,0
3,2020,2,4,1,9,1,2,0,0,0,1,0,0,0,0,0,1,1
9,2019,6,15,2,0,6,0,1,1,0,0,0,0,0,0,0,1,0
3,2020,7,9,6,5,3,0,1,1,0,0,0,0,0,0,1,2,0
8,2021,4,15,3,2,6,0,0,1,0,0,0,0,0,1,2,1,0
1,2020,9,16,5,5,2,0,1,1,0,0,0,0,0,0,1,0,0
1,2019,9,0,6,1,5,2,0,1,0,0,0,0,0,0,0,0,0
7,2018,10,15,3,1,5,0,0,1,0,1,0,0,0,0,0,1,0
1,2018,10,20,2,5,2,1,1,0,0,0,0,1,0,0,0,1,0
3,2018,1,17,2,6,2,2,0,1,1,0,0,0,1,0,0,0,0
3,2018,8,21,7,3,6,2,0,1,0,0,1,0,0,0,0,1,0
8,2018,5,18,2,5,2,0,1,1,0,0,0,0,0,0,0,0,1
3,2018,9,20,5,0,3,2,1,1,0,0,0,0,0,0,0,0,1
1,2020,5,19,7,2,2,0,0,1,0,0,0,1,0,1,1,0,0
9,2020,7,13,3,5,3,0,1,1,0,0,0,0,0,0,1,2,0
5,2018,3,15,1,5,3,0,1,1,0,0,0,0,0,0,0,1,0
5,2021,12,17,7,2,6,1,0,1,0,0,0,0,0,1,2,1,0
1,2018,2,7,3,6,7,0,1,0,1,0,0,0,0,0,0,1,0
1,2020,6,8,3,5,2,0,1,1,0,0,0,0,0,0,1,1,0
10,2019,8,17,4,1,5,0,1,1,0,0,0,0,0,0,0,0,0
10,2018,8,16,5,0,2,0,0,1,0,0,0,1,0,0,0,1,0
5,2019,2,15,5,5,7,0,0,1,0,0,0,1,1,0,0,1,0
12,2018,9,9,3,5,3,0,0,1,0,0,0,0,0,0,0,0,0
11,2020,7,16,2,5,2,0,1,1,0,0,0,0,0,0,1,2,0
10,2020,10,21,4,6,2,2,0,1,1,0,0,0,1,1,1,1,0
2,2019,8,23,6,1,5,2,1,1,0,0,0,1,0,0,0,0,0
1,2021,5,15,6,5,3,0,1,1,0,0,0,0,1,1,2,1,0
4,2020,7,13,3,5,3,0,1,1,0,0,0,0,0,0,1,2,1
7,2020,10,14,2,5,3,0,0,1,0,1,0,0,0,1,1,1,1
7,2020,8,11,2,5,2,0,1,1,0,0,0,0,0,0,1,1,0
3,2019,12,19,1,6,4,2,0,0,1,0,0,1,0,0,0,1,1
11,2020,7,1,6,5,3,2,1,1,0,0,0,0,0,0,1,2,1
8,2020,12,13,4,5,3,0,0,1,0,0,0,0,0,1,2,1,0
2,2020,4,13,4,5,7,0,0,1,0,1,0,0,0,1,2,1,0
7,2021,6,9,2,6,4,0,0,0,1,0,0,1,0,0,1,1,0
12,2020,11,4,2,5,3,2,0,1,0,0,0,0,1,1,2,0,0
4,2019,5,3,4,5,2,2,0,0,0,0,1,1,1,0,0,0,0
6,2018,9,0,7,2,2,2,0,1,0,0,0,0,0,0,0,0,0
3,2019,5,14,3,5,2,0,1,1,0,0,0,0,0,0,0,0,0
5,2018,7,12,6,2,6,0,0,1,0,0,0,0,0,0,0,2,0
5,2018,5,16,3,5,2,0,1,0,0,0,0,1,0,0,0,0,0
12,2021,9,14,2,6,4,0,0,1,1,0,0,0,0,0,1,0,1
8,2018,8,18,7,2,2,1,0,1,0,0,0,0,1,0,0,1,0
1,2021,9,11,4,2,6,0,0,1,0,0,0,1,1,0,1,0,0
8,2018,8,15,2,5,3,0,0,1,0,1,0,0,0,0,0,1,0
5,2019,12,18,7,5,2,2,1,1,0,0,0,0,1,0,0,1,0
3,2021,9,15,3,6,4,0,0,1,1,0,0,0,0,0,1,0,0
3,2019,4,3,7,0,1,2,0,1,0,0,0,0,1,0,0,1,0
8,2020,7,7,3,2,6,0,0,1,0,0,0,0,0,0,1,2,0
4,2019,5,7,4,0,5,0,1,1,0,0,0,0,0,0,0,0,0
7,2021,5,11,4,6,6,0,1,0,1,0,0,0,0,1,2,1,0
1,2020,8,16,6,2,6,0,0,1,0,0,0,0,0,0,1,1,0
1,2019,6,13,4,0,2,0,1,1,0,0,0,0,0,0,0,1,1
3,2019,12,5,2,5,3,2,1,1,0,0,0,0,0,0,0,1,0
2,2020,7,18,4,0,1,0,1,0,0,0,0,0,1,0,1,2,0
1,2019,2,18,6,6,4,1,0,1,1,0,0,0,0,0,0,1,0
8,2021,12,9,6,6,2,0,0,0,1,0,0,1,1,1,2,1,0
10,2020,9,15,5,3,6,0,1,1,0,0,0,0,0,0,1,0,0
3,2019,6,15,3,6,4,0,0,1,1,0,0,0,0,0,0,1,0
7,2018,9,8,5,5,2,0,0,1,0,1,0,0,0,0,0,0,0
7,2021,8,17,6,5,3,0,1,1,0,0,0,0,0,0,1,1,0
9,2019,7,13,4,4,6,0,0,1,0,0,0,0,0,0,0,2,0
7,2019,9,16,6,2,2,0,1,1,0,0,0,0,0,0,0,0,0
9,2020,11,14,2,2,2,0,0,1,0,0,0,0,0,1,2,0,0
1,2021,6,19,4,2,6,0,0,1,0,0,0,0,0,0,1,1,0
7,2019,8,15,4,0,1,0,0,1,0,1,0,0,0,0,0,0,0
2,2019,5,21,5,5,3,2,0,1,0,0,0,0,0,0,0,0,0
1,2018,5,6,6,0,1,0,0,0,0,1,0,0,0,0,0,0,0
2,2019,12,22,2,8,1,2,0,1,0,0,0,0,0,0,0,1,0
3,2020,11,13,5,6,4,0,0,1,1,0,0,0,0,1,2,0,1
4,2020,6,14,5,2,6,0,0,1,0,1,0,0,0,0,1,1,0
9,2019,8,15,4,6,4,0,0,1,1,0,0,0,0,0,0,0,0
5,2021,6,21,5,6,7,1,1,0,1,0,0,0,0,0,1,1,0
3,2018,8,7,4,3,6,0,1,0,0,0,0,0,0,0,0,1,0
9,2021,12,7,5,1,5,1,0,1,0,0,0,1,1,1,2,1,0
4,2020,1,17,1,5,5,0,0,1,0,1,0,0,0,0,0,1,1
7,2021,12,10,2,6,2,0,0,1,1,0,0,0,0,1,2,1,1
1,2019,7,11,7,5,3,0,1,1,0,0,0,0,0,0,0,2,1
9,2019,4,13,3,6,4,0,0,1,1,0,0,0,0,0,0,1,0
5,2018,6,18,5,6,4,0,0,1,1,0,0,0,0,0,0,0,1
2,2018,12,22,4,1,5,2,1,1,0,0,0,0,0,0,0,1,0
4,2020,5,20,6,5,2,0,1,1,0,0,0,0,0,1,1,0,0
7,2018,6,15,2,1,5,0,1,1,0,0,0,0,0,0,0,0,0
4,2019,9,8,2,2,6,0,0,1,0,1,0,0,0,0,0,0,0
11,2020,4,10,4,0,2,0,1,0,0,0,0,1,0,1,2,1,0
1,2019,7,13,4,1,5,0,1,1,0,0,0,0,0,0,0,2,0
2,2021,3,18,3,5,2,0,1,1,0,0,0,0,0,0,2,0,0
2,2020,8,18,2,2,6,0,1,0,0,0,0,0,0,0,1,1,0
1,2020,6,22,4,0,1,2,1,0,0,0,0,0,0,0,1,1,1
4,2019,4,14,7,5,2,0,1,1,0,0,0,0,0,0,0,1,0
1,2021,8,13,5,5,2,0,1,1,0,0,0,0,0,0,1,1,0
8,2020,8,11,3,2,6,0,0,1,0,0,0,0,0,0,1,1,0
2,2020,9,18,3,0,1,0,0,0,0,1,0,0,0,0,1,0,0
12,2021,8,13,5,0,2,0,1,1,1,0,0,0,0,0,1,1,0
1,2020,4,12,6,3,6,0,1,1,0,0,0,0,0,1,2,1,0
12,2020,9,11,6,0,1,0,0,0,0,1,0,0,1,0,1,0,0
10,2018,12,22,7,5,1,2,0,1,0,0,0,1,0,0,0,1,0
1,2021,6,15,3,5,3,0,1,0,0,0,0,0,0,0,1,1,0
1,2020,9,12,3,5,3,0,0,1,0,0,0,1,0,0,1,0,1
9,2019,11,14,2,5,7,0,0,1,0,0,0,1,0,0,0,0,0
5,2020,12,9,5,5,2,1,0,1,0,0,0,0,1,1,2,1,0
2,2021,11,17,5,3,6,2,1,1,0,0,0,0,1,0,2,0,0
1,2021,10,17,6,3,2,0,0,1,0,1,0,0,0,0,1,1,0
7,2020,2,16,4,2,6,0,0,1,0,0,0,1,0,0,0,1,0
1,2020,1,1,1,0,1,2,1,0,0,0,0,0,1,0,0,1,0
4,2021,7,18,7,5,2,0,0,1,0,0,0,0,0,0,1,2,0
1,2018,8,19,2,5,2,0,1,1,0,0,0,0,0,0,0,1,0
10,2019,6,15,7,2,7,0,0,1,0,0,0,0,0,0,0,1,0
10,2018,7,13,6,3,6,0,0,1,0,0,1,0,0,0,0,2,0
1,2019,12,17,2,5,7,2,0,1,0,1,0,0,1,0,0,1,0
6,2018,8,8,7,2,1,0,0,0,0,1,0,1,0,0,0,1,1
9,2018,6,17,2,5,2,0,0,0,0,1,0,0,0,0,0,0,0
11,2021,5,15,2,2,6,0,0,1,0,0,0,0,0,1,2,1,0
4,2020,9,17,5,2,6,0,0,1,0,0,0,0,0,0,1,0,0
7,2020,11,11,4,2,6,0,0,1,0,0,0,0,0,1,2,0,0
2,2018,6,19,5,0,7,0,1,0,0,0,0,0,0,0,0,0,0
1,2020,6,16,4,5,2,0,1,1,0,0,0,0,0,0,1,1,0
7,2021,5,16,4,0,6,0,0,1,0,0,0,1,0,1,2,1,0
8,2021,1,7,4,6,2,2,0,0,1,0,0,1,1,1,2,0,0
9,2020,5,7,1,9,1,0,0,1,0,0,0,0,0,1,1,0,0
2,2018,2,20,7,6,4,2,0,0,1,1,0,0,0,0,0,1,0
3,2018,6,15,6,3,6,0,0,1,0,1,0,0,0,0,0,0,1
4,2020,2,18,4,3,6,2,0,1,0,0,0,0,0,0,0,1,0
1,2020,10,16,2,2,6,0,0,1,0,0,0,0,0,1,1,1,0
6,2021,8,23,6,5,3,2,0,1,0,0,0,0,1,0,1,1,1
1,2020,3,22,7,5,3,2,0,1,0,0,0,0,0,1,1,0,0
5,2019,5,11,7,5,2,0,0,1,0,0,0,0,0,0,0,0,0
8,2019,5,6,2,5,3,0,0,1,0,1,0,0,0,0,0,0,0
1,2019,9,13,7,2,6,0,1,0,0,0,0,1,0,0,0,0,1
7,2019,4,14,3,5,2,0,1,1,0,0,0,0,0,0,0,1,0
2,2020,6,6,2,2,6,0,0,1,0,0,0,0,0,0,1,1,0
3,2021,8,13,2,1,5,0,1,1,0,0,0,0,0,0,1,1,0
3,2019,4,8,6,1,5,0,1,1,0,0,0,0,0,0,0,1,0
4,2018,4,16,1,0,6,0,0,1,0,0,0,1,0,0,0,1,0
3,2018,6,16,5,0,2,0,1,1,0,0,0,0,0,0,0,0,1
10,2018,7,6,2,8,1,0,0,1,0,0,0,0,0,0,0,2,0
11,2018,10,16,5,2,6,0,0,0,0,1,0,0,0,0,0,1,0
4,2019,10,17,5,5,2,0,1,1,0,0,0,0,0,0,0,1,0
12,2019,1,7,6,2,2,1,0,1,0,0,0,0,1,0,0,1,0
2,2021,7,7,5,0,2,0,1,0,0,0,0,0,0,0,1,2,0
9,2018,8,10,5,2,2,0,0,1,0,0,0,0,0,0,0,1,0
1,2021,5,12,7,1,5,0,1,1,0,0,0,0,1,1,2,1,0
10,2019,1,16,5,5,2,1,1,1,0,0,0,0,0,0,0,1,1