BEZ,UJAHR,UMONAT,USTUNDE,UWOCHENTAG,UART,UTYP1,ULICHTVERH,IstRad,IstPKW,IstFuss,IstKrad,IstGkfz,IstSonstige,USTRZUSTAND,LOCKDOWN,COVID,FERIEN,UKATEGORIE
7,2018,9,19,5,0,1,2,0,0,0,1,0,0,1,0,0,0,0
9,2018,5,8,4,5,2,0,0,1,0,0,0,0,0,0,0,0,0
2,2018,9,16,1,4,6,0,1,1,0,0,0,0,0,0,0,0,0
7,2018,11,9,6,0,2,0,1,0,0,1,0,0,0,0,0,0,0
11,2019,4,14,6,0,7,0,0,1,0,0,0,0,0,0,0,1,0
1,2020,8,8,4,2,6,0,0,1,0,0,0,0,0,0,1,1,0
4,2020,8,15,2,0,1,0,1,0,0,0,0,0,0,0,1,1,0
4,2018,5,10,7,2,6,0,0,1,0,1,0,0,0,0,0,0,0
1,2019,10,7,4,5,7,0,1,1,0,0,0,0,0,0,0,1,0
4,2019,8,18,5,6,2,0,0,1,1,0,0,0,0,0,0,0,0
12,2018,12,16,4,2,6,1,0,1,0,0,0,0,1,0,0,1,0
2,2020,7,3,7,1,5,2,0,1,0,0,0,1,0,0,1,2,0
10,2018,11,12,6,5,3,0,0,1,0,0,0,0,1,0,0,0,0
9,2021,11,22,3,2,6,2,0,1,0,0,0,0,1,0,2,0,0
11,2018,5,9,5,5,2,0,1,1,0,0,0,0,0,0,0,0,0
4,2021,3,17,4,5,2,0,1,0,0,0,0,1,0,0,2,0,0
3,2021,4,7,4,5,3,0,1,1,0,0,0,0,0,1,2,1,0
2,2021,9,9,4,3,6,0,0,1,0,1,0,0,0,0,1,0,0
4,2018,5,16,6,2,6,0,0,1,0,0,0,0,0,0,0,0,0
10,2019,11,18,3,5,2,2,1,1,0,0,0,0,0,0,0,0,0
7,2019,8,12,7,6,7,0,0,1,1,0,0,0,0,0,0,0,0
7,2019,4,15,4,2,6,0,0,1,0,0,0,0,0,0,0,1,0
4,2018,12,17,4,5,2,2,0,1,0,0,0,0,0,0,0,1,0
3,2021,6,15,6,8,1,0,0,0,0,1,0,0,0,0,1,1,1
11,2019,10,22,3,5,2,2,0,1,0,0,0,0,0,0,0,1,0
3,2019,5,8,4,2,2,0,0,1,0,0,0,0,0,0,0,0,0
3,2018,8,16,4,5,3,0,0,1,0,0,0,0,0,0,0,1,0
2,2020,7,5,7,5,3,0,1,1,0,0,0,0,0,0,1,2,0
1,2019,9,14,6,0,6,0,0,1,0,0,0,1,0,0,0,0,0
4,2019,2,18,5,2,6,1,0,1,0,1,0,0,1,0,0,1,1
12,2019,8,10,5,5,3,0,0,1,0,0,0,0,0,0,0,0,1
4,2021,11,18,2,6,4,2,0,0,1,0,0,1,1,0,2,0,0
1,2020,6,20,7,5,3,0,1,1,0,0,0,0,0,0,1,1,0
3,2019,8,8,4,3,6,0,1,1,0,0,0,0,0,0,0,0,0
6,2019,9,11,7,0,1,0,1,0,0,0,0,0,1,0,0,0,0
1,2018,6,10,3,2,6,0,0,1,0,0,0,1,0,0,0,0,0
2,2020,6,13,2,2,3,0,1,1,0,0,0,0,0,0,1,1,0
3,2018,2,20,6,3,6,2,0,1,0,1,0,0,1,0,0,1,1
2,2018,1,20,4,6,2,2,0,1,1,0,0,0,1,0,0,0,0
9,2020,6,9,4,2,6,0,0,1,0,0,0,0,0,0,1,1,0
1,2020,7,18,4,5,2,0,1,1,0,0,0,0,0,0,1,2,0
9,2020,12,9,6,6,4,0,0,1,1,0,0,0,0,1,2,1,0
2,2018,4,19,4,6,4,0,0,1,1,0,0,0,0,0,0,1,1
1,2018,6,9,4,3,6,0,1,0,0,0,1,0,0,0,0,0,0
5,2021,7,7,6,6,4,0,1,0,1,0,0,0,0,0,1,2,0
6,2020,9,12,1,5,3,0,0,1,0,0,0,0,0,0,1,0,0
1,2020,4,15,5,4,6,0,1,0,0,0,0,0,0,1,2,1,0
3,2018,11,19,7,5,2,2,0,1,0,0,0,0,0,0,0,0,0
9,2018,2,7,3,1,5,0,1,1,0,0,0,0,0,0,0,1,0
4,2021,4,12,5,5,3,0,1,1,0,0,0,0,0,1,2,1,0
2,2018,7,13,1,5,3,0,0,1,0,0,0,0,0,0,0,2,0
6,2020,10,19,4,2,2,2,0,1,0,0,0,1,1,1,1,1,0
7,2021,8,17,5,5,3,0,1,0,0,0,1,0,1,0,1,1,0
11,2018,9,9,4,5,3,0,1,0,0,0,0,0,0,0,0,0,0
11,2019,1,17,4,5,3,2,0,1,0,0,0,0,1,0,0,1,0
4,2021,9,14,6,5,2,0,1,0,0,0,0,1,0,0,1,0,1
6,2019,2,23,7,5,2,2,1,1,0,0,0,0,0,0,0,1,1
2,2020,1,10,6,5,3,0,0,1,0,0,1,0,1,0,0,1,0
7,2018,5,7,5,5,3,0,1,0,0,0,0,1,0,0,0,0,0
12,2018,12,6,6,1,5,2,0,1,0,0,0,1,1,0,0,1,0
1,2020,3,13,2,2,6,0,0,1,0,0,0,0,0,1,1,0,0
10,2018,3,15,7,0,6,0,0,1,0,0,1,0,1,0,0,1,0
11,2018,2,20,2,6,7,2,0,1,1,0,0,0,0,0,0,1,0
3,2018,9,16,4,2,6,0,0,1,0,1,0,0,0,0,0,0,0
1,2019,3,11,4,5,3,0,1,1,0,0,0,0,0,0,0,0,0
9,2018,9,15,1,1,1,0,0,1,0,0,0,0,0,0,0,0,1
11,2018,8,13,2,5,3,0,0,0,0,1,0,1,0,0,0,1,0
1,2018,9,9,3,5,2,0,1,0,0,1,0,0,0,0,0,0,0
11,2020,4,21,6,5,2,2,0,1,0,0,0,0,0,1,2,1,0
1,2019,9,12,6,5,2,0,1,0,0,0,0,1,0,0,0,0,0
2,2018,11,2,1,5,7,2,0,1,0,0,0,0,0,0,0,0,0
8,2021,6,14,1,5,2,0,1,1,0,0,0,0,0,0,1,1,0
2,2021,9,14,2,5,2,0,1,0,0,0,0,1,0,0,1,0,0
7,2018,10,19,2,5,2,2,0,1,0,1,0,0,0,0,0,1,1
12,2018,5,10,2,0,3,0,0,1,0,0,0,1,0,0,0,0,0
4,2019,2,7,2,5,3,0,1,1,0,0,0,0,1,0,0,1,0
8,2018,6,12,3,0,6,0,0,1,0,1,0,0,0,0,0,0,1
6,2018,12,16,2,6,2,1,0,1,1,0,0,0,0,0,0,1,0
4,2021,8,8,2,0,1,0,1,0,0,0,0,0,1,0,1,1,1
11,2018,8,17,1,2,6,0,0,1,0,0,0,0,0,0,0,1,0
1,2019,9,17,4,5,3,0,1,1,0,0,0,0,1,0,0,0,0
1,2018,9,9,7,0,2,0,0,1,0,1,0,0,0,0,0,0,0
7,2019,5,7,4,5,3,0,1,1,0,0,0,0,0,0,0,0,0
1,2019,5,18,2,1,5,0,1,0,0,0,0,1,0,0,0,0,1
5,2019,5,13,5,5,7,0,1,1,0,0,0,0,0,0,0,0,0
3,2021,10,22,2,5,3,2,1,1,0,0,0,0,0,0,1,1,0
8,2020,2,14,5,2,6,0,0,1,0,0,0,1,0,0,0,1,0
8,2018,8,12,5,2,6,0,0,1,0,0,0,0,0,0,0,1,0
8,2020,7,14,6,2,6,0,0,1,0,0,0,0,0,0,1,2,0
10,2021,1,4,3,5,3,2,0,1,0,0,0,1,2,1,2,0,0
4,2019,5,18,4,5,2,0,1,1,0,0,0,0,1,0,0,0,0
6,2020,8,0,4,1,7,2,0,1,0,0,0,0,0,0,1,1,0
9,2018,11,17,6,6,2,2,0,1,1,0,0,0,1,0,0,0,0
2,2020,9,15,5,0,3,0,0,1,0,1,0,0,0,0,1,0,0
4,2019,8,11,2,6,7,0,1,0,1,0,0,0,0,0,0,0,0
7,2019,10,17,5,2,6,0,0,1,0,0,0,0,1,0,0,1,0
12,2018,5,14,2,5,2,0,0,1,0,1,0,0,0,0,0,0,1
2,2018,6,10,3,4,7,0,1,0,0,0,0,0,0,0,0,0,0
7,2021,4,11,7,5,2,0,0,0,0,1,0,1,0,1,2,1,0
4,2021,8,18,4,6,4,0,0,1,1,0,0,0,0,0,1,1,1
9,2018,7,10,7,5,3,0,0,1,0,0,0,0,0,0,0,2,0
5,2019,8,12,1,2,6,0,0,1,0,1,0,1,0,0,0,0,0
2,2019,7,14,5,6,4,0,1,0,1,0,0,0,0,0,0,2,0
7,2020,1,8,5,5,3,0,0,1,0,0,0,0,0,0,0,1,0
1,2020,6,15,2,1,5,0,1,1,0,0,0,0,0,0,1,1,0
9,2019,4,14,5,5,5,0,1,1,0,0,0,0,0,0,0,1,0
3,2020,1,7,3,0,7,0,0,1,0,0,0,1,1,0,0,1,0
4,2020,6,14,6,5,3,0,0,1,0,0,0,0,1,0,1,1,0
4,2018,5,16,3,2,6,0,0,1,0,0,0,0,0,0,0,0,0
12,2019,1,6,6,5,2,1,0,1,0,0,0,0,1,0,0,1,0
12,2021,9,13,5,2,6,0,0,1,0,0,0,0,0,0,1,0,0
4,2019,1,16,5,6,2,0,0,1,1,0,0,0,0,0,0,1,1
3,2018,11,8,6,1,5,0,1,1,0,0,0,0,0,0,0,0,0
7,2018,9,11,3,1,5,0,1,1,0,0,0,0,0,0,0,0,1
11,2018,7,19,6,5,3,0,1,1,0,0,0,0,0,0,0,2,0
11,2019,8,18,5,1,1,0,0,1,0,1,0,0,0,0,0,0,1
1,2019,11,22,4,0,7,2,0,0,0,0,0,1,1,0,0,0,0
1,2020,8,18,3,3,6,0,1,0,0,1,0,0,0,0,1,1,0
4,2021,11,13,5,5,3,0,0,1,0,0,1,0,1,0,2,0,1
7,2021,11,17,5,0,1,2,0,0,0,1,0,0,1,0,2,0,0
2,2018,12,9,4,5,2,0,1,1,0,0,0,0,0,0,0,1,0
4,2020,7,20,7,3,6,0,0,1,0,0,0,0,0,0,1,2,0
3,2018,5,7,3,6,7,0,1,0,1,0,0,0,0,0,0,0,0
6,2019,12,14,2,2,6,0,0,1,0,0,1,0,0,0,0,1,0
5,2021,10,14,5,4,6,0,1,0,0,0,0,1,0,0,1,1,0
3,2020,9,16,4,5,2,0,1,0,0,1,0,0,0,0,1,0,0
1,2021,10,18,6,6,2,2,0,1,1,0,0,0,1,0,1,1,0
9,2020,8,7,6,0,1,0,0,0,0,1,0,0,1,0,1,1,0
2,2020,6,20,1,2,6,0,0,1,0,0,0,0,0,0,1,1,0
6,2018,11,11,1,1,5,0,0,1,0,0,0,0,0,0,0,0,1
7,2019,5,7,5,2,6,0,0,1,0,0,0,0,0,0,0,0,0
9,2020,12,11,7,5,3,0,1,1,0,0,0,0,0,1,2,1,1
3,2018,10,8,5,5,2,0,1,0,0,0,0,1,1,0,0,1,0
9,2019,12,20,3,5,2,2,1,1,0,0,0,0,0,0,0,1,0
1,2020,11,14,4,5,3,0,0,1,0,1,0,0,1,1,2,0,0
12,2018,1,13,3,5,3,0,0,1,0,0,0,0,1,0,0,0,0
5,2019,8,14,5,5,3,0,1,1,0,0,0,0,0,0,0,0,0
11,2019,12,7,6,5,7,2,1,1,0,0,0,0,1,0,0,1,0
7,2019,10,8,4,6,2,0,0,1,1,0,0,0,0,0,0,1,0
3,2019,10,10,1,5,3,0,0,1,0,0,0,0,0,0,0,1,0
3,2018,7,19,4,5,2,0,1,1,0,0,0,0,0,0,0,2,0
12,2021,10,14,4,5,2,0,0,1,0,0,0,1,0,0,1,1,0
5,2019,10,15,7,5,2,0,0,1,0,0,0,0,0,0,0,1,0
12,2019,11,17,3,5,3,2,0,1,0,1,0,0,0,0,0,0,0
1,2019,2,11,4,6,3,0,0,1,1,0,0,0,0,0,0,1,0
4,2021,6,16,3,2,6,0,0,1,0,0,1,0,0,0,1,1,0
8,2021,11,13,6,2,6,0,0,1,0,0,0,0,0,0,2,0,0
6,2020,7,14,2,5,3,0,1,0,0,0,0,1,0,0,1,2,0
5,2020,8,16,4,2,2,0,0,1,0,0,0,0,1,0,1,1,0
3,2019,1,0,1,3,6,2,0,1,0,0,0,0,1,0,0,1,0
4,2019,2,12,6,2,6,0,0,0,0,0,1,1,0,0,0,1,0
2,2021,10,19,4,5,2,2,1,1,0,0,0,0,0,0,1,1,0
3,2019,12,17,2,2,6,2,0,1,0,0,0,0,0,0,0,1,0
8,2021,10,7,5,2,6,0,0,0,0,0,0,1,1,0,1,1,0
1,2019,9,11,6,6,2,0,0,1,1,0,0,0,0,0,0,0,1
1,2018,11,7,4,2,6,0,1,1,0,0,0,0,1,0,0,0,0
4,2020,1,7,3,1,5,0,1,1,0,0,0,0,1,0,0,1,0
3,2020,3,22,6,6,6,2,0,1,1,0,0,0,1,1,1,0,0
12,2021,8,11,4,1,5,0,1,1,0,0,0,0,0,0,1,1,0
4,2020,2,9,6,5,3,0,1,1,0,0,0,0,0,0,0,1,0
4,2018,4,12,3,2,6,0,0,1,0,0,0,0,0,0,0,1,0
2,2021,12,13,3,3,6,0,0,1,0,0,0,1,0,1,2,1,0
1,2021,6,15,4,0,1,0,0,0,0,1,0,0,1,0,1,1,0
1,2018,10,16,4,0,1,1,1,0,0,0,0,0,0,0,0,1,0
3,2021,5,14,5,2,6,0,0,1,0,0,0,0,0,1,2,1,0
7,2021,9,17,6,5,3,1,0,1,0,0,0,0,1,0,1,0,0
9,2019,9,8,2,5,3,0,1,1,0,0,0,0,0,0,0,0,0
2,2018,1,15,7,2,2,0,0,1,0,0,0,0,0,0,0,0,0
11,2020,8,18,5,1,5,0,1,1,0,0,0,0,0,0,1,1,0
11,2018,6,8,3,4,6,0,1,1,0,0,0,0,0,0,0,0,0
3,2019,7,10,7,6,3,0,0,1,1,0,0,0,0,0,0,2,1
3,2018,3,16,7,5,7,0,0,0,0,1,0,1,0,0,0,1,1
7,2018,7,18,2,6,7,0,0,1,1,0,0,0,0,0,0,2,0
8,2021,5,13,4,6,7,0,1,0,1,0,0,0,0,1,2,1,0
3,2020,8,7,3,6,4,0,0,0,1,0,0,1,0,0,1,1,0
7,2020,10,15,1,1,5,0,1,1,0,0,0,0,0,1,1,1,0
2,2021,5,12,3,1,5,0,1,1,0,0,0,0,1,1,2,1,0
4,2018,6,1,4,1,5,2,0,1,0,0,0,0,0,0,0,0,0
1,2019,9,18,4,0,7,1,0,0,0,1,0,0,1,0,0,0,0
11,2021,12,8,5,5,7,1,0,1,0,0,0,1,0,1,2,1,0
3,2021,1,10,7,5,3,0,1,0,0,0,0,1,1,1,2,0,0
11,2021,11,3,2,0,1,2,0,0,0,1,0,0,1,0,2,0,1
3,2019,8,7,3,5,2,0,1,0,0,0,0,0,0,0,0,0,0
2,2018,12,7,5,3,6,0,0,1,0,0,0,0,0,0,0,1,1
3,2018,7,16,2,2,6,0,0,1,0,0,0,0,0,0,0,2,0
12,2020,8,16,5,6,7,0,0,1,1,0,0,0,0,0,1,1,0
4,2019,11,22,7,5,2,2,0,1,0,0,0,0,1,0,0,0,0
2,2020,1,16,4,3,6,1,1,1,0,0,0,0,0,0,0,1,0
3,2021,9,10,4,5,2,0,0,1,0,0,0,1,0,0,1,0,0
1,2020,9,21,2,6,4,2,0,1,1,0,0,0,0,0,1,0,1
12,2020,1,22,6,5,7,2,0,1,0,0,0,0,1,0,0,1,0
1,2021,11,23,7,5,7,2,0,1,0,1,0,0,0,0,2,0,0
1,2019,10,22,4,0,7,2,0,0,1,0,0,1,0,0,0,1,0
1,2018,7,9,2,5,2,0,1,1,0,0,0,0,0,0,0,2,0
2,2018,4,11,6,6,4,0,0,0,1,0,1,0,0,0,0,1,0
10,2020,8,8,2,6,4,0,0,1,1,0,0,0,0,0,1,1,1
5,2021,8,11,6,5,7,0,0,1,0,1,0,0,0,0,1,1,1
3,2019,9,16,4,5,3,0,0,1,0,0,0,0,1,0,0,0,0
5,2019,2,20,7,6,4,2,0,1,1,0,0,0,1,0,0,1,1
7,2019,11,17,4,5,3,2,0,1,0,0,0,0,1,0,0,0,0
5,2019,4,15,7,5,2,0,0,1,0,0,0,0,0,0,0,1,0
5,2018,5,12,7,2,6,0,0,1,0,0,0,0,0,0,0,0,0
6,2021,4,9,1,5,2,0,0,0,0,1,0,1,0,1,2,1,0
1,2020,1,0,2,1,1,2,0,1,0,0,0,0,1,0,0,1,0
1,2019,8,11,3,3,7,0,1,1,0,0,0,0,0,0,0,0,0
4,2021,10,12,5,2,6,0,0,1,0,0,0,0,0,0,1,1,0
2,2018,8,7,4,5,2,0,0,0,0,1,0,1,0,0,0,1,1
6,2021,9,9,2,6,2,0,0,1,1,0,0,0,0,0,1,0,0
1,2019,2,17,3,1,5,2,1,1,0,0,0,0,0,0,0,1,0
1,2018,6,19,4,0,1,0,0,0,0,0,0,1,0,0,0,0,0
3,2018,4,11,5,5,3,0,1,1,0,0,0,0,0,0,0,1,0
6,2019,7,16,6,5,3,0,0,1,0,0,0,0,0,0,0,2,0
10,2019,7,14,4,5,2,0,1,0,0,0,0,1,0,0,0,2,0
11,2018,9,19,2,5,3,1,1,1,0,0,0,0,0,0,0,0,0
9,2018,4,16,2,5,2,0,0,1,0,1,0,0,0,0,0,1,0
9,2020,9,7,3,2,6,0,0,1,0,0,0,1,0,0,1,0,0
8,2020,8,14,3,2,6,0,1,1,0,0,0,0,0,0,1,1,0
2,2021,4,9,6,5,2,0,1,1,0,0,0,0,0,1,2,1,0
4,2020,5,11,4,2,6,0,0,1,0,0,0,0,0,1,1,0,0
5,2021,6,14,2,5,3,0,0,1,0,0,0,0,0,0,1,1,0
9,2019,4,23,3,5,3,2,0,1,0,1,0,0,0,0,0,1,0
2,2018,1,7,5,5,3,0,1,0,0,0,0,1,1,0,0,0,0
2,2019,12,16,4,5,3,2,1,1,0,0,0,0,0,0,0,1,0
2,2021,2,16,6,5,3,0,0,1,0,1,0,0,0,1,2,1,0
12,2018,6,13,2,2,6,0,0,1,0,0,0,0,0,0,0,0,0
6,2020,7,7,5,5,3,0,0,1,0,1,0,0,1,0,1,2,1
7,2020,9,17,6,6,4,0,0,1,1,0,0,0,0,0,1,0,0
1,2018,9,9,6,5,2,0,1,1,0,0,0,0,0,0,0,0,0
11,2021,10,18,5,0,1,0,1,0,0,0,0,0,1,0,1,1,1
1,2020,10,18,4,5,3,0,1,0,0,1,0,0,1,1,1,1,0
6,2019,12,16,3,5,3,2,0,1,0,0,0,0,1,0,0,1,0
10,2020,10,14,6,6,4,0,0,1,1,0,0,0,1,1,1,1,0
10,2021,2,13,2,5,2,0,0,1,0,0,0,0,0,1,2,1,0
3,2020,11,14,6,5,3,0,1,1,0,0,0,0,0,1,2,0,0
10,2018,1,6,4,5,3,0,1,0,0,0,0,1,0,0,0,0,0
1,2018,6,14,7,2,6,0,0,1,0,1,0,0,0,0,0,0,0
12,2019,12,12,2,0,5,0,0,1,0,0,0,1,1,0,0,1,0
9,2019,7,23,7,0,4,2,0,0,1,1,0,0,1,0,0,2,0
4,2021,9,14,4,5,2,0,0,1,0,1,0,0,0,0,1,0,0
8,2020,9,15,5,5,2,0,1,1,0,0,0,0,0,0,1,0,0
12,2020,8,22,3,5,2,2,0,1,0,0,0,0,0,0,1,1,0
12,2021,3,19,6,5,2,2,1,1,0,0,0,0,0,0,2,0,0
2,2019,5,14,1,6,4,0,1,0,1,0,0,0,0,0,0,0,1
1,2020,11,6,2,0,1,2,0,0,0,0,0,1,1,1,2,0,1
3,2021,2,11,5,5,3,0,1,1,0,0,0,0,0,1,2,1,0
1,2019,9,15,5,5,2,0,1,1,0,0,0,0,0,0,0,0,0
10,2018,5,19,5,2,6,0,0,1,0,0,0,0,0,0,0,0,0
1,2019,4,17,6,0,1,0,0,1,0,0,0,0,0,0,0,1,0
12,2020,11,17,3,5,2,2,1,0,0,0,0,0,0,1,2,0,0
5,2019,9,18,4,5,7,1,0,1,0,1,0,0,0,0,0,0,0
7,2021,7,10,7,5,2,0,0,1,0,0,0,0,0,0,1,2,1
3,2021,6,7,4,5,3,0,1,1,0,0,0,0,0,0,1,1,1
1,2020,10,18,3,2,6,2,0,1,0,0,0,0,0,1,1,1,0
1,2019,3,6,7,2,6,2,0,1,0,0,0,1,1,0,0,0,0
2,2021,10,11,2,5,5,0,0,1,0,1,0,0,0,0,1,1,1
2,2021,3,8,4,3,6,0,1,1,0,0,0,0,0,0,2,0,1
1,2020,3,12,5,5,3,0,1,1,0,0,0,0,0,1,1,0,0
2,2018,5,16,4,5,2,0,1,1,0,0,0,0,0,0,0,0,0
6,2021,3,8,3,5,3,0,1,1,0,0,0,0,0,0,2,0,0
7,2020,5,16,2,2,6,0,0,1,0,0,0,0,1,1,1,0,0
7,2021,3,16,4,3,6,0,0,1,0,0,0,0,1,0,2,0,0
1,2020,8,16,3,0,1,0,0,0,0,1,0,0,0,0,1,1,0
2,2018,9,6,3,6,4,1,1,0,1,0,0,0,0,0,0,0,0
9,2021,6,17,6,5,2,0,0,1,0,1,0,0,0,0,1,1,0
1,2018,9,15,2,3,6,0,1,0,0,0,0,1,0,0,0,0,0
2,2021,6,8,2,4,6,0,1,0,0,0,0,1,0,0,1,1,0
9,2018,8,11,5,2,2,0,0,1,0,0,0,0,0,0,0,1,1
1,2021,10,12,6,5,2,0,1,0,0,0,1,0,0,0,1,1,1
2,2019,8,14,2,5,3,0,1,0,0,0,0,1,0,0,0,0,0
9,2018,5,9,4,5,2,0,0,1,0,0,0,0,0,0,0,0,0
3,2021,7,15,6,5,2,0,1,1,0,0,0,0,0,0,1,2,1
6,2019,10,10,1,1,1,0,0,1,0,0,0,0,0,0,0,1,1
12,2019,7,0,1,2,7,2,0,1,0,0,0,1,1,0,0,2,0
1,2019,4,7,3,2,6,1,0,1,0,0,0,0,0,0,0,1,0
1,2018,7,18,5,1,7,0,1,1,0,0,0,0,0,0,0,2,0
12,2020,5,14,3,0,7,0,0,0,0,1,0,1,1,1,1,0,0
3,2019,4,9,3,6,2,0,0,1,1,0,0,0,0,0,0,1,0
10,2019,4,13,2,5,3,0,1,1,0,0,0,0,0,0,0,1,0
1,2020,2,20,4,2,6,2,0,1,0,0,0,0,0,0,0,1,0
1,2021,8,16,1,3,6,0,0,1,0,0,0,0,1,0,1,1,0
12,2018,5,15,5,6,4,0,0,1,1,0,0,0,0,0,0,0,0
12,2018,10,12,3,4,6,0,0,1,0,0,0,1,1,0,0,1,0
7,2018,10,11,5,5,7,0,0,1,0,1,0,0,1,0,0,1,0
5,2018,10,14,4,5,2,0,0,1,0,0,0,0,0,0,0,1,0
8,2018,2,12,3,2,6,0,0,1,0,0,0,0,0,0,0,1,0
10,2019,10,13,2,0,3,0,0,1,0,1,0,0,0,0,0,1,1
1,2020,1,14,5,5,3,0,1,0,0,0,0,1,0,0,0,1,0
4,2018,12,17,7,2,6,1,0,1,0,0,0,0,1,0,0,1,0
12,2021,9,7,3,0,2,0,1,1,0,0,0,0,0,0,1,0,0
6,2019,5,11,3,5,3,0,0,1,0,0,0,0,0,0,0,0,0
6,2019,4,14,5,5,2,0,0,1,0,1,0,0,0,0,0,1,0
11,2021,8,18,1,5,3,0,0,1,0,0,0,0,0,0,1,1,0
10,2021,3,11,7,6,7,0,0,0,1,0,0,1,0,0,2,0,0
12,2018,6,17,3,5,2,0,1,1,0,0,0,0,0,0,0,0,1
12,2019,11,6,2,5,3,2,1,1,0,0,0,0,0,0,0,0,1
11,2020,1,4,2,5,2,2,1,1,0,0,0,0,0,0,0,1,0
7,2020,10,18,3,5,2,2,0,1,0,0,0,1,0,1,1,1,0
2,2019,5,8,4,6,2,0,0,0,1,0,0,1,0,0,0,0,0
12,2019,9,12,3,5,3,0,0,1,0,0,0,0,0,0,0,0,0
11,2018,8,15,6,6,2,0,0,1,1,0,0,0,0,0,0,1,0
1,2019,7,21,1,0,3,1,0,1,0,1,0,0,0,0,0,2,0
4,2021,12,19,7,6,2,2,0,1,1,0,0,0,0,1,2,1,0
7,2019,7,14,2,3,6,0,0,1,0,0,0,1,1,0,0,2,1
7,2020,6,14,3,2,6,0,0,1,0,0,0,0,0,0,1,1,0
12,2019,11,18,3,5,2,2,0,1,0,1,0,0,0,0,0,0,0
3,2019,6,14,5,5,3,0,0,1,0,1,0,0,0,0,0,1,0
3,2021,11,6,5,5,3,2,1,1,0,0,0,0,0,0,2,0,0
6,2021,1,15,3,6,7,0,0,1,1,0,0,0,0,1,2,0,1
10,2020,10,12,4,5,3,0,0,1,0,0,0,1,1,1,1,1,0
6,2021,7,13,6,5,2,0,1,1,0,0,0,0,0,0,1,2,0
7,2020,9,16,5,2,2,0,0,1,0,0,0,0,0,0,1,0,0
2,2018,9,19,6,5,3,1,1,1,0,0,0,0,0,0,0,0,0
1,2020,9,21,4,0,6,2,0,1,0,1,0,0,0,0,1,0,0
7,2021,8,0,6,5,7,2,1,1,0,0,0,0,0,0,1,1,0
4,2018,7,16,2,1,5,0,1,1,0,0,0,0,0,0,0,2,0
3,2018,1,12,1,5,2,0,0,1,0,0,0,0,0,0,0,0,0
8,2021,11,8,3,0,7,0,1,1,0,0,0,0,1,0,2,0,0
2,2018,10,17,2,6,4,1,0,1,1,0,0,0,0,0,0,1,1
5,2021,7,12,5,5,2,0,1,1,0,0,0,0,0,0,1,2,0
7,2019,9,15,7,3,6,0,1,1,0,0,0,0,0,0,0,0,0
12,2021,7,12,3,5,3,0,0,1,0,1,0,0,0,0,1,2,0
11,2018,12,7,4,5,2,2,1,1,0,0,0,0,1,0,0,1,0
9,2021,5,13,2,0,5,0,1,1,0,0,0,0,0,1,2,1,1
1,2018,8,17,2,2,6,0,0,1,1,0,0,0,0,0,0,1,1
4,2019,10,20,7,0,7,1,0,1,0,0,0,0,0,0,0,1,0
1,2018,4,16,5,2,6,0,0,1,0,0,0,0,1,0,0,1,0
10,2018,1,16,6,5,3,2,1,1,0,0,0,0,0,0,0,0,0
9,2019,8,8,5,3,6,0,1,0,0,0,0,1,0,0,0,0,0
1,2021,12,17,3,2,6,2,0,1,0,0,0,0,1,1,2,1,0
9,2021,7,20,4,5,3,0,0,1,0,0,0,1,0,0,1,2,0
1,2020,1,17,1,5,3,2,1,1,0,0,0,0,0,0,0,1,0
1,2019,7,19,3,2,6,0,0,1,0,1,0,0,0,0,0,2,0
9,2018,1,5,3,3,6,2,0,1,0,0,0,1,1,0,0,0,0
4,2019,3,21,5,6,2,2,0,1,1,0,0,0,1,0,0,0,0
4,2021,3,10,4,5,7,0,0,1,0,0,0,0,0,0,2,0,1
12,2020,3,12,2,2,6,0,0,1,0,0,1,0,1,1,1,0,0
3,2021,8,8,2,5,2,0,1,1,0,0,0,0,0,0,1,1,0
2,2018,9,14,2,2,6,0,0,1,0,0,0,0,0,0,0,0,0
2,2020,10,13,7,5,3,0,1,0,0,0,0,0,1,1,1,1,1
1,2020,1,8,2,5,3,0,0,1,0,0,0,1,0,0,0,1,0
9,2018,6,10,3,5,3,0,1,1,0,0,0,0,0,0,0,0,0
4,2019,12,15,4,2,6,0,0,1,0,0,0,0,0,0,0,1,0
3,2019,8,19,6,1,5,0,1,1,0,0,0,0,1,0,0,0,0
5,2019,2,14,6,2,6,0,0,1,0,0,0,0,0,0,0,1,0
8,2019,10,9,2,3,6,0,1,0,0,0,0,1,0,0,0,1,0
7,2019,8,9,5,1,5,0,0,1,0,1,0,0,0,0,0,0,1
2,2019,8,11,2,5,3,0,0,1,0,0,0,0,0,0,0,0,0
4,2020,4,9,3,6,4,0,1,0,1,0,0,0,0,1,2,1,1
6,2019,11,7,2,5,2,0,1,1,0,0,0,0,1,0,0,0,0
10,2021,9,17,5,0,1,0,1,0,0,0,0,0,0,0,1,0,0
8,2019,2,8,5,5,2,0,0,1,0,0,0,1,1,0,0,1,0
1,2020,10,20,6,2,7,2,1,1,0,0,0,0,0,1,1,1,0
12,2019,12,17,5,2,2,2,1,1,0,0,0,0,1,0,0,1,0
7,2021,7,8,5,2,2,0,1,1,0,0,0,0,0,0,1,2,0
5,2019,3,8,4,2,6,0,0,1,0,0,0,0,1,0,0,0,0