BEZ,UJAHR,UMONAT,USTUNDE,UWOCHENTAG,UART,UTYP1,ULICHTVERH,IstRad,IstPKW,IstFuss,IstKrad,IstGkfz,IstSonstige,USTRZUSTAND,LOCKDOWN,COVID,FERIEN,UKATEGORIE
12,2021,12,18,3,5,3,2,0,1,0,0,0,0,2,1,2,1,0
12,2020,12,15,2,3,6,0,0,1,0,0,0,0,1,1,2,1,0
1,2019,6,21,5,5,7,2,1,1,0,0,0,0,1,0,0,1,0
7,2020,9,18,3,3,6,0,1,1,0,0,0,0,0,0,1,0,0
2,2019,6,16,3,6,7,0,1,0,1,0,0,0,0,0,0,1,0
10,2021,1,17,1,6,4,2,0,1,1,1,0,0,1,1,2,0,1
7,2020,6,11,3,1,5,0,0,1,0,0,0,0,0,0,1,1,0
12,2020,9,3,4,1,5,2,0,1,0,0,0,0,0,0,1,0,0
11,2018,7,13,2,2,6,0,0,0,0,0,0,1,0,0,0,2,0
5,2018,7,13,3,2,6,0,0,1,0,0,1,0,0,0,0,2,0
8,2021,11,15,6,5,2,0,1,1,0,0,0,0,0,0,2,0,0
4,2018,10,22,2,5,2,2,0,1,0,1,0,0,0,0,0,1,0
9,2020,5,12,5,5,7,0,0,1,0,1,0,0,0,1,1,0,1
10,2020,12,11,6,2,2,0,0,1,0,0,1,0,1,1,2,1,0
2,2020,7,16,2,5,3,0,1,1,0,0,0,0,0,0,1,2,0
1,2018,10,10,5,6,4,0,0,1,1,0,0,0,1,0,0,1,0
8,2021,8,18,6,0,3,0,1,0,0,0,0,0,0,0,1,1,1
2,2019,1,5,3,5,3,2,0,1,0,0,0,0,1,0,0,1,0
5,2019,4,11,5,5,7,0,0,1,0,0,0,0,0,0,0,1,0
1,2018,7,9,2,0,2,0,0,1,0,1,0,0,0,0,0,2,0
1,2021,4,10,4,5,2,0,1,1,0,0,0,0,0,1,2,1,0
8,2018,8,12,7,5,3,0,0,1,0,0,0,1,0,0,0,1,0
7,2018,7,9,2,2,2,0,1,1,0,0,0,0,0,0,0,2,0
3,2021,7,1,1,5,2,2,0,1,0,1,0,0,0,0,1,2,0
2,2020,8,8,5,5,2,0,1,1,0,0,0,0,0,0,1,1,0
1,2021,5,10,5,5,2,0,1,1,0,0,0,0,0,1,2,1,0
8,2018,5,21,5,5,2,2,0,1,0,0,0,0,0,0,0,0,0
9,2019,2,6,5,5,2,0,1,1,0,0,0,0,1,0,0,1,1
10,2018,4,17,3,0,3,0,0,1,0,1,0,0,0,0,0,1,0
4,2018,9,19,2,2,1,1,0,1,0,1,0,0,1,0,0,0,0
9,2018,10,16,5,5,3,0,1,1,0,0,0,0,1,0,0,1,0
5,2018,5,22,2,0,4,2,0,1,1,0,0,0,0,0,0,0,0
1,2021,11,22,6,1,5,2,1,1,0,0,0,0,0,0,2,0,0
5,2019,3,5,5,6,4,2,0,1,1,0,0,0,1,0,0,0,1
6,2021,9,9,4,5,3,0,1,1,0,0,0,0,0,0,1,0,1
5,2019,9,17,2,5,3,0,1,1,0,0,0,0,0,0,0,0,0
8,2019,1,8,5,0,7,0,0,1,0,0,0,1,1,0,0,1,1
1,2018,8,8,5,2,2,0,1,1,0,0,0,0,0,0,0,1,0
5,2019,8,8,4,6,7,0,1,0,1,0,0,0,0,0,0,0,0
7,2018,6,11,7,6,4,0,1,0,1,0,0,0,0,0,0,0,0
1,2018,1,6,6,2,6,2,0,1,0,0,0,0,1,0,0,0,0
1,2018,4,16,2,5,3,0,1,1,0,0,0,0,0,0,0,1,0
12,2020,2,11,2,2,6,0,0,1,0,0,0,1,0,0,0,1,0
4,2019,1,14,6,5,2,0,1,1,0,0,0,0,1,0,0,1,0
12,2018,7,13,6,2,6,0,0,1,0,0,1,0,0,0,0,2,0
11,2019,3,5,5,5,3,2,1,0,0,0,0,1,1,0,0,0,0
10,2019,10,19,5,6,4,2,0,1,1,0,0,0,0,0,0,1,0
3,2018,8,17,5,0,1,0,0,1,0,1,0,0,0,0,0,1,0
1,2021,6,14,6,5,3,0,0,1,0,1,0,0,0,0,1,1,0
6,2019,8,23,7,5,3,2,1,0,0,0,0,0,0,0,0,0,0
11,2018,12,17,6,0,2,2,0,1,1,0,0,0,1,0,0,1,0
5,2018,4,13,5,5,2,0,0,1,0,0,0,0,0,0,0,1,0
11,2021,7,12,3,2,6,0,0,1,0,0,0,0,0,0,1,2,0
1,2020,5,16,4,5,3,0,0,1,0,0,0,0,0,1,1,0,0
7,2021,10,12,4,5,3,0,0,1,0,1,0,0,1,0,1,1,0
4,2018,1,12,1,0,1,0,0,0,0,1,0,0,1,0,0,0,0
1,2019,10,16,7,3,6,0,0,1,0,1,0,0,0,0,0,1,0
9,2021,9,14,1,2,6,0,0,1,0,0,0,0,0,0,1,0,0
1,2021,10,10,6,5,3,0,1,1,0,0,0,0,0,0,1,1,0
11,2021,8,14,2,5,2,0,1,1,0,0,0,0,0,0,1,1,0
4,2018,11,21,1,2,6,2,0,1,0,1,0,0,1,0,0,0,0
8,2019,9,21,7,5,3,2,1,1,0,0,0,0,0,0,0,0,0
2,2021,6,0,4,1,5,2,1,1,0,0,0,0,0,0,1,1,1
3,2018,6,13,6,0,6,0,0,1,0,1,0,0,0,0,0,0,0
6,2018,7,12,4,5,3,0,0,1,0,0,0,0,0,0,0,2,0
11,2019,12,0,1,6,4,2,0,1,1,0,0,0,1,0,0,1,1
6,2020,3,12,3,5,3,0,1,1,0,0,0,0,0,1,1,0,0
4,2018,3,18,4,5,2,1,0,1,0,0,0,0,1,0,0,1,1
6,2020,10,15,7,0,1,0,0,0,0,1,0,0,1,1,1,1,1
11,2019,6,12,5,6,2,0,0,1,1,0,0,0,0,0,0,1,1
10,2021,11,16,7,6,4,2,0,1,1,0,0,0,1,0,2,0,0
12,2020,4,13,7,6,4,0,0,1,1,0,0,0,0,1,2,1,0
8,2018,11,18,6,6,7,2,0,1,1,0,0,0,1,0,0,0,0
10,2019,3,14,6,0,1,0,0,0,0,1,0,0,0,0,0,0,1
3,2020,7,14,4,5,2,0,1,1,0,0,0,0,0,0,1,2,0
7,2019,1,19,5,6,7,2,0,1,1,0,0,0,1,0,0,1,0
5,2021,6,20,2,5,7,0,0,1,0,1,0,0,0,0,1,1,0
2,2018,2,8,3,0,2,0,1,1,0,0,0,0,2,0,0,1,0
4,2021,9,17,6,2,6,0,0,1,0,0,0,0,1,0,1,0,0
4,2019,8,8,3,2,2,0,0,1,0,1,0,0,0,0,0,0,0
2,2018,9,18,2,2,6,0,0,1,0,1,0,0,0,0,0,0,0
1,2018,11,20,4,2,6,0,0,1,0,0,0,0,0,0,0,0,0
1,2019,10,9,3,5,2,0,1,0,0,0,0,0,0,0,0,1,0
4,2021,9,19,5,4,2,1,1,0,0,1,0,0,0,0,1,0,0
2,2021,5,18,4,5,3,1,1,1,0,0,0,0,1,1,2,1,0
1,2020,4,11,6,6,7,0,0,0,1,0,0,1,0,1,2,1,0
12,2020,6,16,7,1,5,0,1,1,0,0,0,0,0,0,1,1,0
4,2018,8,16,5,5,2,0,1,1,0,0,0,0,0,0,0,1,0
2,2021,4,9,1,0,1,0,1,0,0,0,0,0,0,1,2,1,1
4,2020,8,6,5,1,5,0,0,1,0,0,0,1,0,0,1,1,0
1,2019,10,19,2,5,2,2,1,1,0,0,0,0,0,0,0,1,0
10,2018,5,18,5,2,6,0,0,1,0,0,0,0,0,0,0,0,0
12,2018,2,19,3,5,3,2,0,1,0,0,0,0,0,0,0,1,1
3,2020,12,14,6,5,3,0,0,1,0,0,0,0,0,1,2,1,0
10,2018,7,14,1,5,2,0,1,1,0,0,0,0,0,0,0,2,0
1,2020,11,2,7,0,1,2,0,0,0,1,0,0,1,1,2,0,0
1,2021,3,14,3,1,5,0,1,1,0,0,0,0,0,0,2,0,0
1,2021,8,7,2,1,7,0,1,1,0,0,0,0,0,0,1,1,0
6,2021,8,12,5,3,6,0,0,1,0,1,0,0,0,0,1,1,0
4,2021,3,13,6,3,6,0,0,1,0,1,0,0,0,0,2,0,0
11,2021,5,8,4,0,7,0,0,1,0,0,0,1,0,1,2,1,0
12,2020,8,11,3,5,2,0,0,1,0,0,0,0,0,0,1,1,0
2,2018,10,9,4,5,2,0,1,1,0,0,0,0,0,0,0,1,0
2,2018,2,13,6,5,2,0,0,1,0,0,0,0,0,0,0,1,0
6,2019,3,8,6,0,2,0,0,0,0,0,0,1,0,0,0,0,0
1,2018,7,20,5,0,2,0,0,1,0,0,0,1,0,0,0,2,0
11,2020,5,17,3,2,6,0,0,1,0,0,0,0,0,1,1,0,0
5,2019,4,13,2,0,3,0,1,0,0,0,0,1,0,0,0,1,0
11,2018,12,15,3,5,7,1,0,1,0,0,0,0,1,0,0,1,0
1,2019,5,16,3,5,7,2,1,0,0,1,0,0,0,0,0,0,0
7,2020,3,20,5,8,1,2,0,1,0,0,0,0,0,1,1,0,1
2,2020,7,20,7,5,3,0,1,0,0,0,0,1,0,0,1,2,1
4,2021,8,10,1,5,2,0,0,1,0,1,0,0,0,0,1,1,0
4,2020,11,6,2,6,4,1,0,1,1,0,0,0,1,1,2,0,1
4,2018,2,13,5,5,2,0,1,1,0,0,0,0,0,0,0,1,0
3,2018,8,16,5,6,4,0,0,1,1,0,0,0,0,0,0,1,0
10,2020,12,12,7,5,7,0,0,1,0,0,0,0,0,1,2,1,0
12,2019,10,11,5,2,6,0,0,1,0,0,0,0,0,0,0,1,0
2,2020,4,17,5,5,2,0,1,1,0,0,0,0,0,1,2,1,0
2,2019,1,18,4,5,3,2,0,1,0,0,0,0,1,0,0,1,0
4,2021,6,17,5,6,4,0,0,1,1,0,0,0,0,0,1,1,0
12,2018,9,5,2,5,3,0,0,1,0,1,0,0,0,0,0,0,0
7,2018,8,11,7,5,2,0,0,1,0,1,0,0,0,0,0,1,0
6,2018,5,16,3,0,6,0,0,1,0,0,0,1,0,0,0,0,0
8,2020,12,16,2,5,2,1,0,1,0,1,0,0,0,1,2,1,0
1,2021,7,14,5,3,6,0,0,1,0,1,0,0,1,0,1,2,0
7,2020,4,17,1,5,3,0,1,1,0,0,0,0,0,1,2,1,0
2,2021,10,16,1,3,6,0,0,1,0,1,0,0,0,0,1,1,0
6,2019,9,19,7,0,1,1,0,0,0,1,0,0,0,0,0,0,1
12,2018,6,9,6,5,2,0,1,0,0,0,1,0,0,0,0,0,0
8,2019,11,17,1,2,7,2,0,1,0,0,0,0,1,0,0,0,0
8,2019,4,16,2,5,2,0,1,1,0,0,0,0,0,0,0,1,0
5,2019,3,17,6,6,2,0,0,0,1,0,0,1,0,0,0,0,0
11,2020,10,0,7,0,1,2,0,1,0,0,0,0,1,1,1,1,0
2,2020,8,22,1,5,3,2,0,1,0,0,0,0,0,0,1,1,0
2,2021,8,18,7,1,5,0,0,1,0,0,0,1,0,0,1,1,0
11,2020,10,21,5,0,4,2,0,0,1,1,0,0,1,1,1,1,1
12,2019,9,13,4,2,6,0,0,1,0,0,0,0,0,0,0,0,0
11,2018,6,9,5,5,3,0,0,1,0,1,0,0,0,0,0,0,0
8,2018,7,14,7,3,6,0,1,0,0,0,0,1,0,0,0,2,0
7,2018,4,1,2,9,1,2,0,1,0,0,0,0,1,0,0,1,0
11,2020,7,10,2,5,3,0,1,1,0,0,0,0,0,0,1,2,1
4,2020,10,16,4,5,3,0,0,1,0,1,0,0,0,1,1,1,1
6,2018,6,15,2,5,3,0,1,0,0,0,0,1,0,0,0,0,1
6,2021,10,14,4,2,6,0,0,1,0,0,0,0,0,0,1,1,0
3,2019,12,13,5,0,7,0,0,1,0,0,0,0,0,0,0,1,0
6,2018,10,19,5,6,7,2,0,1,1,0,0,0,1,0,0,1,0
3,2020,5,0,6,0,1,2,1,0,0,0,0,0,0,1,1,0,0
6,2020,4,13,4,5,2,0,0,1,0,0,0,0,0,1,2,1,1
1,2018,11,19,5,2,6,2,0,1,0,0,0,0,0,0,0,0,0
4,2018,2,9,1,5,2,0,1,1,0,0,0,0,0,0,0,1,0
5,2019,2,1,1,8,1,1,0,1,0,0,0,0,1,0,0,1,0
7,2021,5,14,4,5,3,0,0,0,0,1,0,1,0,1,2,1,0
5,2019,7,9,4,0,3,0,0,1,0,1,0,0,0,0,0,2,0
9,2020,10,12,5,5,3,0,0,1,0,0,0,1,0,1,1,1,1
2,2018,6,17,1,6,2,0,1,0,1,0,0,0,1,0,0,0,0
2,2018,4,7,3,5,2,0,1,1,0,0,0,0,0,0,0,1,1
12,2018,1,19,2,5,2,2,0,1,0,0,0,0,1,0,0,0,0
4,2019,4,7,3,2,6,0,0,1,0,0,0,0,0,0,0,1,0
7,2018,7,9,5,1,5,0,0,0,0,1,0,1,0,0,0,2,0
12,2020,11,12,7,5,3,0,0,1,0,0,0,0,1,1,2,0,0
7,2020,11,18,4,2,6,2,0,1,0,0,0,0,0,1,2,0,0
5,2021,7,9,3,2,6,0,0,1,0,0,0,1,0,0,1,2,1
5,2019,9,5,4,6,2,2,0,1,1,0,0,0,0,0,0,0,1
4,2018,6,15,1,1,5,0,1,1,0,0,0,0,0,0,0,0,0
4,2019,3,12,4,2,6,0,0,1,0,0,0,0,0,0,0,0,0
1,2020,6,12,7,6,7,0,1,0,1,0,0,0,0,0,1,1,1
3,2019,2,11,5,6,4,0,0,1,1,0,0,0,0,0,0,1,1
2,2019,5,17,2,5,2,0,1,1,0,0,0,0,0,0,0,0,0
7,2018,6,11,6,2,6,0,0,0,0,1,1,0,1,0,0,0,0
8,2019,12,6,2,5,3,2,1,1,0,0,0,0,0,0,0,1,0
5,2019,2,14,2,3,6,0,1,1,0,0,0,0,0,0,0,1,0
10,2018,7,11,5,2,6,0,0,1,0,0,0,0,0,0,0,2,0
9,2021,9,10,1,5,3,0,1,1,0,0,0,0,0,0,1,0,0
1,2018,12,22,2,5,3,2,0,1,0,0,0,0,1,0,0,1,0
2,2020,6,22,1,5,2,2,0,1,0,0,0,0,0,0,1,1,0
8,2020,7,14,5,5,2,0,0,1,0,1,0,0,0,0,1,2,0
11,2018,5,16,2,1,5,0,0,1,0,0,0,0,0,0,0,0,0
11,2020,5,11,2,5,2,0,1,1,0,0,0,0,1,1,1,0,0
2,2019,6,11,6,5,2,0,1,1,0,0,0,0,0,0,0,1,0
11,2019,11,13,5,6,4,0,0,1,1,0,0,0,0,0,0,0,0
12,2021,1,12,6,5,7,0,0,1,0,0,0,0,0,1,2,0,0
9,2019,12,17,2,6,6,0,1,0,1,0,0,0,0,0,0,1,0
8,2019,11,16,4,6,2,1,0,1,1,0,0,0,1,0,0,0,0
5,2018,3,19,2,2,6,2,0,1,0,0,0,0,1,0,0,1,0
2,2021,7,10,5,3,6,0,1,1,0,0,0,0,0,0,1,2,0
4,2021,6,8,3,1,5,0,1,1,0,0,0,0,0,0,1,1,0
7,2019,7,21,4,5,2,1,0,1,0,1,0,0,0,0,0,2,0
6,2020,7,15,6,5,3,0,1,1,0,0,0,0,0,0,1,2,0
9,2020,3,7,6,4,6,0,0,1,0,0,0,0,0,1,1,0,0
2,2021,6,14,2,6,4,0,0,0,1,1,0,0,0,0,1,1,0
9,2019,10,10,4,4,7,0,0,1,0,0,0,1,0,0,0,1,0
2,2021,5,10,6,5,2,0,0,1,0,0,0,0,1,1,2,1,0
2,2021,7,10,1,6,7,0,0,1,1,0,0,0,0,0,1,2,0
12,2019,6,9,3,5,2,0,1,1,0,0,0,0,0,0,0,1,0
1,2018,9,0,6,0,1,2,1,0,0,0,0,0,0,0,0,0,0
1,2020,3,15,7,5,2,0,0,1,0,1,0,0,0,1,1,0,0
4,2018,10,15,5,3,6,0,1,1,0,0,0,0,1,0,0,1,0
9,2018,3,10,3,5,2,0,0,1,0,0,0,0,1,0,0,1,0
7,2019,8,19,3,0,6,0,0,1,0,1,0,0,0,0,0,0,1
1,2019,8,14,4,1,5,0,0,1,0,0,0,0,0,0,0,0,0
7,2020,5,11,3,5,2,0,1,1,0,0,0,0,0,1,1,0,0
3,2020,9,17,5,5,3,0,1,1,0,0,0,0,0,0,1,0,0
7,2019,6,23,6,3,6,2,0,1,0,1,0,0,0,0,0,1,0
9,2019,6,9,6,5,3,0,1,1,0,0,0,0,0,0,0,1,0
4,2019,10,19,1,0,1,2,0,0,0,1,0,0,1,0,0,1,0
1,2021,10,12,7,0,7,0,0,0,0,1,0,0,0,0,1,1,0
1,2020,2,23,6,6,4,2,0,1,1,0,0,0,0,0,0,1,1
7,2018,10,15,5,5,2,0,1,1,0,0,0,0,0,0,0,1,0
1,2021,7,6,4,5,2,0,0,1,0,0,0,0,0,0,1,2,0
11,2021,4,18,1,2,6,0,0,1,0,0,0,0,0,1,2,1,0
2,2019,10,8,6,1,5,0,1,1,0,0,0,0,0,0,0,1,0
9,2020,7,9,4,5,3,0,1,1,0,0,0,0,1,0,1,2,0
3,2018,6,19,4,5,3,0,1,0,0,0,0,0,0,0,0,0,1
1,2019,4,17,3,5,2,0,0,1,0,1,0,0,0,0,0,1,1
2,2021,1,20,1,5,2,2,1,1,0,0,0,0,1,1,2,0,0
1,2019,2,17,7,5,2,2,0,1,0,0,0,0,1,0,0,1,0
7,2020,7,11,6,2,6,0,0,1,0,0,0,0,0,0,1,2,0
11,2020,1,16,3,0,6,1,1,1,0,0,0,0,0,0,0,1,0
9,2021,11,14,4,6,4,0,0,0,1,1,0,0,0,0,2,0,0
1,2018,7,12,6,5,2,0,0,1,0,1,0,0,0,0,0,2,0
7,2018,10,0,7,2,6,2,0,1,0,1,0,0,0,0,0,1,0
8,2020,3,13,6,2,6,0,0,1,0,0,0,0,0,1,1,0,0
10,2021,11,22,3,5,3,2,0,1,0,0,0,1,0,0,2,0,0
1,2019,5,13,4,6,4,0,0,1,1,0,0,0,0,0,0,0,0
2,2019,12,18,5,5,3,2,1,0,0,0,0,0,1,0,0,1,0
1,2019,11,13,6,0,2,0,1,1,0,0,0,0,0,0,0,0,1
10,2020,5,6,5,6,4,0,0,1,1,0,0,0,0,1,1,0,1
1,2019,7,19,3,1,5,0,1,1,0,0,0,0,0,0,0,2,0
3,2018,1,10,5,6,2,0,0,0,1,0,0,1,1,0,0,0,0
12,2021,1,14,2,5,3,0,0,1,0,0,0,1,1,1,2,0,0
6,2021,5,11,3,5,3,0,0,1,0,0,0,0,0,1,2,1,0
2,2020,6,10,4,5,7,0,1,0,0,0,0,1,0,0,1,1,0
7,2019,11,21,7,1,5,2,0,1,0,0,0,0,0,0,0,0,0
4,2019,1,16,4,5,2,0,0,1,0,0,0,0,1,0,0,1,0
5,2019,7,16,2,2,6,0,0,1,0,0,0,1,0,0,0,2,0
8,2019,4,11,7,0,2,0,1,1,0,0,0,0,0,0,0,1,0
9,2021,6,14,3,5,3,0,0,1,0,0,0,0,0,0,1,1,0
8,2020,5,15,7,0,3,0,0,1,0,1,0,0,0,1,1,0,0
12,2018,5,20,6,6,4,1,0,1,1,0,0,0,0,0,0,0,1
4,2020,10,17,4,2,6,1,0,1,0,0,0,0,0,1,1,1,0
4,2021,5,7,4,5,3,0,1,1,0,0,0,0,0,1,2,1,1
2,2019,8,9,4,6,4,0,1,0,1,0,0,0,0,0,0,0,0
1,2018,12,19,5,5,2,2,1,1,0,0,0,0,1,0,0,1,0
11,2018,5,17,6,2,6,0,1,1,0,0,0,0,0,0,0,0,0
4,2021,1,8,2,6,4,1,0,1,1,0,0,0,1,1,2,0,0
7,2019,1,9,2,5,2,0,0,1,0,0,0,1,0,0,0,1,1
11,2021,5,18,3,3,6,0,0,1,0,1,0,0,1,1,2,1,0
4,2018,9,18,6,0,1,0,0,0,0,1,0,0,1,0,0,0,0
5,2021,10,8,7,7,7,0,1,0,0,0,0,0,0,0,1,1,0
3,2020,10,14,6,5,3,0,1,1,0,0,0,0,0,1,1,1,0
5,2019,4,15,4,0,2,0,0,0,0,0,0,1,0,0,0,1,1
7,2019,3,18,2,6,2,1,0,1,1,0,0,0,1,0,0,0,0
4,2018,10,7,4,4,6,0,1,0,0,0,0,0,0,0,0,1,0
3,2021,2,17,5,1,7,2,0,1,0,1,0,0,0,1,2,1,0
4,2018,6,15,5,5,2,0,1,1,0,0,0,0,0,0,0,0,0
3,2018,12,14,1,2,3,0,0,1,0,1,0,0,1,0,0,1,0
1,2020,6,18,3,6,4,0,1,0,1,0,0,0,0,0,1,1,0
5,2019,9,9,4,5,3,0,0,1,0,0,0,1,0,0,0,0,1
6,2019,12,9,2,6,4,0,1,0,1,0,0,0,1,0,0,1,0
5,2020,9,14,5,5,3,0,0,1,0,1,0,0,0,0,1,0,1
4,2019,4,12,4,5,2,0,1,1,0,0,0,0,0,0,0,1,0
12,2019,10,8,2,2,6,0,0,1,0,0,0,0,0,0,0,1,0
4,2020,8,21,7,5,3,2,0,1,0,0,0,0,0,0,1,1,0
8,2019,9,11,2,5,3,0,0,1,0,0,0,0,0,0,0,0,0
5,2021,8,7,2,4,6,1,0,1,0,1,0,0,0,0,1,1,0
4,2018,9,12,3,6,4,0,0,1,1,0,0,0,0,0,0,0,0
5,2020,12,13,3,2,6,0,0,1,0,0,0,0,0,1,2,1,0
1,2020,11,13,3,5,2,0,1,1,0,0,0,0,0,1,2,0,0
9,2020,10,17,4,1,5,1,0,1,0,0,0,0,1,1,1,1,1
2,2021,2,12,4,5,2,0,0,1,0,0,0,0,1,1,2,1,0
12,2020,10,15,3,5,3,0,1,1,0,0,0,0,0,1,1,1,0
2,2018,7,15,1,6,7,0,0,1,1,0,0,0,0,0,0,2,0
3,2021,4,19,3,0,6,0,1,1,0,0,0,0,0,1,2,1,0
9,2020,4,13,2,5,2,0,0,1,0,1,0,0,0,1,2,1,1
2,2020,4,20,2,6,4,1,0,0,1,0,0,1,0,1,2,1,0
2,2020,7,1,1,1,5,2,0,1,0,0,0,0,1,0,1,2,0
1,2020,3,14,4,6,4,0,0,1,0,0,0,1,0,1,1,0,0
4,2019,3,12,5,2,6,0,0,1,0,0,0,0,0,0,0,0,0
1,2018,10,12,4,5,2,0,1,1,0,0,0,0,0,0,0,1,0
7,2020,10,17,4,2,6,0,1,1,0,0,0,0,1,1,1,1,0
3,2020,6,17,1,0,3,0,1,0,0,0,0,1,0,0,1,1,0
1,2019,4,15,5,3,6,0,1,0,0,0,0,0,0,0,0,1,1
3,2018,1,15,5,6,3,0,0,1,1,0,0,0,0,0,0,0,0
9,2019,7,17,5,5,3,0,1,1,0,0,0,0,0,0,0,2,1
3,2019,10,8,3,5,2,0,1,1,0,0,0,0,0,0,0,1,0
5,2018,12,4,7,8,1,2,0,1,0,0,0,0,1,0,0,1,1
3,2020,1,14,2,5,3,0,1,1,0,0,0,0,0,0,0,1,0
12,2018,10,20,7,5,2,1,0,1,0,0,0,0,0,0,0,1,0
10,2021,11,13,4,2,6,0,1,1,0,0,0,0,0,0,2,0,0
10,2019,4,12,3,2,6,0,0,1,0,0,1,0,0,0,0,1,0
3,2020,9,14,3,9,1,0,0,0,0,0,0,1,0,0,1,0,0
9,2018,5,12,5,6,4,0,0,1,1,0,0,0,0,0,0,0,0
7,2021,10,13,7,1,5,0,0,1,0,0,0,1,0,0,1,1,0
12,2019,2,9,2,5,3,0,1,1,0,0,0,0,1,0,0,1,0
3,2018,2,16,2,2,6,1,0,1,0,0,0,0,1,0,0,1,0
7,2020,9,13,2,5,3,0,0,1,0,0,1,0,0,0,1,0,0
4,2018,7,14,5,0,1,0,0,1,0,1,0,0,1,0,0,2,0
4,2021,4,15,7,5,2,0,1,0,0,0,0,0,0,1,2,1,0
4,2019,5,18,4,2,2,0,1,1,0,0,0,0,0,0,0,0,0
5,2019,2,5,2,6,2,2,0,1,1,0,0,0,1,0,0,1,0
4,2020,2,12,4,1,5,0,1,1,0,0,0,0,1,0,0,1,0
4,2018,11,16,7,2,6,2,0,1,0,0,0,0,0,0,0,0,0
4,2020,7,17,7,5,3,0,1,1,0,0,0,0,0,0,1,2,0
4,2020,9,16,5,5,2,0,0,1,0,1,0,0,0,0,1,0,0
1,2018,5,5,2,5,3,0,1,1,0,1,0,0,0,0,0,0,0
3,2020,2,14,1,5,3,0,1,1,0,0,0,0,1,0,0,1,0
1,2018,6,3,1,5,2,2,0,1,0,0,0,0,0,0,0,0,1
6,2019,3,19,7,6,2,2,0,1,1,0,0,0,1,0,0,0,0
4,2019,5,15,7,1,5,0,1,1,0,0,0,0,1,0,0,0,0
8,2019,10,1,7,5,3,2,0,1,0,1,0,0,0,0,0,1,0
12,2020,3,15,3,0,2,0,0,1,0,1,0,0,0,1,1,0,0
3,2018,8,15,4,5,3,0,1,0,0,0,0,0,0,0,0,1,0
12,2021,9,17,3,2,3,0,0,1,0,1,0,1,0,0,1,0,0
1,2021,5,20,1,5,2,0,1,1,0,0,0,0,0,1,2,1,0
9,2021,3,13,5,2,6,0,0,1,0,0,0,0,0,0,2,0,0
4,2020,11,15,6,1,5,0,1,1,0,0,0,0,0,1,2,0,0
7,2019,10,11,2,5,3,0,0,1,0,1,0,0,0,0,0,1,1
6,2018,3,12,6,2,5,0,0,1,0,0,0,0,0,0,0,1,0
2,2020,10,9,3,5,2,0,1,0,0,0,1,0,0,1,1,1,1
4,2019,7,15,7,5,2,0,1,1,0,0,0,0,0,0,0,2,0
7,2019,4,17,7,2,6,0,0,1,0,0,0,0,0,0,0,1,0
5,2021,10,15,3,1,5,0,1,0,0,0,0,1,1,0,1,1,1
1,2021,2,18,3,5,2,2,0,1,0,0,0,0,1,1,2,1,0
2,2018,12,9,3,6,4,0,0,0,1,0,0,1,1,0,0,1,0
3,2021,12,16,2,5,3,2,1,1,0,0,0,0,1,1,2,1,0
2,2021,10,8,2,5,3,0,0,1,0,0,0,0,0,0,1,1,0
6,2020,2,9,2,5,3,0,1,1,0,0,0,0,0,0,0,1,0
12,2019,10,8,4,5,3,0,0,1,0,0,0,0,1,0,0,1,0
9,2018,6,8,5,5,3,0,1,1,0,0,0,0,0,0,0,0,0
7,2021,9,13,4,0,5,0,0,1,0,0,0,1,0,0,1,0,0
12,2019,9,16,3,5,3,0,0,1,0,1,0,0,0,0,0,0,0
1,2018,6,8,2,6,4,0,0,1,1,0,0,0,0,0,0,0,0
7,2018,7,10,5,1,5,0,0,1,0,0,0,1,0,0,0,2,0
1,2018,12,9,5,5,3,0,0,1,0,0,0,0,0,0,0,1,0
12,2020,8,7,2,0,2,0,0,1,0,1,0,0,1,0,1,1,0
10,2020,1,18,4,5,2,2,0,1,0,0,0,0,1,0,0,1,0
9,2018,5,13,5,4,2,0,1,1,0,0,0,0,0,0,0,0,0
9,2019,3,9,2,5,3,0,0,1,0,0,0,1,1,0,0,0,0
3,2020,2,18,3,2,2,2,0,1,0,0,0,0,1,0,0,1,0
3,2021,5,9,2,5,2,0,1,0,0,0,0,1,0,1,2,1,0
7,2021,1,16,2,2,6,0,0,1,0,0,0,0,0,1,2,0,0
2,2019,3,9,3,2,6,0,0,1,0,0,0,0,1,0,0,0,0
2,2019,6,14,2,2,6,0,0,1,0,0,0,0,0,0,0,1,0
10,2021,10,15,6,6,2,0,0,1,1,0,0,0,0,0,1,1,0
3,2021,12,6,4,2,7,2,1,0,0,0,0,0,0,1,2,1,1
8,2020,6,14,4,5,3,0,1,1,0,0,0,0,0,0,1,1,0
7,2019,6,7,6,3,7,0,0,1,0,0,0,0,0,0,0,1,1
5,2020,2,15,7,6,4,0,0,1,1,0,0,0,0,0,0,1,0
2,2019,3,4,2,0,1,2,1,0,0,0,0,0,0,0,0,0,1
1,2018,1,8,6,8,1,0,0,1,0,0,0,0,1,0,0,0,0
4,2019,11,11,6,5,3,0,0,1,0,1,0,0,0,0,0,0,0
10,2018,1,18,4,6,2,2,0,1,1,0,0,0,1,0,0,0,0
12,2021,5,13,1,2,6,0,0,1,0,0,0,0,1,1,2,1,0
4,2019,8,9,4,5,3,0,0,1,0,1,0,0,0,0,0,0,1