BEZ,UJAHR,UMONAT,USTUNDE,UWOCHENTAG,UART,UTYP1,ULICHTVERH,IstRad,IstPKW,IstFuss,IstKrad,IstGkfz,IstSonstige,USTRZUSTAND,LOCKDOWN,COVID,FERIEN,UKATEGORIE
1,2018,9,20,2,6,4,2,0,1,1,0,0,0,0,0,0,0,1
2,2018,2,0,7,0,1,2,1,0,0,0,0,0,0,0,0,1,0
3,2018,9,15,4,1,5,0,1,1,0,0,0,0,0,0,0,0,0
9,2020,5,13,3,5,3,0,1,1,0,0,0,0,0,1,1,0,0
5,2019,5,13,5,1,5,0,1,1,0,0,0,0,1,0,0,0,0
1,2018,10,18,6,6,4,1,0,1,1,0,0,0,0,0,0,1,0
2,2020,11,10,4,5,3,0,1,1,0,0,0,0,0,1,2,0,0
2,2019,8,14,4,0,6,0,1,1,0,0,0,0,0,0,0,0,0
12,2018,10,8,2,5,2,0,0,1,0,0,0,0,0,0,0,1,0
2,2021,8,23,6,5,7,2,0,1,0,0,0,0,1,0,1,1,0
7,2019,1,11,2,5,2,0,1,1,0,0,0,0,0,0,0,1,0
5,2020,5,13,1,5,2,0,0,1,0,1,0,0,0,1,1,0,1
12,2021,3,15,3,2,2,0,0,1,0,0,1,0,0,0,2,0,0
4,2020,4,11,4,2,6,0,0,1,0,1,0,0,0,1,2,1,0
9,2019,11,15,2,5,3,0,0,1,0,0,0,0,0,0,0,0,0
6,2020,3,18,6,2,6,2,0,1,0,0,0,0,1,1,1,0,0
4,2018,12,15,5,1,6,2,0,1,0,0,1,0,1,0,0,1,0
4,2021,1,17,4,2,6,2,0,1,0,0,0,0,1,1,2,0,0
10,2018,8,21,6,3,6,2,1,0,0,0,0,0,0,0,0,1,1
7,2021,12,16,4,2,6,1,0,1,0,0,0,0,0,1,2,1,0
12,2021,12,10,2,5,3,0,0,1,0,0,0,0,1,1,2,1,0
3,2020,9,12,4,5,2,0,1,1,0,0,0,0,0,0,1,0,1
9,2021,6,12,5,5,3,0,1,0,0,0,0,0,0,0,1,1,0
4,2019,8,19,5,5,2,0,0,1,0,1,0,0,0,0,0,0,1
1,2018,11,16,1,1,5,1,1,1,0,0,0,0,0,0,0,0,0
9,2019,6,19,6,5,2,0,0,1,0,0,0,0,0,0,0,1,0
1,2020,5,20,4,0,1,0,0,0,0,1,0,0,0,1,1,0,1
4,2018,6,17,1,2,6,0,0,1,0,0,0,0,0,0,0,0,0
5,2018,9,18,4,0,7,0,1,0,0,0,0,0,0,0,0,0,1
4,2018,6,9,7,5,2,0,1,1,0,0,0,0,0,0,0,0,0
7,2019,3,14,7,2,6,0,0,1,0,0,0,0,1,0,0,0,0
6,2021,9,0,3,0,1,2,1,0,0,0,0,0,0,0,1,0,1
3,2021,11,13,2,5,3,0,1,1,0,0,0,0,0,0,2,0,0
8,2019,2,20,3,6,4,2,0,1,1,0,0,0,1,0,0,1,0
10,2021,5,15,3,6,4,0,0,0,1,0,0,1,0,1,2,1,1
7,2019,12,13,5,2,2,0,0,1,0,0,0,1,0,0,0,1,0
12,2021,3,15,5,6,4,0,0,0,1,0,0,1,1,0,2,0,0
3,2019,5,18,6,6,4,0,1,0,1,0,0,0,0,0,0,0,0
2,2018,3,16,1,6,2,0,0,1,1,0,0,0,0,0,0,1,0
4,2020,2,15,2,3,6,0,0,1,0,0,1,0,0,0,0,1,0
4,2018,6,12,2,2,6,0,0,1,0,0,1,0,0,0,0,0,0
8,2020,12,18,4,1,5,2,1,1,0,0,0,0,0,1,2,1,0
7,2021,12,18,3,5,2,2,1,1,0,0,0,0,0,1,2,1,0
2,2021,6,23,6,1,5,2,1,1,0,0,0,0,0,0,1,1,0
7,2018,6,16,6,0,7,0,0,0,0,1,0,1,1,0,0,0,0
9,2021,8,10,1,2,6,0,0,1,0,0,0,1,0,0,1,1,0
4,2018,9,11,7,2,6,0,0,1,0,0,0,0,0,0,0,0,0
9,2018,8,14,2,2,6,0,1,1,0,0,0,0,0,0,0,1,0
4,2018,8,12,6,2,6,0,0,1,0,0,0,0,0,0,0,1,0
3,2018,6,11,1,9,1,0,0,1,0,0,0,0,1,0,0,0,0
8,2021,5,13,6,6,2,0,0,1,1,0,0,0,1,1,2,1,0
1,2019,9,8,4,2,6,0,1,1,0,0,0,0,1,0,0,0,0
5,2018,11,15,3,0,2,0,0,1,0,1,0,0,0,0,0,0,0
1,2020,10,0,4,9,1,2,0,0,0,0,0,1,1,1,1,1,0
3,2018,6,14,6,0,1,0,1,0,0,0,0,0,0,0,0,0,0
1,2018,4,10,6,3,6,0,0,1,0,1,0,0,0,0,0,1,0
3,2018,9,19,4,0,3,1,1,1,0,0,0,0,0,0,0,0,0
7,2021,10,18,4,0,7,1,0,1,0,0,0,0,0,0,1,1,1
3,2019,5,11,7,5,3,0,0,1,0,0,0,0,0,0,0,0,0
4,2020,9,19,7,5,2,2,0,1,0,0,0,0,1,0,1,0,1
11,2018,2,13,4,2,2,0,0,1,0,0,0,0,0,0,0,1,0
6,2020,8,17,1,5,2,0,1,1,0,0,0,0,0,0,1,1,1
11,2018,5,11,4,5,3,0,1,0,0,0,0,1,0,0,0,0,1
4,2019,2,8,2,6,4,0,0,1,1,0,0,0,0,0,0,1,1
1,2018,6,13,5,0,5,0,0,1,0,1,0,0,1,0,0,0,0
3,2021,3,22,1,5,2,2,0,1,0,0,0,0,1,0,2,0,1
7,2018,1,18,2,5,3,2,1,0,0,0,0,0,0,0,0,0,0
11,2021,11,9,3,5,7,0,0,1,0,0,0,1,1,0,2,0,0
3,2019,4,11,7,5,3,0,1,1,0,0,0,0,0,0,0,1,0
6,2019,12,16,2,5,3,2,0,1,0,0,0,0,1,0,0,1,0
3,2020,4,14,6,1,5,0,1,1,0,0,0,0,0,1,2,1,1
12,2020,3,18,6,5,2,2,1,1,0,0,0,0,1,1,1,0,0
12,2021,10,10,3,0,1,0,0,1,0,0,0,1,1,0,1,1,0
6,2019,4,22,3,6,2,2,0,1,1,0,0,0,0,0,0,1,1
6,2020,3,10,7,5,2,0,0,1,0,1,0,0,0,1,1,0,0
3,2019,7,19,3,5,2,0,1,1,0,0,0,0,0,0,0,2,0
2,2019,1,20,4,5,3,2,0,1,0,1,0,0,1,0,0,1,0
11,2020,5,17,1,0,2,0,0,1,0,1,0,0,0,1,1,0,0
4,2021,9,13,4,2,6,0,0,1,0,0,0,0,0,0,1,0,0
1,2018,11,20,1,5,2,2,1,1,0,0,0,0,0,0,0,0,0
1,2018,1,11,4,3,1,0,0,1,0,0,0,0,1,0,0,0,0
11,2021,10,9,1,5,2,0,1,1,0,0,0,0,0,0,1,1,0
2,2019,1,18,5,0,2,2,0,1,0,0,0,1,1,0,0,1,1
4,2018,10,10,6,2,7,0,1,1,0,0,0,0,0,0,0,1,0
8,2018,11,7,3,5,3,0,0,1,0,0,0,0,1,0,0,0,0
9,2018,3,15,4,1,5,0,0,0,0,1,0,1,0,0,0,1,0
6,2021,6,12,6,5,2,0,0,1,0,0,1,0,0,0,1,1,0
9,2019,9,8,2,5,3,0,0,1,0,0,0,0,1,0,0,0,0
1,2020,8,13,6,2,6,0,0,1,0,1,0,0,0,0,1,1,0
1,2021,4,17,1,2,6,0,0,1,0,1,0,0,0,1,2,1,0
2,2020,9,16,3,5,3,0,1,1,0,0,0,0,0,0,1,0,0
7,2018,5,0,1,5,3,2,0,1,0,0,0,0,0,0,0,0,0
4,2019,1,7,4,2,6,2,0,1,0,0,0,0,1,0,0,1,0
1,2018,12,9,5,0,1,0,1,0,0,0,0,0,0,0,0,1,1
8,2018,8,12,1,5,3,0,1,0,0,0,0,0,0,0,0,1,0
1,2021,8,9,4,5,3,0,1,1,0,0,0,0,0,0,1,1,0
2,2018,2,19,2,1,5,2,1,1,0,0,0,1,0,0,0,1,0
1,2018,6,19,6,3,6,0,0,1,0,1,0,0,0,0,0,0,1
4,2018,8,9,5,3,6,0,1,0,0,0,0,1,0,0,0,1,0
10,2019,4,17,5,5,3,0,1,1,0,0,0,0,0,0,0,1,0
11,2018,8,16,2,2,6,0,0,1,0,0,0,0,0,0,0,1,0
12,2018,11,6,2,6,7,0,1,1,1,0,0,0,0,0,0,0,0
6,2018,11,11,4,0,2,0,0,1,0,0,0,1,0,0,0,0,0
6,2021,10,10,2,2,6,0,0,1,0,0,1,0,0,0,1,1,0
3,2018,8,14,6,5,2,0,1,1,0,0,0,0,0,0,0,1,0
6,2020,5,16,3,2,6,0,0,1,0,1,0,0,1,1,1,0,0
9,2021,10,16,1,5,7,0,1,1,0,0,0,0,0,0,1,1,0
4,2019,12,17,2,2,6,2,0,1,0,0,0,0,1,0,0,1,0
6,2020,6,12,2,5,2,0,0,1,0,1,0,0,0,0,1,1,0
4,2021,6,8,2,1,5,0,0,1,0,0,0,0,0,0,1,1,0
4,2019,11,8,4,6,2,0,0,0,1,0,1,0,1,0,0,0,1
4,2019,8,10,6,6,2,0,0,1,1,0,0,0,0,0,0,0,1
10,2021,6,17,5,5,2,0,0,1,0,0,0,1,0,0,1,1,0
10,2021,6,14,6,5,2,0,0,1,0,0,0,0,0,0,1,1,0
4,2018,4,7,5,5,3,0,1,1,0,0,0,0,1,0,0,1,0
6,2018,4,13,2,6,4,0,0,1,1,0,0,0,0,0,0,1,0
6,2021,6,12,1,5,3,0,1,1,0,0,0,0,0,0,1,1,0
7,2019,1,10,5,5,2,0,0,1,0,0,0,0,0,0,0,1,0
7,2018,4,9,3,6,2,0,0,1,1,0,0,0,1,0,0,1,0
1,2021,6,11,6,5,7,0,0,1,0,1,0,0,0,0,1,1,0
10,2021,9,7,3,2,6,0,0,1,0,0,0,1,0,0,1,0,0
8,2019,3,16,7,5,3,0,0,1,0,0,0,0,1,0,0,0,0
1,2020,8,14,3,6,4,0,0,1,1,0,0,0,0,0,1,1,0
6,2019,11,8,5,2,2,0,1,1,0,0,0,0,0,0,0,0,0
9,2019,5,16,4,2,6,0,0,1,0,1,0,1,0,0,0,0,0
8,2020,1,17,3,6,7,2,0,0,1,0,0,1,0,0,0,1,0
12,2019,7,20,7,2,2,0,0,1,0,0,0,0,0,0,0,2,0
3,2020,7,3,6,0,1,2,1,0,0,0,0,0,1,0,1,2,0
1,2019,7,18,3,0,1,0,0,0,0,0,0,1,0,0,0,2,0
8,2019,4,7,2,5,3,0,0,1,0,0,0,0,1,0,0,1,0
7,2020,10,16,6,5,3,0,1,1,0,0,0,0,0,1,1,1,0
1,2021,6,12,4,0,1,0,1,0,0,0,0,0,0,0,1,1,0
4,2021,11,14,6,5,3,0,0,1,0,0,0,1,0,0,2,0,0
4,2019,5,17,1,2,6,0,0,1,0,0,0,0,0,0,0,0,0
12,2018,12,16,7,3,6,2,0,1,0,0,0,0,0,0,0,1,0
8,2020,10,16,7,2,7,0,0,1,0,0,0,1,0,1,1,1,0
5,2021,10,14,6,2,6,0,0,1,0,0,0,0,0,0,1,1,0
4,2021,9,14,3,2,6,0,0,1,0,0,0,0,0,0,1,0,0
7,2020,1,15,2,6,5,0,0,1,1,0,0,0,0,0,0,1,0
7,2020,10,15,2,2,6,1,0,1,0,0,1,0,0,1,1,1,1
2,2019,9,8,2,0,5,0,1,1,0,0,0,0,1,0,0,0,0
5,2018,9,19,6,5,2,0,1,1,0,0,0,0,0,0,0,0,0
4,2021,10,16,5,2,6,0,0,1,0,0,0,0,1,0,1,1,0
11,2020,6,9,3,2,6,0,0,1,0,0,0,0,0,0,1,1,0
7,2020,6,8,3,5,2,0,1,1,0,0,0,0,0,0,1,1,0
3,2020,4,8,6,6,4,0,0,1,1,0,0,0,0,1,2,1,1
11,2018,5,16,5,5,2,0,1,1,0,0,0,0,0,0,0,0,0
2,2020,6,14,2,3,6,0,0,1,0,0,1,0,0,0,1,1,0
4,2021,12,16,2,6,4,2,0,0,1,0,0,1,1,1,2,1,0
1,2021,9,7,5,0,2,0,1,0,0,0,0,1,0,0,1,0,0
7,2018,1,10,1,6,4,0,0,1,1,0,0,0,0,0,0,0,0
8,2020,9,15,5,6,7,0,0,0,1,1,0,0,0,0,1,0,1
2,2021,6,11,7,0,1,0,1,0,0,0,0,0,0,0,1,1,0
3,2019,3,16,3,2,6,0,1,1,0,0,0,0,0,0,0,0,0
6,2020,6,13,2,2,7,0,0,1,0,0,0,0,0,0,1,1,1
10,2019,9,9,4,5,2,0,1,1,0,0,0,0,0,0,0,0,0
4,2019,4,9,6,3,6,0,0,1,0,0,0,1,0,0,0,1,0
4,2019,7,13,5,6,4,0,0,1,1,0,0,0,0,0,0,2,1
12,2021,6,18,5,6,4,0,0,1,1,0,0,0,1,0,1,1,0
2,2021,9,16,6,5,3,0,1,0,0,0,0,1,0,0,1,0,0
7,2019,12,9,3,5,3,0,0,1,0,0,0,0,2,0,0,1,1
3,2020,7,8,3,0,2,0,1,0,0,0,0,1,0,0,1,2,0
12,2020,7,16,5,5,3,0,1,1,0,0,0,0,1,0,1,2,0
1,2021,8,16,3,0,1,0,0,0,0,1,0,0,0,0,1,1,0
7,2019,8,18,4,0,3,0,0,1,0,1,0,0,0,0,0,0,0
4,2019,4,1,1,9,1,2,0,0,0,1,0,0,0,0,0,1,1
12,2020,9,10,6,0,1,0,0,0,0,1,0,0,1,0,1,0,0
9,2019,4,16,5,5,3,0,1,1,0,0,0,0,0,0,0,1,1
10,2018,4,15,7,2,6,0,0,1,0,0,0,0,0,0,0,1,0
8,2020,1,12,2,5,3,0,1,1,0,0,0,0,1,0,0,1,0
8,2019,9,17,5,5,3,0,0,1,0,0,0,0,1,0,0,0,0
12,2019,6,5,2,5,3,0,0,1,0,0,0,0,0,0,0,1,0
1,2019,9,17,2,5,3,2,0,1,0,0,0,0,0,0,0,0,0
3,2019,2,18,7,5,3,2,0,1,0,0,0,0,1,0,0,1,0
2,2020,10,17,7,2,6,2,0,1,0,0,0,0,1,1,1,1,0
9,2018,9,16,5,2,6,0,0,1,0,0,0,1,0,0,0,0,0
9,2021,10,7,4,8,1,0,0,1,0,0,0,0,1,0,1,1,0
1,2018,11,18,5,6,2,2,0,0,1,0,0,1,0,0,0,0,0
6,2018,3,11,7,5,3,0,1,0,0,0,0,1,0,0,0,1,1
3,2021,5,7,2,6,7,0,0,0,1,0,0,1,0,1,2,1,0
4,2019,6,1,6,1,5,2,0,1,0,0,0,0,0,0,0,1,0
11,2019,10,13,1,3,6,0,0,1,0,1,0,0,0,0,0,1,0
10,2018,4,12,2,2,6,0,0,1,0,0,0,0,0,0,0,1,0
3,2021,8,18,7,5,2,0,1,1,0,0,0,0,0,0,1,1,0
9,2020,12,14,3,5,2,0,1,1,0,0,0,0,1,1,2,1,1
5,2018,4,20,4,5,2,2,0,1,0,0,0,0,0,0,0,1,0
4,2019,7,14,7,5,2,0,1,1,0,0,0,0,0,0,0,2,0
3,2018,1,17,4,5,3,1,0,1,0,0,0,0,1,0,0,0,0
10,2019,8,12,2,5,3,0,0,1,0,0,0,0,0,0,0,0,0
8,2021,5,16,2,2,6,0,0,1,0,1,0,0,0,1,2,1,0
4,2018,3,7,6,3,6,0,0,1,0,0,1,0,1,0,0,1,0
3,2019,8,13,3,6,4,0,1,0,1,0,0,0,0,0,0,0,0
6,2020,9,11,6,5,3,0,0,1,0,0,0,0,0,0,1,0,0
8,2018,11,9,3,5,2,0,0,1,0,0,0,0,0,0,0,0,1
5,2020,3,19,4,2,6,2,0,1,0,1,0,0,0,1,1,0,0
8,2019,1,18,1,2,6,2,0,1,0,0,0,0,1,0,0,1,0
1,2019,4,11,3,2,6,0,0,1,0,0,0,0,0,0,0,1,0
6,2018,7,17,4,2,6,0,0,1,0,0,0,1,0,0,0,2,0
1,2018,4,10,7,1,5,0,1,1,0,0,0,1,0,0,0,1,0
3,2021,12,18,4,5,2,2,0,1,0,0,0,0,0,1,2,1,0
9,2019,7,12,2,5,3,0,0,1,0,0,0,0,0,0,0,2,0
7,2018,6,9,3,1,5,0,1,1,0,0,0,0,0,0,0,0,0
3,2019,8,13,6,2,6,0,0,1,0,0,0,0,0,0,0,0,0
6,2021,9,15,5,5,2,0,0,1,0,0,0,0,0,0,1,0,0
1,2020,5,15,5,2,6,0,0,1,0,1,0,0,0,1,1,0,0
1,2020,6,14,1,2,6,0,0,1,0,0,0,0,1,0,1,1,0
5,2020,1,12,2,5,2,0,0,1,0,0,0,0,0,0,0,1,0
7,2019,3,13,4,1,7,0,0,1,0,0,0,1,0,0,0,0,0
4,2018,10,22,3,9,1,2,0,1,0,0,0,0,1,0,0,1,1
7,2020,11,22,5,5,2,2,0,1,0,0,0,0,1,1,2,0,0
1,2018,1,16,5,6,2,2,0,1,1,0,0,0,1,0,0,0,0
4,2021,10,16,2,2,6,0,0,1,0,0,0,0,0,0,1,1,0
6,2019,12,18,4,0,7,2,0,1,0,0,0,0,0,0,0,1,0
1,2020,2,15,4,1,5,0,1,1,0,0,0,0,1,0,0,1,0
1,2021,12,16,3,5,3,2,0,1,0,0,0,1,1,1,2,1,0
4,2018,2,11,7,5,7,0,0,1,0,0,0,1,0,0,0,1,0
3,2018,1,12,3,6,4,0,0,1,1,0,0,0,0,0,0,0,0
9,2018,5,13,2,5,3,0,0,1,0,1,0,0,0,0,0,0,0
1,2020,8,16,3,6,7,0,1,0,1,0,0,0,1,0,1,1,0
12,2019,4,9,6,0,1,0,0,0,0,1,0,0,0,0,0,1,0
4,2019,6,8,5,2,2,0,1,1,0,0,0,0,1,0,0,1,0
2,2019,6,16,6,5,3,0,1,1,0,0,0,0,0,0,0,1,0
4,2021,3,16,5,5,3,0,1,1,0,0,0,0,0,0,2,0,0
4,2021,7,15,3,2,6,0,0,1,0,0,0,0,0,0,1,2,0
4,2019,10,16,4,5,2,0,1,1,0,0,0,0,1,0,0,1,0
5,2020,7,8,3,6,4,0,1,0,1,0,0,0,0,0,1,2,0
7,2019,5,11,4,5,7,0,0,1,0,0,0,0,0,0,0,0,0
1,2018,2,18,3,5,2,2,0,1,0,1,0,0,0,0,0,1,0
2,2019,5,10,4,0,1,0,0,0,0,1,0,0,1,0,0,0,0
4,2020,8,21,2,1,5,2,0,1,0,0,0,0,0,0,1,1,0
4,2019,11,20,4,5,3,2,0,1,0,0,0,0,1,0,0,0,0
11,2019,6,10,6,2,6,0,0,1,0,0,1,0,0,0,0,1,0
3,2021,6,8,2,1,5,0,1,1,0,0,0,0,0,0,1,1,0
12,2019,8,18,6,1,5,0,1,1,0,0,0,0,0,0,0,0,0
3,2021,6,8,5,2,6,0,0,1,0,1,0,0,0,0,1,1,0
8,2020,5,19,1,5,7,0,0,1,0,0,0,0,0,1,1,0,0
9,2018,9,22,2,0,3,2,1,1,0,0,0,0,0,0,0,0,0
7,2018,9,17,1,6,4,0,0,1,1,0,0,0,0,0,0,0,0
10,2019,11,15,6,5,3,0,1,1,0,0,0,0,0,0,0,0,1
3,2020,11,19,2,5,2,2,1,1,0,0,0,0,0,1,2,0,0
4,2021,5,14,6,3,6,0,0,1,0,0,1,1,0,1,2,1,1
3,2019,9,21,6,0,1,2,0,0,0,0,0,1,0,0,0,0,0
1,2019,8,17,4,5,2,0,1,1,0,0,0,0,0,0,0,0,0
3,2018,6,6,5,5,2,0,1,1,0,0,0,0,0,0,0,0,0
9,2019,1,7,5,1,5,0,0,1,0,0,0,0,0,0,0,1,0
2,2021,10,12,3,2,6,0,0,1,0,0,0,0,0,0,1,1,0
10,2021,10,16,6,5,3,0,0,1,0,0,0,1,1,0,1,1,0
7,2021,4,14,7,0,3,0,0,1,0,0,0,1,0,1,2,1,0
7,2019,8,15,6,5,2,0,0,1,0,0,0,0,0,0,0,0,0
2,2019,6,19,1,5,2,0,1,1,0,0,0,0,0,0,0,1,0
10,2018,3,16,3,6,4,0,0,1,1,0,0,0,0,0,0,1,1
4,2018,6,17,3,0,4,0,1,0,1,0,0,0,0,0,0,0,0
10,2018,5,16,4,6,4,0,0,1,1,0,0,0,0,0,0,0,1
3,2020,10,11,3,2,6,0,0,1,0,0,0,0,0,1,1,1,0
8,2018,5,10,7,2,7,0,1,1,0,0,0,0,0,0,0,0,0
4,2021,9,11,6,2,6,0,0,1,0,0,0,0,0,0,1,0,0
9,2019,6,16,1,2,6,0,0,0,0,1,0,0,0,0,0,1,0
8,2020,10,23,3,5,3,2,0,1,0,0,0,0,1,1,1,1,0
3,2020,10,15,4,0,3,0,1,1,0,0,0,0,1,1,1,1,0
1,2020,9,13,6,5,2,0,0,1,0,0,0,0,0,0,1,0,0
5,2018,8,16,6,5,3,0,0,1,0,1,0,0,0,0,0,1,0
1,2021,9,9,5,5,3,0,0,1,0,0,0,0,0,0,1,0,1
4,2019,10,13,6,2,6,0,0,1,0,1,0,0,0,0,0,1,0
10,2019,6,20,7,2,2,0,1,1,0,0,0,0,0,0,0,1,0
7,2019,10,7,5,5,2,0,1,1,1,0,0,0,0,0,0,1,0
8,2020,5,17,2,2,6,0,0,1,0,1,0,0,1,1,1,0,0
7,2020,7,16,4,2,6,0,1,1,0,0,0,0,0,0,1,2,0
3,2020,2,16,2,6,4,0,0,1,1,0,0,0,1,0,0,1,0
6,2021,11,13,5,6,4,0,0,0,1,0,0,1,0,0,2,0,0
2,2019,12,12,4,1,1,0,1,1,0,0,0,0,1,0,0,1,1
8,2019,8,13,2,3,6,0,1,1,0,0,0,0,0,0,0,0,0
11,2021,12,18,1,5,2,2,0,1,0,0,0,0,1,1,2,1,0
4,2018,9,17,3,5,2,0,1,1,0,0,0,0,0,0,0,0,0
12,2018,5,17,6,6,4,0,0,0,1,0,0,1,0,0,0,0,1
6,2021,8,18,3,2,6,0,1,0,0,0,1,0,0,0,1,1,0
11,2019,2,10,6,5,3,0,0,1,0,0,0,0,0,0,0,1,0
10,2021,7,13,2,5,3,0,1,1,0,0,0,0,0,0,1,2,0
8,2019,9,14,7,3,6,0,1,1,0,0,0,0,0,0,0,0,0
3,2018,4,15,7,5,3,0,1,1,0,1,0,0,0,0,0,1,0
2,2020,5,9,2,2,6,0,0,1,0,0,0,0,0,1,1,0,0
12,2021,9,13,6,6,4,0,0,1,1,0,0,0,0,0,1,0,0
8,2019,5,19,6,1,5,0,0,1,0,0,0,0,0,0,0,0,0
3,2020,7,15,3,5,2,0,1,1,0,0,0,0,0,0,1,2,0
7,2019,3,18,4,5,2,1,1,1,0,0,0,0,0,0,0,0,0
2,2019,7,16,6,0,1,0,0,0,0,1,0,0,1,0,0,2,0
1,2021,12,18,2,1,5,2,0,1,0,0,0,0,0,1,2,1,1
2,2019,8,7,5,5,3,0,1,1,0,0,0,0,0,0,0,0,0
6,2020,10,18,5,5,3,2,1,1,0,0,0,0,1,1,1,1,1
2,2018,4,12,3,5,3,0,1,0,0,0,0,0,0,0,0,1,1
2,2018,7,10,3,1,5,0,0,0,0,1,0,1,0,0,0,2,0
11,2021,7,19,3,1,5,0,1,1,0,0,0,0,0,0,1,2,0
4,2019,9,10,6,0,7,0,1,0,0,0,0,0,0,0,0,0,0
7,2020,9,8,5,1,5,0,1,1,0,0,0,0,0,0,1,0,0
2,2019,3,14,7,1,5,0,1,1,0,0,0,0,0,0,0,0,0
2,2018,8,15,2,4,7,0,1,0,0,0,0,0,0,0,0,1,1
4,2018,7,20,3,5,7,0,0,1,0,1,0,0,0,0,0,2,1
6,2021,10,9,4,1,5,0,0,1,0,0,0,0,0,0,1,1,0
9,2021,10,17,6,1,5,0,0,1,0,0,0,0,0,0,1,1,0
7,2019,9,18,5,2,6,1,0,1,0,0,0,0,0,0,0,0,0
11,2020,10,0,7,9,1,2,0,1,0,0,0,0,1,1,1,1,1
1,2018,2,8,2,1,5,0,1,1,0,0,0,0,0,0,0,1,0
9,2018,6,13,7,1,5,0,1,1,0,0,0,0,0,0,0,0,0
8,2021,2,14,2,5,3,0,1,1,0,0,0,0,0,1,2,1,0
11,2020,8,18,7,5,2,0,1,1,0,0,0,0,1,0,1,1,0
4,2020,4,13,7,5,7,0,1,0,0,0,0,0,0,1,2,1,0
12,2018,7,21,5,2,6,1,0,1,0,0,0,0,0,0,0,2,0
7,2021,8,15,3,6,4,0,0,1,1,0,0,0,0,0,1,1,1
1,2019,3,7,4,5,2,0,0,1,0,0,0,0,0,0,0,0,0
4,2018,10,17,7,6,2,0,0,1,1,0,0,0,0,0,0,1,0
4,2020,6,22,1,2,7,2,1,1,0,0,0,0,0,0,1,1,0
8,2018,9,12,7,3,3,0,0,1,0,0,0,0,0,0,0,0,0
5,2018,5,18,5,1,1,0,0,1,0,0,0,0,0,0,0,0,0
12,2019,5,13,6,5,2,0,0,1,0,0,0,0,0,0,0,0,1
7,2020,5,17,6,0,7,0,1,0,0,0,0,0,0,1,1,0,1
2,2018,10,22,3,6,4,2,1,0,1,0,0,0,0,0,0,1,0
2,2019,1,11,7,5,2,0,0,1,0,0,0,0,0,0,0,1,0
7,2019,4,7,5,6,4,0,0,1,1,0,0,0,0,0,0,1,0
1,2020,10,19,3,6,2,2,0,1,1,0,0,0,1,1,1,1,0
12,2018,4,18,2,0,2,0,0,1,0,1,0,0,0,0,0,1,0
7,2021,3,11,6,5,2,0,0,1,0,0,0,1,0,0,2,0,0
1,2018,3,23,1,6,4,2,0,1,1,0,0,0,0,0,0,1,0
1,2018,7,11,5,2,6,0,0,1,0,0,0,0,0,0,0,2,0
9,2020,5,16,4,2,6,0,0,1,0,0,0,0,0,1,1,0,0
3,2019,5,7,6,5,3,0,1,1,0,0,0,0,1,0,0,0,0
1,2019,10,14,3,6,4,0,1,0,1,0,0,0,1,0,0,1,0
4,2021,5,16,2,9,1,0,0,0,0,1,0,0,0,1,2,1,1
6,2018,4,15,4,2,2,0,0,1,0,0,0,1,0,0,0,1,0
8,2018,5,18,6,5,3,0,0,1,0,0,0,0,0,0,0,0,0
7,2020,1,10,3,5,2,0,0,1,0,0,0,0,0,0,0,1,0
1,2019,7,13,5,6,4,0,1,0,1,0,0,0,0,0,0,2,0
7,2019,5,15,7,2,6,0,0,1,0,0,0,0,0,0,0,0,0
4,2021,10,6,3,0,6,2,0,1,0,0,0,0,0,0,1,1,0
11,2018,1,14,6,6,2,0,0,1,1,0,0,0,0,0,0,0,1
1,2021,9,15,5,6,7,0,1,0,1,0,0,0,0,0,1,0,0
3,2020,1,18,7,0,2,2,0,1,0,0,0,1,0,0,0,1,0
1,2019,1,7,5,6,4,2,0,1,1,0,0,0,1,0,0,1,1
2,2020,1,6,4,5,2,2,1,1,0,0,0,0,1,0,0,1,0
11,2019,10,11,5,5,3,0,0,1,0,0,0,0,1,0,0,1,0
4,2019,8,21,6,5,2,1,1,1,0,0,0,0,0,0,0,0,0
1,2018,6,18,5,2,2,0,1,1,0,0,0,0,0,0,0,0,1
1,2020,4,17,5,2,6,0,0,1,0,1,0,0,0,1,2,1,0
3,2020,5,5,5,5,2,1,1,1,0,0,0,0,0,1,1,0,0
2,2019,7,15,7,0,1,0,1,0,0,0,0,0,0,0,0,2,1
3,2021,5,21,4,9,1,2,0,1,0,0,0,0,0,1,2,1,1
8,2019,11,17,5,0,6,2,0,1,0,0,0,1,0,0,0,0,0
1,2018,4,16,6,6,7,0,0,1,1,0,0,0,0,0,0,1,0
6,2020,6,15,4,5,7,0,0,1,0,1,0,0,0,0,1,1,0
10,2021,11,7,6,6,7,0,0,1,1,0,0,0,1,0,2,0,1
7,2021,4,21,3,1,5,2,0,0,0,1,0,0,0,1,2,1,0
12,2018,6,0,1,1,5,2,1,1,0,0,0,0,0,0,0,0,0
3,2021,5,19,3,1,5,0,1,1,0,0,0,0,0,1,2,1,0
1,2021,3,15,4,6,4,0,0,1,1,0,0,0,0,0,2,0,0
11,2021,8,10,7,5,2,0,1,1,0,0,0,0,0,0,1,1,1
3,2021,4,14,2,0,1,0,1,0,0,0,0,0,0,1,2,1,0