BEZ,UJAHR,UMONAT,USTUNDE,UWOCHENTAG,UART,UTYP1,ULICHTVERH,IstRad,IstPKW,IstFuss,IstKrad,IstGkfz,IstSonstige,USTRZUSTAND,LOCKDOWN,COVID,FERIEN,UKATEGORIE
1,2020,1,16,6,0,2,1,0,1,0,0,0,1,0,0,0,1,0
12,2019,2,17,7,5,3,1,0,1,0,0,0,1,0,0,0,1,0
5,2020,7,19,2,2,7,0,0,1,0,0,0,0,0,0,1,2,0
5,2021,7,9,7,5,3,0,0,1,0,0,0,0,0,0,1,2,1
5,2018,8,8,5,5,2,0,0,1,0,0,0,0,0,0,0,1,0
3,2019,11,17,4,2,6,2,0,1,0,0,0,0,1,0,0,0,0
10,2021,2,18,5,6,4,2,0,1,1,0,0,0,1,1,2,1,0
2,2019,1,16,3,6,4,0,0,1,1,0,0,0,1,0,0,1,0
3,2019,9,15,4,2,2,0,1,1,0,0,0,0,0,0,0,0,0
7,2018,2,6,5,0,5,2,0,1,0,0,0,0,0,0,0,1,0
7,2020,10,12,7,2,2,0,0,1,0,0,0,0,0,1,1,1,0
1,2018,4,9,4,2,2,0,0,1,0,0,0,0,0,0,0,1,0
11,2019,7,9,3,3,6,0,0,1,0,0,1,0,0,0,0,2,0
7,2020,9,15,7,2,6,0,0,1,0,0,0,0,0,0,1,0,0
3,2018,3,13,7,2,2,0,0,1,0,0,0,0,1,0,0,1,0
5,2020,2,22,3,6,2,2,0,1,1,0,0,0,0,0,0,1,1
8,2019,2,20,2,1,5,2,1,1,0,0,0,0,0,0,0,1,0
12,2020,1,12,6,1,5,0,1,1,0,0,0,1,0,0,0,1,0
12,2021,8,17,1,0,7,0,1,0,0,0,0,0,1,0,1,1,1
8,2020,6,17,6,3,6,0,0,1,0,0,0,0,0,0,1,1,0
1,2021,8,22,1,5,2,2,0,1,0,0,0,1,1,0,1,1,0
1,2020,9,19,2,5,2,1,1,1,0,0,0,0,0,0,1,0,0
11,2021,10,16,6,2,6,0,0,1,0,0,0,0,1,0,1,1,0
1,2019,2,23,5,5,2,2,0,1,0,0,0,0,0,0,0,1,0
11,2018,4,11,6,5,3,0,0,1,0,0,0,0,0,0,0,1,0
7,2019,11,11,1,5,3,0,0,1,0,0,0,0,0,0,0,0,0
4,2020,6,15,2,2,6,0,0,1,0,1,0,0,0,0,1,1,0
4,2018,7,17,6,5,2,0,0,1,0,0,0,0,0,0,0,2,0
7,2018,10,16,3,1,5,0,1,1,0,0,0,0,0,0,0,1,0
11,2020,12,11,2,2,6,0,0,1,0,0,0,0,1,1,2,1,0
3,2019,10,6,5,6,2,2,0,1,1,0,0,0,1,0,0,1,0
6,2021,8,21,7,5,2,2,1,1,0,0,0,0,1,0,1,1,0
4,2018,12,23,6,6,7,2,1,0,1,0,0,0,1,0,0,1,0
8,2018,5,18,4,6,2,0,0,1,1,0,0,0,0,0,0,0,0
9,2021,11,18,4,0,1,2,1,0,0,0,0,0,0,0,2,0,0
5,2019,3,17,5,5,2,0,0,1,0,0,0,0,1,0,0,0,0
11,2021,3,7,5,5,2,0,1,1,0,0,0,0,0,0,2,0,0
1,2020,1,16,6,2,6,2,0,1,0,0,0,0,1,0,0,1,0
6,2020,9,16,5,2,2,0,1,1,0,0,0,0,0,0,1,0,0
7,2020,6,17,7,5,2,0,1,1,0,0,0,0,1,0,1,1,0
2,2019,10,18,5,5,3,2,0,1,0,0,0,1,0,0,0,1,1
3,2020,1,7,3,6,2,0,0,1,1,0,0,0,1,0,0,1,0
1,2020,6,10,2,6,4,0,1,0,1,0,0,0,0,0,1,1,0
7,2019,1,20,4,2,6,2,0,1,0,0,0,0,0,0,0,1,0
1,2021,10,16,2,5,2,0,1,0,0,0,0,1,0,0,1,1,0
9,2021,7,14,7,0,3,0,0,1,0,0,0,1,0,0,1,2,0
3,2018,9,9,4,1,5,0,1,1,0,0,0,0,0,0,0,0,0
5,2018,5,10,2,5,3,0,0,1,0,1,0,0,0,0,0,0,1
4,2018,8,16,6,5,3,0,1,1,0,0,0,0,0,0,0,1,0
12,2019,5,16,5,2,6,0,0,1,0,0,1,0,0,0,0,0,0
2,2018,8,15,3,5,3,0,0,1,0,0,0,0,0,0,0,1,0
1,2020,10,21,6,3,6,2,1,0,0,0,0,0,1,1,1,1,0
2,2020,10,15,5,6,7,0,0,0,1,0,0,1,0,1,1,1,0
12,2021,12,9,2,8,1,0,0,1,0,0,0,0,2,1,2,1,0
12,2021,6,9,3,1,5,0,1,1,0,0,0,0,0,0,1,1,0
9,2020,8,10,6,2,6,0,0,1,0,0,0,1,0,0,1,1,0
8,2021,8,19,4,5,7,0,0,1,0,1,0,0,0,0,1,1,0
5,2018,7,9,6,0,1,0,0,0,0,1,0,0,0,0,0,2,0
1,2020,9,16,5,5,5,0,1,1,0,0,0,0,0,0,1,0,0
11,2018,2,6,5,5,3,2,1,1,0,0,0,0,0,0,0,1,1
7,2018,4,9,6,5,7,0,0,1,0,0,0,0,0,0,0,1,0
4,2020,9,19,2,6,2,1,0,1,1,0,0,0,0,0,1,0,0
3,2018,3,11,1,5,2,0,1,1,0,0,0,0,0,0,0,1,0
5,2018,7,18,7,5,2,0,0,0,0,1,0,0,0,0,0,2,0
3,2021,8,14,4,5,3,0,1,0,0,1,0,0,0,0,1,1,0
3,2021,2,12,6,5,2,0,1,0,0,0,0,1,0,1,2,1,0
1,2020,3,8,2,2,6,0,0,1,0,0,1,0,1,1,1,0,0
7,2019,8,9,4,9,1,0,0,1,0,0,0,1,0,0,0,0,0
4,2021,8,19,3,5,2,1,1,1,0,0,0,0,0,0,1,1,0
6,2019,5,7,4,5,3,0,0,1,0,1,0,0,1,0,0,0,0
8,2018,12,16,3,6,4,2,0,1,1,0,0,0,1,0,0,1,0
5,2019,3,8,4,5,2,0,0,1,0,0,0,0,0,0,0,0,0
10,2021,9,13,2,0,1,0,1,0,0,0,0,0,0,0,1,0,0
1,2020,9,13,5,6,4,0,0,1,1,0,0,0,0,0,1,0,0
1,2021,11,19,1,5,2,2,1,1,0,0,0,0,1,0,2,0,0
6,2020,8,7,6,2,7,0,0,1,0,0,0,0,1,0,1,1,0
7,2020,4,2,1,1,1,2,0,1,0,0,0,0,0,1,2,1,1
1,2020,8,5,5,5,2,2,1,1,0,0,0,0,0,0,1,1,0
3,2020,5,19,6,2,6,0,0,1,0,0,0,0,0,1,1,0,0
7,2021,10,1,7,8,7,2,0,1,0,0,0,0,0,0,1,1,0
7,2019,4,20,6,1,5,1,0,1,0,0,0,0,0,0,0,1,0
4,2018,9,0,3,5,7,2,0,1,0,0,0,0,0,0,0,0,0
2,2020,2,19,7,5,3,2,1,1,0,0,0,0,1,0,0,1,0
1,2020,1,12,5,2,1,0,0,1,0,0,1,0,1,0,0,1,0
2,2019,11,16,6,0,7,2,1,0,0,0,0,0,0,0,0,0,1
1,2021,3,16,1,5,2,0,1,1,0,0,0,0,0,0,2,0,0
7,2019,10,17,4,2,6,0,0,1,0,0,0,1,1,0,0,1,0
8,2018,6,18,7,5,2,0,1,1,0,0,0,0,0,0,0,0,0
9,2019,5,17,2,6,2,0,0,1,1,0,0,0,0,0,0,0,0
12,2021,9,8,5,5,7,0,1,1,0,0,0,0,0,0,1,0,0
3,2018,10,11,5,5,3,0,1,0,0,0,0,1,0,0,0,1,0
7,2020,8,17,1,2,6,0,0,1,0,0,0,0,0,0,1,1,0
4,2018,8,11,5,0,2,0,1,1,0,0,0,0,0,0,0,1,0
1,2021,6,6,3,0,5,0,0,1,0,0,0,1,0,0,1,1,0
1,2020,10,22,5,2,6,2,0,1,0,0,0,0,0,1,1,1,0
2,2018,5,7,3,5,2,0,1,1,0,0,0,0,0,0,0,0,0
3,2019,6,14,4,5,3,0,0,1,0,0,0,1,0,0,0,1,0
7,2020,10,16,3,1,5,0,1,1,0,0,0,0,0,1,1,1,0
1,2021,9,20,5,5,2,2,1,1,0,0,0,0,0,0,1,0,0
1,2020,9,15,4,2,7,0,1,1,0,0,0,0,0,0,1,0,0
8,2018,3,11,6,2,2,0,0,0,0,1,0,1,0,0,0,1,0
1,2021,9,7,4,3,6,0,1,1,0,0,0,0,0,0,1,0,0
2,2020,7,20,4,5,2,0,1,0,0,0,0,1,1,0,1,2,0
5,2020,7,15,5,2,2,0,0,1,0,0,0,0,0,0,1,2,0
10,2020,4,19,4,2,6,0,1,1,0,0,0,0,0,1,2,1,0
3,2020,11,18,5,5,2,2,1,1,0,0,0,0,0,1,2,0,0
7,2020,4,12,3,2,6,0,0,1,0,1,0,0,0,1,2,1,1
6,2019,1,17,2,1,5,2,0,1,0,0,0,0,1,0,0,1,0
3,2018,10,10,6,6,4,0,0,1,1,0,0,0,0,0,0,1,0
2,2018,8,12,2,5,2,0,1,1,0,0,0,0,0,0,0,1,0
4,2020,10,8,2,0,7,0,1,0,0,0,0,0,0,1,1,1,0
11,2018,10,11,5,5,3,0,0,1,1,0,0,0,0,0,0,1,0
9,2018,7,18,2,4,6,0,1,0,0,0,0,0,0,0,0,2,0
1,2019,11,21,2,2,2,2,0,1,0,1,0,0,1,0,0,0,0
12,2020,1,11,5,5,3,0,1,1,0,0,0,0,1,0,0,1,0
5,2020,1,13,6,6,7,0,1,0,1,0,0,0,0,0,0,1,0
10,2021,11,6,3,5,2,1,1,1,0,0,0,0,0,0,2,0,0
6,2018,9,14,1,5,3,0,0,1,0,1,0,0,0,0,0,0,0
2,2018,7,20,5,5,3,0,1,1,0,0,0,0,0,0,0,2,0
3,2021,11,18,5,5,2,2,1,0,0,0,0,0,0,0,2,0,1
2,2020,6,8,5,0,2,0,1,1,0,0,0,0,1,0,1,1,1
2,2021,8,10,3,5,2,0,1,1,0,0,0,0,0,0,1,1,0
8,2018,9,13,4,2,6,0,0,1,0,0,0,1,0,0,0,0,0
10,2021,8,16,5,2,6,0,0,1,0,0,0,0,0,0,1,1,0
11,2021,2,11,5,5,3,0,0,1,0,0,0,1,0,1,2,1,0
2,2021,9,15,2,3,6,0,1,1,0,0,0,0,0,0,1,0,0
6,2021,2,16,4,2,6,0,0,1,0,0,0,0,2,1,2,1,0
4,2018,10,6,6,5,3,2,1,1,0,0,0,0,0,0,0,1,0
7,2020,1,7,6,5,3,2,1,1,0,0,0,0,1,0,0,1,0
2,2019,6,13,2,6,7,0,0,0,1,0,0,1,0,0,0,1,0
1,2018,2,2,2,9,1,2,0,1,1,0,0,0,0,0,0,1,1
5,2018,3,10,4,2,6,0,0,1,0,0,0,0,0,0,0,1,0
2,2019,11,20,4,6,4,2,0,1,1,0,0,0,0,0,0,0,0
11,2020,3,17,6,6,4,1,0,1,1,0,0,0,1,1,1,0,1
4,2018,5,18,2,5,7,0,1,1,0,0,0,0,0,0,0,0,0
6,2019,4,15,2,3,2,0,0,1,0,0,0,0,0,0,0,1,0
1,2020,7,9,5,5,3,0,1,1,0,0,0,0,0,0,1,2,0
12,2018,7,19,5,4,6,0,0,0,0,0,0,1,0,0,0,2,0
9,2020,1,15,5,0,3,0,1,0,0,1,0,0,1,0,0,1,1
2,2018,2,10,3,5,2,0,1,1,0,0,0,0,0,0,0,1,0
10,2019,6,17,2,1,7,0,0,1,0,0,0,0,0,0,0,1,1
5,2019,9,13,6,5,2,0,1,0,0,0,0,1,1,0,0,0,0
7,2021,2,15,2,2,6,0,0,1,0,0,0,0,0,1,2,1,0
9,2021,9,6,3,5,3,1,0,1,0,0,0,0,0,0,1,0,0
4,2019,12,14,7,0,1,0,1,0,0,0,0,0,1,0,0,1,0
2,2018,10,15,7,3,6,0,1,1,0,0,0,0,0,0,0,1,0
7,2020,11,22,7,6,4,2,0,1,1,0,0,0,0,1,2,0,0
2,2018,8,17,6,0,1,0,0,0,0,1,0,0,0,0,0,1,0
9,2018,8,12,6,5,3,0,0,1,0,1,0,0,1,0,0,1,0
7,2021,6,14,2,1,5,0,1,1,0,0,0,0,0,0,1,1,0
5,2018,6,19,6,2,6,1,0,1,0,0,0,0,0,0,0,0,0
2,2018,7,19,3,0,2,0,1,0,0,1,0,0,0,0,0,2,0
8,2020,8,17,5,5,3,0,1,0,0,0,0,1,0,0,1,1,0
6,2020,5,17,6,2,5,0,1,1,0,0,0,1,0,1,1,0,0
1,2019,1,14,7,0,3,0,0,1,0,0,0,1,0,0,0,1,1
4,2020,10,13,6,4,6,0,0,1,0,0,0,0,0,1,1,1,0
1,2019,12,15,2,3,6,0,0,1,1,0,0,0,0,0,0,1,0
6,2019,1,17,6,0,7,1,0,1,0,1,0,0,1,0,0,1,0
6,2018,4,16,6,2,2,0,1,1,0,0,0,0,0,0,0,1,1
2,2018,9,7,4,6,4,0,1,0,1,0,0,0,0,0,0,0,1
2,2019,9,12,1,4,7,0,1,0,0,0,0,1,1,0,0,0,1
8,2018,2,19,1,6,4,2,0,1,1,0,0,0,0,0,0,1,0
1,2020,9,17,1,7,7,0,0,0,0,1,0,0,0,0,1,0,0
2,2020,8,8,5,5,3,0,1,0,0,0,0,1,0,0,1,1,0
8,2021,7,16,5,0,6,0,0,1,0,1,0,0,0,0,1,2,0
5,2020,8,17,3,2,7,0,0,1,0,0,0,0,0,0,1,1,1
1,2020,1,12,4,5,2,0,0,1,0,0,0,0,0,0,0,1,1
1,2020,9,13,2,0,3,0,0,1,0,0,0,1,0,0,1,0,0
10,2018,9,16,2,6,7,0,1,0,1,0,0,0,0,0,0,0,0
2,2018,10,19,5,6,4,2,0,1,1,0,0,0,0,0,0,1,0
4,2021,6,11,2,2,6,0,0,1,0,0,0,1,0,0,1,1,0
1,2019,12,23,3,2,6,2,0,1,0,0,0,0,0,0,0,1,0
7,2018,8,8,2,2,6,0,0,1,0,0,0,0,0,0,0,1,0
5,2020,9,17,6,1,5,0,1,1,0,0,0,0,0,0,1,0,1
6,2018,4,12,5,5,2,0,1,0,0,1,0,0,0,0,0,1,0
2,2018,7,18,3,6,2,0,0,1,1,0,0,0,0,0,0,2,0
1,2019,6,16,5,5,2,0,0,1,0,1,0,0,0,0,0,1,0
7,2021,9,11,3,1,5,0,1,1,0,0,0,0,0,0,1,0,1
12,2020,11,17,7,6,2,2,0,1,1,0,0,0,0,1,2,0,0
4,2021,6,12,4,5,2,0,1,1,0,0,0,0,1,0,1,1,0
1,2020,2,0,4,5,2,2,1,0,0,0,0,1,1,0,0,1,0
8,2019,9,12,2,2,6,0,0,1,0,0,0,1,1,0,0,0,0
9,2021,5,23,6,1,5,2,0,1,0,0,0,0,1,1,2,1,0
11,2020,12,4,1,1,5,2,0,1,0,0,0,1,1,1,2,1,0
5,2020,7,16,5,1,5,0,1,1,0,0,0,0,0,0,1,2,0
7,2021,11,13,2,2,6,0,0,1,0,0,0,0,0,0,2,0,0
7,2018,8,21,2,0,1,2,0,0,0,1,0,0,0,0,0,1,0
3,2020,8,16,5,0,1,0,1,0,0,0,0,0,0,0,1,1,1
8,2021,6,17,4,5,5,0,0,0,0,1,0,1,0,0,1,1,1
5,2019,3,13,3,6,4,0,0,1,1,0,0,0,0,0,0,0,0
6,2020,3,15,4,8,1,0,0,1,0,0,0,0,0,1,1,0,0
3,2019,8,18,3,0,5,0,1,1,0,0,0,0,0,0,0,0,0
10,2021,3,14,3,2,6,0,0,1,0,0,0,1,0,0,2,0,0
12,2020,5,16,2,6,7,0,1,0,1,0,0,0,0,1,1,0,0
5,2019,9,5,4,0,7,1,0,0,0,1,0,0,0,0,0,0,0
3,2019,4,12,3,2,6,0,0,1,0,0,0,0,0,0,0,1,0
1,2020,4,11,3,6,4,0,1,0,1,0,0,0,0,1,2,1,0
11,2019,10,14,2,2,2,0,0,1,0,0,0,0,0,0,0,1,0
6,2021,7,19,4,5,3,1,0,1,0,0,0,0,0,0,1,2,0
1,2020,11,11,6,6,7,0,0,0,1,0,1,0,0,1,2,0,0
1,2019,6,9,5,6,4,0,0,1,1,0,0,0,1,0,0,1,1
12,2020,9,18,4,0,1,0,0,0,0,1,0,0,1,0,1,0,0
3,2018,5,9,6,4,6,0,1,1,0,0,0,0,0,0,0,0,0
10,2020,3,15,3,2,6,0,0,1,0,0,1,1,0,1,1,0,0
11,2020,7,5,6,5,2,1,1,1,0,0,0,0,0,0,1,2,0
1,2021,9,19,7,0,1,1,0,0,0,0,0,1,0,0,1,0,1
12,2020,6,19,2,6,2,0,0,1,1,0,0,0,0,0,1,1,0
1,2019,10,20,2,5,2,0,0,1,0,0,0,1,0,0,0,1,0
4,2021,9,9,3,5,2,0,0,1,0,0,0,1,0,0,1,0,0
10,2018,3,8,5,6,4,0,0,1,1,0,0,0,1,0,0,1,0
5,2018,11,18,2,2,6,2,0,1,0,0,0,0,1,0,0,0,0
6,2021,12,18,2,6,4,2,0,1,1,0,0,0,1,1,2,1,0
6,2021,8,16,3,1,5,0,1,1,0,0,0,0,0,0,1,1,0
4,2019,10,22,4,3,6,2,0,1,0,0,0,1,1,0,0,1,0
3,2019,10,17,3,0,7,2,1,0,0,0,0,0,0,0,0,1,1
9,2019,8,8,1,5,3,0,0,1,0,0,0,1,0,0,0,0,0
1,2019,6,16,5,5,3,0,0,1,0,0,0,1,0,0,0,1,0
1,2018,3,18,7,0,6,0,0,1,0,1,0,0,1,0,0,1,0
1,2018,6,18,6,1,5,0,1,1,0,0,0,0,0,0,0,0,0
6,2018,7,0,5,8,1,2,0,1,0,0,0,0,0,0,0,2,0
4,2019,11,12,5,2,6,0,0,1,0,0,0,0,0,0,0,0,0
4,2018,4,18,1,2,6,0,0,1,0,0,0,0,0,0,0,1,0
6,2018,4,19,5,5,2,0,1,1,0,0,0,0,0,0,0,1,1
4,2020,9,14,1,2,6,0,0,1,0,0,0,0,0,0,1,0,0
2,2019,4,8,2,2,6,0,1,0,0,0,0,0,0,0,0,1,0
6,2020,8,16,7,5,3,0,1,1,0,0,0,0,0,0,1,1,1
4,2020,10,9,6,0,1,0,1,0,0,0,0,0,0,1,1,1,0
12,2021,10,7,7,9,1,0,0,1,0,0,0,0,0,0,1,1,0
4,2019,10,20,1,0,1,2,1,0,0,0,0,0,0,0,0,1,0
5,2019,6,19,6,5,3,0,0,1,0,0,0,0,0,0,0,1,0
3,2018,10,16,5,6,7,0,0,1,1,0,0,0,0,0,0,1,0
1,2019,1,21,7,2,1,2,0,1,0,0,0,0,1,0,0,1,0
1,2021,2,20,2,5,2,2,0,1,0,0,0,0,0,1,2,1,0
2,2019,5,22,5,5,3,2,1,1,0,0,0,0,0,0,0,0,0
11,2018,8,14,6,5,2,0,1,1,0,0,0,0,0,0,0,1,0
7,2019,11,20,3,6,2,2,0,1,1,0,0,0,1,0,0,0,1
7,2021,1,5,5,6,2,2,0,1,1,0,0,0,1,1,2,0,0
7,2019,8,17,1,1,5,0,1,1,0,0,0,0,0,0,0,0,0
4,2020,12,9,7,0,1,0,1,0,0,0,0,0,1,1,2,1,0
3,2021,4,10,5,2,1,0,0,1,0,0,1,0,1,1,2,1,0
6,2019,1,13,3,2,2,0,0,1,0,0,1,0,0,0,0,1,0
4,2021,7,6,5,2,6,0,0,1,0,0,0,0,0,0,1,2,1
1,2020,4,16,3,5,3,0,1,1,0,0,0,0,0,1,2,1,0
3,2020,9,15,2,5,3,0,1,1,0,0,0,0,0,0,1,0,0
10,2018,9,8,2,2,6,0,0,0,0,1,0,1,0,0,0,0,0
5,2018,12,7,7,2,6,2,0,1,0,0,0,0,1,0,0,1,0
6,2018,5,10,4,6,4,0,0,1,1,0,0,0,0,0,0,0,1
1,2021,8,19,3,3,3,0,0,1,0,0,0,1,0,0,1,1,0
7,2021,8,18,3,2,6,0,0,1,0,0,0,0,0,0,1,1,0
5,2019,7,13,7,5,2,0,0,1,0,1,0,0,0,0,0,2,0
12,2020,7,20,4,0,1,0,1,0,0,0,0,0,0,0,1,2,1
10,2018,7,13,2,2,6,0,0,1,0,0,0,0,0,0,0,2,1
1,2021,4,5,2,2,6,0,0,1,0,0,0,1,1,1,2,1,0
6,2020,8,16,3,5,2,0,1,1,0,0,0,0,0,0,1,1,0
4,2020,7,22,3,6,7,2,1,0,1,0,0,0,0,0,1,2,0
8,2021,11,16,7,5,3,2,1,1,0,0,0,0,0,0,2,0,0
4,2019,1,8,4,5,2,0,1,1,0,0,0,0,0,0,0,1,0
3,2018,1,8,2,9,1,0,0,1,0,0,0,0,1,0,0,0,1
6,2021,7,18,4,5,3,0,1,0,0,0,0,0,0,0,1,2,0
2,2019,3,13,6,5,3,0,1,1,0,0,0,0,0,0,0,0,1
4,2019,5,17,2,2,6,0,0,1,0,0,0,0,1,0,0,0,0
1,2021,11,18,4,5,2,2,1,1,0,0,0,0,0,0,2,0,0
1,2019,4,10,3,5,2,0,0,1,0,1,0,0,0,0,0,1,1
4,2020,7,5,4,5,7,0,0,1,0,1,0,0,0,0,1,2,0
6,2021,9,11,2,5,2,0,1,1,0,0,0,0,0,0,1,0,1
1,2021,10,14,6,5,3,0,1,1,0,0,0,0,0,0,1,1,0
2,2021,11,17,6,6,7,1,1,0,1,0,0,0,0,0,2,0,0
1,2019,7,18,7,6,4,0,0,1,1,0,0,0,0,0,0,2,0
1,2021,10,8,6,5,3,0,1,1,0,0,0,0,0,0,1,1,1
1,2018,1,10,2,3,7,0,1,1,0,0,0,0,1,0,0,0,0
1,2021,8,19,6,6,4,0,1,0,1,0,0,0,1,0,1,1,0
7,2019,10,6,4,6,7,2,1,0,1,0,0,0,1,0,0,1,0
8,2019,1,23,3,6,4,2,0,1,1,0,0,0,1,0,0,1,0
5,2019,3,17,2,6,4,1,0,1,1,0,0,0,1,0,0,0,1
3,2019,6,8,5,5,3,0,1,1,0,0,0,0,0,0,0,1,0
1,2019,8,15,2,5,2,0,1,1,0,0,0,0,0,0,0,0,0
8,2019,12,6,7,6,2,2,0,1,1,0,0,0,1,0,0,1,0
3,2019,9,19,3,6,4,0,0,1,1,0,0,0,1,0,0,0,1
6,2021,5,14,7,5,3,0,0,1,0,0,0,0,0,1,2,1,0
1,2018,3,11,7,5,2,0,0,1,0,0,0,0,0,0,0,1,0
1,2018,11,15,6,2,6,0,0,1,0,0,0,0,0,0,0,0,0
3,2021,8,17,6,2,6,0,1,1,0,0,0,0,0,0,1,1,0
4,2018,4,21,7,5,2,2,0,1,0,0,0,0,0,0,0,1,0
1,2021,12,1,2,1,5,2,0,1,0,0,0,1,1,1,2,1,0
10,2020,1,15,3,6,4,0,0,1,1,0,0,0,0,0,0,1,0
4,2021,7,12,7,1,5,0,1,1,0,0,0,0,0,0,1,2,0
2,2019,11,21,7,2,6,2,0,1,0,0,0,0,1,0,0,0,0
12,2020,5,17,4,0,6,0,0,1,1,0,0,0,0,1,1,0,0
4,2019,4,20,4,5,3,1,1,1,0,0,0,0,0,0,0,1,0
4,2018,12,10,3,0,7,0,0,1,0,0,0,0,0,0,0,1,0
4,2019,9,13,6,3,6,0,0,1,0,0,0,1,0,0,0,0,0
1,2021,9,6,3,4,6,2,1,0,0,0,0,0,0,0,1,0,0
8,2021,4,12,2,1,5,0,0,1,0,0,0,0,0,1,2,1,0
7,2021,3,22,5,6,2,2,0,1,1,0,0,0,0,0,2,0,0
1,2020,10,7,4,5,2,1,1,1,0,0,0,0,0,1,1,1,0
4,2019,3,16,2,6,4,0,0,1,1,0,0,0,0,0,0,0,0
9,2018,6,21,7,6,4,1,0,1,1,0,0,0,0,0,0,0,1
8,2018,10,6,6,2,1,1,0,1,0,1,0,0,0,0,0,1,0
1,2018,9,5,7,0,4,2,0,1,1,0,0,0,0,0,0,0,0
2,2019,6,6,4,5,2,0,0,1,0,0,0,0,0,0,0,1,0
4,2018,4,9,7,0,1,0,0,0,0,1,0,0,0,0,0,1,0
5,2021,9,15,5,2,6,0,0,0,0,1,1,0,0,0,1,0,0
5,2019,12,12,4,2,6,0,0,1,0,0,0,0,0,0,0,1,0
7,2021,12,17,6,6,4,2,0,1,1,0,0,0,1,1,2,1,1
8,2020,12,9,2,6,7,0,0,0,1,0,0,1,0,1,2,1,0
3,2021,8,16,3,5,2,0,1,1,0,0,0,0,0,0,1,1,0
1,2018,6,16,3,0,6,0,0,0,0,1,0,1,0,0,0,0,0
8,2021,10,12,5,5,3,0,0,1,0,1,0,0,1,0,1,1,0
12,2021,5,15,4,5,3,0,0,1,0,0,0,0,0,1,2,1,0
3,2019,12,9,2,4,6,0,0,1,0,0,0,0,0,0,0,1,1
2,2021,5,19,3,5,2,0,0,1,0,0,0,0,1,1,2,1,0
2,2018,8,18,3,1,5,0,1,1,0,0,0,0,0,0,0,1,0
11,2019,5,18,5,2,3,0,1,1,0,0,0,0,0,0,0,0,0
1,2018,10,14,2,6,7,0,0,1,1,0,0,0,0,0,0,1,0
8,2019,8,11,2,5,7,0,0,1,0,1,0,0,0,0,0,0,0
4,2020,9,18,7,5,2,0,0,1,0,1,0,0,0,0,1,0,0
4,2021,9,13,1,3,6,0,1,1,0,0,0,0,0,0,1,0,0
9,2019,12,7,4,4,5,0,1,1,0,0,0,0,0,0,0,1,0
5,2021,9,15,4,5,3,0,0,1,0,0,0,1,0,0,1,0,0
5,2021,5,0,2,0,1,2,0,0,0,0,0,1,0,1,2,1,1
2,2018,3,14,7,2,3,0,0,1,0,0,0,0,1,0,0,1,0
6,2020,10,9,5,1,6,0,0,1,0,0,0,0,0,1,1,1,0
3,2020,7,19,7,5,3,0,0,1,0,0,0,0,0,0,1,2,0
1,2020,5,9,3,2,3,0,0,1,0,0,0,1,0,1,1,0,0
1,2018,2,8,4,2,6,0,0,1,0,0,0,0,0,0,0,1,0
7,2019,9,14,7,5,2,0,1,1,0,0,0,0,0,0,0,0,1
7,2019,11,16,5,6,4,2,0,1,1,0,0,0,1,0,0,0,1
11,2018,10,10,3,5,7,0,0,1,0,0,0,1,0,0,0,1,0
8,2019,7,16,1,5,7,0,0,1,0,0,0,0,0,0,0,2,0
9,2021,11,17,3,5,2,1,1,1,0,0,0,0,0,0,2,0,0
4,2019,12,15,2,2,6,1,0,1,0,0,1,0,1,0,0,1,0
10,2018,12,22,2,6,7,2,0,1,1,0,0,0,0,0,0,1,0
5,2018,8,7,5,3,6,0,0,1,0,0,0,0,0,0,0,1,0
12,2018,9,8,5,5,3,0,0,1,0,0,0,0,1,0,0,0,0
7,2018,12,20,5,6,2,2,0,1,1,0,0,0,0,0,0,1,1
2,2021,7,22,7,1,5,2,1,1,0,0,0,0,0,0,1,2,1
1,2020,1,17,7,5,3,2,1,1,0,0,0,0,1,0,0,1,0
8,2021,7,12,5,5,3,0,1,1,0,0,0,0,0,0,1,2,0
3,2020,7,14,1,4,6,0,1,0,0,0,0,0,0,0,1,2,0
3,2018,10,16,2,2,6,2,0,1,0,0,0,0,1,0,0,1,0
1,2018,8,15,6,6,4,0,1,0,1,0,0,0,0,0,0,1,0
12,2020,8,10,4,5,2,0,1,1,0,0,0,0,0,0,1,1,0
2,2020,3,12,2,2,6,0,0,1,0,0,0,0,0,1,1,0,0
8,2019,9,11,2,2,2,0,0,1,0,0,0,0,0,0,0,0,0
4,2019,8,9,4,5,3,0,1,1,0,0,0,0,0,0,0,0,0
2,2018,10,18,3,5,3,2,1,1,0,0,0,0,0,0,0,1,0
9,2018,9,13,5,2,2,0,0,1,0,0,0,0,0,0,0,0,0
11,2018,12,16,6,5,2,1,0,1,0,0,0,1,1,0,0,1,0
3,2021,11,20,1,6,4,2,0,1,1,0,0,0,1,0,2,0,0
7,2018,6,18,6,1,5,0,0,1,0,1,0,0,0,0,0,0,0
7,2020,6,12,5,5,2,0,0,1,0,0,0,0,1,0,1,1,0
3,2021,2,18,4,3,6,1,1,0,0,0,0,0,0,1,2,1,1
3,2020,10,20,2,8,1,2,0,1,0,0,1,0,1,1,1,1,1
9,2021,4,22,2,2,6,2,1,1,0,0,0,0,0,1,2,1,0
8,2019,3,10,7,5,2,0,0,1,0,0,0,0,0,0,0,0,0