BEZ,UJAHR,UMONAT,USTUNDE,UWOCHENTAG,UART,UTYP1,ULICHTVERH,IstRad,IstPKW,IstFuss,IstKrad,IstGkfz,IstSonstige,USTRZUSTAND,LOCKDOWN,COVID,FERIEN,UKATEGORIE
1,2021,10,20,7,5,7,2,0,1,0,1,0,0,0,0,1,1,0
4,2020,7,14,1,1,5,0,1,1,0,0,0,0,0,0,1,2,1
1,2018,5,9,3,5,3,0,1,1,0,0,0,0,0,0,0,0,0
2,2020,7,19,7,5,3,0,0,1,0,0,0,0,0,0,1,2,0
10,2019,1,8,6,6,4,0,0,1,1,0,0,0,1,0,0,1,0
4,2018,9,8,2,5,2,0,1,1,0,0,0,0,0,0,0,0,0
4,2018,2,7,5,6,2,1,0,0,1,0,1,0,0,0,0,1,1
1,2020,11,11,7,5,3,0,1,1,0,0,0,0,1,1,2,0,0
10,2020,1,7,4,6,4,1,0,0,1,1,0,0,1,0,0,1,0
1,2019,6,17,4,1,5,0,1,1,0,0,0,0,0,0,0,1,0
1,2020,6,19,4,0,1,0,1,0,0,0,0,0,0,0,1,1,0
9,2020,7,17,3,0,1,0,1,0,0,0,0,0,0,0,1,2,1
1,2019,8,18,6,5,2,0,0,1,0,1,0,0,0,0,0,0,0
1,2020,1,13,5,5,2,0,0,1,0,0,0,0,0,0,0,1,0
1,2019,10,18,4,2,6,2,0,1,0,0,0,0,0,0,0,1,0
7,2021,12,18,4,0,1,2,1,0,0,0,0,0,1,1,2,1,1
8,2018,11,13,6,5,3,0,1,1,0,0,0,0,0,0,0,0,0
9,2021,1,12,1,5,2,0,0,1,0,0,0,0,1,1,2,0,0
2,2021,8,12,5,6,7,0,0,1,1,0,0,0,0,0,1,1,1
3,2020,7,13,4,0,1,0,1,0,0,0,0,0,1,0,1,2,0
4,2021,7,16,3,0,4,0,0,0,1,1,0,0,0,0,1,2,1
12,2019,10,7,5,2,6,0,0,1,0,0,0,0,0,0,0,1,0
4,2019,10,15,5,3,6,0,1,1,0,0,0,0,0,0,0,1,1
11,2021,10,10,2,6,2,0,0,1,1,0,0,0,0,0,1,1,0
3,2019,6,10,4,5,7,0,0,1,0,0,0,1,0,0,0,1,0
7,2021,8,12,2,5,3,0,1,1,0,0,0,0,1,0,1,1,0
2,2018,11,14,3,6,7,0,0,0,1,0,0,1,0,0,0,0,0
7,2020,9,17,5,5,3,0,1,0,0,0,0,0,0,0,1,0,0
1,2019,9,18,4,1,5,0,1,0,0,0,1,1,0,0,0,0,0
5,2018,5,13,7,8,7,0,0,1,0,0,0,0,0,0,0,0,0
1,2019,1,21,4,2,6,2,0,1,0,0,0,0,0,0,0,1,0
1,2021,8,14,7,5,2,0,0,1,0,0,0,0,0,0,1,1,0
3,2021,9,13,1,0,7,0,0,0,0,1,0,0,1,0,1,0,0
4,2021,7,10,6,0,5,0,1,1,0,0,0,0,1,0,1,2,0
9,2020,4,9,2,0,7,0,0,1,0,1,0,0,1,1,2,1,0
7,2019,8,12,5,2,6,0,0,1,0,0,0,1,0,0,0,0,1
5,2020,7,19,4,1,5,0,0,0,0,1,1,0,0,0,1,2,0
6,2019,10,16,4,0,2,0,1,0,0,0,0,1,0,0,0,1,0
1,2020,3,18,1,0,7,2,0,0,0,1,0,0,1,1,1,0,0
1,2021,7,17,6,5,3,0,1,1,0,0,0,0,0,0,1,2,0
8,2019,5,13,4,0,2,0,1,0,0,0,1,0,0,0,0,0,0
8,2018,4,15,6,0,6,0,0,1,0,0,0,1,0,0,0,1,1
10,2018,7,10,2,5,3,0,0,1,0,1,0,0,0,0,0,2,1
1,2018,9,16,1,2,6,0,0,1,0,1,0,0,0,0,0,0,0
1,2018,11,21,6,3,6,2,0,1,0,1,0,0,0,0,0,0,0
10,2019,10,9,2,5,2,0,0,1,0,0,0,0,0,0,0,1,0
1,2018,5,10,7,2,2,0,0,0,0,1,0,1,0,0,0,0,0
4,2018,9,16,6,2,6,0,0,1,0,1,0,0,0,0,0,0,0
1,2020,8,15,7,3,6,0,1,1,0,0,0,0,0,0,1,1,0
1,2020,8,11,2,5,2,0,1,0,0,0,0,1,0,0,1,1,0
1,2019,1,12,2,2,6,0,0,1,0,0,0,0,1,0,0,1,0
1,2018,12,12,2,2,6,0,1,0,0,0,0,0,1,0,0,1,0
9,2019,11,21,6,0,1,2,1,0,0,0,0,0,1,0,0,0,1
4,2020,9,15,2,2,2,0,0,1,0,0,0,1,0,0,1,0,0
7,2018,5,6,4,5,2,0,0,1,0,0,0,0,0,0,0,0,0
1,2018,5,15,3,2,6,0,0,1,0,0,0,0,0,0,0,0,0
1,2018,11,13,3,5,2,0,1,1,0,0,0,0,1,0,0,0,0
1,2019,1,21,2,5,2,2,1,0,0,0,0,0,1,0,0,1,0
10,2020,7,16,6,0,4,2,0,1,1,0,0,0,0,0,1,2,0
2,2018,1,20,4,7,7,2,1,0,0,0,0,0,0,0,0,0,0
8,2018,3,21,3,6,2,2,0,1,1,0,0,0,1,0,0,1,0
2,2018,10,15,7,6,4,0,1,0,1,0,0,0,0,0,0,1,0
1,2020,9,21,5,0,1,2,0,0,0,1,0,0,0,0,1,0,0
7,2019,5,19,5,0,1,0,0,0,0,0,0,1,0,0,0,0,0
12,2019,3,5,4,5,3,2,0,1,0,0,0,0,1,0,0,0,0
5,2020,8,8,2,2,6,0,0,1,0,0,0,0,0,0,1,1,0
7,2020,10,11,4,1,7,0,0,1,0,0,0,0,0,1,1,1,0
5,2018,1,13,3,5,2,0,0,1,0,0,0,0,1,0,0,0,1
1,2018,3,9,4,5,2,0,0,1,0,1,0,0,0,0,0,1,0
6,2021,4,17,5,5,7,0,0,1,0,0,0,0,0,1,2,1,0
7,2018,5,12,4,0,3,0,1,0,0,0,0,1,0,0,0,0,0
1,2020,1,8,3,5,2,0,1,1,0,0,0,0,0,0,0,1,0
1,2020,9,15,1,0,6,0,1,1,0,0,0,0,0,0,1,0,1
1,2018,5,15,6,5,7,0,1,1,0,0,0,0,0,0,0,0,0
9,2019,6,14,6,6,4,0,0,1,1,0,0,0,0,0,0,1,0
9,2018,8,16,4,2,6,0,0,1,0,0,0,0,0,0,0,1,0
7,2020,6,12,4,4,6,0,0,1,0,0,0,0,0,0,1,1,1
4,2020,12,18,5,6,2,2,0,1,1,0,0,0,0,1,2,1,0
1,2019,8,16,2,3,6,0,1,1,0,0,0,0,0,0,0,0,0
7,2018,4,23,4,5,2,2,0,1,0,0,0,0,0,0,0,1,0
10,2020,5,9,4,3,6,0,0,0,0,0,0,1,0,1,1,0,0
5,2018,6,12,4,2,6,0,0,1,0,0,0,0,0,0,0,0,0
4,2020,11,14,2,1,5,0,1,1,0,0,0,0,0,1,2,0,0
1,2021,6,19,7,0,1,0,1,0,0,0,0,0,0,0,1,1,0
5,2018,1,17,5,6,2,1,0,1,1,0,0,0,1,0,0,0,1
2,2020,5,2,7,0,1,2,1,0,0,0,0,0,1,1,1,0,0
5,2021,9,20,6,1,5,1,1,1,0,0,0,0,0,0,1,0,0
2,2019,6,1,7,1,5,2,1,0,0,0,0,1,0,0,0,1,0
2,2020,9,19,4,0,1,1,1,1,0,0,0,0,0,0,1,0,0
5,2019,4,16,5,0,3,0,0,1,0,0,0,1,0,0,0,1,0
9,2018,10,12,7,5,2,0,0,1,0,0,0,0,0,0,0,1,0
2,2018,9,16,4,2,6,0,1,1,0,0,0,0,0,0,0,0,0
11,2021,8,11,4,1,5,0,1,1,0,0,0,0,0,0,1,1,0
12,2018,8,16,6,6,4,0,0,1,1,0,0,0,0,0,0,1,1
1,2021,5,13,5,5,2,0,0,1,0,0,0,1,0,1,2,1,0
1,2019,4,22,1,5,3,2,0,1,0,0,0,0,0,0,0,1,0
2,2019,8,12,2,2,2,0,0,1,0,0,1,0,0,0,0,0,0
4,2020,8,13,6,2,6,0,0,1,0,0,0,0,1,0,1,1,0
11,2020,10,10,6,5,2,0,1,1,0,0,0,0,0,1,1,1,0
9,2019,8,7,5,5,2,0,1,1,0,0,0,0,0,0,0,0,0
5,2019,3,12,7,0,6,0,0,0,0,1,0,1,0,0,0,0,0
8,2021,8,15,5,5,3,0,0,1,0,1,0,0,1,0,1,1,1
4,2018,10,15,3,1,5,0,1,1,0,0,0,0,0,0,0,1,0
9,2018,4,12,6,1,5,0,1,1,0,0,0,0,0,0,0,1,0
3,2020,6,10,2,0,2,0,0,1,0,0,0,1,0,0,1,1,0
7,2018,5,18,6,5,2,0,0,1,0,0,0,0,0,0,0,0,0
10,2018,1,16,5,6,4,2,0,1,1,0,0,0,1,0,0,0,0
7,2020,5,7,4,5,2,0,1,0,0,0,0,1,0,1,1,0,0
2,2018,3,14,3,5,2,0,1,1,0,0,0,0,0,0,0,1,0
12,2018,5,14,1,5,2,0,1,1,0,0,0,0,0,0,0,0,1
7,2018,9,19,7,5,7,2,0,1,0,1,0,0,0,0,0,0,0
10,2018,5,7,3,5,3,0,0,1,0,0,0,0,0,0,0,0,0
3,2019,10,9,4,5,2,0,1,0,0,0,0,1,0,0,0,1,0
5,2020,8,19,7,5,3,0,1,1,0,0,0,0,0,0,1,1,0
2,2018,7,2,3,0,1,2,1,0,0,0,0,0,0,0,0,2,0
7,2021,9,3,1,1,5,2,0,1,0,0,0,1,0,0,1,0,0
4,2021,6,8,6,5,3,0,1,1,0,0,0,0,0,0,1,1,0
1,2018,10,5,1,5,3,2,0,1,0,0,0,0,0,0,0,1,0
1,2018,1,17,4,2,2,2,0,1,0,0,0,0,1,0,0,0,0
12,2021,8,11,4,5,3,0,0,1,0,0,0,0,0,0,1,1,0
1,2019,9,7,2,1,5,0,1,1,0,0,0,0,0,0,0,0,0
4,2019,10,14,3,5,2,0,1,1,0,0,0,0,1,0,0,1,0
10,2019,10,7,2,5,7,0,1,1,0,0,0,0,0,0,0,1,0
12,2019,5,11,6,5,3,0,1,1,0,0,0,0,0,0,0,0,0
9,2021,7,14,3,5,7,0,1,0,0,0,0,0,0,0,1,2,0
1,2018,8,15,4,2,6,0,0,1,0,0,0,0,0,0,0,1,0
1,2021,5,16,2,5,3,0,1,0,0,1,0,0,0,1,2,1,0
6,2019,5,17,4,2,2,0,0,1,0,0,0,0,0,0,0,0,0
9,2018,5,21,2,6,4,2,0,0,1,1,0,0,0,0,0,0,1
1,2018,7,20,1,5,2,0,1,1,0,0,0,0,0,0,0,2,0
6,2020,11,14,2,5,3,0,1,1,0,0,0,0,0,1,2,0,0
7,2018,6,0,2,1,1,2,0,1,0,0,0,0,0,0,0,0,0
2,2020,9,15,6,0,6,0,1,0,0,0,0,0,0,0,1,0,0
5,2021,9,16,6,0,1,0,0,0,0,1,0,0,1,0,1,0,0
3,2019,8,9,3,0,3,0,0,1,0,0,0,1,0,0,0,0,0
7,2021,9,12,1,2,2,0,0,1,0,0,0,0,0,0,1,0,0
2,2018,7,17,4,2,6,0,1,0,0,0,0,0,0,0,0,2,0
4,2021,2,8,6,2,6,0,0,1,0,0,0,0,1,1,2,1,0
1,2021,9,10,4,2,6,0,0,1,0,0,0,1,0,0,1,0,0
8,2021,6,14,2,6,2,0,0,1,1,0,0,0,0,0,1,1,0
6,2018,12,14,3,0,7,0,0,1,0,1,0,0,1,0,0,1,0
7,2019,12,3,1,3,6,2,0,1,0,0,0,0,0,0,0,1,0
4,2018,11,8,5,1,5,0,1,0,0,0,1,0,0,0,0,0,0
11,2020,11,10,5,5,3,0,1,1,0,0,0,0,0,1,2,0,0
5,2019,6,16,2,5,2,0,0,1,0,1,0,0,0,0,0,1,1
2,2019,1,12,4,5,3,0,1,1,0,0,0,0,0,0,0,1,0
9,2018,12,19,6,5,7,2,0,1,0,0,0,1,1,0,0,1,0
9,2018,6,9,3,2,6,0,0,1,0,0,0,0,0,0,0,0,0
7,2018,10,6,4,5,3,0,1,1,0,0,0,0,0,0,0,1,0
8,2021,1,21,6,1,5,2,1,1,0,0,0,0,1,1,2,0,0
7,2018,1,23,2,5,3,2,0,1,0,0,0,1,0,0,0,0,1
1,2019,2,15,4,2,6,0,0,1,0,0,0,0,0,0,0,1,0
2,2020,9,17,3,5,2,0,1,1,0,0,0,0,0,0,1,0,0
6,2021,4,11,3,6,7,0,1,0,1,0,0,0,0,1,2,1,0
8,2018,6,18,4,5,2,0,0,1,0,0,0,0,0,0,0,0,0
9,2020,5,10,6,3,6,0,0,1,0,1,0,0,0,1,1,0,0
6,2018,9,12,2,6,4,0,0,1,1,0,0,0,0,0,0,0,0
11,2020,4,15,7,5,3,0,0,1,0,0,0,0,0,1,2,1,0
2,2021,6,8,4,0,2,0,1,1,0,0,0,0,1,0,1,1,0
1,2019,9,8,4,3,6,0,1,1,0,0,0,0,0,0,0,0,0
6,2019,8,17,5,2,6,0,0,1,0,1,0,0,0,0,0,0,0
10,2021,10,13,3,3,6,0,1,1,0,0,0,0,0,0,1,1,0
8,2019,4,11,2,3,6,0,0,1,0,0,0,1,1,0,0,1,0
4,2020,8,7,3,6,4,0,0,1,1,0,0,0,0,0,1,1,0
11,2019,9,6,2,5,2,1,1,1,0,0,0,0,1,0,0,0,0
6,2020,3,8,3,2,6,0,0,1,0,0,0,0,0,1,1,0,0
9,2018,4,17,4,5,2,0,1,1,0,0,0,0,0,0,0,1,0
1,2020,5,16,5,5,2,0,1,1,0,0,0,0,0,1,1,0,0
9,2018,6,19,5,5,3,0,0,1,0,0,0,0,0,0,0,0,0
2,2019,1,14,2,4,1,0,0,1,0,0,0,0,1,0,0,1,0
7,2020,7,11,5,5,2,0,1,1,0,0,0,0,0,0,1,2,0
4,2018,4,8,4,2,6,0,1,1,0,0,0,0,0,0,0,1,0
7,2020,10,17,2,2,6,0,0,1,0,1,0,0,1,1,1,1,0
4,2020,9,15,4,5,3,0,0,1,0,0,0,0,1,0,1,0,0
4,2018,9,9,5,2,6,0,0,1,0,0,0,0,0,0,0,0,0
6,2018,8,14,4,5,3,0,0,1,0,0,0,0,0,0,0,1,0
7,2018,4,8,5,2,6,0,0,1,0,0,0,1,1,0,0,1,0
4,2020,7,16,4,0,5,0,1,1,0,0,0,0,0,0,1,2,0
5,2019,6,16,6,0,1,0,1,0,0,0,0,0,0,0,0,1,0
4,2019,5,8,3,5,3,0,0,1,0,1,0,0,0,0,0,0,0
8,2018,12,17,5,1,5,2,1,1,0,0,0,0,1,0,0,1,0
6,2018,5,7,4,5,3,0,1,1,0,0,0,0,0,0,0,0,1
4,2018,5,11,4,5,2,0,0,1,0,0,0,0,0,0,0,0,0
9,2021,11,15,3,2,6,0,0,1,0,0,0,0,1,0,2,0,0
3,2018,8,9,5,0,4,0,1,0,1,0,0,0,0,0,0,1,0
10,2019,7,4,6,5,3,1,0,1,0,0,0,1,0,0,0,2,1
1,2018,4,14,1,0,5,0,0,1,0,0,0,1,1,0,0,1,0
2,2019,11,17,4,5,2,2,1,1,0,0,0,0,1,0,0,0,0
6,2018,6,16,3,5,3,0,1,1,0,0,0,0,0,0,0,0,0
7,2020,9,7,3,5,3,0,1,1,0,0,0,0,0,0,1,0,0
11,2019,5,14,2,5,7,0,0,1,0,0,0,1,0,0,0,0,1
6,2018,7,14,2,1,5,0,1,1,0,0,0,0,0,0,0,2,0
6,2020,8,12,7,1,5,0,1,1,0,0,0,0,0,0,1,1,1
9,2020,9,9,1,5,2,0,0,1,0,0,0,0,0,0,1,0,0
2,2020,12,17,4,1,5,2,1,1,0,0,0,0,1,1,2,1,0
6,2018,12,12,5,5,2,0,1,1,0,0,0,0,1,0,0,1,0
1,2018,6,8,3,3,6,0,1,1,0,0,0,0,0,0,0,0,0
2,2019,8,15,6,5,2,0,1,1,0,0,0,0,0,0,0,0,0
6,2018,3,15,7,1,5,0,0,1,0,0,0,0,0,0,0,1,0
5,2018,10,8,3,0,2,0,0,0,0,0,0,1,0,0,0,1,0
10,2020,3,17,7,6,4,0,0,1,1,0,0,0,0,1,1,0,0
7,2021,6,14,7,3,6,0,0,1,0,1,0,0,0,0,1,1,0
4,2020,11,18,4,0,1,2,1,0,0,0,0,0,0,1,2,0,0
9,2018,5,15,6,4,6,0,1,1,0,0,0,0,0,0,0,0,0
4,2021,6,17,7,2,6,0,0,1,0,0,0,1,0,0,1,1,0
12,2018,4,18,1,5,7,0,0,1,0,0,0,0,0,0,0,1,0
2,2018,5,12,5,4,6,0,0,1,0,0,0,0,0,0,0,0,0
1,2020,7,13,6,0,1,0,1,0,0,0,0,0,0,0,1,2,1
4,2020,4,14,2,5,2,0,1,0,0,0,0,0,0,1,2,1,0
11,2019,9,8,2,2,2,0,1,1,0,0,0,0,0,0,0,0,0
5,2019,9,16,4,6,4,0,0,1,1,0,0,0,1,0,0,0,0
2,2020,10,16,7,0,2,1,1,0,0,0,0,1,1,1,1,1,0
11,2018,9,10,5,5,3,0,1,1,0,0,0,0,0,0,0,0,0
4,2019,7,19,1,1,5,0,0,1,0,1,0,0,0,0,0,2,0
8,2018,11,21,6,3,6,2,0,1,0,0,1,0,0,0,0,0,0
4,2018,3,14,7,2,6,0,0,1,0,0,0,0,1,0,0,1,0
1,2021,8,8,3,2,6,0,0,1,0,0,0,0,0,0,1,1,0
3,2018,5,8,3,5,2,0,1,1,0,0,0,0,0,0,0,0,1
8,2018,12,7,6,2,6,1,0,1,0,0,0,0,1,0,0,1,0
2,2018,6,8,5,6,4,0,1,0,1,0,0,0,0,0,0,0,0
2,2018,12,18,7,5,2,2,0,1,0,0,0,0,1,0,0,1,0
1,2021,3,12,3,5,3,0,0,1,0,0,0,0,0,0,2,0,1
2,2018,5,9,3,0,2,0,1,0,0,0,1,0,0,0,0,0,0
3,2021,11,14,5,1,5,0,0,1,0,0,0,1,0,0,2,0,0
4,2020,12,12,7,2,6,0,0,1,0,0,0,0,0,1,2,1,0
1,2019,1,18,2,3,6,2,0,1,0,0,0,0,1,0,0,1,0
10,2018,4,14,6,3,6,0,1,0,0,0,0,1,0,0,0,1,0
1,2019,6,8,5,0,2,0,0,1,0,1,0,0,1,0,0,1,0
12,2018,5,16,5,6,7,0,1,0,1,0,0,0,0,0,0,0,0
1,2019,11,9,6,2,6,0,0,1,0,0,0,0,0,0,0,0,0
1,2019,11,5,6,5,2,2,1,0,0,0,1,0,1,0,0,0,0
6,2018,4,13,7,0,1,0,1,0,0,0,0,0,0,0,0,1,0
6,2020,11,10,1,1,1,0,1,0,0,1,0,0,1,1,2,0,0
5,2018,2,14,4,6,2,0,0,1,1,0,0,0,0,0,0,1,0
2,2019,12,19,2,1,5,2,1,1,0,0,0,0,0,0,0,1,0
7,2020,7,17,7,1,5,0,0,1,0,0,0,1,0,0,1,2,0
1,2019,7,8,5,2,6,0,0,1,0,1,0,0,0,0,0,2,0
12,2020,9,16,6,5,3,0,1,1,0,0,0,0,0,0,1,0,1
8,2019,6,18,5,0,2,0,1,1,0,0,0,0,0,0,0,1,1
7,2019,6,14,5,2,6,0,0,1,0,1,0,0,0,0,0,1,0
8,2020,3,11,2,0,7,0,1,0,0,0,0,0,0,1,1,0,1
3,2018,12,9,6,5,3,0,0,1,0,0,0,0,1,0,0,1,0
12,2020,8,19,7,2,6,0,0,1,0,1,0,0,0,0,1,1,0
8,2018,4,14,2,0,6,0,0,1,0,1,0,0,0,0,0,1,1
1,2018,4,14,5,3,6,0,0,1,0,1,0,0,1,0,0,1,0
2,2021,3,18,3,6,7,2,1,0,1,0,0,0,0,0,2,0,0
10,2018,2,6,4,5,3,2,0,1,0,0,0,0,2,0,0,1,0
11,2021,10,0,1,5,2,2,0,1,0,0,0,1,0,0,1,1,1
2,2021,7,19,5,3,6,1,1,0,0,0,0,0,1,0,1,2,1
1,2018,1,19,4,5,7,2,1,1,0,0,0,0,1,0,0,0,0
7,2021,7,12,2,2,6,0,0,1,0,0,0,0,0,0,1,2,0
9,2021,2,13,1,5,7,0,0,1,0,0,0,0,2,1,2,1,0
9,2021,10,17,4,5,2,1,1,0,0,0,0,1,0,0,1,1,0
8,2018,5,12,1,5,3,0,1,1,0,0,0,0,0,0,0,0,1
3,2021,5,12,2,5,3,0,0,1,0,0,0,0,0,1,2,1,0
5,2020,8,17,6,5,7,0,1,1,0,0,0,0,0,0,1,1,0
9,2019,4,12,2,2,6,0,0,1,0,0,0,0,0,0,0,1,0
12,2018,12,23,1,6,2,2,0,1,1,0,0,0,0,0,0,1,1
1,2018,12,8,4,0,6,0,0,1,0,1,0,0,1,0,0,1,1
2,2018,8,8,4,1,5,0,1,1,0,0,0,0,0,0,0,1,0
5,2019,3,9,1,2,6,0,0,1,0,0,0,0,0,0,0,0,0
1,2018,5,17,4,5,2,0,1,1,0,0,0,0,0,0,0,0,0
11,2020,6,17,6,5,3,0,1,0,0,0,0,0,0,0,1,1,0
9,2020,1,13,2,9,1,0,0,1,0,0,0,0,1,0,0,1,1
1,2020,10,14,6,2,6,0,0,1,0,0,0,0,1,1,1,1,0
10,2019,6,17,2,4,6,0,1,0,0,0,0,0,0,0,0,1,0
11,2019,10,7,5,2,7,0,0,1,0,0,1,0,1,0,0,1,0
8,2021,5,22,1,0,1,2,0,0,0,0,0,1,0,1,2,1,0
1,2019,2,16,7,5,3,0,1,1,0,0,0,0,0,0,0,1,0
8,2019,2,17,2,6,4,0,0,1,1,0,0,0,0,0,0,1,0
2,2020,5,21,3,0,1,1,1,0,0,0,0,0,0,1,1,0,0
12,2019,4,20,5,5,3,2,0,1,0,0,0,0,0,0,0,1,0
2,2021,12,23,3,5,3,2,0,1,0,0,0,0,1,1,2,1,0
2,2018,9,22,6,2,2,2,0,1,0,0,0,0,0,0,0,0,0
6,2019,7,16,5,2,2,0,1,0,0,0,0,1,0,0,0,2,0
1,2021,5,20,3,3,6,1,0,1,0,0,0,0,1,1,2,1,0
12,2018,8,7,3,5,3,0,1,1,0,0,0,0,0,0,0,1,0
6,2021,8,17,3,5,3,2,0,1,0,1,0,0,0,0,1,1,0
3,2021,11,17,1,2,6,1,0,1,0,0,0,0,1,0,2,0,0
4,2018,9,14,6,3,6,0,0,1,0,0,0,0,0,0,0,0,0
6,2020,5,14,6,5,2,0,1,1,0,0,0,0,0,1,1,0,0
6,2020,6,15,7,2,7,0,0,1,0,0,0,0,0,0,1,1,1
12,2019,7,20,4,0,1,1,0,0,0,1,0,0,1,0,0,2,0
10,2018,3,13,5,5,3,0,0,1,0,0,0,0,0,0,0,1,0
2,2018,11,7,2,2,7,0,0,1,0,0,0,1,0,0,0,0,0
12,2021,6,20,3,5,3,0,1,1,0,0,0,0,1,0,1,1,0
11,2018,8,16,2,0,7,0,0,0,1,0,0,1,0,0,0,1,0
1,2021,7,15,2,5,3,0,0,1,0,0,0,1,0,0,1,2,1
1,2019,1,8,6,2,6,0,0,1,0,0,0,0,2,0,0,1,0
10,2019,12,4,4,0,6,2,0,1,0,1,0,0,1,0,0,1,0
3,2020,6,10,5,5,3,0,0,1,0,0,0,0,0,0,1,1,0
2,2020,1,15,3,5,2,1,1,1,0,0,0,0,1,0,0,1,0
11,2018,11,14,5,6,4,0,0,0,1,0,0,1,0,0,0,0,1
2,2019,10,17,2,6,4,2,0,1,1,0,0,0,1,0,0,1,0
5,2021,5,13,2,2,3,0,0,1,0,0,0,0,0,1,2,1,0
2,2019,11,10,4,5,7,0,1,1,0,0,0,0,1,0,0,0,0
6,2021,11,7,2,2,6,0,0,1,0,0,0,0,1,0,2,0,0
9,2019,5,10,6,5,2,0,1,1,0,0,0,0,0,0,0,0,0
7,2020,10,14,5,1,5,0,1,1,0,0,0,0,0,1,1,1,0
7,2018,2,7,2,3,6,0,0,1,0,0,0,1,1,0,0,1,1
7,2021,2,13,1,5,3,0,0,1,0,0,0,1,0,1,2,1,0
7,2018,8,9,6,2,6,0,0,1,0,0,0,0,0,0,0,1,0
6,2019,5,16,2,2,6,0,0,1,0,0,0,0,0,0,0,0,0
10,2020,3,18,5,5,3,2,1,1,0,0,0,0,0,1,1,0,0
2,2018,11,7,6,5,2,0,1,0,0,0,1,0,0,0,0,0,0
8,2021,5,19,6,1,5,0,1,1,0,0,0,0,0,1,2,1,0
3,2019,8,14,5,6,4,0,0,1,1,0,0,0,0,0,0,0,1
1,2020,9,14,2,1,5,0,1,1,0,0,0,0,0,0,1,0,0
4,2018,6,14,3,5,3,0,0,1,0,0,0,1,0,0,0,0,0
10,2018,10,15,2,5,3,0,1,1,0,0,0,0,0,0,0,1,0
4,2021,4,10,6,5,3,0,1,1,0,0,0,0,0,1,2,1,0
1,2019,8,15,5,5,3,0,1,1,0,0,0,0,0,0,0,0,0
1,2020,9,13,2,5,3,0,1,1,0,0,0,0,0,0,1,0,0
1,2021,5,18,5,2,7,0,0,1,0,0,0,1,0,1,2,1,0
10,2018,8,14,1,5,3,0,1,1,0,0,0,0,0,0,0,1,0
4,2019,2,15,4,5,2,0,0,1,0,0,0,0,0,0,0,1,0
4,2019,7,7,6,5,2,0,1,0,0,0,0,1,1,0,0,2,0
12,2021,10,17,2,5,3,0,1,1,0,0,0,0,1,0,1,1,0
2,2018,9,14,6,5,3,0,1,0,0,0,0,1,0,0,0,0,0
1,2020,8,17,4,0,7,0,0,1,0,0,0,0,0,0,1,1,0
2,2020,1,19,6,5,3,1,1,1,0,0,0,0,1,0,0,1,0
12,2020,4,11,4,6,2,0,0,1,1,0,0,0,0,1,2,1,1
7,2019,10,21,2,5,3,2,0,1,0,1,0,0,0,0,0,1,1
3,2021,12,14,5,6,4,0,1,0,1,0,0,0,0,1,2,1,1
5,2020,9,9,3,5,3,0,0,1,0,0,0,0,0,0,1,0,0
6,2018,12,14,2,0,1,0,1,0,0,0,0,0,0,0,0,1,1
2,2019,5,12,6,2,6,0,0,1,0,0,0,1,0,0,0,0,0
12,2018,5,17,1,2,6,0,0,1,0,0,0,0,0,0,0,0,0
7,2019,3,15,2,0,2,0,0,1,0,1,0,0,1,0,0,0,0
7,2020,10,13,6,0,7,0,0,1,0,1,0,0,0,1,1,1,1
4,2019,11,5,6,5,2,2,0,1,0,0,0,0,0,0,0,0,0
4,2019,7,18,4,5,2,0,0,1,0,0,0,0,0,0,0,2,0
3,2018,7,8,3,1,5,0,0,1,0,0,0,0,0,0,0,2,0
10,2021,1,16,5,2,6,1,0,1,0,0,0,0,1,1,2,0,0
11,2020,10,13,7,2,6,0,0,1,0,0,0,0,0,1,1,1,0
12,2018,4,9,3,5,3,0,1,1,0,0,0,0,0,0,0,1,0
1,2019,4,9,3,2,6,0,0,1,0,0,0,0,0,0,0,1,0
9,2021,2,11,3,1,5,0,0,1,0,0,0,0,1,1,2,1,0
4,2019,10,19,4,6,4,2,0,1,1,1,0,0,1,0,0,1,1
1,2018,8,17,3,0,2,0,0,1,0,1,0,0,0,0,0,1,1
10,2020,9,9,3,5,2,0,0,1,0,1,0,0,0,0,1,0,0
8,2020,11,15,4,5,2,0,1,1,0,0,0,0,0,1,2,0,0
12,2021,3,21,7,5,2,2,0,1,0,0,0,0,1,0,2,0,0
1,2019,3,10,1,5,3,0,0,1,0,0,0,0,0,0,0,0,0
4,2021,11,17,5,2,6,1,0,1,0,0,1,0,0,0,2,0,0
3,2018,6,14,1,0,2,0,0,1,0,1,0,0,0,0,0,0,0
12,2019,1,12,6,5,2,0,1,1,0,0,0,0,0,0,0,1,0
4,2020,7,19,6,5,2,0,1,1,0,0,0,0,0,0,1,2,0
7,2020,2,22,5,3,6,2,0,1,0,0,0,0,1,0,0,1,0
4,2018,9,23,3,5,3,2,0,1,0,0,0,0,0,0,0,0,0
12,2019,2,23,7,0,3,2,0,1,0,1,0,0,1,0,0,1,0
11,2021,2,7,4,5,3,0,1,1,0,0,0,0,0,1,2,1,0
8,2021,7,18,3,1,5,0,0,0,0,0,1,1,0,0,1,2,0
4,2021,7,11,5,0,6,0,0,1,0,0,0,1,0,0,1,2,0
2,2018,4,18,4,3,2,0,1,1,0,0,0,0,0,0,0,1,0