BEZ,UJAHR,UMONAT,USTUNDE,UWOCHENTAG,UART,UTYP1,ULICHTVERH,IstRad,IstPKW,IstFuss,IstKrad,IstGkfz,IstSonstige,USTRZUSTAND,LOCKDOWN,COVID,FERIEN,UKATEGORIE
7,2019,2,18,4,6,7,1,1,0,1,0,0,0,0,0,0,1,0
3,2020,6,14,2,0,3,0,0,1,0,1,0,0,0,0,1,1,0
4,2018,8,18,7,5,3,0,0,1,0,0,0,0,0,0,0,1,0
3,2021,9,8,2,5,3,0,0,1,0,0,0,1,0,0,1,0,0
11,2021,10,7,6,4,6,0,1,0,0,0,0,0,0,0,1,1,0
2,2021,9,21,2,0,1,2,0,0,0,1,0,0,0,0,1,0,0
12,2021,4,18,4,5,2,0,0,1,0,0,0,1,0,1,2,1,0
1,2020,9,20,6,1,5,2,1,1,0,0,0,0,0,0,1,0,0
12,2021,8,19,4,2,6,2,0,1,0,0,0,0,1,0,1,1,0
1,2019,10,18,3,0,2,1,0,1,0,1,0,0,0,0,0,1,0
12,2018,2,11,2,2,6,0,0,1,0,0,0,1,0,0,0,1,1
7,2021,5,15,7,5,3,0,1,0,0,1,0,0,0,1,2,1,0
4,2020,11,12,2,5,2,0,1,1,0,0,0,0,0,1,2,0,0
7,2019,5,8,2,6,4,0,0,0,1,1,0,0,0,0,0,0,1
1,2020,6,12,7,5,2,0,0,1,0,0,0,1,0,0,1,1,0
7,2021,2,12,5,5,3,0,1,1,0,0,0,0,0,1,2,1,0
10,2018,2,14,2,5,3,0,1,1,0,0,0,0,0,0,0,1,1
11,2020,3,15,3,5,3,0,0,1,0,0,0,0,0,1,1,0,0
6,2019,8,17,7,2,6,0,0,1,0,0,0,0,0,0,0,0,0
11,2018,7,7,3,2,6,0,0,1,0,0,0,1,0,0,0,2,0
8,2019,9,9,2,0,3,0,1,0,0,0,1,0,0,0,0,0,0
7,2020,1,6,5,5,3,2,0,1,0,0,0,0,2,0,0,1,0
2,2019,3,16,4,2,2,0,0,1,0,0,0,0,0,0,0,0,0
8,2020,11,7,6,6,2,2,0,1,1,0,0,0,1,1,2,0,0
6,2020,5,22,6,0,1,2,0,0,0,1,0,0,1,1,1,0,0
6,2021,8,16,6,2,6,0,0,1,0,0,0,0,0,0,1,1,0
8,2018,8,22,2,5,3,2,1,0,0,0,0,0,0,0,0,1,0
5,2018,9,16,5,5,3,0,0,1,0,1,0,0,0,0,0,0,0
11,2019,6,8,4,0,1,0,1,0,0,0,0,0,0,0,0,1,1
11,2021,10,7,2,6,4,0,1,0,1,0,0,0,1,0,1,1,0
8,2018,7,14,2,5,3,0,0,1,0,0,0,1,0,0,0,2,0
8,2021,7,17,1,5,2,0,1,1,0,0,0,0,0,0,1,2,0
5,2020,11,12,4,3,6,0,1,1,0,0,0,0,0,1,2,0,0
4,2021,9,21,7,2,6,2,0,1,0,0,0,0,0,0,1,0,0
3,2020,3,19,4,6,2,2,0,0,1,0,0,1,0,1,1,0,0
8,2018,2,3,1,2,7,2,0,1,0,0,0,1,1,0,0,1,0
12,2018,10,18,3,6,4,2,0,1,1,0,0,0,1,0,0,1,1
6,2019,4,9,7,5,3,0,1,1,0,0,0,0,0,0,0,1,0
4,2018,7,10,3,5,2,0,1,1,0,0,0,0,0,0,0,2,0
9,2020,7,13,2,5,3,0,1,1,0,0,0,0,0,0,1,2,0
4,2018,5,11,4,5,2,0,1,1,0,0,0,0,0,0,0,0,0
2,2020,7,16,2,5,3,0,1,1,0,0,0,0,0,0,1,2,0
3,2019,8,11,6,0,3,0,1,0,0,0,0,1,0,0,0,0,0
1,2018,11,4,1,0,1,2,1,0,0,0,0,0,0,0,0,0,0
4,2021,11,8,2,5,2,0,0,1,0,0,0,0,0,0,2,0,1
1,2021,3,18,5,6,4,1,0,0,1,1,0,0,0,0,2,0,1
2,2018,9,14,1,6,4,0,0,1,1,0,0,0,0,0,0,0,0
4,2020,10,18,6,5,7,1,0,1,0,0,0,0,1,1,1,1,0
4,2021,7,10,3,2,6,0,0,1,0,1,0,0,0,0,1,2,0
2,2020,8,9,3,0,5,0,1,1,0,0,0,0,1,0,1,1,0
1,2019,11,23,6,5,7,2,0,1,0,0,0,1,1,0,0,0,0
9,2019,10,16,5,3,6,0,0,0,0,0,1,1,0,0,0,1,0
4,2018,8,9,2,5,3,0,0,1,0,0,0,0,0,0,0,1,1
9,2019,7,9,2,6,4,0,0,1,1,0,0,0,0,0,0,2,0
7,2020,2,19,3,5,3,2,1,1,0,0,0,0,0,0,0,1,0
7,2021,1,17,5,1,5,2,1,1,0,0,0,0,1,1,2,0,0
1,2018,5,13,5,6,2,0,0,1,1,0,0,0,0,0,0,0,0
9,2019,6,18,4,5,2,0,1,1,0,0,0,0,1,0,0,1,0
2,2018,11,1,5,6,4,2,1,0,1,0,0,0,0,0,0,0,0
12,2019,2,11,3,5,3,0,0,1,0,0,0,1,0,0,0,1,0
10,2021,9,14,1,0,3,0,0,1,0,0,0,1,0,0,1,0,0
1,2018,11,8,6,0,2,0,1,1,0,0,0,0,0,0,0,0,0
3,2021,6,16,6,3,6,0,0,1,0,0,0,1,0,0,1,1,0
1,2020,7,18,6,3,6,0,1,1,0,0,0,0,0,0,1,2,0
2,2020,6,8,3,5,3,0,1,1,0,0,0,0,0,0,1,1,0
1,2020,3,20,3,5,5,2,0,1,0,0,0,1,1,1,1,0,0
12,2018,7,17,3,5,2,0,1,1,0,0,0,0,0,0,0,2,0
8,2018,10,18,4,1,5,2,1,1,0,0,0,0,0,0,0,1,0
3,2020,10,10,5,1,5,0,1,1,0,0,0,0,0,1,1,1,0
4,2021,9,21,1,3,6,2,0,1,0,0,0,0,0,0,1,0,0
2,2020,11,14,7,3,6,0,1,1,0,0,0,0,0,1,2,0,0
7,2020,3,8,2,5,2,0,1,1,0,0,0,0,0,1,1,0,0
11,2018,7,10,2,5,2,0,0,1,0,0,0,1,0,0,0,2,1
1,2019,7,13,5,0,7,0,1,0,0,0,0,0,0,0,0,2,0
3,2020,11,6,2,5,2,1,1,1,0,0,0,0,1,1,2,0,0
7,2020,6,17,2,5,7,0,1,1,0,0,0,0,0,0,1,1,0
6,2021,8,19,3,3,6,2,1,1,0,0,0,0,0,0,1,1,0
9,2019,8,16,6,5,7,0,0,1,0,1,0,0,0,0,0,0,1
2,2019,12,13,5,1,5,0,0,1,0,0,0,0,0,0,0,1,0
7,2021,7,11,5,5,7,0,0,1,0,0,0,1,0,0,1,2,0
1,2020,1,13,4,1,5,0,1,0,0,0,0,1,0,0,0,1,0
4,2020,10,15,5,5,2,0,1,1,0,0,0,0,0,1,1,1,0
11,2020,1,7,3,6,4,2,0,1,1,0,0,0,1,0,0,1,1
2,2020,6,13,2,0,5,0,1,1,0,0,0,0,0,0,1,1,1
6,2020,6,15,4,2,6,0,0,1,0,0,0,1,0,0,1,1,0
9,2019,11,17,3,6,2,2,0,1,1,0,0,0,0,0,0,0,0
1,2018,10,19,3,5,7,2,1,1,0,0,0,0,1,0,0,1,0
11,2021,1,18,7,6,4,2,0,1,1,0,0,0,0,1,2,0,1
6,2020,3,10,4,0,4,0,0,1,1,0,0,0,0,1,1,0,0
4,2019,8,16,6,6,4,0,0,1,1,0,0,0,0,0,0,0,0
1,2019,9,16,7,1,6,0,1,1,0,0,0,0,0,0,0,0,0
4,2021,3,1,4,6,4,2,0,0,1,0,0,1,0,0,2,0,1
3,2021,9,16,5,3,6,0,1,0,0,0,0,0,0,0,1,0,1
1,2020,9,18,6,5,2,0,1,1,0,0,0,0,1,0,1,0,0
6,2020,3,10,4,5,3,0,0,1,0,0,0,0,1,1,1,0,0
7,2021,8,19,6,0,2,0,1,1,0,0,0,0,1,0,1,1,0
8,2021,12,15,2,2,7,1,0,1,0,0,0,0,0,1,2,1,0
5,2021,8,16,6,5,2,0,1,1,0,0,0,0,0,0,1,1,1
7,2018,11,12,1,0,7,0,0,0,0,1,0,0,1,0,0,0,0
2,2019,8,23,6,0,7,2,1,0,0,0,0,0,0,0,0,0,0
1,2018,9,11,7,5,7,0,1,1,0,0,0,0,0,0,0,0,0
4,2020,11,14,2,5,2,0,0,1,0,0,0,1,0,1,2,0,0
11,2019,11,4,4,6,4,2,0,0,1,1,0,0,1,0,0,0,1
1,2020,4,7,4,1,5,0,1,1,0,0,0,0,0,1,2,1,0
1,2018,6,2,1,5,2,2,0,1,0,0,0,0,0,0,0,0,0
7,2018,10,16,1,0,6,0,0,1,0,1,0,0,0,0,0,1,1
1,2018,11,14,5,2,2,0,0,1,0,0,0,0,0,0,0,0,0
5,2019,1,6,5,5,2,2,0,1,0,0,0,0,0,0,0,1,0
4,2019,1,14,6,1,5,0,0,1,0,0,0,0,0,0,0,1,0
10,2021,10,10,6,5,3,0,0,1,0,0,0,0,0,0,1,1,0
2,2018,5,14,5,2,6,0,0,1,0,1,0,0,0,0,0,0,0
9,2019,11,19,5,4,6,2,0,1,0,0,0,0,0,0,0,0,0
4,2018,11,9,5,1,5,0,1,1,0,0,0,0,0,0,0,0,1
1,2018,9,16,4,0,2,0,1,1,0,0,0,0,0,0,0,0,0
9,2020,10,9,5,6,2,0,0,1,1,0,0,0,0,1,1,1,0
3,2018,10,17,4,6,4,0,0,1,1,0,0,0,0,0,0,1,0
4,2020,6,8,4,1,5,0,0,1,0,0,1,0,0,0,1,1,0
3,2019,8,6,3,5,3,0,1,1,0,0,0,0,0,0,0,0,0
12,2020,3,18,7,5,3,1,0,1,0,1,0,0,0,1,1,0,1
3,2019,7,15,3,2,6,0,0,1,0,1,0,0,0,0,0,2,0
11,2021,6,17,4,5,2,0,1,1,0,0,0,0,0,0,1,1,0
10,2018,6,6,6,5,3,0,0,1,0,1,0,0,0,0,0,0,0
11,2019,12,13,3,2,6,0,0,1,0,0,0,0,0,0,0,1,0
10,2018,8,13,6,5,2,0,1,1,0,0,0,0,0,0,0,1,0
5,2019,10,7,3,0,6,0,0,1,0,1,0,0,0,0,0,1,0
5,2020,8,17,2,5,3,0,0,1,0,0,0,0,1,0,1,1,0
12,2021,6,6,4,3,6,0,0,1,0,1,0,0,0,0,1,1,0
12,2019,2,15,4,6,7,0,0,1,1,0,0,0,0,0,0,1,0
2,2020,2,5,5,5,3,2,0,1,0,1,0,0,0,0,0,1,0
9,2019,9,14,4,0,2,0,0,1,0,0,0,1,0,0,0,0,0
7,2021,12,18,2,2,6,2,0,1,0,0,0,0,0,1,2,1,0
11,2019,11,17,5,6,4,2,1,0,1,0,0,0,1,0,0,0,1
5,2021,7,7,7,5,3,0,0,1,0,0,0,0,0,0,1,2,0
4,2019,6,18,7,5,2,0,1,1,0,0,0,0,0,0,0,1,0
1,2019,11,21,7,6,2,2,0,1,1,0,0,0,0,0,0,0,1
4,2019,12,15,3,2,6,1,0,1,0,0,0,1,0,0,0,1,0
7,2018,12,20,1,2,6,2,0,1,0,0,0,0,1,0,0,1,0
1,2021,9,8,5,0,1,0,1,0,0,0,0,0,1,0,1,0,0
1,2021,3,9,6,5,2,0,0,1,0,0,0,1,0,0,2,0,0
11,2020,9,17,6,6,4,2,0,1,1,0,0,0,1,0,1,0,0
4,2019,9,18,6,8,1,1,0,1,0,0,0,0,1,0,0,0,0
5,2021,7,18,2,5,3,0,1,0,0,0,0,1,0,0,1,2,0
11,2018,7,22,4,5,3,2,1,1,0,0,0,0,1,0,0,2,0
6,2021,10,15,6,5,2,0,1,1,0,0,0,0,0,0,1,1,0
5,2020,5,21,6,2,7,2,0,1,0,0,0,0,0,1,1,0,0
9,2019,6,8,3,5,2,0,1,0,0,0,0,1,0,0,0,1,0
8,2021,9,17,2,2,6,0,0,1,0,1,0,0,0,0,1,0,0
8,2019,6,7,2,0,1,0,0,0,0,1,0,0,1,0,0,1,0
4,2020,8,18,3,5,3,0,1,1,0,0,0,0,0,0,1,1,0
4,2020,9,8,4,2,6,0,0,1,0,0,0,1,0,0,1,0,1
1,2021,10,14,5,5,2,0,1,1,0,0,0,0,0,0,1,1,0
8,2020,6,10,4,5,7,0,1,1,0,0,0,0,0,0,1,1,0
6,2019,6,16,1,2,7,0,0,1,0,1,0,0,0,0,0,1,0
3,2020,3,19,4,5,2,2,0,1,0,0,0,0,0,1,1,0,0
8,2019,12,8,3,3,6,0,1,1,0,0,0,0,0,0,0,1,0
1,2020,9,10,5,2,3,0,1,1,0,0,0,0,0,0,1,0,0
1,2019,11,11,6,3,5,0,1,1,0,0,0,0,0,0,0,0,0
11,2019,11,13,2,5,2,0,1,0,0,0,0,1,0,0,0,0,0
3,2020,1,13,7,5,2,0,0,1,0,0,0,0,1,0,0,1,0
4,2021,4,13,1,0,1,0,1,0,0,0,0,0,0,1,2,1,0
1,2021,4,17,5,1,5,0,0,1,0,1,0,0,0,1,2,1,0
2,2019,7,19,3,5,7,1,0,1,0,1,0,0,0,0,0,2,1
4,2019,12,20,6,5,7,2,0,1,0,0,0,1,1,0,0,1,0
4,2019,10,9,3,1,5,0,1,1,0,0,0,0,1,0,0,1,0
1,2019,3,22,2,5,2,2,0,1,0,0,0,0,1,0,0,0,1
2,2018,7,10,4,5,2,0,1,1,0,0,0,0,0,0,0,2,0
1,2018,5,12,2,5,3,0,0,1,0,1,0,0,0,0,0,0,1
9,2018,2,21,1,9,1,2,0,1,0,0,0,0,1,0,0,1,0
11,2021,9,16,5,2,6,0,1,1,0,0,0,0,0,0,1,0,0
8,2018,4,15,5,5,2,0,1,1,0,0,0,0,1,0,0,1,0
5,2021,6,12,6,0,2,0,0,1,0,0,0,1,0,0,1,1,0
4,2018,10,10,3,5,2,0,1,1,0,0,0,0,0,0,0,1,0
3,2020,4,14,4,0,6,0,0,0,0,1,0,1,0,1,2,1,0
1,2018,1,12,3,0,2,0,1,0,0,0,0,1,0,0,0,0,0
10,2021,12,12,3,5,2,0,1,1,0,0,0,0,1,1,2,1,0
10,2020,3,10,5,5,2,0,1,1,0,0,0,0,0,1,1,0,0
2,2018,11,9,3,2,6,0,0,1,0,1,0,0,0,0,0,0,0
4,2020,10,8,2,6,7,0,1,0,1,0,0,0,1,1,1,1,0
9,2019,6,0,5,0,1,2,0,1,0,1,0,0,0,0,0,1,0
2,2021,8,11,2,2,6,0,0,0,0,1,0,1,0,0,1,1,0
7,2021,6,20,2,5,3,1,1,0,0,0,0,1,0,0,1,1,0
4,2019,2,9,2,5,7,0,1,1,0,0,0,0,0,0,0,1,0
11,2018,7,11,3,5,3,0,1,1,0,0,0,0,0,0,0,2,0
8,2020,6,6,4,2,6,0,0,1,0,0,0,0,0,0,1,1,1
8,2021,6,15,5,5,3,0,1,1,0,0,0,0,0,0,1,1,0
7,2021,4,11,5,6,4,0,0,1,1,0,0,0,0,1,2,1,1
1,2018,9,18,4,5,2,0,1,1,0,0,0,0,0,0,0,0,0
2,2021,7,19,2,1,5,0,1,1,0,0,0,0,0,0,1,2,0
3,2018,2,13,2,0,4,0,0,0,1,0,0,1,0,0,0,1,1
4,2019,3,15,4,2,6,0,0,1,0,0,0,0,0,0,0,0,0
1,2019,5,19,2,5,3,0,1,1,0,0,0,0,0,0,0,0,1
1,2019,1,6,7,5,3,2,1,1,0,0,0,0,1,0,0,1,0
11,2021,8,17,2,6,4,0,0,1,1,0,0,0,0,0,1,1,1
7,2018,3,8,3,5,2,0,0,1,0,0,0,1,1,0,0,1,0
1,2020,1,12,5,6,4,0,0,0,1,0,0,1,0,0,0,1,1
5,2018,7,17,7,5,3,0,1,1,0,0,0,0,0,0,0,2,0
7,2018,7,5,3,1,5,0,0,1,0,1,0,0,0,0,0,2,0
8,2018,9,2,7,1,1,2,0,1,0,0,0,0,0,0,0,0,0
1,2018,1,18,6,5,3,2,0,1,0,0,0,0,1,0,0,0,0
1,2018,7,22,1,2,6,2,0,1,0,0,0,0,0,0,0,2,0
3,2021,2,16,4,5,3,0,0,1,0,0,0,0,1,1,2,1,0
1,2018,11,8,5,3,6,0,1,0,0,0,0,0,0,0,0,0,0
12,2021,9,15,2,2,6,0,0,1,0,0,0,1,0,0,1,0,1
4,2021,3,16,2,2,6,0,0,1,0,0,0,0,0,0,2,0,0
5,2018,6,15,4,5,2,0,0,1,0,1,0,0,0,0,0,0,0
4,2019,9,0,1,5,3,2,0,1,0,0,0,0,0,0,0,0,0
11,2021,1,14,7,2,6,0,0,1,0,0,0,1,0,1,2,0,0
6,2021,5,12,6,2,2,0,0,1,0,0,0,0,0,1,2,1,0
1,2019,6,19,4,2,6,0,0,1,0,0,0,0,0,0,0,1,0
10,2018,12,17,5,2,6,2,0,1,0,0,0,0,1,0,0,1,0
8,2018,8,8,3,0,6,0,0,1,0,0,0,1,0,0,0,1,1
9,2020,6,21,6,5,3,1,0,1,0,0,0,1,0,0,1,1,0
3,2018,12,19,5,2,3,2,0,1,0,1,0,0,1,0,0,1,0
7,2019,6,14,1,6,7,0,0,1,1,0,0,0,0,0,0,1,1
12,2018,10,13,4,3,2,0,0,1,0,0,0,0,0,0,0,1,1
5,2020,7,6,4,5,3,0,0,1,0,0,0,0,0,0,1,2,1
3,2019,11,16,5,1,5,2,1,1,0,0,0,1,1,0,0,0,0
1,2018,8,15,6,0,2,0,0,1,0,0,0,1,0,0,0,1,0
7,2021,6,12,6,3,6,0,0,1,0,1,0,0,0,0,1,1,0
5,2019,2,10,6,3,6,0,0,1,0,0,0,0,0,0,0,1,0
4,2018,3,12,6,5,3,0,0,1,0,0,0,0,0,0,0,1,1
4,2018,1,10,3,5,2,0,0,1,0,0,0,0,0,0,0,0,0
9,2018,9,20,1,3,6,2,0,1,0,1,0,0,0,0,0,0,1
2,2019,4,7,6,0,2,0,1,1,0,0,0,0,0,0,0,1,0
1,2021,10,12,7,5,3,0,1,1,0,0,0,0,0,0,1,1,0
5,2018,11,20,6,6,2,2,0,1,1,0,0,0,1,0,0,0,0
10,2021,2,8,7,1,5,0,0,1,0,0,0,0,0,1,2,1,0
12,2021,4,17,3,2,6,2,0,1,0,0,0,1,0,1,2,1,0
3,2019,5,15,5,3,6,0,1,1,0,0,0,0,0,0,0,0,0
10,2018,3,16,2,5,2,0,0,1,0,1,0,0,0,0,0,1,1
7,2019,12,9,3,6,3,0,0,0,1,0,0,1,0,0,0,1,1
10,2019,2,11,2,3,6,0,0,1,0,0,0,0,0,0,0,1,0
4,2021,3,9,4,1,5,0,1,1,0,0,0,0,0,0,2,0,0
1,2018,2,17,2,2,6,2,0,1,0,0,0,0,1,0,0,1,0
4,2019,3,11,4,0,7,0,1,0,0,0,0,0,0,0,0,0,1
2,2020,9,12,5,5,2,0,1,1,0,0,0,0,0,0,1,0,1
4,2018,9,18,6,2,6,2,0,1,0,0,0,1,1,0,0,0,0
6,2021,8,16,5,0,1,0,0,1,0,1,0,0,0,0,1,1,0
1,2020,5,9,2,1,5,0,1,1,0,0,0,0,0,1,1,0,0
4,2020,6,18,2,5,2,0,1,1,0,0,0,0,0,0,1,1,0
8,2019,1,20,7,6,4,2,0,1,1,0,0,0,1,0,0,1,0
3,2019,8,23,6,9,1,2,0,0,0,0,0,1,0,0,0,0,0
8,2020,1,11,3,5,3,0,1,1,0,0,0,0,0,0,0,1,0
1,2018,6,18,6,5,2,0,0,1,0,1,0,0,1,0,0,0,0
4,2019,5,17,2,2,6,0,0,1,0,0,0,0,1,0,0,0,0
4,2018,7,15,5,6,2,0,0,1,1,0,0,0,0,0,0,2,0
4,2021,6,13,4,0,1,0,1,0,0,0,0,0,0,0,1,1,1
11,2021,6,19,6,1,1,0,0,1,0,0,0,0,0,0,1,1,0
9,2020,10,22,2,3,6,2,0,1,0,1,0,0,0,1,1,1,0
10,2019,9,15,7,5,2,0,0,1,0,1,0,0,0,0,0,0,0
9,2019,5,15,3,0,4,0,0,0,1,0,0,1,0,0,0,0,0
3,2018,10,16,3,2,6,0,0,1,0,0,0,0,0,0,0,1,0
2,2018,10,15,2,2,6,0,0,1,0,0,0,0,1,0,0,1,0
9,2018,6,15,4,0,7,0,0,0,0,1,0,0,0,0,0,0,0
1,2018,10,10,3,8,1,0,0,1,0,0,0,0,0,0,0,1,0
1,2021,1,21,7,0,1,2,0,0,0,1,0,0,2,1,2,0,0
8,2020,5,20,4,5,2,1,1,1,0,0,0,0,0,1,1,0,0
5,2020,5,11,1,5,3,0,1,1,0,0,0,0,0,1,1,0,0
12,2019,2,8,4,0,6,0,0,1,0,0,0,0,0,0,0,1,0
6,2020,7,13,2,2,6,0,1,0,0,0,0,1,0,0,1,2,0
4,2021,6,15,3,0,1,0,0,0,0,1,0,0,0,0,1,1,0
1,2019,7,11,5,1,5,0,1,1,0,0,0,0,0,0,0,2,0
3,2020,7,20,4,8,1,0,0,1,0,0,0,0,1,0,1,2,0
6,2021,11,13,7,3,6,0,0,1,0,0,0,0,0,0,2,0,0
2,2021,9,17,3,5,3,0,1,0,0,0,0,0,0,0,1,0,0
5,2021,3,14,3,5,3,0,1,1,0,0,0,0,0,0,2,0,0
8,2019,7,14,2,5,2,0,0,1,0,1,0,0,0,0,0,2,1
4,2019,3,23,4,6,2,2,0,1,1,0,0,0,1,0,0,0,0
11,2019,12,12,2,6,4,0,0,1,1,0,0,0,1,0,0,1,1
12,2021,7,11,6,2,6,0,0,1,0,0,0,1,0,0,1,2,0
1,2020,6,9,5,5,3,0,1,0,0,0,0,1,0,0,1,1,0
1,2019,10,6,4,6,4,2,1,0,1,0,0,0,1,0,0,1,0
2,2018,9,11,4,3,6,0,1,0,0,0,0,0,0,0,0,0,0
7,2019,5,9,7,6,4,0,0,1,1,0,0,0,0,0,0,0,0
1,2018,10,15,5,5,7,0,0,1,0,0,0,0,0,0,0,1,0
2,2021,9,15,6,5,2,0,1,1,0,0,0,0,1,0,1,0,0
4,2020,10,19,1,0,6,2,0,1,0,0,0,0,0,1,1,1,0
9,2021,3,11,5,2,6,0,0,0,0,0,1,0,0,0,2,0,0
7,2018,11,11,7,2,6,0,0,1,0,0,0,0,0,0,0,0,0
2,2019,1,10,3,1,5,0,1,1,0,0,0,0,1,0,0,1,0
4,2018,9,11,7,2,3,0,1,1,0,0,0,0,0,0,0,0,1
12,2020,6,7,3,5,2,0,1,1,0,0,0,0,0,0,1,1,0
3,2018,6,6,7,1,5,0,0,1,0,1,0,1,0,0,0,0,0
1,2020,5,12,3,2,6,0,0,1,0,0,0,1,0,1,1,0,0
12,2019,10,15,4,5,3,0,0,1,0,0,0,1,0,0,0,1,0
4,2018,2,14,3,6,2,0,0,1,1,0,0,0,0,0,0,1,1
6,2020,10,14,2,5,2,0,0,1,0,0,0,1,0,1,1,1,0
6,2019,12,7,5,1,5,0,1,1,0,0,0,0,0,0,0,1,0
7,2019,8,8,5,5,2,0,0,1,0,1,0,0,0,0,0,0,0
10,2021,5,18,2,5,3,0,0,1,0,0,0,1,0,1,2,1,0
2,2019,6,10,6,6,4,0,1,0,1,0,0,0,0,0,0,1,1
10,2020,10,18,7,0,1,2,1,0,0,0,0,0,1,1,1,1,0
1,2019,4,15,3,5,7,0,0,1,0,1,0,0,0,0,0,1,1
11,2020,6,20,2,1,1,0,0,1,0,1,0,0,0,0,1,1,1
1,2019,6,9,5,0,1,0,1,0,0,0,0,0,1,0,0,1,0
9,2019,6,11,1,0,2,0,0,1,0,1,0,0,0,0,0,1,0
1,2019,4,9,4,1,5,0,1,1,0,0,0,0,0,0,0,1,1
12,2019,8,15,5,2,6,0,0,1,0,0,0,0,0,0,0,0,0
3,2021,7,7,6,0,1,0,0,1,0,0,0,0,0,0,1,2,0
9,2020,9,9,3,2,6,0,0,1,0,0,1,0,0,0,1,0,0
5,2020,1,7,7,0,2,1,0,1,0,1,0,0,1,0,0,1,0
1,2019,6,18,4,0,7,0,1,0,0,0,0,0,0,0,0,1,0
3,2019,5,13,4,5,2,0,0,1,0,0,0,1,0,0,0,0,0
2,2020,10,7,2,0,1,0,1,0,0,0,0,0,0,1,1,1,0
3,2019,6,19,6,0,1,0,1,0,0,0,0,0,0,0,0,1,0
3,2021,2,16,3,6,7,2,0,1,1,0,0,0,1,1,2,1,0
10,2019,4,20,5,0,2,1,0,1,0,0,0,1,0,0,0,1,0
1,2021,3,18,3,2,6,0,0,1,0,0,0,0,0,0,2,0,0
1,2020,7,9,6,5,3,0,0,1,0,0,0,0,1,0,1,2,0
6,2020,11,18,6,6,7,2,1,0,1,0,0,0,0,1,2,0,0
5,2019,6,9,2,5,3,0,0,1,0,0,0,0,0,0,0,1,0
7,2021,11,22,5,2,6,2,0,1,0,0,0,1,1,0,2,0,0
8,2020,7,8,1,5,3,0,1,1,0,0,0,0,0,0,1,2,0
1,2021,12,14,7,2,6,0,1,1,0,0,0,0,1,1,2,1,0
2,2020,2,20,7,1,5,2,1,1,0,0,0,0,0,0,0,1,0
5,2019,11,17,2,6,4,2,0,1,1,0,0,0,1,0,0,0,1
3,2019,9,19,7,5,3,1,1,1,0,0,0,0,0,0,0,0,0
1,2021,1,22,3,0,1,2,1,0,0,0,0,0,1,1,2,0,0
2,2019,5,15,5,6,4,0,1,0,1,0,0,0,0,0,0,0,0
2,2021,9,17,5,5,2,0,0,1,0,1,0,0,0,0,1,0,0
1,2021,7,8,5,5,2,0,1,1,0,0,0,0,0,0,1,2,0
5,2021,5,10,5,3,6,0,1,0,0,0,0,0,0,1,2,1,0
9,2019,7,13,6,5,2,0,1,1,0,0,0,0,0,0,0,2,0
1,2019,10,9,4,1,1,0,1,1,0,0,0,0,0,0,0,1,0
2,2018,4,8,2,5,3,0,1,1,0,0,0,0,0,0,0,1,0
11,2020,12,19,3,1,5,2,0,1,0,0,0,0,0,1,2,1,0
8,2019,1,22,2,2,6,2,0,1,0,0,0,0,1,0,0,1,0
8,2021,3,11,5,5,3,0,1,1,0,0,0,0,0,0,2,0,0
1,2021,6,19,6,0,1,0,1,0,0,0,0,0,0,0,1,1,0
3,2021,4,10,3,5,5,0,0,1,0,1,0,0,0,1,2,1,0
4,2019,8,14,4,2,6,0,0,1,0,0,0,0,0,0,0,0,0
3,2019,4,12,3,5,2,0,1,1,0,0,0,0,0,0,0,1,0
9,2021,12,17,3,4,3,2,0,1,0,0,0,0,0,1,2,1,0
5,2019,12,20,6,6,2,2,0,1,1,0,0,0,1,0,0,1,0
5,2021,6,17,5,1,5,0,1,1,0,0,0,0,0,0,1,1,1
12,2020,5,17,1,5,7,0,0,1,0,0,0,0,0,1,1,0,0
1,2018,1,8,5,5,3,0,1,1,0,0,0,0,1,0,0,0,0
10,2021,7,12,7,5,7,0,0,1,0,1,0,0,0,0,1,2,1
3,2019,6,6,3,2,6,0,0,1,0,0,0,0,0,0,0,1,0
9,2018,9,7,3,2,6,0,0,1,0,0,0,1,0,0,0,0,0
5,2018,8,10,3,5,2,0,0,1,0,1,0,0,0,0,0,1,1
6,2019,2,7,3,3,6,0,1,0,0,0,0,1,0,0,0,1,0
11,2020,6,10,2,5,2,0,0,1,0,1,0,0,0,0,1,1,1
1,2018,5,17,3,0,2,0,1,1,0,0,0,0,0,0,0,0,0
8,2021,4,12,5,3,6,0,0,1,0,1,0,0,0,1,2,1,0
6,2019,5,13,7,5,3,0,1,0,0,0,0,0,0,0,0,0,0
1,2018,11,18,7,1,5,2,0,1,0,0,0,1,0,0,0,0,0
1,2019,6,16,6,5,3,0,1,0,0,0,0,1,0,0,0,1,0
7,2018,5,20,7,0,1,0,0,0,0,1,0,0,0,0,0,0,0
1,2018,8,14,2,1,5,0,1,1,0,0,0,0,0,0,0,1,0
8,2018,4,11,3,2,6,0,0,1,0,0,0,0,0,0,0,1,0
2,2021,2,13,5,5,3,0,1,1,0,0,0,0,0,1,2,1,0
2,2021,9,13,2,5,2,0,1,1,0,0,0,0,0,0,1,0,0
4,2019,5,13,6,5,2,0,1,1,0,0,0,0,0,0,0,0,0
5,2021,9,14,4,5,2,0,0,1,0,0,0,0,0,0,1,0,0