BEZ,UJAHR,UMONAT,USTUNDE,UWOCHENTAG,UART,UTYP1,ULICHTVERH,IstRad,IstPKW,IstFuss,IstKrad,IstGkfz,IstSonstige,USTRZUSTAND,LOCKDOWN,COVID,FERIEN,UKATEGORIE
9,2019,8,14,4,0,1,0,1,0,0,0,0,0,0,0,0,0,0
3,2020,9,18,5,2,7,0,0,1,0,0,0,0,0,0,1,0,0
1,2019,6,10,5,5,3,0,1,1,0,0,0,0,0,0,0,1,0
12,2019,10,17,1,2,6,2,0,1,0,0,0,0,0,0,0,1,0
4,2020,2,12,6,0,3,0,0,1,0,1,0,0,0,0,0,1,0
7,2018,2,13,4,2,6,0,0,1,0,0,1,0,0,0,0,1,0
10,2021,6,5,4,8,1,0,0,1,0,0,0,0,0,0,1,1,0
6,2021,4,15,4,5,3,0,0,1,0,1,0,0,0,1,2,1,0
1,2018,3,12,7,2,6,0,0,1,0,0,0,0,0,0,0,1,0
3,2019,12,9,6,1,5,0,0,1,0,0,1,0,0,0,0,1,0
5,2019,1,9,5,4,7,0,0,1,0,0,0,1,0,0,0,1,1
5,2019,10,14,7,6,4,0,0,1,1,0,0,0,0,0,0,1,0
4,2020,10,20,6,9,1,2,0,1,1,0,0,0,1,1,1,1,0
7,2019,4,10,6,3,6,0,0,1,0,1,0,0,0,0,0,1,0
2,2020,3,8,2,5,3,0,1,1,0,0,0,0,1,1,1,0,0
8,2018,4,14,2,0,1,0,1,0,0,0,0,0,0,0,0,1,0
8,2018,4,16,3,5,7,0,1,1,0,0,0,0,0,0,0,1,0
1,2019,9,17,5,5,2,0,1,1,0,0,0,0,0,0,0,0,1
7,2018,1,20,2,0,1,2,0,0,0,1,0,0,2,0,0,0,0
1,2018,7,16,7,5,3,0,0,1,0,1,0,0,0,0,0,2,1
11,2021,3,15,5,2,6,0,0,1,0,0,0,0,0,0,2,0,0
6,2021,5,7,4,1,1,0,1,1,0,0,0,0,0,1,2,1,0
1,2021,4,13,7,2,6,0,0,1,0,0,0,0,0,1,2,1,0
9,2018,12,20,5,6,7,2,0,1,1,0,0,0,1,0,0,1,0
9,2021,3,14,4,1,5,0,1,1,0,0,0,0,0,0,2,0,0
11,2018,10,15,6,2,6,0,0,1,0,0,0,0,0,0,0,1,0
4,2020,11,20,5,5,2,2,0,1,0,0,0,0,1,1,2,0,0
1,2018,6,23,2,5,2,2,0,1,0,0,0,0,0,0,0,0,0
4,2018,4,18,5,3,6,0,0,1,0,0,0,0,0,0,0,1,0
10,2019,8,23,6,0,7,2,1,0,0,0,0,0,0,0,0,0,1
11,2019,6,19,4,0,7,0,0,1,0,0,0,0,1,0,0,1,0
8,2018,2,12,6,5,3,0,1,1,0,0,0,0,0,0,0,1,0
7,2020,5,13,1,4,1,0,0,1,0,0,0,0,1,1,1,0,0
2,2018,4,12,7,5,2,0,0,1,0,0,0,1,0,0,0,1,0
11,2019,9,16,4,2,6,0,0,1,0,0,0,0,0,0,0,0,0
3,2021,6,13,4,3,6,0,1,1,0,0,0,0,0,0,1,1,0
1,2020,9,22,7,5,2,2,1,0,0,1,0,0,0,0,1,0,0
10,2021,8,9,3,5,2,0,0,1,0,0,0,1,0,0,1,1,0
11,2019,5,6,3,5,2,0,1,1,0,0,0,0,0,0,0,0,0
10,2020,6,15,2,4,6,0,1,0,0,0,0,0,0,0,1,1,0
3,2019,7,14,4,5,3,0,1,0,0,0,0,1,0,0,0,2,0
5,2020,11,13,7,0,3,0,0,1,0,0,0,1,0,1,2,0,0
7,2019,7,14,3,6,2,0,0,0,1,0,1,0,0,0,0,2,1
8,2018,8,23,6,2,6,2,0,1,0,0,0,0,0,0,0,1,0
2,2019,9,12,4,2,6,0,0,1,0,0,1,0,1,0,0,0,0
2,2020,5,14,5,1,5,0,1,1,0,0,0,0,0,1,1,0,0
1,2019,4,23,7,5,7,2,0,1,0,0,0,1,0,0,0,1,0
3,2018,7,21,3,3,6,1,0,1,0,0,0,1,0,0,0,2,0
7,2019,8,20,6,0,1,2,1,0,0,0,0,0,0,0,0,0,1
5,2021,10,17,7,5,2,0,1,1,0,0,0,0,0,0,1,1,0
1,2018,5,19,5,5,2,0,1,1,0,0,0,0,0,0,0,0,0
10,2018,4,14,7,6,4,0,0,1,1,0,0,0,0,0,0,1,0
11,2020,7,15,5,2,6,0,0,1,0,0,0,1,0,0,1,2,0
1,2018,7,16,4,1,5,0,1,1,0,0,0,1,1,0,0,2,0
2,2018,10,13,4,2,6,0,0,1,0,0,0,1,0,0,0,1,0
6,2020,7,19,5,5,7,0,1,1,0,0,0,0,0,0,1,2,0
8,2021,2,13,3,2,6,0,0,1,0,0,0,1,0,1,2,1,0
4,2021,12,2,3,2,6,2,0,1,0,0,0,0,1,1,2,1,0
2,2021,5,14,7,5,2,0,1,1,0,0,0,0,0,1,2,1,0
3,2020,10,17,7,0,7,0,1,0,0,0,0,0,0,1,1,1,1
1,2019,7,13,4,5,2,0,1,1,0,0,0,0,0,0,0,2,0
10,2019,1,7,4,6,7,1,0,1,1,0,0,0,1,0,0,1,0
12,2018,3,17,7,5,3,1,0,1,0,0,0,0,0,0,0,1,0
9,2019,9,17,3,5,2,0,1,0,0,0,0,1,0,0,0,0,0
7,2018,10,1,6,1,5,2,0,1,0,0,0,0,0,0,0,1,0
12,2021,12,17,6,0,4,2,0,0,1,0,0,1,1,1,2,1,0
7,2019,10,17,1,0,7,0,1,1,0,0,0,0,0,0,0,1,0
1,2019,10,14,5,5,5,0,1,1,0,0,0,0,0,0,0,1,0
7,2018,6,15,7,0,7,0,0,1,0,0,0,0,0,0,0,0,0
5,2019,10,19,6,5,3,2,0,1,0,0,0,0,1,0,0,1,0
1,2018,1,16,3,0,7,0,0,1,0,0,0,0,1,0,0,0,0
7,2020,4,15,4,1,5,0,1,1,0,0,0,0,0,1,2,1,0
11,2018,6,11,6,6,7,0,0,0,1,0,0,1,0,0,0,0,0
7,2018,11,19,7,2,6,2,0,1,0,0,0,1,1,0,0,0,0
12,2020,12,11,2,5,2,0,1,1,0,0,0,0,0,1,2,1,0
1,2020,2,0,6,2,2,2,0,1,0,0,0,0,1,0,0,1,0
4,2021,12,16,3,6,2,1,0,1,1,0,0,0,1,1,2,1,0
9,2021,7,10,2,3,6,0,0,1,0,1,0,0,0,0,1,2,0
12,2018,9,8,3,5,2,0,1,1,0,0,0,0,0,0,0,0,0
8,2018,6,18,2,2,6,0,0,0,0,1,0,1,0,0,0,0,0
4,2018,4,18,3,5,3,0,1,1,0,0,0,0,0,0,0,1,0
12,2019,11,21,6,5,3,2,0,1,0,0,0,0,0,0,0,0,0
4,2020,10,17,5,0,1,0,0,0,0,1,0,0,0,1,1,1,1
6,2018,6,14,6,5,7,0,0,1,0,1,0,0,0,0,0,0,0
5,2020,12,11,2,2,6,0,0,1,0,0,0,0,0,1,2,1,0
1,2018,7,7,2,5,7,0,1,1,0,0,0,0,0,0,0,2,0
8,2020,8,17,4,3,6,0,0,1,0,0,0,1,1,0,1,1,0
10,2018,1,21,4,5,3,2,0,1,0,0,0,0,1,0,0,0,0
9,2021,7,12,7,6,4,0,0,1,1,0,0,0,0,0,1,2,0
4,2020,8,15,7,5,2,0,1,1,0,0,0,0,0,0,1,1,0
1,2018,10,22,1,2,6,2,0,1,0,0,0,0,0,0,0,1,0
3,2020,10,22,3,5,2,2,0,1,0,0,0,0,0,1,1,1,0
11,2018,7,17,1,1,5,0,1,1,0,0,0,0,0,0,0,2,0
11,2020,11,15,2,6,4,0,1,0,1,0,0,0,1,1,2,0,0
4,2019,10,15,2,5,5,0,0,1,0,0,0,1,0,0,0,1,0
9,2018,10,22,3,5,3,2,0,1,0,0,0,0,1,0,0,1,0
11,2021,10,12,6,0,3,0,0,1,0,0,0,1,0,0,1,1,0
12,2018,6,16,5,5,2,0,1,1,0,0,0,0,1,0,0,0,0
1,2019,7,9,3,1,5,0,1,0,0,0,1,0,0,0,0,2,0
3,2019,4,5,3,6,7,0,0,1,0,0,0,1,0,0,0,1,1
4,2018,1,13,4,3,6,0,0,1,0,0,0,0,1,0,0,0,0
9,2019,2,6,3,3,6,0,0,1,0,0,0,0,0,0,0,1,0
10,2019,4,13,2,0,4,0,0,1,1,0,0,0,0,0,0,1,0
12,2021,1,13,2,2,6,0,0,1,0,0,0,0,1,1,2,0,0
5,2018,6,7,2,0,7,0,1,0,0,0,0,0,1,0,0,0,0
9,2020,7,16,7,2,6,0,0,1,0,0,0,0,0,0,1,2,0
2,2019,2,5,7,5,3,1,0,1,0,0,0,0,0,0,0,1,0
3,2019,5,21,6,5,2,2,0,1,0,1,0,0,0,0,0,0,0
3,2018,7,8,6,5,2,0,1,1,0,0,0,0,0,0,0,2,1
9,2019,7,6,3,5,2,0,0,1,0,0,0,0,0,0,0,2,0
9,2018,4,16,7,0,1,0,0,0,0,1,0,0,0,0,0,1,0
12,2020,2,4,1,1,1,2,0,1,0,0,0,1,0,0,0,1,1
12,2019,8,17,5,5,3,0,0,1,0,1,0,0,0,0,0,0,0
6,2020,7,20,3,0,1,0,0,0,0,1,0,0,0,0,1,2,1
10,2021,7,19,6,6,4,0,0,1,1,0,0,0,0,0,1,2,0
4,2020,4,15,3,5,3,0,0,1,0,0,0,0,0,1,2,1,0
11,2020,8,17,6,6,4,0,1,0,1,0,0,0,0,0,1,1,1
3,2020,8,17,4,5,2,0,1,1,0,0,0,0,1,0,1,1,0
11,2020,7,15,2,2,6,0,0,1,0,0,1,0,1,0,1,2,0
5,2018,5,10,3,1,5,0,1,1,0,0,0,0,0,0,0,0,0
1,2018,10,10,7,5,3,0,0,1,0,0,0,0,0,0,0,1,0
6,2018,7,8,2,1,5,0,0,1,0,1,0,0,0,0,0,2,0
4,2019,9,15,1,1,5,0,1,1,0,0,0,0,0,0,0,0,0
4,2020,1,10,6,0,1,0,1,0,0,0,0,0,1,0,0,1,1
12,2020,9,15,6,5,2,0,0,1,0,1,0,0,0,0,1,0,0
4,2020,7,14,3,0,3,0,0,1,0,1,0,0,0,0,1,2,0
10,2019,8,7,7,2,6,0,0,1,0,0,0,0,0,0,0,0,0
4,2019,9,23,2,9,1,2,0,1,0,0,0,0,1,0,0,0,0
7,2020,3,21,1,5,7,2,0,1,0,0,0,0,0,1,1,0,1
6,2020,5,15,4,1,5,0,0,1,0,0,0,0,0,1,1,0,0
2,2019,5,19,6,5,7,0,1,0,0,0,0,1,0,0,0,0,0
3,2019,3,4,4,5,2,2,0,1,0,0,1,0,1,0,0,0,0
1,2019,4,7,3,5,3,0,1,0,0,1,0,0,0,0,0,1,0
12,2020,4,10,7,5,2,0,1,0,0,0,0,1,0,1,2,1,0
4,2021,9,16,5,6,2,0,0,1,1,0,0,0,0,0,1,0,0
6,2018,1,15,6,6,2,1,0,1,1,0,0,0,1,0,0,0,0
5,2019,10,11,5,4,6,0,0,1,0,0,0,0,1,0,0,1,1
11,2021,7,15,7,5,3,0,1,1,0,0,0,0,0,0,1,2,0
12,2019,11,18,4,6,4,2,0,1,1,0,0,0,0,0,0,0,1
9,2018,5,8,3,6,4,0,0,0,1,0,0,1,0,0,0,0,1
6,2021,6,17,6,5,2,0,1,1,0,0,0,0,0,0,1,1,0
6,2018,6,11,3,5,3,0,0,1,0,0,0,1,0,0,0,0,0
4,2020,4,14,3,5,3,0,0,1,0,0,0,0,0,1,2,1,0
1,2018,6,11,4,5,7,0,0,1,0,1,0,0,0,0,0,0,0
3,2018,9,10,7,2,6,0,0,1,0,0,0,0,0,0,0,0,0
5,2019,10,15,3,0,7,0,0,0,0,1,0,0,1,0,0,1,0
3,2020,1,6,6,5,3,1,0,1,0,0,0,0,0,0,0,1,0
7,2020,7,17,5,5,2,0,0,1,0,0,0,0,0,0,1,2,0
1,2020,12,13,1,0,6,0,1,0,0,0,0,0,0,1,2,1,0
7,2019,5,17,7,5,2,0,0,1,0,1,0,0,0,0,0,0,0
1,2019,5,23,4,0,1,2,0,1,0,1,0,0,0,0,0,0,0
7,2018,2,17,5,5,2,2,1,1,0,0,0,0,0,0,0,1,1
7,2019,6,8,3,3,6,0,0,1,0,0,1,0,0,0,0,1,0
1,2018,12,16,5,6,2,2,0,0,1,0,0,1,1,0,0,1,0
3,2019,8,17,1,0,1,0,1,0,0,0,0,0,0,0,0,0,1
2,2021,10,14,3,2,6,0,0,1,0,0,0,0,0,0,1,1,0
5,2021,10,10,7,2,6,0,0,1,0,0,0,0,1,0,1,1,0
9,2020,7,22,4,5,2,2,0,0,0,1,0,0,0,0,1,2,0
4,2019,1,16,4,2,6,1,0,1,0,0,0,0,1,0,0,1,0
2,2021,1,6,2,6,4,2,0,1,1,0,0,0,1,1,2,0,0
5,2018,1,15,5,5,3,0,0,1,0,0,0,1,1,0,0,0,0
4,2019,8,13,5,0,2,0,0,1,0,0,0,1,0,0,0,0,0
12,2019,4,12,5,5,2,0,0,1,0,0,0,1,0,0,0,1,0
9,2021,7,16,4,6,7,0,1,0,1,0,0,0,0,0,1,2,0
4,2018,6,8,6,5,3,0,0,1,0,1,0,0,0,0,0,0,0
4,2020,10,10,3,5,7,0,1,1,0,0,0,0,1,1,1,1,0
11,2018,2,13,4,6,2,0,0,1,1,0,0,0,0,0,0,1,0
12,2019,8,9,4,4,6,0,1,0,0,0,0,0,0,0,0,0,0
9,2019,6,9,6,6,7,0,1,1,1,0,0,0,0,0,0,1,0
1,2021,9,14,6,0,1,0,1,0,0,0,0,0,0,0,1,0,0
8,2020,4,12,2,5,2,0,0,1,0,0,0,0,0,1,2,1,0
4,2018,5,17,4,0,6,0,0,1,0,1,0,0,0,0,0,0,0
1,2019,7,15,2,6,4,0,1,0,1,0,0,0,0,0,0,2,0
4,2019,7,8,3,0,7,0,1,0,0,0,0,0,1,0,0,2,0
5,2018,11,15,5,5,2,0,0,1,0,0,0,0,0,0,0,0,0
11,2018,9,12,1,5,3,0,1,1,0,0,0,0,0,0,0,0,1
1,2019,11,17,5,2,6,2,0,1,0,0,0,0,0,0,0,0,0
12,2019,8,8,6,2,6,0,0,1,0,0,0,0,0,0,0,0,0
3,2018,12,12,5,5,3,0,0,1,0,0,0,0,0,0,0,1,0
3,2020,9,13,3,5,3,0,1,0,0,0,0,1,0,0,1,0,1
1,2018,4,14,6,5,7,0,0,1,0,0,0,1,0,0,0,1,1
1,2018,7,23,7,6,4,2,1,0,1,0,0,0,0,0,0,2,0
8,2019,10,19,7,5,3,2,0,1,0,0,0,0,0,0,0,1,0
5,2019,3,16,5,1,5,0,1,1,0,0,0,0,1,0,0,0,0
5,2021,8,14,1,6,7,0,1,0,1,0,0,0,0,0,1,1,0
1,2018,10,15,2,0,1,0,1,0,0,0,0,0,0,0,0,1,0
12,2020,6,17,4,5,3,0,0,1,0,1,0,0,0,0,1,1,1
3,2019,8,17,3,5,2,0,1,1,0,0,0,0,0,0,0,0,0
7,2021,5,6,6,5,2,0,0,1,0,1,0,0,0,1,2,1,0
2,2020,9,16,3,2,6,0,0,1,0,0,0,0,0,0,1,0,0
8,2020,3,7,2,2,7,0,1,1,0,0,0,0,1,1,1,0,0
2,2018,1,10,6,5,7,0,1,1,0,0,0,0,0,0,0,0,0
7,2019,2,17,5,3,6,2,0,1,0,0,0,0,0,0,0,1,0
4,2019,3,11,3,0,5,0,0,1,0,1,0,0,0,0,0,0,1
4,2020,6,8,2,5,7,0,0,1,0,1,0,0,0,0,1,1,0
12,2018,3,19,6,3,6,0,0,1,0,1,0,0,0,0,0,1,0
10,2021,6,15,4,5,3,0,0,1,0,0,0,0,0,0,1,1,0
11,2018,12,10,6,9,7,0,0,1,0,0,0,0,1,0,0,1,0
1,2018,4,14,3,0,7,0,0,1,1,0,1,0,0,0,0,1,1
3,2019,9,9,5,5,3,0,1,1,0,0,0,0,0,0,0,0,0
8,2018,7,14,1,5,2,0,0,1,0,0,0,0,0,0,0,2,0
7,2020,10,8,5,1,5,0,1,1,0,0,0,0,0,1,1,1,0
9,2021,3,11,3,2,6,0,0,1,0,0,0,0,0,0,2,0,0
8,2020,8,12,6,5,2,0,1,1,0,0,0,0,0,0,1,1,0
4,2018,2,14,6,2,6,0,0,1,0,0,0,0,0,0,0,1,0
1,2019,5,15,4,0,1,0,0,0,0,1,0,0,1,0,0,0,1
5,2021,1,19,1,2,6,2,0,1,0,0,0,0,1,1,2,0,0
1,2018,7,18,2,1,5,0,1,1,0,0,0,0,0,0,0,2,0
6,2021,8,16,1,6,7,0,1,0,1,0,0,0,0,0,1,1,0
10,2021,3,15,3,5,3,0,1,1,0,0,0,0,0,0,2,0,0
1,2020,8,11,6,5,3,0,1,1,0,0,0,0,0,0,1,1,0
7,2020,7,13,7,1,3,0,1,1,0,0,0,0,0,0,1,2,0
4,2021,5,17,2,0,3,0,1,1,0,0,0,0,0,1,2,1,0
1,2019,4,10,4,5,2,0,0,1,0,0,0,1,0,0,0,1,0
6,2021,6,17,1,1,5,0,0,1,0,1,0,0,0,0,1,1,1
10,2020,5,21,3,2,3,1,1,1,0,0,0,0,1,1,1,0,0
1,2019,7,0,4,5,2,2,0,0,0,0,0,1,0,0,0,2,0
1,2020,10,19,7,0,1,2,0,0,0,0,0,1,0,1,1,1,0
9,2021,6,13,7,2,3,0,1,1,0,0,0,0,0,0,1,1,0
3,2018,8,15,4,5,3,0,1,0,0,0,0,0,0,0,0,1,1
3,2021,3,11,5,5,3,0,1,0,0,0,0,1,0,0,2,0,0
9,2019,10,6,5,5,7,2,0,1,0,0,0,0,1,0,0,1,0
8,2020,8,10,4,2,6,0,0,1,0,0,0,0,0,0,1,1,0
12,2018,4,20,2,5,3,2,0,1,0,0,0,0,0,0,0,1,0
9,2021,3,13,6,5,3,0,1,0,0,0,1,0,1,0,2,0,0
9,2018,11,7,2,0,1,0,1,0,0,0,0,0,1,0,0,0,1
7,2019,8,11,4,3,6,0,0,1,0,0,0,0,0,0,0,0,0
1,2020,9,12,3,5,3,0,0,1,0,0,0,0,0,0,1,0,0
7,2020,6,12,2,5,2,0,1,1,0,0,0,0,0,0,1,1,0
11,2021,12,14,5,5,3,0,0,1,0,0,0,1,0,1,2,1,0
12,2019,4,17,5,6,2,0,0,1,1,0,0,0,0,0,0,1,1
3,2020,11,17,2,5,2,2,0,1,0,0,0,0,0,1,2,0,0
6,2021,9,17,2,0,1,0,0,0,0,0,0,1,0,0,1,0,0
4,2018,10,12,6,4,7,0,0,1,1,0,0,1,0,0,0,1,1
3,2018,8,10,4,1,5,0,1,1,0,0,0,1,0,0,0,1,0
2,2019,3,15,3,6,6,0,1,0,1,0,0,0,0,0,0,0,0
2,2019,5,15,3,1,5,0,1,1,0,0,0,0,0,0,0,0,0
4,2018,4,7,2,0,1,0,1,0,0,0,0,0,0,0,0,1,1
1,2019,1,20,4,2,6,2,0,1,0,0,0,0,1,0,0,1,0
3,2019,10,17,2,5,3,0,0,0,0,1,0,1,0,0,0,1,0
2,2021,5,11,2,6,2,0,0,1,1,0,0,0,0,1,2,1,0
5,2018,4,19,7,6,4,0,0,1,1,0,0,0,0,0,0,1,1
9,2018,12,20,2,6,3,2,0,1,1,0,0,0,1,0,0,1,0
11,2020,8,17,3,5,2,0,1,1,0,0,0,0,0,0,1,1,1
8,2021,7,6,6,5,3,0,0,1,0,0,0,0,1,0,1,2,0
1,2020,1,12,2,2,6,0,0,1,0,0,0,0,1,0,0,1,0
11,2019,9,5,3,7,7,1,1,0,0,0,0,0,0,0,0,0,0
1,2019,4,15,2,2,6,0,0,1,0,0,0,0,0,0,0,1,0
4,2020,7,17,2,5,7,0,0,1,0,1,0,0,0,0,1,2,0
2,2018,1,7,3,1,5,0,1,0,0,0,1,0,1,0,0,0,0
3,2021,5,12,2,0,7,0,0,1,0,0,0,1,0,1,2,1,0
1,2021,8,4,7,8,1,2,0,0,0,1,0,0,1,0,1,1,1
12,2020,11,15,3,5,7,0,0,1,0,0,0,1,0,1,2,0,0
11,2021,12,23,1,8,1,2,0,1,0,0,0,0,1,1,2,1,1
9,2019,12,13,6,6,4,0,0,1,1,0,0,0,0,0,0,1,0
1,2021,6,14,4,1,5,0,1,1,0,0,0,0,1,0,1,1,0
7,2020,5,13,6,5,3,0,1,1,0,0,0,0,0,1,1,0,0
6,2021,1,16,3,2,6,1,0,1,0,0,0,0,0,1,2,0,0
8,2019,1,7,3,6,2,0,0,1,1,0,0,0,1,0,0,1,0
2,2018,5,13,4,3,6,0,1,1,0,0,0,0,0,0,0,0,1
2,2019,5,15,6,2,6,0,0,1,0,0,0,1,0,0,0,0,0
10,2018,4,20,4,5,3,2,0,1,0,0,1,0,0,0,0,1,0
4,2019,5,9,5,2,6,0,1,1,0,0,0,0,1,0,0,0,0
1,2021,12,13,4,1,5,0,1,1,0,0,0,0,1,1,2,1,0
5,2019,9,8,1,1,5,0,0,1,0,0,0,0,0,0,0,0,0
1,2019,5,14,3,6,4,0,0,0,1,0,1,0,0,0,0,0,0
12,2021,12,13,3,2,2,0,0,1,0,0,0,0,0,1,2,1,0
12,2019,11,19,3,2,6,2,0,1,0,1,0,0,0,0,0,0,0
3,2018,11,9,4,6,4,0,0,0,1,1,0,0,0,0,0,0,0
3,2021,2,17,1,2,6,2,0,1,0,0,0,0,2,1,2,1,0
1,2020,9,18,6,6,4,1,1,0,1,0,0,0,0,0,1,0,0
2,2018,2,16,7,2,7,1,0,1,0,0,0,0,0,0,0,1,1
2,2019,9,9,4,1,5,0,0,1,0,1,0,0,0,0,0,0,0
1,2019,8,23,2,6,4,2,0,1,1,0,0,0,0,0,0,0,0
3,2018,12,17,3,6,2,2,0,1,1,0,0,0,1,0,0,1,0
1,2018,4,16,4,2,6,0,1,1,0,0,0,0,0,0,0,1,0
1,2020,10,6,6,5,2,1,1,1,0,0,0,0,1,1,1,1,0
10,2018,8,17,4,0,3,0,0,1,0,0,0,1,0,0,0,1,0
3,2018,2,15,3,5,3,0,0,1,0,0,0,0,0,0,0,1,0
1,2020,7,7,3,0,3,0,1,1,0,0,0,0,0,0,1,2,0
3,2021,10,18,5,5,3,1,1,1,0,0,0,0,0,0,1,1,0
1,2021,4,14,3,6,4,0,0,1,1,0,0,0,1,1,2,1,0
9,2018,7,17,5,6,2,0,0,0,1,0,0,1,1,0,0,2,0
5,2020,3,16,6,2,7,0,0,1,0,0,0,0,1,1,1,0,0
6,2020,4,21,4,5,3,2,0,1,0,0,0,0,0,1,2,1,0
6,2020,2,9,7,2,6,0,0,1,0,0,0,0,0,0,0,1,0
6,2018,7,17,3,3,6,0,1,0,0,0,0,1,0,0,0,2,1
4,2018,4,17,4,2,6,0,0,1,0,0,0,1,0,0,0,1,0
12,2018,2,14,5,5,2,0,1,1,0,0,0,0,0,0,0,1,0
2,2021,5,13,2,5,3,0,0,1,0,0,0,1,0,1,2,1,0
2,2019,11,6,1,9,1,2,0,1,0,0,0,0,0,0,0,0,0
4,2021,1,10,2,5,3,0,1,1,0,0,0,0,1,1,2,0,0
1,2018,5,15,7,5,3,0,1,1,0,0,0,0,0,0,0,0,1
12,2021,3,15,3,4,3,0,0,1,0,0,0,0,1,0,2,0,1
1,2018,8,15,5,0,6,0,0,1,0,0,0,0,0,0,0,1,0
12,2020,5,12,6,5,2,0,0,1,0,1,0,0,0,1,1,0,0
7,2021,11,17,4,0,1,2,0,0,0,1,0,0,0,0,2,0,0
4,2019,11,18,2,5,2,2,0,1,0,1,0,0,1,0,0,0,0
7,2020,5,19,3,2,6,0,1,1,0,0,0,0,1,1,1,0,0
12,2021,3,15,4,5,3,0,1,1,0,0,0,0,1,0,2,0,0
5,2020,12,11,4,5,2,0,1,1,0,0,0,0,0,1,2,1,1
1,2018,10,9,3,5,3,0,1,1,0,0,0,0,0,0,0,1,0
3,2018,6,13,1,5,3,0,1,1,0,0,0,0,0,0,0,0,0
11,2020,2,18,4,2,6,2,0,0,0,1,0,1,1,0,0,1,0
3,2019,10,14,2,6,4,0,1,0,1,0,0,0,0,0,0,1,0
1,2021,1,12,7,2,6,0,0,1,0,0,0,0,0,1,2,0,0
4,2020,4,16,4,5,2,0,0,1,0,0,0,0,0,1,2,1,0
8,2018,6,19,5,1,5,0,0,1,0,1,0,0,0,0,0,0,0
11,2020,7,10,5,5,3,0,1,0,0,1,0,0,0,0,1,2,0
3,2019,6,11,1,5,2,0,1,1,0,0,0,0,0,0,0,1,0
1,2021,9,23,5,5,3,2,1,1,0,0,0,0,0,0,1,0,1
2,2021,12,20,1,5,2,2,0,1,0,0,0,0,2,1,2,1,0
7,2018,6,14,7,6,4,0,1,1,1,0,0,0,0,0,0,0,0
3,2020,1,8,3,5,2,0,1,1,0,0,0,0,1,0,0,1,0
4,2019,4,9,3,6,2,0,0,1,1,0,0,0,0,0,0,1,1
1,2018,12,9,5,6,2,0,1,0,1,0,0,0,0,0,0,1,0
6,2020,6,12,6,5,3,0,0,1,0,0,0,0,0,0,1,1,0
8,2019,9,9,7,0,1,0,0,0,0,1,0,0,1,0,0,0,0
6,2019,8,15,2,5,3,0,0,1,0,0,0,0,0,0,0,0,0
5,2021,5,9,2,5,2,0,0,1,0,0,0,0,0,1,2,1,0
12,2021,3,18,2,6,2,2,0,1,1,0,0,0,0,0,2,0,0
1,2021,7,14,3,5,2,0,1,1,0,0,0,0,0,0,1,2,0
7,2018,9,11,4,5,2,0,1,0,0,0,0,1,0,0,0,0,0
5,2018,6,18,7,5,3,0,1,1,0,0,0,0,0,0,0,0,0
11,2019,7,16,6,5,2,0,1,1,0,0,0,0,0,0,0,2,0
7,2018,9,13,1,6,2,0,0,1,1,0,0,0,0,0,0,0,0
6,2020,8,20,5,2,2,1,0,1,0,0,0,0,0,0,1,1,0
7,2020,8,20,7,5,2,1,0,1,0,1,0,0,0,0,1,1,0
6,2018,7,18,3,0,5,0,1,1,0,0,0,0,0,0,0,2,0
10,2019,11,15,2,5,3,0,1,1,0,0,0,0,0,0,0,0,0
4,2019,6,15,2,5,7,0,0,1,0,0,0,0,0,0,0,1,0
7,2020,7,8,2,6,7,0,0,0,1,0,0,1,0,0,1,2,0
2,2020,10,17,6,5,7,2,1,0,0,0,0,1,1,1,1,1,0
4,2019,1,12,4,5,2,0,0,1,0,1,0,0,0,0,0,1,1
9,2020,1,12,2,5,3,0,1,1,0,0,0,0,0,0,0,1,0
11,2021,11,7,3,5,3,0,1,1,0,0,0,0,0,0,2,0,0
1,2018,7,10,3,0,1,0,1,0,0,0,0,0,0,0,0,2,0
2,2021,2,17,3,6,4,2,1,1,1,0,0,0,2,1,2,1,0
1,2020,4,16,2,5,2,0,1,1,0,0,0,0,0,1,2,1,0
9,2020,1,17,3,2,2,2,0,1,0,0,0,0,0,0,0,1,0
6,2020,2,14,5,5,3,0,0,1,0,0,0,0,1,0,0,1,0
3,2020,9,14,2,5,3,0,1,1,0,0,0,0,0,0,1,0,0
2,2020,4,16,7,5,3,0,1,1,0,0,0,0,0,1,2,1,1
1,2019,12,11,6,6,2,0,0,0,1,0,0,1,0,0,0,1,0
1,2021,7,19,5,5,3,0,1,1,0,0,0,0,0,0,1,2,0
6,2021,6,17,1,6,2,0,0,1,1,0,0,0,0,0,1,1,0
9,2020,7,15,6,5,2,0,1,1,0,0,0,0,0,0,1,2,1
4,2018,12,17,3,2,6,2,0,1,0,0,0,1,1,0,0,1,0
1,2018,3,20,1,1,5,2,1,1,0,0,0,1,0,0,0,1,0
12,2018,8,10,6,2,6,0,0,1,0,0,0,0,0,0,0,1,0
8,2018,9,9,6,0,3,0,1,1,0,0,0,0,0,0,0,0,0
2,2021,10,18,4,1,5,0,0,1,0,0,0,0,0,0,1,1,0
9,2021,1,21,7,8,1,2,0,1,0,0,0,0,1,1,2,0,1
12,2020,3,8,3,6,4,0,0,1,1,0,0,0,0,1,1,0,0