BEZ,UJAHR,UMONAT,USTUNDE,UWOCHENTAG,UART,UTYP1,ULICHTVERH,IstRad,IstPKW,IstFuss,IstKrad,IstGkfz,IstSonstige,USTRZUSTAND,LOCKDOWN,COVID,FERIEN,UKATEGORIE
7,2021,12,17,2,5,2,2,0,1,0,1,0,0,1,1,2,1,0
6,2019,1,18,3,2,6,2,0,1,0,0,0,0,1,0,0,1,0
7,2018,9,17,5,3,6,0,0,1,0,1,0,0,0,0,0,0,0
4,2020,5,15,2,0,6,0,0,1,0,1,0,0,1,1,1,0,0
4,2018,11,13,6,1,5,0,1,1,0,0,0,0,0,0,0,0,0
4,2020,5,14,2,2,6,0,0,1,0,0,1,0,1,1,1,0,0
2,2018,7,16,3,1,5,0,1,1,0,0,0,0,0,0,0,2,0
8,2018,6,15,5,2,6,0,0,1,0,0,0,0,0,0,0,0,0
3,2018,1,18,5,5,3,2,1,1,0,0,0,0,1,0,0,0,0
9,2018,8,15,2,5,3,0,0,1,0,1,0,0,0,0,0,1,0
12,2021,6,20,3,3,6,0,0,1,0,0,0,0,0,0,1,1,0
8,2019,12,18,7,2,6,2,0,1,0,0,0,0,0,0,0,1,0
8,2021,5,12,3,5,3,0,1,1,0,0,0,0,0,1,2,1,1
1,2019,12,14,5,1,5,0,0,1,0,0,0,0,0,0,0,1,0
1,2020,3,15,1,0,1,0,0,0,0,1,0,0,1,1,1,0,1
1,2018,10,17,2,3,2,1,1,1,0,0,0,0,0,0,0,1,0
7,2019,10,12,3,5,3,0,1,0,0,1,0,0,0,0,0,1,1
12,2020,8,18,6,0,1,1,1,0,0,0,0,0,0,0,1,1,0
2,2021,6,19,5,3,6,0,1,0,0,0,0,1,0,0,1,1,1
9,2018,3,13,5,5,3,0,0,1,0,0,0,0,0,0,0,1,0
8,2019,1,21,7,6,2,2,0,1,1,0,0,0,1,0,0,1,0
12,2018,7,8,4,5,3,0,1,1,0,0,0,0,0,0,0,2,0
11,2021,7,16,3,2,7,0,1,0,0,0,0,1,0,0,1,2,0
2,2020,8,15,7,5,2,0,0,1,0,0,0,1,0,0,1,1,0
4,2020,2,21,2,5,3,2,0,1,0,0,0,0,1,0,0,1,0
1,2019,5,16,5,1,5,0,1,1,0,0,0,1,0,0,0,0,0
7,2019,5,12,5,0,7,0,1,0,0,0,0,1,1,0,0,0,0
8,2019,8,14,5,5,3,0,0,1,0,0,0,1,0,0,0,0,0
2,2020,9,14,4,6,7,0,0,1,1,0,0,0,0,0,1,0,0
4,2020,3,15,3,0,7,0,0,1,0,1,1,0,1,1,1,0,0
1,2019,10,13,2,5,3,0,1,0,0,0,0,1,0,0,0,1,0
8,2020,10,14,6,5,3,0,1,1,0,0,0,0,0,1,1,1,0
2,2018,6,2,5,5,2,2,1,1,0,0,0,0,0,0,0,0,0
1,2020,9,20,7,1,5,2,1,1,0,0,0,0,0,0,1,0,0
8,2021,3,18,1,6,6,0,1,0,1,0,0,0,0,0,2,0,0
4,2019,8,15,2,2,6,2,0,1,0,0,0,0,0,0,0,0,0
9,2020,12,7,2,5,3,0,0,1,0,0,0,0,1,1,2,1,0
7,2021,2,17,3,2,6,2,0,1,0,0,0,1,1,1,2,1,0
4,2019,4,18,5,5,3,0,1,1,0,0,0,0,0,0,0,1,0
11,2019,12,15,5,5,1,0,0,1,0,0,0,0,1,0,0,1,1
9,2020,10,14,5,5,3,0,0,1,0,0,0,0,0,1,1,1,0
6,2021,9,12,2,1,5,0,0,1,0,0,0,1,0,0,1,0,0
4,2021,4,12,4,5,3,0,1,1,0,0,0,0,0,1,2,1,0
2,2018,11,17,3,0,7,2,1,0,0,0,0,0,1,0,0,0,0
1,2019,10,1,1,5,2,2,0,1,0,0,0,0,0,0,0,1,1
1,2019,2,8,3,5,2,0,1,1,0,0,0,0,0,0,0,1,0
10,2018,5,16,5,5,2,0,1,1,0,0,0,0,0,0,0,0,0
3,2019,12,9,3,1,5,0,0,1,0,0,0,1,0,0,0,1,0
4,2020,3,9,5,5,2,0,0,1,0,0,0,0,1,1,1,0,0
6,2018,4,7,4,6,2,0,0,1,1,0,0,0,0,0,0,1,0
2,2020,9,17,4,6,7,0,0,1,1,0,0,0,1,0,1,0,0
1,2020,6,2,1,0,1,2,0,0,0,0,0,1,0,0,1,1,0
9,2019,7,17,3,5,3,0,0,1,0,1,0,0,0,0,0,2,1
7,2019,4,12,2,5,2,0,0,1,0,0,0,0,0,0,0,1,0
6,2019,3,10,2,0,1,0,1,0,0,0,0,0,0,0,0,0,0
8,2021,11,20,3,5,3,2,0,1,0,0,0,0,1,0,2,0,1
3,2021,8,9,2,0,2,0,1,0,0,1,0,0,1,0,1,1,0
9,2018,6,9,1,5,3,0,0,1,0,0,0,0,0,0,0,0,0
1,2020,9,12,6,5,3,0,1,1,0,0,0,0,0,0,1,0,0
1,2019,11,18,6,5,2,2,1,1,0,0,0,0,0,0,0,0,0
7,2021,6,9,4,5,3,0,0,1,0,0,0,0,0,0,1,1,1
1,2019,9,17,4,6,2,0,0,1,1,0,0,0,0,0,0,0,0
10,2018,12,16,6,2,6,2,0,1,0,0,0,1,1,0,0,1,0
7,2018,7,0,3,0,2,2,0,1,0,0,0,0,0,0,0,2,0
2,2020,6,20,2,6,4,0,0,1,1,0,0,0,0,0,1,1,0
10,2020,11,19,7,5,2,2,0,1,0,0,0,0,0,1,2,0,0
3,2018,4,19,3,3,6,1,1,1,0,0,0,0,0,0,0,1,0
1,2020,8,22,3,1,5,2,0,1,0,1,0,0,0,0,1,1,0
5,2020,9,8,7,9,1,0,0,1,0,0,0,0,1,0,1,0,0
6,2021,2,19,2,2,6,2,0,1,0,0,0,1,0,1,2,1,0
3,2018,4,13,1,2,6,0,0,1,0,1,0,0,0,0,0,1,0
12,2020,7,12,3,2,6,0,0,1,0,0,0,0,0,0,1,2,0
7,2020,9,17,7,6,7,1,0,1,1,0,0,0,0,0,1,0,0
5,2018,11,2,2,1,1,2,0,1,0,0,0,1,1,0,0,0,0
7,2018,7,23,5,3,6,2,0,1,0,1,0,0,0,0,0,2,0
11,2021,11,12,5,5,3,0,1,1,0,0,0,0,1,0,2,0,0
9,2019,1,14,6,5,3,0,0,1,0,0,0,0,1,0,0,1,0
7,2018,1,7,4,6,2,2,0,1,1,0,0,0,1,0,0,0,1
12,2019,6,17,6,2,5,0,0,1,0,1,0,0,0,0,0,1,0
4,2018,3,7,2,6,4,1,1,0,1,0,0,0,0,0,0,1,0
9,2019,8,7,5,5,2,0,1,1,0,0,0,0,0,0,0,0,0
5,2021,3,11,1,6,4,0,0,1,1,0,0,0,0,0,2,0,1
5,2021,6,15,4,5,3,0,1,0,0,0,0,0,0,0,1,1,0
2,2021,9,16,1,2,2,0,1,1,0,0,0,0,0,0,1,0,0
11,2020,3,15,4,6,7,0,0,1,1,0,0,0,0,1,1,0,0
7,2020,4,17,5,0,1,0,1,0,0,0,0,0,0,1,2,1,1
1,2019,9,9,4,5,3,0,1,1,0,0,0,0,0,0,0,0,0
12,2020,9,14,2,3,6,0,0,1,0,1,0,0,0,0,1,0,0
2,2021,8,0,6,0,1,2,0,0,0,0,0,1,1,0,1,1,1
11,2021,6,16,6,5,7,0,0,1,0,0,0,1,0,0,1,1,0
2,2019,12,9,6,8,1,0,0,1,0,0,0,0,1,0,0,1,0
6,2018,11,8,3,5,3,0,0,1,0,0,0,0,0,0,0,0,0
1,2021,3,12,4,5,3,0,1,1,0,0,0,0,0,0,2,0,0
2,2020,7,20,6,2,2,0,1,1,0,0,0,0,0,0,1,2,0
3,2021,6,9,3,5,2,0,1,0,0,0,0,1,0,0,1,1,0
1,2021,8,11,2,0,3,0,0,1,0,1,0,0,0,0,1,1,0
8,2020,9,20,5,2,6,2,0,1,0,0,0,0,0,0,1,0,0
7,2018,3,20,4,5,7,2,0,1,0,0,0,0,1,0,0,1,1
9,2019,4,10,2,5,2,0,1,1,0,0,0,0,0,0,0,1,0
3,2019,3,7,5,1,5,0,1,1,0,0,0,0,1,0,0,0,0
11,2021,7,13,7,5,3,0,1,1,0,0,0,0,0,0,1,2,0
6,2019,4,15,7,5,7,0,0,1,0,1,0,0,0,0,0,1,1
8,2021,6,17,5,5,3,0,0,1,0,0,0,0,0,0,1,1,0
1,2019,8,15,6,5,2,0,1,0,0,0,0,0,0,0,0,0,0
6,2018,4,8,3,1,7,0,1,1,0,0,0,0,0,0,0,1,0
5,2018,9,19,5,1,5,1,0,0,0,1,1,0,0,0,0,0,1
1,2019,7,23,3,5,3,2,1,0,0,0,0,1,0,0,0,2,0
4,2019,8,17,6,5,3,0,1,1,0,0,0,0,0,0,0,0,1
8,2018,9,7,5,5,3,0,1,0,0,0,0,0,0,0,0,0,1
1,2019,8,15,2,2,6,0,1,0,0,0,0,0,0,0,0,0,0
9,2021,5,20,2,5,3,0,1,1,0,0,0,0,0,1,2,1,0
10,2019,7,15,2,6,4,0,0,1,1,0,0,0,0,0,0,2,0
1,2019,10,18,5,6,4,2,0,1,1,0,0,0,0,0,0,1,0
9,2020,7,12,3,0,7,0,1,0,0,0,0,0,0,0,1,2,0
8,2018,2,8,3,5,2,0,1,1,0,0,0,0,0,0,0,1,1
8,2018,6,13,5,2,6,0,0,1,0,0,0,0,0,0,0,0,0
2,2021,10,18,7,2,2,1,0,1,0,0,0,0,0,0,1,1,0
3,2019,4,16,6,5,3,0,1,1,0,0,0,0,0,0,0,1,0
1,2021,3,15,6,1,5,0,1,0,0,0,0,1,0,0,2,0,0
3,2021,2,14,7,5,3,0,0,1,0,0,0,0,0,1,2,1,0
11,2021,5,14,2,6,4,0,0,1,1,0,0,0,0,1,2,1,1
9,2020,11,11,1,2,2,0,1,1,0,0,0,0,0,1,2,0,0
1,2019,6,17,5,2,2,0,0,1,0,1,0,0,0,0,0,1,0
3,2018,9,19,5,5,3,2,0,1,0,0,0,0,0,0,0,0,0
4,2019,9,13,2,8,1,0,0,1,0,0,0,0,0,0,0,0,0
4,2019,9,12,2,2,7,0,0,1,0,0,0,0,1,0,0,0,1
7,2020,9,0,2,3,6,2,0,1,0,0,0,0,0,0,1,0,0
9,2020,5,16,4,5,3,0,1,0,0,0,0,1,0,1,1,0,0
3,2020,6,19,6,0,7,0,1,0,1,0,0,0,0,0,1,1,0
6,2018,5,18,2,5,3,0,0,1,0,0,0,0,0,0,0,0,0
11,2019,3,17,3,5,3,0,0,1,0,0,0,0,0,0,0,0,0
11,2018,5,7,4,6,4,0,0,1,1,0,0,0,0,0,0,0,0
7,2018,10,14,2,2,6,0,0,1,0,0,0,1,0,0,0,1,0
11,2018,5,13,7,2,6,0,1,0,0,0,0,1,0,0,0,0,1
1,2018,10,15,2,2,6,0,0,1,0,0,0,0,0,0,0,1,0
2,2018,4,22,6,3,6,2,0,1,0,0,0,0,1,0,0,1,0
4,2018,3,13,6,5,3,0,0,1,0,1,0,0,0,0,0,1,0
2,2021,12,0,5,5,2,2,0,1,0,0,0,0,0,1,2,1,0
7,2021,3,13,5,7,7,0,1,0,0,0,0,0,1,0,2,0,0
1,2018,12,15,6,6,4,2,0,1,1,0,0,0,1,0,0,1,0
2,2018,3,2,4,6,4,2,0,0,1,0,0,1,1,0,0,1,0
9,2020,10,13,5,0,1,0,1,0,0,0,0,0,1,1,1,1,0
2,2019,11,8,6,5,2,0,1,0,0,0,0,1,0,0,0,0,0
7,2018,7,15,2,5,7,0,0,1,0,1,0,0,0,0,0,2,0
6,2018,2,1,1,1,5,2,1,1,0,0,0,0,1,0,0,1,1
2,2019,10,18,2,2,6,2,0,1,0,0,0,0,1,0,0,1,0
3,2019,11,5,5,6,4,2,0,1,1,0,0,0,1,0,0,0,0
7,2019,5,11,2,3,6,0,1,0,0,0,1,0,0,0,0,0,1
11,2019,11,15,2,2,6,0,0,1,0,0,0,1,0,0,0,0,0
1,2018,3,19,2,5,3,2,0,1,0,0,0,0,1,0,0,1,0
11,2021,12,9,1,5,2,0,0,1,0,0,0,1,0,1,2,1,0
1,2021,10,10,6,5,3,0,1,0,0,0,1,0,0,0,1,1,0
7,2019,12,15,3,1,5,0,0,1,0,0,0,0,1,0,0,1,1
9,2020,12,15,3,5,2,1,1,1,0,0,0,0,0,1,2,1,0
2,2020,1,21,3,6,4,2,0,1,1,0,0,0,1,0,0,1,0
1,2018,5,21,4,5,2,0,1,1,0,0,0,0,0,0,0,0,0
3,2019,12,23,4,8,1,2,0,1,0,0,0,0,0,0,0,1,0
8,2019,2,16,5,1,5,0,0,1,0,0,0,0,1,0,0,1,0
7,2019,11,18,2,2,6,2,0,1,0,0,0,0,1,0,0,0,0
3,2019,2,13,7,5,3,0,0,1,0,0,0,0,0,0,0,1,0
9,2018,10,16,5,5,2,0,1,1,0,0,0,0,0,0,0,1,0
9,2020,9,16,3,2,6,0,0,1,0,0,0,0,0,0,1,0,0
11,2020,10,17,4,5,7,1,0,0,0,1,0,1,0,1,1,1,1
12,2018,12,15,2,2,2,0,0,1,0,0,0,0,0,0,0,1,0
12,2018,8,16,4,2,6,0,0,1,0,0,0,0,0,0,0,1,0
2,2020,11,22,5,5,2,2,1,0,0,0,0,1,1,1,2,0,0
6,2021,5,21,7,6,7,2,0,0,1,0,0,1,0,1,2,1,0
2,2021,9,11,2,5,3,0,0,1,0,0,0,0,0,0,1,0,0
4,2019,12,11,2,2,6,0,0,1,0,1,0,0,0,0,0,1,0
9,2020,1,17,6,6,4,2,0,0,1,0,0,1,0,0,0,1,1
3,2018,3,20,5,2,2,2,0,1,0,0,0,0,0,0,0,1,0
12,2020,7,13,1,2,6,0,1,0,0,0,0,0,0,0,1,2,0
8,2021,3,17,4,5,3,0,1,1,0,0,0,0,0,0,2,0,1
9,2019,10,12,4,6,4,0,0,1,1,0,0,0,0,0,0,1,0
7,2018,4,5,2,5,3,1,1,0,0,0,1,0,0,0,0,1,1
11,2020,5,15,7,0,7,0,1,1,0,0,0,0,0,1,1,0,0
8,2019,4,7,3,6,7,0,1,0,1,0,0,0,0,0,0,1,0
1,2019,4,15,1,5,2,0,0,1,0,0,0,1,0,0,0,1,0
11,2019,10,14,2,5,3,0,1,0,0,0,0,1,0,0,0,1,1
4,2019,11,15,3,5,2,0,0,1,0,0,0,1,0,0,0,0,0
4,2020,5,16,2,5,2,0,1,1,0,0,0,0,1,1,1,0,0
3,2021,9,13,5,2,6,0,0,1,0,0,0,0,0,0,1,0,0
7,2021,8,22,3,2,6,2,0,1,0,0,0,1,0,0,1,1,0
9,2021,8,13,4,2,6,0,0,1,0,0,0,0,0,0,1,1,0
12,2020,8,20,7,5,7,2,0,1,0,0,0,0,0,0,1,1,0
4,2021,6,16,5,2,6,0,0,1,0,0,0,1,0,0,1,1,0
7,2018,4,12,7,5,2,0,0,1,0,0,0,0,0,0,0,1,0
1,2020,7,15,5,1,5,0,0,1,0,0,0,0,1,0,1,2,0
2,2021,4,11,2,5,2,0,1,1,0,0,0,0,0,1,2,1,0
3,2018,6,13,5,6,2,0,0,1,1,0,0,0,0,0,0,0,0
2,2019,1,12,2,6,7,0,0,1,1,0,0,0,0,0,0,1,0
2,2020,11,21,7,3,6,2,1,0,0,0,0,1,0,1,2,0,0
11,2019,2,18,5,2,6,2,0,1,0,0,0,0,0,0,0,1,0
2,2020,12,13,7,6,2,0,0,1,1,0,0,0,0,1,2,1,1
4,2020,2,13,5,0,6,0,0,1,0,0,0,1,0,0,0,1,0
3,2021,1,9,4,0,3,0,0,1,0,0,0,1,1,1,2,0,1
12,2019,3,15,6,2,6,0,0,1,0,0,0,0,1,0,0,0,0
1,2021,7,14,5,0,1,0,1,0,0,0,0,0,0,0,1,2,0
2,2021,6,1,5,0,1,2,1,0,0,0,0,0,0,0,1,1,0
2,2018,5,9,3,5,3,0,0,1,0,0,0,0,0,0,0,0,0
7,2018,4,10,2,1,5,0,1,1,0,0,0,0,0,0,0,1,0
2,2020,2,21,4,9,1,2,0,1,0,0,0,0,1,0,0,1,0
2,2019,12,15,7,6,3,0,1,0,1,0,0,0,0,0,0,1,0
3,2019,4,16,7,5,3,0,0,1,0,0,0,0,0,0,0,1,0
2,2021,9,2,5,0,7,2,1,0,0,0,0,0,1,0,1,0,1
12,2018,4,7,2,5,3,0,1,1,0,0,0,0,0,0,0,1,0
6,2019,12,17,1,5,3,2,0,1,0,0,0,0,1,0,0,1,0
7,2019,9,19,6,1,5,2,0,1,0,0,0,1,0,0,0,0,0
3,2018,6,12,4,1,7,0,0,1,0,0,0,0,0,0,0,0,0
8,2019,10,12,7,5,3,0,0,1,0,0,0,0,0,0,0,1,0
2,2020,7,12,5,0,1,0,0,0,0,1,0,0,1,0,1,2,1
9,2021,9,12,4,5,3,0,1,1,0,0,0,0,1,0,1,0,0
7,2019,3,9,5,5,3,0,1,1,0,0,0,0,1,0,0,0,1
2,2021,4,14,6,5,3,0,1,1,0,0,0,0,0,1,2,1,0
7,2019,6,18,2,5,5,0,1,1,0,0,0,0,0,0,0,1,0
8,2018,9,7,6,6,4,0,0,1,1,0,0,0,0,0,0,0,0
6,2018,11,18,4,6,4,2,1,0,1,0,0,0,0,0,0,0,0
11,2020,9,18,5,5,2,0,1,1,0,0,0,0,0,0,1,0,0
1,2018,11,17,6,3,6,2,1,1,0,0,0,0,0,0,0,0,0
6,2020,2,7,5,1,5,0,0,1,0,0,0,0,0,0,0,1,0
9,2021,11,10,7,5,3,0,1,1,0,0,0,0,0,0,2,0,0
1,2018,8,14,1,3,6,0,1,0,0,0,0,0,0,0,0,1,1
10,2018,8,14,7,5,3,0,1,1,0,0,0,0,0,0,0,1,0
9,2020,8,15,1,0,1,0,1,0,0,0,0,0,0,0,1,1,0
5,2021,6,17,2,5,3,0,0,1,0,1,0,0,0,0,1,1,0
3,2019,3,15,5,6,4,0,0,1,1,0,0,0,0,0,0,0,0
8,2020,11,13,1,1,5,0,1,1,0,0,0,0,0,1,2,0,0
8,2018,8,16,6,6,7,0,1,0,1,0,0,0,0,0,0,1,0
11,2018,8,7,3,5,5,0,1,1,0,0,0,0,0,0,0,1,0
1,2019,5,10,2,2,2,0,1,1,0,0,0,0,0,0,0,0,0
5,2020,10,15,3,4,6,0,0,1,0,0,0,0,0,1,1,1,1
12,2021,11,23,2,5,3,2,1,1,0,0,0,0,0,0,2,0,0
5,2020,8,16,6,5,2,0,0,1,0,0,0,0,0,0,1,1,0
1,2018,5,8,4,5,3,0,1,1,0,0,0,0,0,0,0,0,0
1,2020,8,12,4,0,1,0,0,1,0,1,0,0,1,0,1,1,0
2,2018,5,9,6,5,2,0,1,1,0,0,0,0,0,0,0,0,0
10,2019,9,14,3,3,6,0,1,1,0,0,0,0,0,0,0,0,0
11,2021,8,14,4,5,3,0,0,1,0,1,0,0,0,0,1,1,1
2,2021,4,18,4,0,1,0,1,0,0,0,0,0,0,1,2,1,0
6,2021,9,20,4,5,2,1,1,0,0,1,0,0,0,0,1,0,1
7,2021,6,11,2,5,2,0,0,1,0,0,0,0,0,0,1,1,0
10,2021,2,8,6,6,6,0,0,1,1,0,0,0,2,1,2,1,0
4,2018,3,11,4,6,2,0,0,1,1,0,0,0,1,0,0,1,0
4,2019,9,10,3,5,2,0,0,1,0,1,0,0,1,0,0,0,1
1,2021,6,22,7,1,5,2,0,1,0,0,0,0,0,0,1,1,0
4,2019,10,20,3,5,7,2,1,1,0,0,0,0,0,0,0,1,0
2,2020,10,13,1,0,1,0,0,0,0,1,0,0,0,1,1,1,0
1,2018,5,15,2,5,2,0,1,1,0,0,0,0,0,0,0,0,0
2,2020,4,19,3,6,4,0,1,0,1,0,0,0,0,1,2,1,0
3,2019,6,14,3,5,7,0,1,1,0,0,0,0,0,0,0,1,0
3,2021,8,12,3,5,2,0,0,1,0,1,0,0,0,0,1,1,1
3,2018,4,8,5,5,7,0,0,1,0,1,0,0,0,0,0,1,0
1,2018,4,9,5,1,5,0,1,1,0,0,0,0,1,0,0,1,0
8,2020,1,16,4,6,4,1,0,0,1,0,0,1,0,0,0,1,0
1,2018,7,14,2,3,6,0,1,0,0,0,0,1,0,0,0,2,0
3,2018,11,10,4,6,2,0,0,1,1,0,0,0,0,0,0,0,0
12,2020,8,21,5,1,5,1,1,1,0,0,0,0,0,0,1,1,0
6,2021,9,18,3,5,3,0,1,1,0,0,0,0,0,0,1,0,0
5,2021,6,17,6,0,7,0,1,0,0,0,0,0,0,0,1,1,1
7,2019,12,15,7,5,3,0,0,1,0,0,0,0,0,0,0,1,0
1,2018,4,14,6,3,6,0,0,1,0,1,0,0,0,0,0,1,0
8,2021,3,9,2,3,6,0,1,1,0,0,0,0,0,0,2,0,0
4,2019,9,17,5,0,5,0,0,0,0,1,0,1,0,0,0,0,0
7,2019,8,18,5,1,5,0,1,1,0,0,0,0,0,0,0,0,0
2,2020,6,14,6,3,6,0,1,1,0,0,0,0,0,0,1,1,0
9,2021,8,6,6,5,2,1,1,1,0,0,0,0,0,0,1,1,0
3,2020,11,7,2,5,3,0,1,0,0,0,0,1,0,1,2,0,0
7,2019,6,9,2,5,2,0,1,0,0,0,0,1,0,0,0,1,0
1,2020,9,13,5,5,7,0,0,0,0,1,0,1,0,0,1,0,0
6,2019,9,17,3,5,2,0,1,1,0,0,0,0,0,0,0,0,0
2,2018,6,9,3,1,6,0,1,1,0,0,0,1,0,0,0,0,0
3,2019,2,13,6,6,4,0,0,1,1,0,0,0,0,0,0,1,1
7,2018,1,19,2,3,6,2,0,1,0,0,0,0,0,0,0,0,0
7,2019,12,10,6,0,1,0,1,0,0,0,0,0,2,0,0,1,0
1,2020,4,10,2,5,2,0,0,1,0,0,0,0,0,1,2,1,0
2,2019,11,17,6,3,2,1,1,1,0,0,0,0,0,0,0,0,0
3,2020,11,9,3,9,1,0,0,1,0,0,0,0,0,1,2,0,0
1,2018,6,7,5,6,4,0,0,1,1,0,0,0,0,0,0,0,0
10,2020,6,8,5,5,2,0,0,1,0,1,0,0,0,0,1,1,0
2,2018,12,0,1,5,3,2,0,1,0,0,0,0,1,0,0,1,0
8,2019,10,9,1,1,5,0,0,1,0,0,0,1,0,0,0,1,0
11,2019,10,14,6,2,6,0,0,1,0,0,0,0,0,0,0,1,0
6,2019,5,17,2,5,3,0,0,1,0,0,0,0,1,0,0,0,0
7,2019,4,1,4,5,3,2,0,1,0,0,0,0,0,0,0,1,0
4,2020,11,8,5,2,6,0,1,1,0,0,0,0,0,1,2,0,0
5,2019,8,9,3,2,2,0,0,1,0,0,0,0,0,0,0,0,0
2,2019,4,13,3,5,2,0,0,0,0,0,0,1,0,0,0,1,0
1,2021,8,21,5,6,2,1,0,1,1,0,0,0,0,0,1,1,0
11,2020,9,16,1,1,5,0,1,1,0,0,0,0,0,0,1,0,0
7,2020,6,15,5,0,7,0,1,0,0,0,0,1,0,0,1,1,0
1,2019,6,17,3,5,3,0,1,0,0,0,0,0,0,0,0,1,0
3,2021,7,19,4,5,2,0,1,0,0,1,0,0,0,0,1,2,0
1,2019,10,9,5,2,2,0,0,1,0,0,0,0,1,0,0,1,0
1,2019,6,16,5,2,6,0,0,1,0,1,0,0,0,0,0,1,0
7,2021,5,17,4,2,6,0,0,1,0,0,0,0,0,1,2,1,0
3,2020,5,7,6,5,2,0,1,0,0,0,0,0,0,1,1,0,0
7,2018,8,15,7,1,5,0,1,1,0,0,0,0,0,0,0,1,0
2,2021,6,11,2,0,2,0,1,0,0,0,0,1,0,0,1,1,0
1,2020,8,14,6,5,2,0,0,1,0,0,0,0,0,0,1,1,0
5,2018,9,16,2,6,7,0,0,1,1,0,0,0,0,0,0,0,1
2,2021,7,19,7,2,6,0,0,1,0,0,0,0,0,0,1,2,0
2,2018,7,19,7,1,5,0,0,1,0,1,0,0,0,0,0,2,0
1,2020,6,14,7,3,6,0,1,1,0,0,0,0,0,0,1,1,0
8,2019,12,21,4,3,6,2,1,1,0,0,0,0,0,0,0,1,0
7,2019,6,0,6,3,6,2,0,1,0,0,0,0,0,0,0,1,1
5,2018,10,13,3,5,2,0,0,1,0,1,0,0,0,0,0,1,0
4,2018,10,13,7,5,2,0,1,1,0,0,0,0,0,0,0,1,0
12,2019,5,10,2,0,1,0,1,0,0,0,0,0,0,0,0,0,0
4,2019,1,14,6,1,5,0,0,1,0,0,0,0,1,0,0,1,0
3,2021,5,9,6,1,5,0,1,1,0,0,0,0,0,1,2,1,0
9,2018,2,13,3,6,4,0,0,1,1,0,0,0,0,0,0,1,0
7,2018,9,12,5,0,1,0,1,0,0,0,0,0,0,0,0,0,0
3,2019,6,18,1,5,2,0,1,1,0,0,0,0,0,0,0,1,0
5,2020,8,17,5,5,2,0,0,1,0,0,0,1,0,0,1,1,0
11,2018,8,7,6,5,3,0,1,0,0,0,0,0,0,0,0,1,0
11,2021,1,11,7,6,4,0,0,1,1,0,0,0,0,1,2,0,0
4,2018,4,19,7,3,6,0,0,1,0,0,0,0,0,0,0,1,0
12,2019,9,11,5,5,2,0,1,1,0,0,0,0,0,0,0,0,0
4,2021,8,10,4,3,6,0,0,0,0,1,0,1,0,0,1,1,1
8,2020,2,9,4,0,2,0,1,1,1,0,0,0,0,0,0,1,0
11,2021,6,15,1,1,5,0,0,1,0,0,0,0,0,0,1,1,0
7,2018,2,12,3,0,3,0,0,1,0,0,0,1,0,0,0,1,0
1,2018,11,15,6,6,4,1,0,1,1,0,0,0,1,0,0,0,0
7,2018,6,17,6,1,2,0,0,1,0,1,0,0,0,0,0,0,1
2,2019,8,16,4,2,6,0,0,0,0,0,0,1,0,0,0,0,0
12,2019,3,19,7,6,2,2,0,1,1,0,0,0,1,0,0,0,0
6,2018,8,20,4,0,7,1,0,1,0,1,0,0,0,0,0,1,0
7,2020,6,20,5,1,5,0,0,1,0,1,0,0,0,0,1,1,1
3,2021,8,22,1,1,1,2,0,1,0,0,0,1,0,0,1,1,0
5,2018,4,11,4,5,2,0,1,0,0,0,0,1,0,0,0,1,0
3,2018,10,5,2,5,2,2,0,1,0,1,0,0,0,0,0,1,1
4,2019,6,7,2,2,6,0,0,1,0,0,0,0,0,0,0,1,0
10,2018,8,7,2,2,6,0,0,1,0,0,0,1,0,0,0,1,0
6,2018,9,13,5,5,2,0,0,1,0,1,0,0,0,0,0,0,1
6,2020,11,18,6,6,4,2,0,1,1,0,0,0,0,1,2,0,0
4,2019,10,13,5,2,6,0,0,1,0,0,1,0,0,0,0,1,0
2,2020,5,13,6,5,3,0,0,1,0,0,0,0,0,1,1,0,0
11,2020,10,15,5,5,3,0,1,1,0,0,0,0,0,1,1,1,0
2,2020,5,19,7,0,1,0,1,0,0,0,0,0,0,1,1,0,0
12,2020,9,14,2,0,1,0,1,1,0,0,0,0,0,0,1,0,0
4,2019,5,14,6,6,4,0,0,1,1,0,0,0,0,0,0,0,0
8,2019,9,11,2,5,3,0,0,1,0,1,0,0,1,0,0,0,0
11,2018,8,11,5,5,2,0,1,0,0,0,0,1,0,0,0,1,0
2,2019,10,15,5,1,5,0,1,0,0,0,0,1,0,0,0,1,0
10,2021,9,11,6,6,7,0,0,0,1,0,0,1,0,0,1,0,0
11,2020,8,14,5,5,7,0,0,1,0,0,0,0,0,0,1,1,0
10,2021,4,16,5,2,6,0,0,1,0,0,0,0,0,1,2,1,0
11,2021,2,17,2,5,2,2,0,1,0,1,0,0,0,1,2,1,0
7,2019,5,18,5,5,3,0,1,1,0,0,0,0,0,0,0,0,0
1,2020,11,0,2,6,4,2,0,1,1,0,0,0,0,1,2,0,0
7,2018,5,18,2,0,2,0,1,0,0,1,0,0,0,0,0,0,0
4,2020,8,11,6,3,6,0,0,1,0,0,1,0,0,0,1,1,0
4,2019,2,15,1,5,3,0,0,1,0,1,0,0,1,0,0,1,0
3,2021,5,17,3,5,3,0,0,1,0,0,0,0,0,1,2,1,0
3,2020,12,10,2,0,1,0,0,0,0,1,0,0,1,1,2,1,0