BEZ,UJAHR,UMONAT,USTUNDE,UWOCHENTAG,UART,UTYP1,ULICHTVERH,IstRad,IstPKW,IstFuss,IstKrad,IstGkfz,IstSonstige,USTRZUSTAND,LOCKDOWN,COVID,FERIEN,UKATEGORIE
9,2021,9,10,4,2,6,0,0,1,0,0,0,0,0,0,1,0,0
12,2020,10,14,5,5,3,0,0,1,0,1,0,0,0,1,1,1,0
11,2021,5,9,2,2,6,0,0,1,0,1,0,0,0,1,2,1,0
9,2018,2,16,2,2,6,0,0,1,0,0,0,0,0,0,0,1,0
11,2020,8,15,4,1,5,0,0,0,0,1,0,1,0,0,1,1,1
11,2018,8,10,7,5,7,0,1,1,0,0,0,0,0,0,0,1,1
1,2018,2,13,3,0,2,0,0,1,0,0,0,1,0,0,0,1,1
8,2020,3,16,4,5,3,0,0,1,0,1,0,0,0,1,1,0,0
2,2020,11,15,4,2,6,0,0,1,0,0,0,0,0,1,2,0,0
5,2020,4,18,4,2,6,1,0,1,0,0,0,0,1,1,2,1,0
2,2021,11,16,6,2,7,1,1,1,0,0,0,0,0,0,2,0,0
12,2020,7,9,6,5,2,0,1,1,0,0,0,0,0,0,1,2,0
1,2020,5,14,5,0,1,0,1,0,0,0,0,0,0,1,1,0,0
1,2019,6,21,7,2,6,1,0,1,0,0,0,0,0,0,0,1,0
4,2018,1,17,3,0,4,1,0,0,1,0,0,1,0,0,0,0,0
1,2020,2,3,7,0,1,2,0,0,0,0,0,1,0,0,0,1,0
5,2020,6,17,2,0,2,0,1,1,0,0,0,0,0,0,1,1,0
11,2020,10,16,3,3,6,0,0,1,0,0,1,0,0,1,1,1,0
1,2021,10,18,1,5,3,1,0,1,0,0,0,0,0,0,1,1,0
4,2018,9,16,2,0,1,0,0,0,0,1,0,0,1,0,0,0,1
12,2020,6,6,5,5,3,0,1,1,0,0,0,0,1,0,1,1,0
1,2018,1,9,2,3,6,0,0,1,0,1,0,0,0,0,0,0,0
3,2019,2,17,2,1,5,1,1,0,0,0,1,0,0,0,0,1,0
2,2019,5,16,7,5,3,0,1,1,0,0,0,0,1,0,0,0,0
11,2018,5,13,3,1,7,0,0,1,0,0,0,0,0,0,0,0,0
3,2018,6,12,6,2,6,0,0,1,0,0,0,0,0,0,0,0,0
7,2021,6,17,3,0,7,0,1,0,0,0,0,0,0,0,1,1,0
9,2021,2,18,3,6,2,2,0,1,1,0,0,0,1,1,2,1,0
1,2019,1,7,1,2,2,2,0,1,0,0,0,0,1,0,0,1,0
12,2021,2,12,5,5,3,0,0,1,0,0,0,0,0,1,2,1,0
11,2021,12,13,5,5,3,0,0,1,0,0,0,0,1,1,2,1,0
4,2018,1,17,3,5,3,2,0,1,0,0,0,0,1,0,0,0,0
1,2021,10,22,2,3,6,2,1,1,0,0,0,0,0,0,1,1,1
12,2020,9,16,2,5,3,0,1,1,0,0,0,0,0,0,1,0,0
2,2020,6,19,5,6,7,0,1,0,1,0,0,0,0,0,1,1,0
9,2018,7,17,2,6,4,0,1,0,1,0,0,0,0,0,0,2,0
12,2021,7,11,7,2,6,0,0,1,0,0,0,0,0,0,1,2,1
3,2019,2,13,6,0,3,0,1,0,0,1,0,0,0,0,0,1,0
6,2019,2,14,5,2,6,0,0,1,0,0,0,0,0,0,0,1,0
4,2018,5,14,3,2,6,0,0,1,0,0,0,0,0,0,0,0,1
1,2019,11,8,6,3,6,0,0,1,0,0,1,0,0,0,0,0,0
9,2019,4,16,2,5,3,0,1,1,0,0,0,0,0,0,0,1,0
3,2018,6,8,5,5,3,0,1,1,0,0,0,0,0,0,0,0,0
7,2020,3,12,6,2,2,0,0,1,0,0,0,0,1,1,1,0,0
3,2018,12,16,5,5,2,2,0,1,0,0,0,0,1,0,0,1,1
5,2018,5,21,5,0,7,1,0,1,0,0,0,0,0,0,0,0,0
12,2018,5,19,3,6,7,1,0,1,1,0,0,0,0,0,0,0,0
5,2021,6,13,1,2,6,0,0,1,0,0,0,0,0,0,1,1,0
6,2020,5,12,5,2,2,0,0,1,0,1,0,0,0,1,1,0,0
1,2019,6,22,4,0,3,2,0,1,0,1,0,0,1,0,0,1,0
2,2020,3,16,4,5,3,0,1,1,0,0,0,0,0,1,1,0,0
5,2020,12,13,4,5,3,0,1,1,0,0,0,0,0,1,2,1,0
4,2018,5,16,6,2,7,0,0,1,0,1,0,0,0,0,0,0,0
9,2018,9,6,5,3,6,0,0,1,0,1,0,0,0,0,0,0,0
11,2018,9,9,3,0,3,0,0,1,0,1,0,0,0,0,0,0,1
7,2018,7,9,2,5,2,0,1,1,0,0,0,0,0,0,0,2,0
12,2019,6,15,5,2,6,0,0,1,0,0,0,0,0,0,0,1,0
4,2021,4,16,7,6,4,0,0,1,1,0,0,0,0,1,2,1,0
6,2021,6,18,4,1,5,0,0,1,0,0,0,0,1,0,1,1,0
10,2021,7,16,5,5,2,0,0,1,0,0,0,0,1,0,1,2,0
4,2018,2,1,1,1,5,2,0,1,0,0,1,0,0,0,0,1,0
9,2019,12,10,4,5,3,0,0,1,0,0,0,0,0,0,0,1,0
4,2020,10,14,1,5,7,0,1,1,0,0,0,0,0,1,1,1,0
12,2021,9,17,6,2,6,0,0,1,0,0,0,0,1,0,1,0,0
5,2021,12,17,5,6,4,1,0,1,1,0,0,0,1,1,2,1,0
5,2018,1,11,4,6,4,0,0,1,1,0,0,0,1,0,0,0,1
3,2018,11,17,4,5,3,2,1,1,0,0,0,0,0,0,0,0,0
3,2021,9,20,5,5,3,2,0,1,0,0,0,0,0,0,1,0,0
4,2020,1,19,3,6,2,2,0,1,1,0,0,0,1,0,0,1,0
7,2019,11,6,2,6,2,1,0,1,1,0,0,0,1,0,0,0,0
9,2021,8,19,5,0,6,0,0,1,0,0,0,0,0,0,1,1,1
10,2020,5,18,7,5,3,1,0,1,0,0,0,1,0,1,1,0,1
3,2019,12,17,1,6,4,2,0,1,1,0,0,0,1,0,0,1,0
9,2018,3,17,3,3,6,0,0,1,0,0,1,0,1,0,0,1,0
12,2020,11,15,1,0,2,0,0,1,0,1,0,0,0,1,2,0,0
6,2020,9,7,2,6,4,0,1,0,1,0,0,0,0,0,1,0,0
10,2018,9,10,5,2,6,0,0,1,0,0,0,0,0,0,0,0,0
7,2019,5,15,3,5,2,0,0,1,0,1,0,0,0,0,0,0,0
7,2018,4,17,1,0,6,0,0,1,0,1,0,0,1,0,0,1,1
12,2020,10,16,3,5,3,0,0,1,0,0,0,0,0,1,1,1,0
2,2019,6,21,2,9,1,1,0,0,0,1,0,0,0,0,0,1,1
4,2021,4,17,5,2,6,0,0,1,0,0,0,0,0,1,2,1,0
5,2020,5,14,7,3,6,0,0,1,0,1,0,0,0,1,1,0,0
10,2019,8,7,4,5,3,0,1,1,0,0,0,0,0,0,0,0,1
3,2018,12,19,5,6,7,2,0,1,1,0,0,0,1,0,0,1,0
1,2021,11,16,7,6,4,2,0,1,1,0,0,0,1,0,2,0,0
1,2021,11,18,3,0,6,2,0,1,0,1,0,0,1,0,2,0,0
4,2018,3,5,1,9,1,2,0,0,0,0,0,1,0,0,0,1,0
2,2019,9,9,2,5,2,0,1,1,0,0,0,0,1,0,0,0,0
6,2019,12,19,6,5,3,2,0,1,0,0,0,0,1,0,0,1,0
11,2018,4,16,4,5,2,0,1,1,0,0,0,0,0,0,0,1,0
1,2020,4,19,5,2,3,0,0,1,0,0,0,0,0,1,2,1,0
10,2020,10,16,4,5,3,0,0,1,0,0,0,1,1,1,1,1,0
5,2021,9,16,4,5,3,0,0,1,0,1,0,0,0,0,1,0,0
4,2020,4,15,2,6,4,0,0,1,1,0,0,0,0,1,2,1,0
1,2021,2,19,2,2,6,2,0,1,0,0,0,0,2,1,2,1,0
1,2020,8,12,1,2,6,0,0,1,0,0,0,0,1,0,1,1,0
6,2018,7,13,3,2,2,0,0,1,0,0,0,0,0,0,0,2,0
5,2020,8,19,3,0,6,0,0,0,0,0,1,1,1,0,1,1,0
4,2019,4,10,3,2,7,0,1,0,0,0,0,1,0,0,0,1,0
10,2019,8,13,4,5,7,0,0,1,0,0,0,0,0,0,0,0,0
2,2021,6,8,5,5,3,0,1,1,0,0,0,0,0,0,1,1,0
3,2020,3,17,2,5,3,0,1,1,0,0,0,0,0,1,1,0,0
3,2021,9,12,3,6,4,0,0,1,1,0,0,0,0,0,1,0,1
12,2021,4,16,5,6,7,0,0,0,1,0,0,1,0,1,2,1,0
2,2019,1,18,4,5,3,2,0,1,0,0,0,0,1,0,0,1,0
1,2021,9,18,1,1,5,0,0,1,0,0,0,1,0,0,1,0,0
11,2019,9,9,6,0,7,0,0,1,0,0,0,0,0,0,0,0,0
3,2018,10,22,6,5,3,2,1,1,0,0,0,0,0,0,0,1,0
2,2019,5,13,1,6,4,0,1,0,1,0,0,0,0,0,0,0,0
1,2021,5,13,2,2,6,0,0,1,0,0,0,1,0,1,2,1,0
1,2021,8,8,4,1,5,0,1,1,0,0,0,0,0,0,1,1,0
9,2021,5,7,2,5,2,0,1,1,0,0,0,0,0,1,2,1,1
3,2021,1,16,5,0,7,1,1,0,0,0,0,0,1,1,2,0,1
7,2020,1,7,5,5,2,1,1,1,0,0,0,0,1,0,0,1,0
5,2018,4,13,7,6,7,0,0,1,1,0,0,0,0,0,0,1,0
8,2020,9,13,7,2,6,0,1,1,0,0,0,0,1,0,1,0,0
1,2019,6,16,6,0,1,0,1,0,0,0,0,0,0,0,0,1,0
4,2018,4,18,7,5,2,0,0,1,0,0,0,0,0,0,0,1,0
4,2019,3,18,1,6,2,2,0,1,1,0,0,0,1,0,0,0,0
8,2019,3,13,6,2,2,0,1,1,0,0,0,0,0,0,0,0,0
3,2018,5,4,4,7,7,1,0,0,0,1,0,0,0,0,0,0,0
2,2018,2,20,4,6,2,2,0,1,1,0,0,0,0,0,0,1,0
8,2021,11,6,3,5,3,1,0,1,0,0,0,0,1,0,2,0,1
7,2020,6,8,6,2,6,0,0,1,0,0,0,0,0,0,1,1,0
1,2020,10,16,7,5,7,0,1,1,0,0,0,0,0,1,1,1,0
4,2019,4,8,6,2,6,0,0,1,0,0,0,1,0,0,0,1,0
6,2018,4,8,4,5,3,0,1,1,0,0,0,0,0,0,0,1,0
1,2021,7,11,3,2,6,0,1,0,0,0,0,1,0,0,1,2,0
3,2020,6,15,4,5,3,0,1,1,0,0,0,0,0,0,1,1,0
3,2020,4,11,7,6,2,0,0,1,1,0,0,0,0,1,2,1,0
1,2020,4,17,5,2,6,0,0,1,0,0,0,0,0,1,2,1,0
5,2018,5,14,5,5,3,0,0,1,0,0,0,0,0,0,0,0,0
7,2021,9,16,7,5,3,0,0,1,0,0,0,0,0,0,1,0,0
8,2019,4,15,7,5,3,0,0,0,0,0,0,1,0,0,0,1,0
8,2020,7,13,6,0,7,0,0,1,0,0,0,0,0,0,1,2,0
5,2020,3,15,4,5,2,0,0,1,0,1,0,0,0,1,1,0,1
2,2021,1,0,1,0,1,2,1,0,0,0,0,0,1,1,2,0,0
4,2019,2,8,3,0,4,0,1,0,1,0,0,0,0,0,0,1,0
4,2018,5,16,2,5,3,0,0,1,0,0,0,0,0,0,0,0,0
6,2021,4,12,7,1,5,0,0,1,0,0,0,1,0,1,2,1,0
1,2020,8,19,4,3,6,0,0,1,0,1,0,0,0,0,1,1,0
4,2018,11,0,2,2,6,2,0,1,0,0,0,0,1,0,0,0,0
3,2019,8,13,1,2,6,0,0,1,0,0,0,0,0,0,0,0,0
6,2020,9,10,3,1,5,0,1,1,0,0,0,0,0,0,1,0,0
3,2020,10,13,2,3,6,0,0,1,0,0,0,1,0,1,1,1,0
3,2020,9,20,1,0,6,2,0,1,0,1,0,0,0,0,1,0,0
2,2019,8,15,7,2,6,0,1,1,0,0,0,0,0,0,0,0,0
3,2020,10,23,2,1,5,2,1,0,0,1,0,0,1,1,1,1,0
1,2021,3,14,4,0,1,0,1,0,0,0,0,0,0,0,2,0,0
1,2021,7,20,7,0,2,0,1,1,0,0,0,0,0,0,1,2,0
1,2019,9,13,6,2,6,0,0,1,0,0,0,0,0,0,0,0,0
7,2020,8,15,3,5,3,0,1,1,0,0,0,0,0,0,1,1,0
9,2018,6,13,6,5,3,0,0,0,0,0,0,1,0,0,0,0,0
4,2021,7,11,6,2,6,0,0,1,0,0,0,0,0,0,1,2,0
1,2018,4,19,4,5,2,0,1,0,0,0,0,0,0,0,0,1,0
10,2019,6,18,7,5,2,0,0,1,0,0,0,0,0,0,0,1,0
8,2019,12,16,7,2,6,2,0,1,0,0,0,0,1,0,0,1,0
6,2018,12,20,3,0,1,2,1,0,0,0,0,0,1,0,0,1,0
8,2018,12,11,5,2,6,0,0,1,0,0,0,1,0,0,0,1,0
8,2018,5,8,2,5,2,0,0,1,0,0,0,0,0,0,0,0,0
5,2019,1,17,5,6,4,2,0,1,1,0,0,0,0,0,0,1,1
3,2019,10,13,3,2,6,0,0,1,0,0,0,0,0,0,0,1,0
3,2021,5,11,7,5,3,0,1,1,0,0,0,0,0,1,2,1,0
2,2018,8,17,3,5,2,0,1,1,0,0,0,0,0,0,0,1,0
8,2019,11,17,6,6,4,2,0,0,1,0,0,1,0,0,0,0,0
9,2021,8,11,2,0,3,0,1,1,0,0,0,0,0,0,1,1,0
9,2020,8,7,2,4,6,0,0,1,0,0,0,0,0,0,1,1,0
11,2021,8,6,3,6,7,0,0,1,1,0,0,0,1,0,1,1,0
9,2020,5,8,2,5,2,0,0,1,0,1,0,0,1,1,1,0,0
1,2020,2,22,4,5,2,2,0,1,0,1,0,0,1,0,0,1,0
8,2019,1,16,3,5,3,2,0,1,0,0,0,0,1,0,0,1,0
4,2021,8,8,5,0,1,0,1,0,0,0,0,0,0,0,1,1,0
12,2020,6,9,7,5,3,0,1,1,0,0,0,0,0,0,1,1,1
3,2019,2,21,6,6,4,2,1,0,1,0,0,0,0,0,0,1,0
5,2019,11,9,7,6,2,0,0,1,1,0,0,0,0,0,0,0,0
7,2021,8,20,4,1,5,2,0,1,0,0,0,0,1,0,1,1,0
8,2018,3,18,6,2,2,2,0,1,0,0,0,0,1,0,0,1,0
4,2019,11,13,2,2,3,0,1,1,0,0,0,0,1,0,0,0,0
5,2019,5,11,7,6,2,0,0,1,1,0,0,0,0,0,0,0,1
12,2021,7,12,2,5,3,0,1,0,0,0,0,0,0,0,1,2,0
2,2020,4,16,7,3,6,0,0,1,0,1,0,0,0,1,2,1,0
1,2020,7,8,5,5,2,0,1,1,0,0,0,0,0,0,1,2,0
10,2021,5,15,3,2,6,0,0,1,0,0,0,0,0,1,2,1,0
5,2018,5,16,3,5,3,0,1,1,0,0,0,0,0,0,0,0,0
11,2018,5,14,4,5,3,0,0,1,0,1,0,0,0,0,0,0,0
2,2020,11,9,2,5,3,0,1,0,0,0,0,0,0,1,2,0,0
4,2018,6,4,4,1,1,1,0,1,0,0,0,0,0,0,0,0,0
10,2021,9,12,6,2,6,0,0,1,0,1,0,0,0,0,1,0,0
7,2018,3,13,3,3,6,0,1,1,0,0,0,0,0,0,0,1,0
8,2019,5,12,4,5,3,0,0,1,0,0,0,0,0,0,0,0,0
3,2021,6,8,5,3,6,0,1,1,0,0,0,0,0,0,1,1,0
7,2018,8,8,5,6,2,0,0,1,1,0,0,0,0,0,0,1,0
1,2019,6,19,7,2,6,0,0,1,0,1,0,0,0,0,0,1,0
7,2019,9,18,5,3,6,0,0,1,0,0,0,0,0,0,0,0,1
6,2018,7,9,7,5,2,0,1,1,0,0,0,0,0,0,0,2,0
8,2020,11,12,1,0,1,0,1,0,0,0,0,0,1,1,2,0,0
3,2018,7,12,6,5,3,0,1,1,0,0,0,0,0,0,0,2,0
1,2020,1,22,5,0,1,2,0,0,0,1,0,0,1,0,0,1,0
11,2019,10,16,3,5,2,1,1,0,0,0,0,1,0,0,0,1,0
7,2018,4,8,2,5,2,0,1,0,0,0,0,1,0,0,0,1,0
8,2020,11,16,2,2,6,1,0,1,0,0,0,0,0,1,2,0,0
10,2021,8,18,3,3,6,0,1,0,0,0,0,1,0,0,1,1,0
4,2018,3,16,5,0,7,0,0,1,0,0,0,0,0,0,0,1,1
11,2021,9,17,6,5,3,0,0,1,0,1,0,0,0,0,1,0,0
1,2018,5,17,4,3,6,0,1,1,0,0,0,0,0,0,0,0,0
11,2021,10,7,2,5,3,0,0,0,0,0,1,1,0,0,1,1,0
4,2020,9,9,4,5,7,0,0,1,0,0,1,0,0,0,1,0,0
2,2019,10,16,7,5,3,0,1,1,0,0,0,0,0,0,0,1,0
10,2021,1,1,1,9,1,2,0,1,0,0,0,0,1,1,2,0,0
4,2018,10,1,5,3,6,2,0,1,0,0,0,0,0,0,0,1,0
5,2018,6,18,1,5,3,0,0,1,0,1,0,0,0,0,0,0,0
1,2020,12,17,4,6,7,2,0,1,1,0,0,0,0,1,2,1,0
7,2021,6,17,4,1,5,0,1,1,0,0,0,0,0,0,1,1,0
1,2021,10,9,6,5,3,0,1,1,0,0,0,0,0,0,1,1,0
1,2020,9,17,3,6,4,0,1,0,1,0,0,0,0,0,1,0,0
12,2019,1,19,3,6,7,2,0,1,1,0,0,0,0,0,0,1,0
7,2019,11,8,2,6,4,0,0,1,1,0,0,0,1,0,0,0,0
3,2021,6,17,4,9,1,0,0,0,0,1,0,0,0,0,1,1,0
1,2020,9,8,3,6,6,0,1,0,1,0,0,0,0,0,1,0,0
9,2021,10,12,3,3,6,0,1,0,0,0,0,1,0,0,1,1,1
5,2020,7,10,3,5,2,0,1,0,0,0,0,1,0,0,1,2,0
4,2020,1,5,7,5,3,2,0,1,0,0,0,0,0,0,0,1,0
7,2020,10,13,5,5,3,0,0,1,0,0,0,0,1,1,1,1,0
12,2018,7,10,2,0,2,0,1,1,0,0,0,0,0,0,0,2,0
5,2018,2,12,2,5,3,0,1,1,0,0,0,0,0,0,0,1,0
3,2019,12,6,6,5,3,2,1,1,0,0,0,0,0,0,0,1,1
3,2018,9,5,5,5,2,2,1,1,0,0,0,0,0,0,0,0,0
3,2019,1,11,2,6,4,0,1,0,1,0,0,0,1,0,0,1,0
1,2018,4,12,3,5,3,0,0,1,0,1,0,0,0,0,0,1,0
8,2019,11,16,2,2,6,2,0,1,0,0,0,0,0,0,0,0,0
1,2019,8,4,7,8,1,2,0,1,0,0,0,0,0,0,0,0,0
2,2020,9,12,4,6,4,0,0,1,1,0,0,0,0,0,1,0,0
3,2020,2,5,2,5,3,2,1,1,0,0,0,0,1,0,0,1,0
11,2018,7,17,2,1,5,0,1,1,0,0,0,0,0,0,0,2,1
8,2018,12,15,6,0,7,1,0,1,1,0,0,0,1,0,0,1,0
1,2019,3,19,3,6,4,2,1,0,1,0,0,0,0,0,0,0,0
4,2019,8,13,1,2,6,0,0,1,0,0,0,0,0,0,0,0,0
4,2020,10,13,7,2,6,0,0,1,0,0,0,0,0,1,1,1,0
5,2019,11,21,7,2,6,2,0,1,0,0,0,0,1,0,0,0,1
4,2021,9,14,7,5,3,0,0,1,0,0,0,0,1,0,1,0,0
4,2019,5,16,4,2,6,0,0,1,0,0,0,0,0,0,0,0,0
11,2019,6,17,3,8,1,0,0,1,0,0,0,0,0,0,0,1,0
2,2019,7,20,6,5,3,0,1,1,0,0,0,0,0,0,0,2,0
3,2019,9,9,5,4,6,0,1,0,0,0,0,0,0,0,0,0,0
12,2018,9,12,5,0,7,0,1,1,0,0,0,0,0,0,0,0,1
4,2018,12,15,4,2,6,0,0,1,0,1,0,0,0,0,0,1,0
1,2018,8,7,5,5,3,0,1,0,0,0,0,1,0,0,0,1,0
9,2020,9,15,5,5,3,0,1,1,0,0,0,0,0,0,1,0,0
9,2018,3,18,4,5,3,2,1,1,0,0,0,0,1,0,0,1,1
5,2018,4,8,7,5,2,0,0,1,0,0,1,0,0,0,0,1,0
7,2018,1,12,3,2,2,0,0,1,0,0,0,0,0,0,0,0,0
7,2019,12,11,2,6,7,0,0,1,1,0,0,0,1,0,0,1,1
12,2021,12,16,5,2,2,2,0,1,0,0,0,0,0,1,2,1,0
7,2018,2,0,4,0,1,2,1,0,0,0,0,0,0,0,0,1,0
4,2020,9,17,2,5,2,0,1,1,0,0,0,0,0,0,1,0,0
6,2021,11,11,6,0,1,0,0,0,0,1,0,0,1,0,2,0,1
1,2019,3,10,3,2,7,0,0,1,0,0,0,0,0,0,0,0,1
12,2021,11,2,7,2,7,2,0,1,0,0,0,0,0,0,2,0,0
5,2020,2,11,5,6,7,0,0,1,1,0,0,0,0,0,0,1,0
10,2021,2,15,3,2,6,0,0,1,0,0,0,0,1,1,2,1,0
1,2021,3,6,6,3,6,0,1,1,0,0,0,0,1,0,2,0,0
1,2019,9,15,6,2,6,0,0,1,0,1,0,0,0,0,0,0,0
12,2020,10,9,6,5,3,0,1,1,0,0,0,0,1,1,1,1,0
10,2019,9,11,1,3,6,0,1,1,0,0,0,0,0,0,0,0,0
6,2019,9,19,2,5,3,2,1,1,0,0,0,0,1,0,0,0,0
1,2019,10,23,2,4,6,2,1,1,0,0,0,0,1,0,0,1,1
7,2019,8,13,6,5,7,0,0,1,0,0,0,0,0,0,0,0,0
9,2020,6,6,4,5,2,0,1,0,0,0,0,1,0,0,1,1,0
12,2019,1,21,7,3,6,2,0,1,0,1,0,0,0,0,0,1,0
1,2018,7,16,2,0,1,0,1,0,0,0,0,0,0,0,0,2,0
3,2021,10,12,1,6,4,0,0,0,1,1,0,0,0,0,1,1,1
6,2019,5,15,4,1,5,0,1,1,0,0,0,0,0,0,0,0,0
5,2019,6,9,6,6,7,0,0,0,1,0,0,1,0,0,0,1,1
2,2021,6,9,6,0,3,0,1,1,0,0,0,0,0,0,1,1,0
11,2020,3,19,1,0,1,2,1,0,0,0,0,0,0,1,1,0,1
5,2018,2,17,6,5,2,2,1,1,0,0,0,0,0,0,0,1,0
1,2020,5,17,6,5,3,0,1,1,0,0,0,0,0,1,1,0,0
2,2018,2,10,4,2,7,0,1,1,0,0,0,0,0,0,0,1,0
6,2019,9,10,7,0,6,0,0,1,0,1,0,0,0,0,0,0,0
2,2018,4,17,5,3,2,0,0,0,0,1,1,0,0,0,0,1,0
1,2021,4,9,5,1,5,0,1,1,0,0,0,0,0,1,2,1,0
4,2018,6,19,6,3,6,0,0,1,0,0,0,0,0,0,0,0,0
9,2021,3,9,3,5,3,0,1,1,0,0,0,0,0,0,2,0,0
7,2021,9,9,5,5,3,0,0,1,0,1,0,0,0,0,1,0,0
9,2018,5,7,3,5,2,0,0,1,0,1,0,0,0,0,0,0,0
10,2020,4,12,4,0,1,0,0,0,0,1,0,0,0,1,2,1,0
10,2018,7,19,5,5,3,0,1,1,0,0,0,0,0,0,0,2,1
6,2019,3,13,7,0,5,0,0,0,0,1,0,1,0,0,0,0,1
7,2018,4,10,2,2,6,0,0,1,0,1,0,0,0,0,0,1,0
6,2021,9,11,3,5,2,0,0,1,0,0,0,0,0,0,1,0,0
9,2019,2,14,2,5,2,0,0,1,0,0,0,0,0,0,0,1,0
7,2021,11,7,3,0,1,0,0,1,0,1,0,0,1,0,2,0,0
3,2019,7,10,6,0,3,0,0,1,0,1,0,0,1,0,0,2,0
4,2021,9,17,4,2,2,0,0,1,0,0,0,0,1,0,1,0,0
7,2018,7,5,6,5,2,0,0,1,0,1,0,0,0,0,0,2,1
1,2018,11,17,3,3,6,2,1,0,0,0,0,1,0,0,0,0,0
11,2019,4,20,2,6,4,2,0,1,1,0,0,0,0,0,0,1,1
3,2018,6,19,1,5,3,0,0,1,0,0,0,1,1,0,0,0,1
8,2019,5,7,2,5,2,0,1,1,0,0,0,0,0,0,0,0,0
12,2019,3,17,2,6,7,0,0,1,1,0,0,0,0,0,0,0,0
1,2019,6,11,2,5,3,0,1,1,0,0,0,0,0,0,0,1,1
4,2018,2,15,1,5,3,0,0,1,0,0,0,0,0,0,0,1,0
5,2020,9,8,4,2,2,0,0,1,0,0,0,0,0,0,1,0,0
4,2021,4,18,6,3,2,0,1,0,0,0,0,0,0,1,2,1,1
2,2019,6,14,7,5,3,0,1,1,0,0,0,0,0,0,0,1,0
7,2021,10,13,1,2,6,0,0,1,0,0,0,0,0,0,1,1,1
1,2018,8,7,5,0,1,0,1,0,0,0,0,0,0,0,0,1,1
11,2021,11,14,2,6,4,0,0,0,1,0,0,1,0,0,2,0,0
6,2019,11,13,1,5,3,0,0,1,0,0,0,0,0,0,0,0,0
4,2020,8,16,2,5,3,0,1,1,0,0,0,0,0,0,1,1,1
1,2019,2,13,5,2,6,0,0,1,0,0,0,0,0,0,0,1,0
12,2021,4,17,3,5,3,0,1,0,0,1,0,0,0,1,2,1,1
4,2021,10,16,6,5,7,0,1,1,0,0,0,0,1,0,1,1,0
9,2020,11,15,6,5,3,0,0,1,0,1,0,0,0,1,2,0,1
12,2018,6,11,7,3,6,0,0,1,0,1,0,0,0,0,0,0,0
7,2020,6,13,7,1,5,0,0,1,0,1,0,0,1,0,1,1,0
10,2021,7,2,2,0,1,2,0,1,0,0,0,0,0,0,1,2,0
5,2020,10,12,6,5,2,0,0,1,0,0,0,0,1,1,1,1,0
11,2019,4,20,3,5,3,2,1,1,0,0,0,0,0,0,0,1,0
10,2018,1,3,1,1,5,2,0,1,0,0,1,0,0,0,0,0,1
4,2019,9,10,4,5,3,0,0,1,0,0,0,0,0,0,0,0,0
4,2021,7,13,7,6,7,0,0,1,1,0,0,0,0,0,1,2,0
8,2020,8,9,1,0,3,0,1,1,0,0,0,0,0,0,1,1,1
6,2020,10,12,2,5,3,0,1,1,0,0,0,0,0,1,1,1,0
7,2021,3,10,7,3,6,0,0,1,0,0,0,0,1,0,2,0,0
4,2019,9,14,6,5,3,0,1,1,0,0,0,0,0,0,0,0,0
9,2020,5,15,2,2,6,0,0,1,0,0,1,0,0,1,1,0,0
9,2019,6,12,7,6,4,0,0,1,1,0,0,0,0,0,0,1,0
7,2021,12,19,4,5,3,2,0,1,0,0,0,0,0,1,2,1,0
6,2020,9,13,3,5,3,0,0,1,0,0,0,0,0,0,1,0,0
3,2019,1,18,5,2,2,1,0,1,0,0,0,0,0,0,0,1,0
4,2018,5,18,7,3,6,0,0,1,0,0,0,0,0,0,0,0,0
12,2021,7,9,4,5,3,0,1,1,0,0,0,0,1,0,1,2,0
1,2019,1,15,4,2,6,0,0,1,0,0,0,0,1,0,0,1,0
6,2019,2,16,4,2,6,0,0,1,0,0,0,0,0,0,0,1,0
7,2020,5,17,2,2,6,1,0,1,0,0,0,0,0,1,1,0,0
5,2018,2,15,6,5,3,0,0,1,0,0,0,0,0,0,0,1,0
1,2020,2,14,4,5,2,0,1,0,0,0,0,1,0,0,0,1,1
11,2020,4,13,2,0,1,0,0,0,0,1,0,0,1,1,2,1,0
7,2018,9,13,3,2,2,0,1,1,0,0,0,0,0,0,0,0,0
1,2021,6,9,4,0,1,0,1,0,0,0,0,0,0,0,1,1,0
3,2018,2,23,5,4,4,2,1,1,1,0,0,0,1,0,0,1,1
8,2019,6,15,1,5,3,0,1,1,0,0,0,0,0,0,0,1,1
3,2019,6,13,5,6,7,0,0,0,0,0,0,1,0,0,0,1,0
6,2021,6,15,5,2,6,0,0,1,0,0,0,0,0,0,1,1,0
11,2018,5,17,4,5,2,0,1,1,0,0,0,0,0,0,0,0,1
3,2019,6,10,2,0,1,0,1,0,0,0,0,0,0,0,0,1,0
7,2019,3,16,6,0,3,0,1,0,0,0,0,1,0,0,0,0,0
11,2020,4,15,2,5,3,0,0,1,0,0,0,0,0,1,2,1,0
2,2021,12,14,5,1,5,0,1,1,0,0,0,0,0,1,2,1,0
8,2018,11,13,5,6,4,0,1,0,1,0,0,0,0,0,0,0,1
8,2021,8,19,1,5,3,0,0,1,0,1,0,0,1,0,1,1,0
1,2020,5,15,2,5,7,0,0,1,0,1,0,0,1,1,1,0,1
5,2019,6,18,3,3,6,0,0,1,0,0,0,0,0,0,0,1,0