BEZ,UJAHR,UMONAT,USTUNDE,UWOCHENTAG,UART,UTYP1,ULICHTVERH,IstRad,IstPKW,IstFuss,IstKrad,IstGkfz,IstSonstige,USTRZUSTAND,LOCKDOWN,COVID,FERIEN,UKATEGORIE
4,2018,5,19,5,2,6,0,0,1,0,0,0,0,0,0,0,0,0
1,2018,11,17,7,6,4,2,1,0,1,0,0,0,0,0,0,0,0
4,2018,6,12,6,2,6,0,0,1,0,1,0,0,0,0,0,0,0
4,2021,6,9,5,2,6,0,1,0,0,0,0,1,0,0,1,1,0
5,2018,5,8,3,3,2,0,0,1,0,1,0,0,0,0,0,0,1
9,2020,9,0,3,1,7,2,0,1,0,0,0,0,0,0,1,0,0
2,2019,12,17,5,6,4,2,0,1,1,0,0,0,0,0,0,1,0
4,2019,10,15,3,6,4,0,0,0,1,1,0,0,0,0,0,1,0
1,2020,10,14,6,5,5,0,0,1,0,1,0,0,0,1,1,1,0
6,2019,7,13,6,1,5,0,0,1,0,0,0,0,0,0,0,2,0
5,2020,6,7,2,5,2,0,0,0,0,1,0,1,0,0,1,1,0
3,2021,8,18,3,0,7,0,1,0,0,0,0,0,0,0,1,1,0
1,2019,9,18,2,5,2,0,0,1,0,1,0,0,0,0,0,0,0
9,2018,6,14,1,5,3,0,0,1,0,0,0,0,0,0,0,0,0
1,2019,12,17,6,5,3,2,1,1,0,0,0,0,1,0,0,1,0
2,2018,10,18,4,2,6,1,1,0,0,0,0,0,0,0,0,1,0
8,2019,6,3,7,6,4,2,0,0,1,1,0,0,0,0,0,1,0
8,2021,12,17,7,2,1,2,0,1,0,0,0,0,2,1,2,1,0
1,2021,2,11,7,0,7,0,0,1,0,0,0,1,1,1,2,1,0
10,2018,10,11,4,3,6,0,0,1,0,0,1,0,0,0,0,1,0
11,2019,4,7,3,2,1,0,0,1,0,0,0,0,0,0,0,1,0
11,2020,4,13,6,5,3,0,0,1,0,0,0,0,0,1,2,1,0
1,2018,4,10,3,1,5,0,1,1,0,0,0,1,0,0,0,1,0
4,2020,9,13,3,5,2,0,1,1,0,0,0,0,0,0,1,0,0
2,2021,10,8,7,5,3,0,1,0,0,0,0,0,1,0,1,1,0
10,2021,12,15,5,2,3,0,1,1,0,0,0,0,1,1,2,1,0
1,2019,7,23,6,0,7,2,0,0,0,1,0,1,0,0,0,2,1
7,2021,8,8,3,2,6,0,0,1,0,0,0,0,0,0,1,1,0
9,2019,9,16,2,2,6,0,0,1,0,0,0,0,0,0,0,0,0
10,2020,7,8,1,5,3,0,1,0,0,0,0,1,0,0,1,2,0
10,2020,6,14,4,5,3,0,0,1,0,0,0,1,0,0,1,1,0
1,2021,4,17,3,5,3,0,0,1,0,0,0,0,0,1,2,1,0
6,2018,4,9,4,0,5,0,1,1,0,0,0,0,0,0,0,1,0
9,2019,11,14,7,5,2,0,0,1,0,0,0,0,1,0,0,0,0
2,2019,12,7,2,5,3,1,0,1,0,0,0,1,0,0,0,1,0
4,2021,6,11,5,3,6,0,0,0,0,1,0,1,0,0,1,1,0
10,2020,7,11,7,5,2,0,0,1,0,0,0,1,0,0,1,2,0
7,2020,8,19,3,5,3,0,0,1,0,0,0,0,0,0,1,1,0
1,2020,1,12,5,2,2,0,0,1,0,0,0,0,0,0,0,1,0
8,2020,6,12,6,5,2,0,1,1,0,0,0,0,0,0,1,1,0
2,2021,5,7,5,5,2,0,1,0,0,0,0,1,0,1,2,1,0
3,2021,11,6,6,5,2,2,1,1,0,0,0,0,0,0,2,0,0
7,2018,2,14,3,2,6,0,0,1,0,0,0,0,0,0,0,1,0
2,2018,6,22,7,6,7,1,1,0,1,0,0,0,0,0,0,0,0
1,2021,3,12,2,6,4,0,0,0,1,0,0,1,0,0,2,0,1
1,2019,7,9,5,6,4,0,0,0,1,0,0,1,0,0,0,2,0
2,2020,7,22,4,5,2,2,1,1,0,0,0,0,0,0,1,2,0
1,2021,12,22,6,0,1,2,0,1,0,0,1,0,1,1,2,1,1
3,2020,8,14,6,5,2,0,1,1,0,0,0,0,0,0,1,1,0
4,2018,7,17,5,3,6,0,0,1,0,1,0,0,0,0,0,2,0
10,2019,5,15,4,6,4,0,0,1,1,0,0,0,1,0,0,0,1
1,2020,10,9,4,5,3,0,1,1,0,0,0,0,1,1,1,1,0
11,2018,7,14,5,5,3,0,0,1,0,0,0,0,0,0,0,2,0
3,2020,6,17,4,3,6,0,1,0,0,0,0,0,0,0,1,1,0
12,2021,8,15,3,6,4,0,1,0,1,0,0,0,0,0,1,1,1
10,2018,4,17,4,2,6,0,0,1,0,0,0,0,0,0,0,1,0
3,2020,8,8,4,5,2,0,1,1,0,0,0,0,0,0,1,1,1
12,2021,12,13,5,3,6,0,0,1,0,0,0,1,0,1,2,1,0
6,2020,7,19,5,5,2,0,1,1,0,0,0,0,0,0,1,2,1
12,2018,11,11,4,2,6,0,0,1,0,0,1,0,0,0,0,0,0
9,2020,6,17,1,0,1,0,1,0,0,0,0,0,0,0,1,1,1
4,2020,11,9,2,3,2,0,0,1,0,1,0,0,0,1,2,0,0
2,2019,9,22,6,1,1,2,0,1,0,0,0,1,0,0,0,0,0
3,2021,11,20,2,6,7,2,0,1,1,0,0,0,0,0,2,0,1
11,2020,11,15,7,5,3,0,0,1,0,0,0,0,1,1,2,0,0
3,2018,8,18,7,2,7,0,0,1,0,0,0,0,0,0,0,1,0
7,2019,12,17,2,6,2,2,0,1,1,0,0,0,1,0,0,1,0
7,2021,9,16,1,1,5,0,1,1,0,0,0,0,0,0,1,0,0
1,2018,9,10,4,1,5,0,0,1,0,0,0,0,0,0,0,0,0
11,2020,10,5,6,5,3,2,0,1,0,0,0,1,1,1,1,1,0
8,2020,4,13,4,0,3,0,0,1,0,1,0,0,0,1,2,1,0
11,2018,8,19,4,4,6,0,1,1,0,0,0,0,0,0,0,1,0
6,2019,5,20,5,2,6,1,0,1,0,0,0,0,0,0,0,0,0
4,2018,8,14,6,6,4,0,0,1,1,0,0,0,0,0,0,1,0
1,2020,2,23,5,5,2,2,0,1,0,0,0,0,1,0,0,1,0
10,2020,12,0,5,5,3,2,0,1,0,0,0,0,1,1,2,1,0
2,2021,6,12,3,0,7,0,1,0,0,0,0,0,0,0,1,1,1
4,2020,6,14,4,2,6,0,0,1,0,0,0,0,0,0,1,1,0
2,2018,10,15,6,5,3,0,0,1,0,1,0,0,0,0,0,1,0
3,2021,4,18,6,2,6,0,1,1,0,0,0,0,0,1,2,1,0
4,2018,3,23,6,1,7,2,0,1,0,0,0,0,0,0,0,1,1
4,2018,3,14,2,5,2,0,1,1,0,0,0,0,0,0,0,1,0
9,2021,11,10,1,5,2,0,0,1,0,0,0,1,1,0,2,0,1
1,2021,8,21,3,5,3,1,1,1,0,0,0,0,0,0,1,1,1
1,2018,8,6,5,5,7,0,1,0,0,0,0,1,0,0,0,1,0
11,2019,10,10,2,1,7,0,0,1,0,0,0,0,0,0,0,1,0
2,2018,1,21,5,2,7,2,0,1,0,0,0,0,1,0,0,0,0
5,2021,5,13,1,2,6,0,1,1,0,0,0,0,0,1,2,1,0
9,2019,8,17,6,5,2,0,1,1,0,0,0,0,0,0,0,0,0
12,2019,3,21,4,5,3,2,0,1,0,0,0,0,0,0,0,0,0
2,2021,6,0,7,4,6,2,0,1,0,0,0,0,0,0,1,1,0
1,2019,4,12,4,6,7,0,0,1,1,0,0,0,0,0,0,1,0
7,2018,6,12,4,6,7,0,0,0,1,0,0,1,0,0,0,0,0
4,2018,11,20,7,9,1,2,0,1,0,0,0,0,0,0,0,0,1
9,2021,5,18,3,2,6,0,0,1,0,0,0,1,0,1,2,1,0
5,2019,6,11,1,6,4,0,0,1,1,0,0,0,0,0,0,1,1
4,2018,2,16,5,5,2,1,1,1,0,0,0,0,0,0,0,1,0
5,2020,5,13,1,1,5,0,0,1,0,0,0,0,0,1,1,0,0
1,2019,8,16,4,1,5,0,0,1,0,1,0,0,0,0,0,0,1
2,2018,4,22,4,6,4,2,1,0,1,0,0,0,0,0,0,1,0
1,2021,11,14,7,5,2,0,0,1,0,0,0,1,0,0,2,0,0
7,2019,9,14,1,3,6,0,0,1,0,0,0,0,0,0,0,0,0
4,2018,5,20,5,5,2,0,1,1,0,0,0,0,0,0,0,0,0
8,2018,1,13,4,0,2,0,0,1,0,1,0,0,1,0,0,0,0
12,2018,6,17,6,6,4,0,0,1,1,0,0,0,0,0,0,0,0
3,2019,2,17,7,2,6,2,0,1,0,0,0,0,0,0,0,1,0
3,2021,11,17,3,5,2,2,0,1,0,1,0,0,0,0,2,0,0
2,2021,4,10,2,0,7,0,1,0,0,0,0,0,0,1,2,1,0
6,2019,2,7,4,6,4,0,0,1,1,0,0,0,0,0,0,1,0
9,2019,11,19,4,5,3,2,1,1,0,0,0,0,0,0,0,0,0
1,2019,9,9,3,6,4,0,0,1,1,0,0,0,1,0,0,0,0
6,2020,8,18,7,5,2,0,1,1,0,0,0,0,1,0,1,1,0
6,2018,11,8,6,5,2,0,0,1,0,0,0,0,1,0,0,0,0
5,2021,8,23,2,2,6,2,0,1,0,0,0,0,0,0,1,1,1
10,2020,6,6,2,5,3,0,1,1,0,0,0,0,0,0,1,1,0
11,2018,5,12,3,2,2,0,0,1,0,0,0,0,0,0,0,0,0
8,2019,5,12,6,5,2,0,1,0,0,0,0,1,0,0,0,0,0
5,2021,9,16,3,2,6,0,0,1,0,1,0,0,0,0,1,0,0
2,2018,2,8,4,1,6,0,1,0,0,0,0,1,0,0,0,1,0
9,2020,9,20,5,2,6,2,0,1,0,0,0,0,0,0,1,0,0
5,2018,5,17,7,1,5,0,0,1,0,1,0,0,0,0,0,0,1
4,2018,10,12,6,5,2,0,0,1,0,0,0,0,0,0,0,1,0
1,2021,1,9,5,2,6,0,0,1,0,0,1,0,1,1,2,0,0
4,2021,11,19,3,6,2,2,0,1,1,0,0,0,1,0,2,0,0
7,2021,1,17,4,6,2,2,0,0,1,0,0,1,1,1,2,0,0
12,2019,6,7,5,3,6,0,1,0,0,0,1,0,0,0,0,1,0
1,2020,8,15,3,5,2,0,1,1,0,0,0,0,0,0,1,1,0
3,2021,11,17,2,5,2,2,1,0,0,0,1,0,1,0,2,0,0
6,2018,12,6,4,6,2,2,0,1,1,0,0,0,1,0,0,1,1
6,2019,5,16,4,0,1,0,1,0,0,0,0,0,0,0,0,0,0
8,2020,8,21,1,2,6,2,0,1,0,0,0,0,0,0,1,1,0
4,2020,10,20,6,1,1,2,0,1,0,0,0,1,1,1,1,1,0
4,2018,8,17,6,4,1,0,0,1,0,0,0,0,0,0,0,1,0
1,2018,8,15,6,5,2,0,1,1,0,0,0,0,0,0,0,1,0
6,2020,9,17,1,5,3,0,0,1,0,1,0,0,0,0,1,0,0
12,2018,3,15,2,5,3,0,0,1,0,0,0,1,1,0,0,1,0
12,2018,10,10,4,3,2,0,1,0,0,0,0,1,1,0,0,1,0
3,2021,11,17,3,5,3,1,1,1,0,0,0,0,1,0,2,0,1
1,2019,1,17,4,6,4,2,1,0,1,0,0,0,1,0,0,1,0
11,2021,6,15,4,5,2,0,1,1,0,0,0,0,0,0,1,1,0
4,2021,8,16,6,1,5,0,0,1,0,0,0,1,0,0,1,1,0
10,2020,8,19,1,5,2,0,0,1,0,0,0,0,0,0,1,1,1
10,2018,7,6,3,6,4,0,0,1,1,0,0,0,0,0,0,2,0
8,2021,7,19,7,2,6,0,0,1,0,0,0,1,0,0,1,2,0
9,2021,8,15,5,5,3,0,1,1,0,0,0,0,0,0,1,1,0
3,2018,6,17,4,2,6,0,1,1,0,0,0,0,0,0,0,0,0
10,2020,11,14,1,0,1,0,0,0,0,0,0,1,0,1,2,0,0
2,2021,8,9,1,5,3,0,0,1,0,0,0,0,0,0,1,1,0
10,2020,7,6,2,5,3,0,0,1,0,0,0,1,0,0,1,2,0
1,2019,4,11,2,2,7,0,1,1,0,0,0,0,0,0,0,1,0
1,2020,6,17,6,2,6,0,0,1,0,0,0,1,1,0,1,1,0
7,2018,10,20,7,3,6,2,0,1,0,0,0,0,0,0,0,1,0
10,2018,6,11,5,5,2,0,0,1,0,0,0,0,0,0,0,0,0
4,2020,9,14,7,2,6,0,0,1,0,0,0,0,0,0,1,0,0
8,2018,8,13,5,6,4,0,0,1,1,0,0,0,0,0,0,1,0
12,2018,11,19,6,2,7,2,0,1,0,0,0,0,1,0,0,0,0
12,2020,1,16,2,2,3,2,0,1,0,0,0,0,0,0,0,1,0
1,2020,9,18,2,2,6,1,0,1,0,0,0,0,0,0,1,0,0
3,2018,8,14,7,1,5,0,1,1,0,0,0,0,0,0,0,1,0
1,2020,9,13,7,6,4,0,1,0,1,0,0,0,0,0,1,0,0
4,2019,10,19,5,1,5,2,1,1,0,0,0,0,0,0,0,1,0
9,2019,3,14,5,0,3,0,0,1,0,1,0,0,0,0,0,0,0
4,2018,12,12,4,5,2,0,1,1,0,0,0,0,0,0,0,1,0
4,2020,11,14,7,0,1,0,1,0,0,0,0,0,0,1,2,0,0
4,2018,1,11,4,6,4,0,0,1,1,0,0,0,1,0,0,0,1
12,2018,7,6,5,1,5,0,1,1,0,0,0,1,0,0,0,2,0
3,2018,5,10,4,2,6,0,0,1,0,0,0,0,0,0,0,0,0
1,2019,11,6,2,6,2,1,0,1,1,0,0,0,0,0,0,0,1
7,2018,9,15,7,2,2,0,0,1,0,0,0,1,0,0,0,0,0
8,2020,4,16,5,5,3,0,1,1,0,0,0,0,0,1,2,1,0
3,2018,10,13,3,5,1,0,0,0,0,0,0,1,0,0,0,1,0
1,2018,11,17,1,5,3,1,0,1,0,1,0,0,1,0,0,0,0
2,2018,6,11,4,2,6,0,0,1,0,0,0,0,0,0,0,0,0
6,2019,10,19,5,0,3,2,0,1,0,1,0,0,0,0,0,1,1
1,2018,7,19,2,1,5,0,1,0,0,0,0,1,0,0,0,2,0
2,2021,6,9,3,5,2,0,1,0,0,0,1,0,0,0,1,1,1
2,2019,5,7,4,5,3,0,0,1,0,0,0,0,0,0,0,0,0
11,2018,11,6,3,6,4,2,0,1,1,0,0,0,1,0,0,0,1
3,2020,6,5,7,1,5,0,1,1,0,0,0,0,0,0,1,1,0
1,2019,3,13,2,0,1,0,0,0,0,1,0,0,1,0,0,0,0
1,2019,9,13,5,2,6,0,0,1,0,0,0,1,0,0,0,0,0
7,2021,9,4,3,5,2,2,0,1,0,1,0,0,0,0,1,0,0
2,2019,12,23,6,5,3,2,0,1,0,0,0,0,1,0,0,1,0
6,2021,11,8,3,5,2,0,1,0,0,0,1,0,1,0,2,0,1
12,2020,3,7,3,2,6,0,0,1,0,0,0,1,0,1,1,0,0
9,2018,6,12,6,5,3,0,1,1,0,0,0,0,0,0,0,0,0
9,2020,10,16,7,6,4,0,0,1,1,0,0,0,0,1,1,1,1
6,2018,4,15,4,0,5,0,1,1,0,0,0,0,0,0,0,1,0
5,2021,8,5,4,2,6,1,0,1,0,0,0,0,1,0,1,1,0
9,2020,8,12,1,0,6,0,1,0,0,0,0,0,0,0,1,1,0
6,2021,2,7,5,2,6,0,0,1,0,0,0,0,1,1,2,1,0
3,2020,5,17,2,0,3,0,1,1,0,0,0,0,0,1,1,0,0
9,2018,1,15,3,5,7,0,1,1,0,0,0,0,1,0,0,0,0
4,2018,6,8,5,2,6,0,0,1,0,0,0,0,0,0,0,0,0
1,2020,8,13,4,5,2,0,0,1,0,1,0,0,0,0,1,1,1
10,2019,9,16,6,2,6,0,0,1,0,0,0,1,0,0,0,0,0
1,2021,11,21,3,1,5,2,1,1,0,0,0,0,1,0,2,0,0
4,2018,3,12,5,1,5,0,1,1,0,0,0,0,1,0,0,1,0
2,2018,2,11,4,2,6,0,0,1,0,0,0,1,0,0,0,1,0
1,2020,2,10,1,6,7,0,0,1,1,0,0,0,0,0,0,1,1
7,2018,12,9,4,2,6,0,0,1,0,0,0,0,1,0,0,1,0
1,2018,6,9,4,1,5,0,1,1,0,0,0,0,0,0,0,0,0
9,2019,10,18,4,2,6,2,0,1,0,0,0,0,0,0,0,1,0
11,2018,12,15,4,5,7,0,0,1,0,0,0,1,0,0,0,1,0
9,2018,4,6,4,5,2,0,0,1,0,1,0,0,0,0,0,1,0
12,2018,12,19,3,2,2,2,0,1,0,0,0,0,1,0,0,1,0
6,2021,7,8,6,2,6,0,0,1,0,0,0,0,0,0,1,2,0
10,2020,6,9,5,6,4,0,1,0,1,0,0,0,0,0,1,1,1
6,2019,1,13,7,2,1,0,0,1,0,0,0,0,0,0,0,1,0
5,2020,8,15,4,0,6,0,0,0,0,0,1,1,0,0,1,1,0
1,2018,4,14,2,1,5,0,0,0,0,1,0,1,0,0,0,1,0
9,2018,8,13,7,2,6,0,0,1,0,0,0,0,0,0,0,1,0
4,2021,7,21,5,7,7,1,0,0,0,1,0,0,0,0,1,2,0
1,2018,11,15,2,5,2,1,0,1,0,0,0,0,1,0,0,0,0
12,2018,3,17,4,0,6,0,0,1,0,1,0,0,1,0,0,1,0
1,2021,10,2,1,0,1,2,1,0,0,0,0,0,0,0,1,1,0
1,2020,8,15,5,5,2,0,1,1,0,0,0,0,0,0,1,1,0
5,2021,10,15,1,2,6,0,0,1,0,0,0,1,0,0,1,1,0
11,2020,9,18,5,5,3,0,1,1,0,0,0,0,0,0,1,0,0
3,2019,9,15,5,3,6,0,1,1,0,0,0,0,0,0,0,0,0
12,2021,7,8,4,5,2,0,1,0,0,0,0,1,1,0,1,2,0
1,2019,12,11,4,5,3,0,0,1,0,0,0,0,0,0,0,1,0
1,2021,4,16,3,5,3,0,1,1,0,0,0,0,0,1,2,1,1
10,2018,8,8,5,0,3,0,0,0,0,0,0,1,0,0,0,1,0
1,2018,10,14,7,6,4,0,0,1,1,0,0,0,0,0,0,1,1
2,2020,6,9,4,5,2,0,0,1,0,1,0,0,0,0,1,1,0
4,2019,12,8,4,2,6,0,1,1,0,0,0,0,0,0,0,1,0
8,2021,7,11,5,2,2,0,0,1,0,0,0,0,0,0,1,2,0
1,2020,2,15,2,2,6,0,0,1,0,0,0,1,1,0,0,1,1
3,2019,12,21,3,2,6,2,0,1,0,0,0,1,1,0,0,1,0
3,2021,8,9,6,6,4,0,0,1,1,0,0,0,1,0,1,1,0
1,2019,8,18,3,5,2,0,1,1,0,0,0,0,0,0,0,0,0
9,2021,4,9,4,1,5,0,1,1,0,0,0,0,0,1,2,1,1
7,2019,7,14,4,3,6,0,0,1,0,1,0,1,0,0,0,2,0
5,2021,7,15,5,5,3,0,0,1,0,0,0,0,0,0,1,2,0
9,2019,9,9,7,6,4,0,0,1,1,0,0,0,0,0,0,0,1
2,2019,8,15,5,5,3,0,1,0,0,1,0,0,0,0,0,0,1
8,2019,5,11,6,1,5,0,0,1,0,0,0,1,0,0,0,0,0
4,2021,5,19,4,2,2,0,0,1,0,0,0,0,1,1,2,1,0
7,2021,10,17,3,5,5,0,0,0,0,1,0,1,0,0,1,1,0
5,2020,12,13,3,1,5,0,1,0,0,0,0,1,0,1,2,1,0
11,2018,5,16,4,5,2,0,1,0,0,0,0,1,0,0,0,0,0
1,2018,7,10,4,1,5,0,1,1,0,0,0,0,0,0,0,2,0
1,2021,10,7,3,5,3,0,1,1,0,0,0,0,0,0,1,1,0
1,2019,8,17,4,0,5,0,1,1,0,0,0,0,0,0,0,0,0
4,2020,6,15,3,2,6,0,0,1,0,0,0,0,0,0,1,1,0
1,2019,3,6,5,0,1,0,1,0,0,0,0,0,0,0,0,0,0
1,2019,8,12,1,2,6,0,0,1,0,0,0,0,0,0,0,0,0
2,2021,7,10,7,5,3,0,1,0,0,0,0,1,0,0,1,2,0
11,2019,8,12,6,5,2,0,1,1,0,0,0,0,0,0,0,0,0
3,2019,6,8,5,2,6,0,0,1,0,1,0,0,0,0,0,1,0
12,2020,6,15,6,5,7,0,0,0,0,1,0,1,0,0,1,1,0
11,2019,7,10,3,5,3,0,0,1,0,0,0,0,0,0,0,2,0
1,2019,4,8,5,5,3,0,1,1,0,0,0,0,0,0,0,1,0
8,2019,7,12,3,5,2,0,0,1,0,0,0,1,0,0,0,2,0
7,2018,3,22,4,3,6,2,0,1,0,0,1,0,0,0,0,1,0
4,2019,1,17,7,6,2,2,0,1,1,0,0,0,1,0,0,1,0
1,2021,10,13,5,1,5,0,0,1,0,0,1,0,0,0,1,1,0
4,2018,4,17,2,3,6,0,0,1,0,0,1,0,1,0,0,1,0
4,2020,9,13,6,5,2,0,0,1,0,0,0,0,1,0,1,0,0
1,2021,6,13,6,1,5,0,1,1,0,0,0,0,0,0,1,1,0
6,2018,7,14,6,5,3,0,1,0,0,0,1,0,0,0,0,2,0
11,2020,7,14,2,5,3,0,0,1,0,0,0,0,0,0,1,2,0
12,2019,6,18,6,2,6,0,0,1,0,0,0,0,0,0,0,1,0
8,2019,2,18,6,3,6,1,0,1,0,0,1,0,0,0,0,1,0
2,2019,10,4,5,6,2,2,0,1,1,0,0,0,1,0,0,1,1
3,2019,7,16,6,2,6,0,0,1,0,0,0,0,1,0,0,2,0
10,2018,9,7,6,5,3,0,1,1,0,0,0,0,1,0,0,0,0
4,2019,10,15,6,5,3,0,1,1,0,0,0,0,0,0,0,1,0
12,2020,12,14,4,6,2,0,0,1,1,0,0,0,1,1,2,1,0
10,2021,6,22,3,0,6,2,1,0,0,0,0,1,0,0,1,1,0
4,2021,10,15,2,5,2,0,0,1,0,0,0,0,0,0,1,1,0
7,2019,6,10,4,0,5,0,0,1,0,0,0,0,0,0,0,1,0
2,2021,10,19,4,5,2,2,0,1,0,1,0,0,0,0,1,1,0
12,2018,5,17,5,5,2,0,0,1,0,0,0,0,0,0,0,0,0
7,2021,3,10,2,2,6,0,0,1,0,0,1,0,0,0,2,0,0
2,2019,5,19,3,1,5,0,1,1,0,0,0,0,0,0,0,0,0
3,2020,9,13,4,1,5,0,1,1,0,0,0,0,0,0,1,0,0
1,2020,7,13,3,5,3,0,1,1,0,0,0,0,0,0,1,2,0
2,2020,6,23,6,5,3,2,0,0,0,1,0,1,0,0,1,1,0
4,2019,6,3,1,0,7,2,1,0,0,0,0,0,0,0,0,1,1
1,2020,8,18,4,2,6,0,0,1,0,0,0,0,1,0,1,1,0
2,2020,5,17,3,1,5,0,1,1,0,0,0,0,0,1,1,0,0
1,2019,3,15,3,3,6,0,1,0,0,0,0,1,1,0,0,0,0
5,2019,2,16,4,0,2,0,0,0,0,0,0,1,0,0,0,1,0
7,2018,12,17,4,3,6,1,0,1,0,0,0,0,0,0,0,1,0
5,2020,4,15,3,5,3,0,1,1,0,0,0,0,0,1,2,1,0
1,2018,9,8,4,6,4,0,1,0,1,0,0,0,0,0,0,0,0
7,2021,10,13,3,2,6,0,0,1,0,1,0,0,1,0,1,1,0
11,2018,4,18,3,5,3,0,1,1,0,0,0,0,0,0,0,1,0
1,2021,9,14,2,5,2,0,1,0,0,0,0,1,0,0,1,0,0
10,2020,6,18,6,5,3,0,1,1,0,0,0,0,0,0,1,1,0
7,2021,10,15,1,5,2,0,0,1,0,1,0,0,0,0,1,1,1
7,2019,11,9,5,1,7,0,0,1,0,0,0,1,0,0,0,0,1
12,2021,1,10,2,3,6,0,1,0,0,0,0,1,2,1,2,0,1
1,2018,7,13,3,5,3,0,1,1,0,0,0,0,0,0,0,2,1
2,2019,1,10,6,1,7,0,0,1,0,0,0,0,0,0,0,1,0
9,2021,3,15,4,2,2,0,1,1,0,0,0,0,0,0,2,0,0
7,2018,6,16,4,6,4,0,0,1,1,0,0,0,0,0,0,0,0
12,2021,5,15,2,2,6,0,0,1,0,0,0,0,0,1,2,1,0
12,2019,6,12,7,1,1,0,0,1,0,0,0,0,0,0,0,1,0
3,2021,9,18,4,5,3,0,0,1,0,1,0,0,0,0,1,0,0
2,2018,9,13,3,2,6,0,0,1,0,0,0,0,0,0,0,0,0
11,2018,5,17,5,2,6,0,1,0,0,0,1,0,0,0,0,0,0
9,2019,2,18,4,6,2,2,0,1,1,0,0,0,1,0,0,1,1
11,2021,6,14,6,5,2,0,1,0,0,0,0,1,0,0,1,1,0
7,2021,12,17,3,1,5,2,0,1,0,0,0,0,0,1,2,1,0
1,2019,8,22,2,1,5,2,1,1,0,0,0,0,0,0,0,0,0
3,2019,3,13,5,5,3,0,0,1,0,0,0,1,1,0,0,0,0
1,2021,6,14,4,2,6,0,0,1,0,0,1,0,1,0,1,1,0
2,2020,10,11,6,5,3,0,1,1,0,0,0,0,0,1,1,1,0
11,2018,9,16,4,2,6,0,0,1,0,0,0,0,0,0,0,0,0
4,2021,9,12,7,5,2,0,1,1,0,0,0,0,0,0,1,0,0
3,2018,3,14,7,2,2,0,0,1,0,1,0,0,0,0,0,1,0
1,2019,3,13,1,5,2,0,1,1,0,0,0,0,0,0,0,0,0
11,2019,10,10,4,2,1,0,0,1,0,0,0,1,1,0,0,1,1
4,2018,10,17,3,5,3,0,0,1,0,0,0,0,0,0,0,1,0
10,2020,4,11,2,5,2,0,1,1,0,0,0,0,0,1,2,1,0
12,2020,1,9,2,5,2,0,1,1,0,0,0,0,1,0,0,1,1
7,2019,11,9,3,1,5,0,1,1,0,0,0,0,0,0,0,0,0
1,2018,9,11,3,5,3,0,1,1,0,0,0,0,0,0,0,0,0
1,2018,6,18,6,1,5,0,1,1,0,0,0,1,0,0,0,0,0
12,2018,12,18,2,0,3,2,0,1,0,0,0,1,1,0,0,1,0
1,2021,12,17,6,5,3,2,0,1,0,0,0,0,1,1,2,1,0
8,2019,6,22,4,2,6,2,0,1,0,0,0,0,1,0,0,1,0
6,2019,6,15,4,6,7,0,0,0,1,1,0,0,0,0,0,1,0
7,2019,4,16,3,6,4,0,0,1,1,0,0,0,0,0,0,1,0
4,2020,9,9,3,2,6,0,0,1,0,1,0,0,1,0,1,0,0
4,2020,5,16,4,5,2,0,1,1,0,0,0,0,0,1,1,0,0
3,2021,3,19,6,2,5,2,1,1,0,0,0,0,0,0,2,0,1
11,2018,11,14,6,0,2,0,1,1,0,0,0,0,1,0,0,0,0
10,2019,2,7,5,5,2,0,0,1,0,0,0,1,0,0,0,1,0
7,2019,2,18,5,6,2,2,0,1,1,0,0,0,1,0,0,1,1
7,2018,2,9,6,2,6,0,0,1,0,0,0,1,1,0,0,1,0
9,2018,1,6,4,5,7,1,0,1,0,0,0,1,2,0,0,0,0
7,2021,12,17,2,0,3,2,0,0,0,1,0,1,0,1,2,1,0
3,2019,5,23,6,6,4,2,0,1,1,0,0,0,0,0,0,0,1
3,2021,9,21,7,0,4,1,0,0,1,0,0,1,0,0,1,0,0
6,2020,9,14,7,5,2,0,1,1,0,0,0,0,0,0,1,0,0
4,2018,6,10,4,5,3,0,0,1,0,0,1,0,0,0,0,0,0
9,2018,5,9,3,2,6,0,0,1,0,1,0,0,0,0,0,0,0
2,2018,5,15,4,0,1,0,1,0,0,0,0,0,0,0,0,0,0
11,2018,4,10,2,5,3,0,1,1,0,0,0,0,0,0,0,1,0
1,2019,12,12,2,2,6,0,0,1,0,0,0,1,0,0,0,1,0
7,2020,7,11,4,5,2,0,0,1,0,0,0,0,1,0,1,2,0
7,2020,7,15,2,5,7,0,0,1,0,0,0,0,0,0,1,2,0
3,2020,2,15,4,1,5,0,1,0,0,0,0,1,1,0,0,1,0
5,2020,5,13,1,0,5,0,0,1,0,1,0,0,0,1,1,0,0
9,2019,10,12,7,5,3,0,1,1,0,0,0,0,0,0,0,1,0
9,2020,6,20,2,5,2,0,1,0,0,0,0,1,0,0,1,1,0
1,2018,11,19,6,6,2,2,0,1,1,0,0,0,1,0,0,0,0
8,2021,1,8,3,5,3,0,0,1,0,0,0,1,1,1,2,0,0
9,2020,8,16,2,2,6,0,0,1,0,0,0,0,0,0,1,1,0
5,2018,3,19,2,6,2,2,0,1,1,0,0,0,1,0,0,1,0
11,2019,1,7,4,5,2,1,0,1,0,0,1,0,1,0,0,1,0