BEZ,UJAHR,UMONAT,USTUNDE,UWOCHENTAG,UART,UTYP1,ULICHTVERH,IstRad,IstPKW,IstFuss,IstKrad,IstGkfz,IstSonstige,USTRZUSTAND,LOCKDOWN,COVID,FERIEN,UKATEGORIE
5,2018,4,12,2,2,6,0,0,1,0,1,0,0,0,0,0,1,1
3,2020,7,18,5,6,4,0,0,1,1,0,0,0,0,0,1,2,1
3,2018,11,10,2,5,2,0,1,1,0,0,0,0,0,0,0,0,0
6,2020,6,22,4,5,2,2,1,0,0,1,0,0,0,0,1,1,0
1,2020,11,9,4,2,6,0,0,1,0,0,0,0,0,1,2,0,0
11,2018,6,20,1,5,7,1,0,1,0,0,0,0,0,0,0,0,1
2,2019,4,11,1,5,2,0,0,1,0,0,0,0,0,0,0,1,0
3,2018,4,12,1,5,2,0,1,0,0,1,0,0,0,0,0,1,0
4,2021,11,6,3,2,6,2,0,1,0,0,0,0,1,0,2,0,0
4,2018,7,11,3,2,6,0,0,1,0,0,0,1,0,0,0,2,0
1,2019,8,16,5,5,3,0,1,1,0,0,0,0,0,0,0,0,0
2,2018,10,20,5,6,4,2,1,0,1,0,0,0,0,0,0,1,0
12,2020,7,14,6,5,2,0,1,1,0,0,0,0,1,0,1,2,1
5,2021,6,9,4,6,4,0,0,1,1,0,0,1,0,0,1,1,1
8,2019,4,10,2,5,3,0,1,1,0,0,0,0,0,0,0,1,0
8,2018,7,7,6,6,2,0,0,1,1,0,0,0,0,0,0,2,0
12,2021,3,17,1,1,5,0,0,1,0,0,0,1,0,0,2,0,0
1,2018,11,10,4,5,5,0,1,1,0,0,0,0,1,0,0,0,0
2,2019,12,10,5,0,5,0,0,1,0,0,0,0,0,0,0,1,0
11,2020,5,17,7,5,2,0,1,1,0,0,0,0,0,1,1,0,0
4,2019,1,13,4,5,3,0,1,1,0,0,0,0,0,0,0,1,1
11,2019,4,20,3,1,5,2,0,1,0,1,0,0,0,0,0,1,0
8,2018,4,19,6,6,4,0,1,0,1,0,0,0,0,0,0,1,0
5,2020,11,12,2,0,5,0,0,1,0,1,0,0,0,1,2,0,0
1,2019,7,16,4,6,7,0,1,0,1,0,0,0,0,0,0,2,0
2,2021,7,7,2,5,2,0,0,1,0,0,0,0,0,0,1,2,0
9,2021,7,5,4,0,6,0,0,1,0,0,0,1,1,0,1,2,0
7,2021,8,16,6,5,2,0,1,0,0,0,1,0,0,0,1,1,0
7,2020,3,16,4,0,1,0,0,0,0,1,0,0,0,1,1,0,0
1,2019,3,17,3,6,4,1,0,1,1,0,0,0,1,0,0,0,1
7,2021,1,10,5,0,2,0,0,0,0,0,0,1,0,1,2,0,0
6,2021,6,14,5,2,6,0,0,1,0,0,0,0,0,0,1,1,0
7,2018,5,12,7,1,5,0,0,1,0,1,0,0,0,0,0,0,0
4,2020,10,8,6,0,1,0,0,0,0,1,0,0,1,1,1,1,0
3,2021,11,7,5,6,4,0,0,0,1,0,0,1,0,0,2,0,0
11,2021,4,7,2,6,2,0,0,1,1,0,0,0,0,1,2,1,0
5,2020,6,8,6,2,6,0,1,1,0,0,0,0,0,0,1,1,0
3,2020,10,16,5,5,3,0,1,1,0,0,0,0,0,1,1,1,0
2,2020,11,18,1,5,3,2,1,0,0,0,0,1,0,1,2,0,0
3,2018,5,5,6,5,3,1,0,1,0,0,0,0,0,0,0,0,0
6,2020,2,13,4,0,3,0,0,1,0,1,0,0,1,0,0,1,0
5,2021,10,12,1,4,1,0,0,1,0,0,0,0,0,0,1,1,1
4,2021,2,19,2,1,1,2,0,1,0,0,0,0,0,1,2,1,1
8,2021,9,16,5,5,2,0,0,1,0,1,0,0,0,0,1,0,0
1,2020,7,16,2,1,7,0,1,1,1,0,0,0,1,0,1,2,0
7,2019,6,15,4,0,7,0,0,1,0,0,0,1,0,0,0,1,0
1,2021,11,17,6,5,3,2,1,0,0,0,0,1,0,0,2,0,0
11,2018,6,7,6,3,6,0,1,1,0,0,0,0,0,0,0,0,0
4,2020,2,19,6,1,5,1,1,1,0,0,0,0,0,0,0,1,0
8,2019,7,13,3,5,3,0,1,1,0,0,0,0,0,0,0,2,0
4,2018,5,14,4,0,5,0,0,1,0,0,0,0,0,0,0,0,0
2,2019,4,22,4,6,2,2,0,1,1,0,0,0,0,0,0,1,0
3,2018,9,8,2,5,3,0,1,1,0,0,0,0,0,0,0,0,0
12,2021,8,8,6,2,6,0,1,1,0,0,0,0,0,0,1,1,0
6,2021,6,4,3,1,7,2,0,1,0,0,0,1,0,0,1,1,0
1,2021,7,11,1,6,7,0,0,1,1,0,0,0,0,0,1,2,0
10,2018,8,12,4,3,6,0,0,1,0,0,0,1,0,0,0,1,0
2,2020,6,11,2,5,2,0,1,1,0,0,0,0,0,0,1,1,0
7,2018,3,19,3,5,3,2,0,1,0,0,0,0,0,0,0,1,0
4,2019,12,18,6,2,6,2,0,1,0,0,0,0,1,0,0,1,1
11,2019,11,6,3,5,2,1,1,0,0,0,0,0,0,0,0,0,0
1,2019,10,15,5,6,7,0,0,1,1,0,0,0,0,0,0,1,0
3,2020,5,12,6,2,6,0,0,1,0,0,0,0,0,1,1,0,0
8,2020,9,6,1,5,2,0,0,1,0,0,0,0,0,0,1,0,0
9,2020,10,22,1,5,2,2,0,1,0,1,0,0,0,1,1,1,1
6,2019,8,12,3,1,5,0,1,1,0,0,0,0,0,0,0,0,1
12,2020,5,14,4,6,4,0,0,1,1,0,0,0,0,1,1,0,0
1,2019,2,16,1,5,7,0,0,1,0,0,0,0,0,0,0,1,0
9,2021,10,14,3,5,3,0,0,1,0,0,0,0,0,0,1,1,0
1,2018,3,11,3,2,6,0,0,1,0,1,0,0,0,0,0,1,0
4,2018,6,12,2,5,3,0,0,0,0,1,0,1,0,0,0,0,0
12,2019,11,0,1,1,1,2,0,1,0,0,0,0,1,0,0,0,1
6,2019,2,14,6,2,6,0,0,1,0,0,0,0,0,0,0,1,0
4,2021,5,15,6,2,6,0,0,1,0,0,0,0,0,1,2,1,0
4,2019,6,16,4,6,4,0,1,0,1,0,0,0,0,0,0,1,0
5,2018,6,9,3,2,6,0,0,1,0,0,0,0,0,0,0,0,0
2,2021,9,18,3,0,1,0,0,0,0,1,0,0,0,0,1,0,0
7,2018,11,19,1,8,1,2,0,1,0,0,0,0,1,0,0,0,0
7,2019,5,13,3,5,2,0,1,1,0,0,0,0,0,0,0,0,0
6,2018,10,8,5,5,2,0,1,0,0,0,0,1,0,0,0,1,0
9,2018,8,16,4,0,1,0,1,0,0,0,0,0,0,0,0,1,0
9,2021,5,22,6,5,2,2,0,1,0,1,0,0,0,1,2,1,0
8,2020,1,7,2,5,3,1,1,0,0,0,0,1,0,0,0,1,0
2,2020,2,13,7,2,6,0,0,1,0,0,0,0,0,0,0,1,0
7,2018,4,13,3,1,5,0,1,0,0,0,1,0,0,0,0,1,1
6,2019,12,16,2,9,1,2,0,1,0,0,0,0,0,0,0,1,1
1,2019,1,8,7,2,6,0,0,1,0,0,0,0,1,0,0,1,0
6,2018,9,13,7,5,3,0,0,1,0,0,0,0,0,0,0,0,0
1,2018,10,14,5,3,6,0,0,1,0,0,0,0,1,0,0,1,0
7,2019,2,20,7,5,3,2,0,1,0,0,0,0,1,0,0,1,1
1,2021,8,8,5,0,1,0,1,0,0,0,0,0,0,0,1,1,0
11,2019,11,2,7,9,1,2,0,1,0,0,0,0,1,0,0,0,0
5,2018,8,17,3,3,6,0,0,1,0,1,0,0,0,0,0,1,0
5,2021,11,10,5,5,3,0,0,1,0,0,0,0,0,0,2,0,1
9,2018,1,17,1,5,3,2,0,1,0,0,0,0,0,0,0,0,0
8,2020,8,10,2,5,5,0,1,1,0,0,0,0,0,0,1,1,0
3,2018,3,10,5,2,6,0,0,1,0,0,0,0,0,0,0,1,0
7,2018,1,13,4,5,2,0,1,0,0,0,1,0,1,0,0,0,0
6,2021,3,16,2,6,4,0,0,1,1,0,0,0,0,0,2,0,1
6,2021,2,18,5,1,5,2,0,1,0,1,0,0,1,1,2,1,0
2,2019,12,21,5,2,6,2,0,1,0,0,0,0,0,0,0,1,0
1,2021,7,20,7,5,3,0,1,1,0,0,0,0,0,0,1,2,1
3,2019,10,18,4,5,2,0,0,1,0,0,0,1,0,0,0,1,1
11,2020,6,13,3,5,2,0,1,1,0,0,0,0,0,0,1,1,0
1,2018,5,9,3,2,6,0,0,1,0,0,1,0,0,0,0,0,0
6,2018,6,19,2,3,6,0,0,1,0,0,0,0,0,0,0,0,0
9,2020,5,15,2,5,3,0,0,1,0,0,0,0,1,1,1,0,0
3,2021,4,6,6,3,6,0,0,1,0,1,0,1,0,1,2,1,0
10,2018,2,16,4,6,4,0,0,1,1,0,0,0,0,0,0,1,0
2,2021,11,18,7,6,7,2,0,0,1,0,0,1,0,0,2,0,0
1,2021,11,18,5,1,5,2,0,1,0,1,0,0,1,0,2,0,0
6,2019,12,14,6,3,6,0,0,1,0,0,0,0,0,0,0,1,0
1,2020,7,12,3,5,3,0,0,1,0,1,0,0,0,0,1,2,0
4,2018,10,19,2,8,1,2,0,0,0,1,0,0,0,0,0,1,0
4,2020,7,14,5,2,6,0,0,1,0,0,0,1,0,0,1,2,0
9,2020,5,10,3,6,4,0,0,1,1,0,0,0,0,1,1,0,1
5,2019,8,16,7,0,2,0,1,1,0,0,0,0,0,0,0,0,0
6,2018,10,16,3,1,5,0,0,1,0,0,0,0,0,0,0,1,1
3,2018,8,6,6,5,2,0,1,1,0,0,0,0,0,0,0,1,0
1,2018,7,18,2,0,7,0,1,1,0,0,0,0,0,0,0,2,0
5,2021,7,13,1,2,6,0,0,1,0,0,0,0,0,0,1,2,0
1,2019,9,8,4,0,7,0,0,1,0,0,0,0,0,0,0,0,1
10,2018,12,10,5,5,3,0,1,1,0,0,0,0,0,0,0,1,0
11,2021,7,17,6,6,4,0,1,0,1,0,0,0,0,0,1,2,0
3,2018,1,14,6,5,3,0,0,1,0,0,0,0,1,0,0,0,0
9,2021,12,8,4,5,3,0,0,1,0,0,0,0,0,1,2,1,0
1,2019,5,9,4,5,3,0,1,1,0,0,0,0,0,0,0,0,0
11,2021,12,16,2,6,4,1,0,1,1,0,0,0,0,1,2,1,0
8,2021,9,16,4,2,2,0,0,1,0,1,0,0,0,0,1,0,0
1,2019,6,14,4,5,2,0,0,1,0,1,0,0,0,0,0,1,1
2,2021,3,17,4,5,2,0,1,1,0,0,0,0,0,0,2,0,0
4,2019,5,15,5,5,7,0,1,1,0,0,0,0,0,0,0,0,0
2,2018,5,14,1,1,5,0,1,1,0,0,0,0,0,0,0,0,0
5,2020,8,19,5,9,1,0,0,0,0,1,0,0,0,0,1,1,1
3,2021,3,6,4,5,2,0,0,1,0,0,0,0,0,0,2,0,0
5,2018,11,9,2,2,2,0,0,1,0,0,0,1,0,0,0,0,0
6,2019,8,9,3,6,4,0,1,0,1,0,0,0,0,0,0,0,0
3,2021,11,16,3,8,1,2,0,1,0,0,0,0,0,0,2,0,0
9,2020,10,8,4,2,6,0,1,1,0,0,0,0,1,1,1,1,0
5,2018,1,7,5,6,4,0,0,1,1,0,0,0,1,0,0,0,0
3,2019,3,12,6,5,3,0,1,1,0,0,0,0,1,0,0,0,0
1,2019,4,15,4,2,6,0,0,1,0,0,0,1,0,0,0,1,0
6,2021,11,13,4,1,5,0,0,0,0,1,0,1,1,0,2,0,0
4,2021,11,9,6,6,4,0,1,0,1,0,0,0,1,0,2,0,0
4,2019,6,8,6,5,2,0,1,1,0,0,0,0,0,0,0,1,0
12,2018,7,12,5,5,2,0,0,1,0,0,0,0,1,0,0,2,0
4,2019,8,2,5,5,2,2,0,1,0,0,0,0,0,0,0,0,0
8,2021,6,11,1,6,4,0,0,1,1,0,0,0,0,0,1,1,0
12,2019,11,11,6,2,6,0,0,0,0,0,0,1,0,0,0,0,0
11,2020,1,8,5,2,2,0,0,1,0,0,0,0,0,0,0,1,0
3,2019,10,8,3,5,2,0,1,1,0,0,0,0,0,0,0,1,0
1,2019,4,15,5,5,3,0,1,1,0,0,0,0,0,0,0,1,0
9,2021,5,18,2,1,5,0,1,1,0,0,0,0,0,1,2,1,0
5,2021,7,15,6,5,3,0,0,1,0,0,0,0,0,0,1,2,0
12,2020,10,15,1,1,5,0,1,1,0,0,0,0,0,1,1,1,0
8,2021,1,5,3,6,2,2,0,0,1,0,0,1,1,1,2,0,0
5,2020,9,13,4,5,3,0,1,1,0,0,0,0,0,0,1,0,0
8,2021,5,23,1,5,3,2,0,1,0,1,0,0,0,1,2,1,1
4,2021,3,15,6,5,2,0,0,0,0,0,1,1,0,0,2,0,0
11,2018,9,21,7,5,2,2,0,1,0,1,0,0,0,0,0,0,1
7,2020,3,8,3,5,2,0,0,1,0,0,0,0,0,1,1,0,0
1,2019,8,14,3,6,4,0,1,0,1,0,0,0,0,0,0,0,0
7,2018,6,18,7,2,7,0,0,1,0,0,0,1,0,0,0,0,0
4,2020,5,17,2,5,2,0,1,1,0,0,0,0,1,1,1,0,0
1,2018,5,19,2,0,4,0,1,0,1,0,0,0,0,0,0,0,0
7,2021,12,18,5,6,7,2,0,0,1,0,0,1,0,1,2,1,0
9,2020,10,18,5,5,3,1,1,1,0,0,0,0,1,1,1,1,0
5,2019,8,15,6,6,4,0,0,1,1,0,0,0,0,0,0,0,1
1,2020,12,20,7,5,2,2,1,1,0,0,0,0,0,1,2,1,0
3,2021,9,18,4,5,3,1,0,1,0,0,0,1,1,0,1,0,0
11,2019,9,19,5,5,3,1,0,1,0,0,0,0,0,0,0,0,0
4,2019,4,14,6,3,6,0,1,1,0,0,0,0,0,0,0,1,0
8,2018,3,7,4,5,3,0,0,1,0,0,0,0,1,0,0,1,0
4,2020,6,18,6,5,2,0,1,1,0,0,0,0,0,0,1,1,0
4,2019,11,17,6,0,5,2,1,1,0,0,0,0,0,0,0,0,0
4,2019,4,19,2,5,7,2,0,1,0,0,0,0,0,0,0,1,0
1,2020,9,16,3,5,3,0,0,1,0,0,0,0,0,0,1,0,1
5,2021,11,12,5,2,6,0,0,1,0,0,1,0,1,0,2,0,0
2,2021,12,18,7,6,4,2,0,1,1,0,0,0,0,1,2,1,0
2,2019,7,17,3,2,6,0,1,0,0,0,0,0,0,0,0,2,0
4,2021,12,0,3,1,5,2,0,1,0,0,0,0,2,1,2,1,0
3,2018,8,8,6,5,3,0,1,1,0,0,0,0,0,0,0,1,0
9,2019,10,7,3,6,4,0,0,1,1,0,0,0,1,0,0,1,1
1,2019,12,7,6,2,2,1,1,1,0,0,0,0,0,0,0,1,0
4,2020,7,22,7,1,5,2,1,1,0,0,0,0,0,0,1,2,0
12,2019,5,12,7,2,6,0,0,1,0,0,0,0,0,0,0,0,0
10,2019,9,13,7,5,3,0,1,1,0,0,0,0,0,0,0,0,0
3,2019,8,14,2,3,6,0,0,1,0,0,0,0,0,0,0,0,0
11,2020,8,13,6,5,3,0,0,1,0,0,0,0,0,0,1,1,0
7,2019,1,13,4,5,3,0,0,1,0,0,1,0,0,0,0,1,0
8,2021,1,7,4,2,2,2,0,1,0,0,1,0,1,1,2,0,0
9,2018,9,7,4,0,6,0,0,1,0,1,0,0,1,0,0,0,0
5,2019,2,19,6,2,6,2,0,1,0,0,0,0,0,0,0,1,0
11,2021,11,9,4,5,3,0,1,1,0,0,0,0,0,0,2,0,0
1,2018,4,10,3,1,5,0,1,1,0,0,0,0,0,0,0,1,0
9,2020,10,10,7,2,7,0,0,1,0,0,0,0,1,1,1,1,0
11,2018,11,14,6,5,3,0,0,1,0,0,0,0,0,0,0,0,0
4,2019,4,20,5,5,7,0,0,1,0,1,0,0,0,0,0,1,1
8,2021,5,18,4,5,3,0,1,1,0,0,0,0,0,1,2,1,0
1,2019,8,8,6,5,3,0,1,0,0,0,0,0,0,0,0,0,1
8,2020,5,18,3,3,6,0,1,1,0,0,0,1,0,1,1,0,0
8,2018,11,2,1,2,6,2,0,1,0,0,0,0,0,0,0,0,0
8,2018,5,16,4,0,2,0,0,1,0,0,0,1,0,0,0,0,0
4,2019,3,23,5,9,1,2,0,1,0,0,0,0,1,0,0,0,1
2,2018,9,13,3,5,3,0,0,1,0,0,0,0,0,0,0,0,0
1,2021,4,18,6,0,5,0,0,1,0,0,0,1,0,1,2,1,0
2,2021,10,16,2,5,3,0,0,1,0,0,0,1,0,0,1,1,0
2,2018,7,22,1,5,3,2,0,1,0,0,0,0,0,0,0,2,1
12,2019,4,20,3,2,6,2,0,1,0,0,0,0,0,0,0,1,0
4,2021,5,9,3,5,2,0,1,1,0,0,0,0,0,1,2,1,0
5,2019,11,10,6,5,7,0,0,1,0,1,0,0,0,0,0,0,0
4,2018,10,12,1,2,6,0,0,1,0,0,0,0,0,0,0,1,0
9,2019,7,18,3,5,3,0,1,0,0,0,0,1,0,0,0,2,0
10,2021,11,18,2,5,2,1,0,1,0,0,0,1,1,0,2,0,0
3,2018,12,15,5,6,4,1,0,1,1,0,0,0,0,0,0,1,0
2,2019,9,9,3,5,2,0,1,1,0,0,0,0,0,0,0,0,0
7,2018,1,15,2,2,6,1,0,1,0,0,0,0,0,0,0,0,0
9,2020,6,8,6,5,3,0,0,1,0,0,0,0,0,0,1,1,1
2,2019,5,19,3,0,6,0,1,1,0,0,0,0,0,0,0,0,0
2,2021,7,8,4,5,2,0,1,1,0,0,0,0,0,0,1,2,0
4,2020,8,12,3,0,5,0,0,1,0,1,0,0,1,0,1,1,0
1,2019,11,16,3,2,6,1,0,1,0,0,0,0,0,0,0,0,0
4,2020,8,13,3,1,5,0,1,1,0,0,0,0,0,0,1,1,0
9,2018,10,14,7,1,5,0,1,1,0,0,0,0,0,0,0,1,0
6,2018,5,15,5,2,6,0,1,1,0,0,0,0,0,0,0,0,0
4,2021,6,14,5,2,6,0,0,1,0,0,0,0,0,0,1,1,0
7,2021,8,15,5,2,6,0,0,1,0,0,0,1,0,0,1,1,0
5,2018,9,17,3,5,3,0,1,1,0,0,0,0,0,0,0,0,0
6,2020,12,14,3,0,5,0,1,1,0,0,0,0,0,1,2,1,0
7,2020,7,2,1,0,1,2,1,0,0,0,0,0,0,0,1,2,0
4,2021,1,17,5,5,3,2,1,1,0,0,0,0,0,1,2,0,0
1,2019,5,8,5,5,2,0,0,1,0,0,0,0,1,0,0,0,0
1,2021,11,14,6,0,6,0,1,0,0,0,0,1,1,0,2,0,0
10,2019,7,9,3,5,3,0,0,1,0,0,0,0,0,0,0,2,0
8,2019,4,1,7,1,6,2,1,1,0,0,0,0,0,0,0,1,0
10,2018,6,7,4,5,3,0,0,1,0,0,0,1,0,0,0,0,0
2,2019,4,15,6,6,7,0,1,0,1,0,0,0,0,0,0,1,0
2,2021,5,14,5,2,6,0,0,1,0,0,0,0,1,1,2,1,0
3,2018,6,10,6,5,7,0,1,0,0,0,0,1,0,0,0,0,0
3,2019,5,16,3,5,2,0,1,1,0,0,0,0,0,0,0,0,0
8,2021,5,15,2,0,1,0,1,0,0,0,0,0,0,1,2,1,0
3,2018,6,15,6,2,6,0,0,1,0,0,0,0,0,0,0,0,0
8,2018,4,12,6,0,6,0,1,1,0,0,0,0,0,0,0,1,0
2,2019,2,19,5,1,5,2,1,1,0,0,0,0,0,0,0,1,0
8,2021,2,15,7,5,3,0,0,1,0,0,0,0,0,1,2,1,0
2,2019,9,14,3,2,7,0,1,1,0,0,0,0,0,0,0,0,0
3,2018,11,1,5,0,1,2,0,0,0,1,0,0,0,0,0,0,0
7,2018,5,16,2,0,7,0,0,1,0,0,0,0,0,0,0,0,0
12,2020,1,23,6,1,5,2,1,1,0,0,0,0,0,0,0,1,0
1,2019,11,15,4,2,6,0,0,1,0,0,0,0,1,0,0,0,0
1,2018,4,5,3,5,2,0,0,1,0,1,0,0,0,0,0,1,0
3,2020,12,7,7,6,2,2,0,1,1,0,0,0,1,1,2,1,0
1,2018,5,22,5,6,7,2,1,0,1,0,0,0,0,0,0,0,1
10,2019,3,11,2,5,3,0,1,1,0,0,0,0,0,0,0,0,0
4,2021,8,19,5,2,6,1,0,1,0,0,0,0,0,0,1,1,1
3,2021,9,17,6,0,2,0,1,1,0,0,0,0,0,0,1,0,1
1,2018,11,10,4,5,7,0,1,1,0,0,0,0,0,0,0,0,0
1,2021,5,21,5,5,3,2,1,1,0,0,0,0,0,1,2,1,1
4,2019,8,19,4,5,2,0,1,1,0,0,0,0,0,0,0,0,0
4,2019,12,9,5,2,6,0,0,1,0,1,0,0,1,0,0,1,1
6,2019,1,19,4,5,3,2,0,1,0,0,0,0,2,0,0,1,1
1,2021,8,15,3,2,6,0,0,1,0,0,0,1,0,0,1,1,0
1,2018,3,13,2,5,2,0,0,1,0,0,0,0,1,0,0,1,0
10,2021,4,17,1,5,3,0,0,1,0,0,0,1,1,1,2,1,0
1,2019,6,16,5,1,5,0,1,1,0,0,0,0,0,0,0,1,0
3,2020,10,7,4,5,2,0,1,1,0,0,0,0,0,1,1,1,0
6,2019,7,11,2,5,3,0,1,1,0,0,0,0,0,0,0,2,0
8,2020,6,13,4,5,2,0,0,1,0,0,0,0,0,0,1,1,0
9,2018,6,8,2,5,2,0,1,1,0,0,0,0,0,0,0,0,0
5,2019,12,16,5,3,6,2,0,1,0,0,0,0,0,0,0,1,0
1,2018,3,12,5,5,5,0,1,1,0,0,0,0,0,0,0,1,0
1,2018,8,8,5,4,6,0,0,1,0,1,0,0,0,0,0,1,0
8,2019,3,18,4,2,6,1,0,1,0,0,0,0,0,0,0,0,0
1,2020,2,18,2,6,4,2,0,1,1,0,0,0,1,0,0,1,1
10,2020,2,17,6,6,4,2,0,1,1,0,0,0,0,0,0,1,1
2,2018,10,15,4,5,2,0,1,1,0,0,0,0,0,0,0,1,0
2,2018,4,16,7,5,3,0,1,1,0,0,0,0,0,0,0,1,1
4,2021,9,20,4,3,6,2,0,1,0,0,1,0,1,0,1,0,0
6,2019,1,6,2,6,2,2,0,1,1,0,0,0,1,0,0,1,0
2,2019,10,9,2,2,6,0,0,1,0,1,0,0,0,0,0,1,0
8,2020,11,10,3,1,5,0,1,1,0,0,0,0,0,1,2,0,0
3,2018,12,13,5,2,6,0,0,1,0,0,0,1,0,0,0,1,0
1,2021,4,9,3,5,2,0,1,1,0,0,0,0,0,1,2,1,0
6,2021,9,9,7,2,6,0,0,1,0,0,0,0,1,0,1,0,1
8,2019,4,9,2,2,6,0,0,1,0,0,0,0,0,0,0,1,0
1,2018,8,15,2,5,3,0,0,1,0,0,0,0,0,0,0,1,0
1,2021,3,13,5,5,2,0,1,1,0,0,0,0,0,0,2,0,0
12,2020,11,18,1,0,7,2,1,0,0,0,0,0,0,1,2,0,0
4,2021,10,8,4,1,5,0,1,1,0,0,0,0,1,0,1,1,0
5,2021,6,17,5,3,6,0,0,1,0,0,0,1,0,0,1,1,0
1,2018,4,12,6,5,2,0,1,0,0,0,0,0,0,0,0,1,0
1,2021,3,19,1,2,6,2,0,1,0,0,0,1,1,0,2,0,0
7,2021,8,19,5,0,1,0,0,0,0,1,0,0,0,0,1,1,0
3,2020,4,11,6,5,2,0,1,1,0,0,0,0,0,1,2,1,0
7,2018,11,8,3,2,6,0,0,1,0,0,0,0,1,0,0,0,0
3,2019,11,15,1,5,3,0,1,1,0,0,0,0,1,0,0,0,0
11,2020,8,17,5,1,5,0,0,1,0,1,0,0,0,0,1,1,0
5,2018,2,18,1,5,2,2,0,1,0,0,0,0,0,0,0,1,0
12,2018,1,20,5,8,1,2,0,1,0,0,0,0,1,0,0,0,0
12,2018,9,22,6,2,6,2,0,1,0,0,0,1,1,0,0,0,0
4,2021,12,8,4,1,5,0,0,1,0,0,0,0,0,1,2,1,1
8,2018,6,19,6,5,7,0,1,1,0,0,0,0,0,0,0,0,0
8,2021,10,15,5,5,3,0,0,1,0,0,0,0,0,0,1,1,0
4,2020,12,1,7,9,1,2,0,1,0,0,0,0,1,1,2,1,1
10,2020,1,9,4,5,3,0,0,1,0,0,0,0,1,0,0,1,0
1,2019,11,14,5,5,2,0,1,1,0,0,0,0,0,0,0,0,0
10,2021,2,17,5,1,5,2,0,1,0,0,0,0,0,1,2,1,0
8,2019,8,14,5,5,2,0,1,1,0,0,0,0,0,0,0,0,0
11,2021,4,16,4,6,4,0,0,1,1,0,0,0,0,1,2,1,0
3,2021,7,19,3,2,6,0,0,1,0,1,0,0,0,0,1,2,1
2,2018,1,7,5,6,4,2,0,0,1,0,0,1,1,0,0,0,0
1,2019,9,9,5,1,5,0,1,1,0,0,0,0,0,0,0,0,0
3,2018,7,18,6,0,1,0,1,1,0,0,0,0,0,0,0,2,0
3,2018,3,14,2,3,6,0,0,1,0,0,0,0,0,0,0,1,0
7,2018,10,6,6,2,6,2,0,1,0,0,0,0,0,0,0,1,0
1,2021,8,14,6,2,6,0,0,1,0,0,0,0,0,0,1,1,0
7,2018,1,7,2,5,2,2,1,1,0,0,0,0,0,0,0,0,0
1,2021,3,18,2,0,4,2,1,0,1,0,0,0,0,0,2,0,0
6,2020,9,10,3,0,1,0,1,0,0,0,0,0,0,0,1,0,0
2,2020,8,3,1,0,1,2,1,0,0,0,0,0,0,0,1,1,0
2,2018,4,20,2,5,2,1,1,1,0,0,0,0,0,0,0,1,1
7,2020,10,17,6,5,7,1,0,1,0,0,0,0,1,1,1,1,0
2,2021,8,15,5,5,3,0,0,1,0,0,0,0,0,0,1,1,0
1,2018,12,21,4,1,5,2,0,1,0,0,0,0,0,0,0,1,0
1,2018,5,18,4,5,2,0,1,1,0,0,0,0,0,0,0,0,0
12,2018,6,7,5,0,1,0,1,0,0,0,0,0,0,0,0,0,0
6,2020,6,1,4,0,1,2,0,0,0,0,0,1,0,0,1,1,0
2,2018,12,20,7,6,2,2,0,1,1,0,0,0,1,0,0,1,0
4,2018,2,3,6,8,1,2,0,1,0,0,0,0,0,0,0,1,0
12,2021,9,17,6,1,5,0,0,1,0,0,0,0,0,0,1,0,0
5,2018,12,15,1,5,3,1,0,1,0,0,0,0,1,0,0,1,0
1,2020,8,22,6,6,4,2,0,1,1,0,0,0,0,0,1,1,1
10,2020,8,10,6,0,1,0,0,0,0,1,0,0,1,0,1,1,0
10,2020,5,16,7,5,3,0,0,1,0,0,0,0,0,1,1,0,0
5,2021,11,17,4,5,2,2,0,1,0,0,0,1,0,0,2,0,0
2,2018,8,8,5,0,7,0,1,0,0,0,0,1,1,0,0,1,0
5,2021,12,17,3,2,6,1,0,1,0,0,0,0,0,1,2,1,0
5,2018,8,16,5,5,2,0,1,0,0,0,0,0,0,0,0,1,0
9,2018,11,11,7,5,2,0,0,1,0,0,0,1,1,0,0,0,0
8,2018,10,14,4,5,2,0,1,1,0,0,0,0,0,0,0,1,0
1,2021,7,17,5,2,6,0,0,1,0,0,0,0,0,0,1,2,0
7,2020,2,20,5,4,6,2,0,1,0,0,0,1,1,0,0,1,0
6,2019,6,14,1,5,3,0,0,1,0,0,0,0,0,0,0,1,0
11,2018,4,9,6,5,3,0,0,1,0,0,0,0,1,0,0,1,0
10,2019,7,8,1,9,1,0,0,1,0,0,0,0,0,0,0,2,1
4,2018,3,5,1,8,1,2,0,1,0,1,0,0,0,0,0,1,1
1,2018,7,8,5,1,7,0,1,1,0,0,0,0,0,0,0,2,0
6,2019,11,19,6,1,7,2,0,1,0,0,0,0,1,0,0,0,1
8,2019,1,6,2,5,3,2,0,1,0,0,0,0,1,0,0,1,0
1,2019,1,5,2,6,2,2,0,1,1,0,0,0,1,0,0,1,0
4,2020,1,17,5,2,1,2,0,1,0,0,0,0,0,0,0,1,0
3,2020,1,17,6,5,2,2,0,1,0,1,0,0,0,0,0,1,1
9,2019,5,14,5,5,3,0,0,1,0,1,0,0,1,0,0,0,0
11,2018,9,20,6,5,3,2,0,1,0,1,0,0,1,0,0,0,0
9,2020,3,19,2,5,3,2,1,1,0,0,0,0,0,1,1,0,0