BEZ,UJAHR,UMONAT,USTUNDE,UWOCHENTAG,UART,UTYP1,ULICHTVERH,IstRad,IstPKW,IstFuss,IstKrad,IstGkfz,IstSonstige,USTRZUSTAND,LOCKDOWN,COVID,FERIEN,UKATEGORIE
9,2020,9,18,3,2,6,0,1,1,0,0,0,0,0,0,1,0,0
4,2021,5,17,4,5,3,0,0,1,0,0,0,0,0,1,2,1,0
9,2020,3,15,5,5,3,0,1,0,0,0,0,0,0,1,1,0,0
11,2018,4,11,3,0,2,0,0,0,0,1,0,1,1,0,0,1,1
10,2018,3,11,6,5,3,0,0,1,0,0,0,0,0,0,0,1,0
2,2020,6,19,4,0,2,0,1,1,0,0,0,0,0,0,1,1,0
8,2020,11,8,3,2,6,0,1,1,0,0,0,0,0,1,2,0,0
7,2021,9,11,2,0,6,0,0,1,0,0,0,1,0,0,1,0,0
1,2019,3,9,2,6,4,0,0,0,1,0,0,1,0,0,0,0,1
6,2019,6,17,7,5,3,0,1,1,0,0,0,0,0,0,0,1,0
3,2018,6,20,3,6,4,0,1,0,1,0,0,0,0,0,0,0,0
3,2019,7,22,3,3,2,2,0,1,0,1,0,0,0,0,0,2,0
3,2019,4,16,4,6,4,0,1,0,1,0,0,0,0,0,0,1,0
1,2018,5,17,2,2,6,0,0,1,0,0,0,0,0,0,0,0,0
11,2019,3,16,5,2,6,0,0,1,0,0,0,0,1,0,0,0,0
9,2021,6,16,4,2,6,0,1,1,0,0,0,0,0,0,1,1,0
4,2019,7,9,3,2,6,0,0,1,0,0,0,1,0,0,0,2,0
1,2021,2,14,4,2,2,0,0,1,0,0,0,0,1,1,2,1,0
10,2018,9,7,6,0,3,0,0,0,0,1,1,0,1,0,0,0,0
4,2019,2,2,7,0,1,2,0,1,0,0,0,0,1,0,0,1,1
12,2021,1,9,3,5,2,0,0,1,0,0,0,0,1,1,2,0,0
12,2018,2,14,2,5,3,0,0,1,0,0,0,0,0,0,0,1,0
1,2019,8,13,6,1,5,0,1,1,0,0,0,0,0,0,0,0,0
6,2021,8,13,5,6,4,0,0,0,1,0,0,1,0,0,1,1,0
12,2018,8,12,2,5,3,0,0,1,0,0,0,0,0,0,0,1,0
9,2019,3,19,5,3,6,2,1,0,0,0,0,0,1,0,0,0,0
7,2019,8,18,1,8,1,0,0,1,0,0,0,0,0,0,0,0,1
4,2021,12,7,4,2,6,0,0,1,0,0,0,0,0,1,2,1,0
9,2021,3,16,4,6,4,0,0,1,1,0,0,0,1,0,2,0,1
2,2018,11,15,4,5,7,1,1,1,0,0,0,0,1,0,0,0,0
12,2021,5,11,3,1,5,0,1,1,0,0,0,0,0,1,2,1,0
11,2019,4,13,1,5,2,0,1,0,0,0,0,1,0,0,0,1,0
7,2021,6,7,2,5,2,0,0,1,0,0,0,0,0,0,1,1,0
2,2018,10,19,4,0,7,1,1,1,0,0,0,0,0,0,0,1,0
7,2018,2,19,5,0,2,2,0,1,1,0,0,0,0,0,0,1,0
9,2021,4,12,5,5,3,0,1,1,0,0,0,0,0,1,2,1,0
1,2019,6,23,2,6,2,2,0,1,1,0,0,0,0,0,0,1,1
4,2018,8,22,4,5,3,2,0,1,0,0,0,0,0,0,0,1,0
9,2021,2,8,3,2,6,0,0,1,0,0,0,0,0,1,2,1,0
12,2021,10,17,2,5,3,1,1,1,0,0,0,0,0,0,1,1,1
12,2021,6,13,4,2,6,0,0,1,0,0,0,0,0,0,1,1,0
4,2019,8,15,5,0,7,0,1,0,0,0,0,0,0,0,0,0,0
2,2020,6,15,3,8,1,0,1,1,0,0,0,0,0,0,1,1,0
5,2018,12,9,5,2,6,0,0,1,0,0,0,0,0,0,0,1,0
1,2018,6,16,5,3,6,0,1,1,0,0,1,0,0,0,0,0,0
8,2020,10,6,6,5,2,0,0,1,0,0,0,0,0,1,1,1,0
6,2021,6,16,4,2,6,0,0,1,0,0,0,1,1,0,1,1,0
11,2021,6,10,2,2,5,0,0,1,0,1,0,0,0,0,1,1,1
7,2021,11,8,3,0,2,0,1,1,0,0,0,0,1,0,2,0,0
1,2018,10,19,3,5,3,2,1,1,0,0,0,0,1,0,0,1,0
6,2021,6,8,6,5,2,0,1,1,0,0,0,0,0,0,1,1,1
2,2021,8,11,4,3,6,0,0,1,0,0,0,0,0,0,1,1,0
3,2018,4,13,3,5,3,0,0,1,0,1,0,0,0,0,0,1,1
8,2018,12,16,3,4,6,2,0,1,0,0,0,0,0,0,0,1,1
7,2018,1,18,5,6,4,2,0,1,1,0,0,0,1,0,0,0,1
1,2020,8,14,2,5,2,0,1,0,0,0,0,1,0,0,1,1,0
2,2019,4,10,5,6,4,0,1,0,1,0,0,0,0,0,0,1,0
2,2018,8,8,4,5,7,0,0,1,0,0,0,0,0,0,0,1,0
11,2018,8,12,3,1,7,0,1,1,0,0,0,0,0,0,0,1,1
4,2020,8,14,3,5,3,0,1,1,0,0,0,0,0,0,1,1,0
12,2021,9,23,6,5,3,2,0,1,0,0,0,1,0,0,1,0,0
5,2018,5,17,6,6,4,0,1,0,1,0,0,0,0,0,0,0,0
2,2018,9,17,6,6,4,0,0,1,1,0,0,0,0,0,0,0,0
2,2018,12,6,1,6,4,2,0,1,1,0,0,0,0,0,0,1,0
2,2019,7,15,7,0,1,0,0,1,0,0,0,0,1,0,0,2,0
1,2020,9,16,5,3,2,0,0,1,0,0,0,1,0,0,1,0,0
4,2021,4,6,4,5,3,0,1,1,0,0,0,0,0,1,2,1,0
6,2019,10,15,3,6,2,0,0,1,1,0,0,0,0,0,0,1,0
3,2020,2,9,2,0,5,0,1,1,0,0,0,0,1,0,0,1,0
7,2019,1,11,3,5,3,0,0,0,0,1,0,1,1,0,0,1,0
5,2019,4,16,5,5,3,0,0,1,0,0,0,0,0,0,0,1,0
4,2018,6,20,4,3,6,0,1,1,0,0,0,0,0,0,0,0,0
5,2021,5,15,6,6,7,0,1,0,1,0,0,0,0,1,2,1,0
3,2018,8,19,2,2,6,1,0,1,0,0,0,0,0,0,0,1,0
4,2021,5,15,2,5,3,0,1,1,0,0,0,0,0,1,2,1,0
1,2019,12,12,6,2,6,0,0,1,0,0,0,0,0,0,0,1,0
2,2019,5,17,5,1,5,0,1,1,0,0,0,0,0,0,0,0,0
7,2018,6,14,5,0,2,0,1,1,0,0,0,0,0,0,0,0,0
2,2020,11,16,4,8,1,1,0,1,0,0,0,0,0,1,2,0,0
2,2020,10,4,4,5,2,2,0,1,0,0,0,0,1,1,1,1,1
4,2021,10,8,3,2,6,0,0,1,0,0,0,0,1,0,1,1,0
4,2018,1,21,4,6,4,2,0,1,1,0,0,0,1,0,0,0,0
1,2021,12,16,1,2,6,2,0,1,0,0,0,0,1,1,2,1,0
5,2020,2,12,6,0,5,0,0,1,0,0,0,1,0,0,0,1,0
11,2021,6,17,3,5,2,0,1,1,0,0,0,0,0,0,1,1,0
6,2018,9,8,6,2,6,0,0,1,0,0,0,0,1,0,0,0,0
2,2018,1,8,4,5,3,1,1,1,0,0,0,0,0,0,0,0,0
8,2021,4,22,6,5,2,2,0,1,0,0,0,1,0,1,2,1,0
1,2021,8,16,5,5,3,0,0,0,0,1,0,1,0,0,1,1,0
7,2021,12,13,5,0,1,0,0,1,0,0,0,0,0,1,2,1,0
9,2021,3,17,3,0,6,0,1,1,0,0,0,0,0,0,2,0,0
7,2019,5,18,3,0,1,0,0,1,0,0,0,0,0,0,0,0,0
6,2018,12,11,3,5,2,0,1,1,0,0,0,0,0,0,0,1,0
4,2021,1,18,7,1,5,2,1,1,0,0,0,0,1,1,2,0,0
6,2021,7,3,2,8,1,2,0,1,0,0,0,0,0,0,1,2,1
1,2018,9,15,6,5,2,0,0,1,0,0,0,0,0,0,0,0,0
8,2020,1,11,3,6,4,0,0,1,1,0,0,0,0,0,0,1,0
5,2021,9,17,3,0,1,1,0,0,0,0,0,1,1,0,1,0,1
8,2018,8,7,6,2,6,0,0,1,0,0,0,0,0,0,0,1,0
12,2018,2,6,5,5,3,2,0,1,0,0,1,0,0,0,0,1,0
1,2019,6,15,6,0,6,0,1,0,0,0,0,0,0,0,0,1,1
1,2018,4,11,3,2,6,0,0,1,0,0,0,0,0,0,0,1,0
5,2018,3,14,4,5,2,0,1,1,0,0,0,0,0,0,0,1,0
12,2019,7,11,6,0,5,0,1,1,0,0,0,1,0,0,0,2,0
6,2021,4,7,3,6,4,1,0,1,1,0,0,0,0,1,2,1,0
8,2018,5,11,5,2,2,0,0,1,0,1,0,0,0,0,0,0,0
2,2020,4,14,4,0,7,0,1,0,0,0,0,0,0,1,2,1,0
12,2021,9,10,4,5,7,0,1,1,0,0,0,0,1,0,1,0,0
8,2018,5,0,4,3,6,2,1,1,0,0,0,0,0,0,0,0,0
2,2019,3,7,5,5,2,0,1,1,0,0,0,0,1,0,0,0,0
9,2018,4,12,5,1,5,0,0,1,0,0,0,0,0,0,0,1,0
6,2019,11,11,6,5,3,0,0,1,0,0,0,0,1,0,0,0,0
3,2020,11,11,5,5,3,0,1,1,0,0,0,0,0,1,2,0,0
7,2019,5,14,2,5,2,0,1,1,0,0,0,0,0,0,0,0,0
1,2020,10,8,4,5,7,0,1,1,0,0,0,0,1,1,1,1,0
6,2019,8,16,1,5,3,0,0,1,0,1,0,0,0,0,0,0,0
7,2021,1,16,3,5,7,2,1,1,0,0,0,0,1,1,2,0,0
4,2020,10,19,2,6,4,2,0,1,1,0,0,0,0,1,1,1,1
5,2021,6,13,5,5,3,0,0,1,0,0,0,0,0,0,1,1,0
9,2019,9,11,7,0,1,0,1,0,0,0,0,0,0,0,0,0,0
12,2020,2,18,7,5,3,2,0,1,0,0,0,0,1,0,0,1,0
4,2019,1,9,4,5,2,0,0,1,0,0,0,0,0,0,0,1,0
7,2021,6,10,1,2,6,0,0,1,0,0,0,0,0,0,1,1,0
7,2021,5,23,3,1,5,2,0,0,0,1,0,1,1,1,2,1,0
1,2018,9,10,5,2,6,0,0,1,0,0,1,0,1,0,0,0,0
1,2020,9,6,5,5,3,1,1,1,0,0,0,0,0,0,1,0,0
7,2019,7,11,6,6,7,0,0,1,1,0,0,0,0,0,0,2,0
2,2021,7,17,4,5,2,0,1,1,0,0,0,0,0,0,1,2,0
5,2021,9,15,7,5,3,0,0,1,0,1,0,0,1,0,1,0,0
2,2020,1,18,5,6,4,2,1,0,1,0,0,0,0,0,0,1,0
4,2018,9,11,3,5,2,0,0,0,0,1,0,0,0,0,0,0,0
12,2018,9,14,5,5,7,0,0,1,0,1,0,0,0,0,0,0,1
4,2021,5,10,2,6,6,0,0,1,1,0,0,0,0,1,2,1,0
3,2018,8,1,4,0,1,2,0,0,0,1,0,0,0,0,0,1,0
5,2020,5,16,2,2,6,0,0,1,0,0,0,0,1,1,1,0,0
11,2021,9,7,6,6,4,0,0,0,1,1,0,0,0,0,1,0,0
2,2021,8,10,7,3,6,0,1,1,0,0,0,0,0,0,1,1,0
8,2018,9,11,2,6,4,0,0,0,1,0,0,1,0,0,0,0,0
1,2021,3,16,2,5,3,0,1,1,0,0,0,0,0,0,2,0,0
5,2018,7,13,5,6,4,0,1,0,1,0,0,0,0,0,0,2,0
3,2019,7,13,4,6,2,0,0,1,1,0,0,0,0,0,0,2,0
6,2020,5,17,1,6,4,0,0,1,1,0,0,0,0,1,1,0,0
10,2018,1,7,4,6,2,1,0,1,1,0,0,0,1,0,0,0,0
3,2019,4,17,4,1,1,0,0,1,0,1,0,0,0,0,0,1,0
7,2018,12,15,1,0,7,0,0,1,0,0,0,0,1,0,0,1,0
3,2018,11,10,3,5,3,0,0,1,0,0,1,0,1,0,0,0,0
3,2020,10,17,3,5,2,1,1,1,0,0,0,0,0,1,1,1,0
9,2021,9,7,4,5,2,0,0,1,0,0,0,1,0,0,1,0,0
4,2021,5,19,4,8,1,0,0,1,0,0,0,0,1,1,2,1,0
8,2018,2,13,6,2,6,0,0,1,0,0,0,1,0,0,0,1,0
3,2019,3,20,5,5,2,2,1,1,0,0,0,0,1,0,0,0,0
4,2018,7,8,7,5,3,0,0,0,0,1,0,1,0,0,0,2,1
3,2020,6,16,6,2,2,0,0,1,0,0,0,1,0,0,1,1,0
12,2018,11,13,2,5,2,0,1,1,0,0,0,0,1,0,0,0,0
1,2021,6,22,5,5,2,2,1,0,0,1,0,0,0,0,1,1,0
4,2020,1,19,6,6,2,2,0,1,1,0,0,0,1,0,0,1,1
7,2018,2,12,4,2,6,0,0,1,0,0,0,0,0,0,0,1,0
1,2019,12,6,5,3,6,2,1,1,0,0,0,0,1,0,0,1,1
1,2021,11,16,3,2,6,1,0,1,0,0,0,0,0,0,2,0,0
6,2018,8,13,5,0,1,0,1,0,0,0,0,0,0,0,0,1,0
1,2020,3,2,6,8,1,2,0,1,0,0,0,0,0,1,1,0,0
11,2021,11,17,2,1,5,2,1,1,0,0,0,0,0,0,2,0,0
3,2018,12,14,6,6,4,0,0,1,1,0,0,0,1,0,0,1,1
3,2019,7,18,3,1,5,0,1,1,0,0,0,1,0,0,0,2,0
7,2019,4,6,5,3,6,0,0,1,0,0,0,0,0,0,0,1,0
8,2021,7,14,5,2,6,0,0,1,0,1,0,0,0,0,1,2,0
6,2021,8,7,4,5,3,0,1,0,0,0,0,0,0,0,1,1,0
1,2020,12,11,4,5,3,0,1,1,0,0,0,0,1,1,2,1,1
8,2020,6,10,1,5,7,0,1,1,0,0,0,0,0,0,1,1,0
12,2018,12,14,5,5,2,0,0,1,0,1,0,0,1,0,0,1,0
9,2020,6,8,3,3,6,0,1,0,0,0,0,0,0,0,1,1,0
5,2019,9,14,4,5,2,0,1,0,0,0,0,1,0,0,0,0,0
12,2020,6,9,5,5,3,0,1,1,0,0,0,0,1,0,1,1,0
10,2019,11,15,2,2,6,0,0,1,0,0,0,0,0,0,0,0,0
11,2021,11,14,5,2,6,0,0,1,0,0,0,0,0,0,2,0,0
6,2021,9,23,3,0,7,2,0,1,0,0,0,0,0,0,1,0,0
4,2019,6,23,4,0,1,2,0,1,0,1,0,0,0,0,0,1,0
6,2020,11,18,1,5,2,2,0,1,0,1,0,0,0,1,2,0,0
4,2018,8,11,3,5,2,0,1,1,0,0,0,0,0,0,0,1,1
9,2019,10,17,5,2,6,0,0,1,0,0,0,0,1,0,0,1,0
7,2018,9,17,4,5,2,0,1,0,0,1,0,0,0,0,0,0,0
12,2018,8,5,4,5,7,1,1,1,0,0,0,0,0,0,0,1,0
2,2021,11,19,5,0,4,2,0,0,1,1,0,0,1,0,2,0,0
1,2019,1,11,1,6,7,0,0,1,1,0,0,0,1,0,0,1,0
5,2018,10,12,6,0,7,0,0,1,0,1,0,0,1,0,0,1,0
7,2019,2,19,5,5,2,2,0,1,0,0,0,1,0,0,0,1,0
9,2020,6,15,4,6,4,0,0,1,1,0,0,0,0,0,1,1,1
4,2018,3,15,2,2,6,0,0,1,0,0,0,0,0,0,0,1,0
4,2019,10,15,3,0,6,0,1,0,0,0,0,1,0,0,0,1,0
7,2018,3,16,6,2,6,0,0,1,0,0,0,0,0,0,0,1,0
8,2021,6,17,4,0,3,0,1,0,0,0,0,1,0,0,1,1,1
5,2018,11,17,4,6,2,2,0,1,1,0,0,0,0,0,0,0,0
9,2020,4,6,3,2,2,0,0,1,0,0,0,1,0,1,2,1,0
11,2018,10,16,2,2,6,0,0,1,0,0,0,0,0,0,0,1,0
8,2019,5,10,2,6,2,0,0,1,1,0,0,0,0,0,0,0,0
10,2019,12,22,6,0,1,2,1,0,0,0,0,0,1,0,0,1,1
1,2019,7,12,3,1,5,0,1,1,0,0,0,0,0,0,0,2,0
5,2019,10,7,4,6,4,2,0,1,1,0,0,0,0,0,0,1,1
11,2018,12,7,6,5,3,0,1,1,0,0,0,0,1,0,0,1,1
1,2021,4,7,3,5,3,0,0,1,0,1,0,0,1,1,2,1,1
11,2020,5,11,5,6,4,0,0,1,1,0,0,0,0,1,1,0,0
3,2018,7,12,5,5,3,0,0,1,0,0,0,0,0,0,0,2,0
5,2020,5,14,5,5,2,0,0,1,0,1,1,0,0,1,1,0,1
7,2019,9,14,4,5,2,0,1,1,0,0,0,0,0,0,0,0,0
1,2019,6,15,2,2,2,0,0,1,0,0,0,0,0,0,0,1,1
1,2018,7,17,7,5,2,0,0,1,0,1,0,0,0,0,0,2,1
6,2020,12,21,6,0,1,2,0,0,0,1,0,0,0,1,2,1,1
2,2020,1,3,1,9,1,2,0,1,1,0,0,0,1,0,0,1,0
3,2018,3,12,5,6,4,0,0,1,1,0,0,0,1,0,0,1,1
7,2019,4,14,6,5,3,0,0,1,0,0,0,0,0,0,0,1,0
3,2019,6,14,2,1,5,0,1,1,0,0,0,0,0,0,0,1,0
3,2018,7,15,6,5,2,0,0,1,0,1,0,0,0,0,0,2,0
4,2019,7,12,5,5,3,0,0,1,0,0,0,0,0,0,0,2,1
2,2020,1,8,6,0,1,1,0,0,0,0,0,1,1,0,0,1,0
8,2018,8,10,4,0,7,0,1,0,0,0,0,0,0,0,0,1,1
10,2018,10,12,4,6,7,0,0,1,1,0,0,0,0,0,0,1,0
8,2019,4,17,4,5,3,0,0,1,0,1,0,0,0,0,0,1,0
5,2020,7,15,2,2,6,0,0,1,0,1,0,0,1,0,1,2,1
1,2018,2,18,6,3,2,2,1,1,0,0,0,0,0,0,0,1,0
6,2019,12,17,6,6,2,2,0,1,1,0,0,0,1,0,0,1,0
1,2019,5,15,6,3,6,0,1,1,0,0,0,0,0,0,0,0,0
2,2021,8,4,1,0,1,2,1,0,0,0,0,0,1,0,1,1,1
1,2019,5,8,5,3,6,0,0,0,0,0,0,1,0,0,0,0,0
2,2018,1,7,3,5,3,1,1,1,0,0,0,0,0,0,0,0,0
12,2019,5,8,3,1,5,0,1,1,0,0,0,0,0,0,0,0,0
2,2021,10,10,1,5,2,0,0,1,0,0,0,0,0,0,1,1,0
8,2021,6,13,1,5,2,0,1,0,0,0,0,0,0,0,1,1,0
12,2018,9,8,4,6,2,0,0,1,1,0,0,0,0,0,0,0,1
7,2021,4,18,3,2,6,0,0,1,0,0,0,0,0,1,2,1,0
3,2018,6,11,2,2,6,0,0,1,0,0,0,1,0,0,0,0,0
9,2018,1,13,6,2,2,0,0,1,0,0,0,0,1,0,0,0,0
2,2021,9,7,3,5,2,0,1,1,0,0,0,0,0,0,1,0,0
8,2021,6,17,5,1,5,0,1,1,0,0,0,0,0,0,1,1,0
1,2019,12,9,2,5,3,0,1,1,0,0,0,0,1,0,0,1,0
10,2019,9,13,1,5,7,0,0,1,0,1,0,0,0,0,0,0,0
1,2020,3,7,4,6,2,0,0,1,1,0,0,0,0,1,1,0,0
5,2020,8,11,7,3,6,0,0,1,0,1,0,0,0,0,1,1,0
3,2020,9,11,5,6,2,0,0,1,1,0,0,0,0,0,1,0,0
8,2019,6,17,7,2,6,0,0,1,0,0,0,0,0,0,0,1,0
12,2021,12,20,5,2,6,2,0,1,0,0,0,0,0,1,2,1,0
2,2020,11,0,6,6,4,2,0,1,1,0,0,0,0,1,2,0,0
12,2019,4,11,3,2,6,0,0,1,0,0,0,0,0,0,0,1,0
1,2018,4,12,5,5,3,0,0,1,0,1,0,0,0,0,0,1,0
1,2020,6,18,7,2,6,0,0,1,0,0,0,0,1,0,1,1,0
7,2019,7,17,4,2,6,0,0,1,0,1,0,0,0,0,0,2,0
3,2018,9,18,6,5,3,0,0,1,0,1,0,0,0,0,0,0,1
12,2018,3,7,5,6,4,0,0,1,1,0,0,0,0,0,0,1,1
1,2019,12,13,2,1,5,0,1,0,0,0,1,0,0,0,0,1,0
1,2021,3,20,3,5,2,2,1,1,0,0,0,0,0,0,2,0,0
4,2020,8,16,2,5,3,0,1,1,0,0,0,0,0,0,1,1,0
1,2020,5,18,3,1,7,0,0,1,0,0,0,0,0,1,1,0,0
2,2021,8,8,2,5,3,0,0,1,0,0,0,1,0,0,1,1,0
4,2020,6,16,6,0,6,0,0,1,0,0,0,1,0,0,1,1,0
8,2018,11,17,4,6,7,2,0,1,1,0,0,0,0,0,0,0,1
7,2021,10,16,6,5,2,0,0,1,0,1,0,0,0,0,1,1,0
1,2018,12,9,3,6,4,0,1,0,1,0,0,0,1,0,0,1,0
10,2019,9,17,1,5,2,0,0,1,0,0,0,0,0,0,0,0,0
10,2018,4,22,1,5,3,2,0,1,0,0,0,0,1,0,0,1,0
8,2020,3,14,5,5,2,0,1,1,0,0,0,0,0,1,1,0,0
7,2018,7,22,4,1,5,2,1,1,0,0,0,0,0,0,0,2,1
1,2019,1,12,4,2,6,0,0,1,0,0,0,0,1,0,0,1,0
7,2019,12,18,4,6,4,2,0,0,1,1,0,0,1,0,0,1,1
3,2020,8,13,4,5,3,0,0,1,0,1,0,0,0,0,1,1,0
1,2020,9,10,3,5,2,0,0,1,0,0,0,0,0,0,1,0,0
8,2021,6,7,4,5,2,0,0,1,0,1,0,0,1,0,1,1,0
9,2020,7,15,6,2,6,0,0,1,0,0,0,1,1,0,1,2,0
5,2020,9,9,4,2,6,0,0,1,0,0,0,0,0,0,1,0,0
10,2019,8,8,1,0,7,0,0,1,0,0,0,0,1,0,0,0,1
1,2019,5,22,2,5,2,2,0,1,0,0,0,0,0,0,0,0,0
9,2019,3,9,6,6,4,0,0,1,1,0,0,0,0,0,0,0,1
3,2019,8,13,6,5,3,0,0,1,0,1,0,0,0,0,0,0,0
3,2019,8,17,3,3,6,0,1,0,0,0,0,0,0,0,0,0,0
10,2020,9,16,2,5,2,0,1,1,0,0,0,0,0,0,1,0,0
1,2019,4,22,7,5,2,2,1,1,0,0,0,0,0,0,0,1,1
1,2021,1,16,3,0,2,1,0,1,0,1,0,0,1,1,2,0,1
2,2019,10,12,6,5,2,0,0,0,0,0,1,1,0,0,0,1,0
11,2019,6,17,1,2,6,0,0,1,0,1,0,0,0,0,0,1,0
1,2021,5,12,3,2,2,0,1,0,0,0,0,1,0,1,2,1,0
7,2019,11,14,2,6,4,0,0,1,1,0,0,0,0,0,0,0,0
12,2021,7,18,5,1,5,0,0,1,0,1,0,0,1,0,1,2,0
7,2018,11,15,4,5,3,0,0,0,0,1,0,1,0,0,0,0,1
6,2020,10,22,4,6,4,2,0,1,1,0,0,0,0,1,1,1,0
4,2021,6,8,3,3,6,0,0,1,0,0,0,0,0,0,1,1,0
3,2018,8,8,7,2,6,0,0,1,0,0,0,1,0,0,0,1,0
7,2021,11,13,5,5,2,0,1,0,0,0,0,1,0,0,2,0,0
7,2020,10,13,2,5,2,0,0,1,0,1,0,0,0,1,1,1,1
6,2021,4,15,3,5,2,0,1,1,0,0,0,0,1,1,2,1,0
10,2018,6,17,7,5,7,0,0,1,0,0,0,0,0,0,0,0,0
7,2018,5,14,2,0,6,0,1,1,0,0,0,0,0,0,0,0,0
3,2020,11,16,6,5,2,2,1,1,0,0,0,0,0,1,2,0,0
7,2019,9,17,4,5,3,0,1,1,0,0,0,0,1,0,0,0,0
4,2020,9,8,5,2,6,0,0,1,0,1,0,0,0,0,1,0,1
9,2020,8,21,4,0,1,2,1,0,0,0,0,0,0,0,1,1,0
1,2018,1,9,7,5,3,0,0,1,0,0,0,0,0,0,0,0,0
11,2019,8,17,4,5,3,0,0,1,0,1,0,0,0,0,0,0,0
7,2020,8,15,7,2,6,0,0,1,0,0,0,0,0,0,1,1,0
1,2021,10,15,4,5,2,0,0,1,0,0,0,0,0,0,1,1,0
3,2021,10,14,3,2,6,0,0,1,0,0,0,1,1,0,1,1,0
1,2020,1,13,7,5,2,0,1,1,0,0,0,0,1,0,0,1,1
2,2019,10,20,1,5,3,2,0,1,0,1,0,0,1,0,0,1,0
10,2020,7,18,3,2,6,0,0,1,0,0,0,0,0,0,1,2,1
8,2020,12,10,5,6,7,0,0,1,1,0,0,0,0,1,2,1,0
3,2019,11,19,5,6,2,2,0,0,1,0,0,1,0,0,0,0,1
2,2020,9,5,3,4,6,2,0,1,0,0,1,0,0,0,1,0,0
4,2019,5,15,3,2,6,0,0,1,0,0,0,0,0,0,0,0,0
5,2020,11,12,5,5,3,0,0,1,0,0,0,0,0,1,2,0,0
7,2018,10,14,7,6,7,0,1,0,1,0,0,0,0,0,0,1,0
4,2018,6,17,6,5,2,0,1,1,0,0,0,0,0,0,0,0,0
3,2018,10,15,5,5,3,0,1,1,0,0,0,0,0,0,0,1,0
6,2019,3,20,5,2,6,2,0,1,0,0,0,0,0,0,0,0,0
7,2021,12,17,4,6,2,2,0,1,1,0,0,0,1,1,2,1,0
11,2021,11,17,7,5,2,2,0,1,0,1,0,0,1,0,2,0,0
2,2021,6,14,6,0,7,0,1,1,0,0,0,0,0,0,1,1,0
1,2021,12,16,1,5,3,2,1,0,0,0,0,0,1,1,2,1,0
7,2018,12,7,5,2,6,0,0,1,0,0,0,0,1,0,0,1,0
8,2019,1,12,4,5,3,0,0,1,0,0,0,0,1,0,0,1,0
4,2020,7,18,6,3,5,0,1,1,0,0,0,0,0,0,1,2,0
4,2019,5,13,3,3,6,0,0,1,0,0,1,0,0,0,0,0,0
10,2021,3,17,1,5,3,1,0,1,0,0,0,0,1,0,2,0,0
4,2019,11,19,2,6,4,2,0,1,1,0,0,0,1,0,0,0,0
6,2020,8,7,4,1,5,0,1,1,0,0,0,0,0,0,1,1,0
8,2020,4,15,3,1,5,0,0,1,0,0,0,0,0,1,2,1,0
9,2021,3,13,6,2,2,0,0,1,0,0,1,0,0,0,2,0,1
8,2021,12,16,2,3,6,1,0,1,0,0,1,0,1,1,2,1,0
2,2020,5,18,7,5,7,0,0,1,0,1,0,0,0,1,1,0,0
10,2019,5,18,4,5,3,0,1,1,0,0,0,0,0,0,0,0,0
5,2021,4,13,5,5,2,0,1,1,0,0,0,0,1,1,2,1,0
8,2020,1,16,6,6,2,1,0,1,1,0,0,0,1,0,0,1,0
1,2019,8,18,2,2,6,0,1,1,0,0,0,0,0,0,0,0,0
4,2021,10,2,1,1,5,2,0,1,0,0,0,1,0,0,1,1,0
11,2018,9,15,3,5,3,0,1,1,0,0,0,0,0,0,0,0,0
5,2020,10,7,1,5,2,0,0,1,0,0,0,0,0,1,1,1,0
3,2019,4,7,4,1,5,0,0,1,0,1,0,0,0,0,0,1,0
6,2020,6,18,7,0,1,0,0,0,0,1,0,0,1,0,1,1,0
7,2020,9,17,2,0,6,0,0,1,0,1,0,0,0,0,1,0,1
7,2019,1,17,5,3,2,2,0,1,0,0,0,1,0,0,0,1,0
9,2020,6,16,1,5,7,0,0,1,0,1,0,0,0,0,1,1,1
4,2018,6,18,3,5,2,0,0,1,0,0,0,0,0,0,0,0,0
6,2021,12,20,3,1,7,2,0,1,0,0,0,0,1,1,2,1,0
1,2018,4,9,5,6,7,0,1,0,1,0,0,0,0,0,0,1,0
4,2020,4,12,3,6,2,0,0,1,1,0,0,0,0,1,2,1,0
4,2018,6,16,3,5,3,0,1,1,0,0,0,0,0,0,0,0,0
8,2019,7,15,4,5,7,0,0,1,0,0,0,0,0,0,0,2,0
9,2020,3,13,1,9,1,0,0,0,0,1,0,0,0,1,1,0,0
10,2020,3,13,3,5,2,0,0,1,0,0,0,0,0,1,1,0,0
6,2019,6,8,2,5,3,0,0,1,0,1,0,0,0,0,0,1,0
3,2021,3,10,2,5,3,0,0,1,0,0,0,0,0,0,2,0,0
2,2020,7,17,2,1,5,0,1,1,0,0,0,0,0,0,1,2,0
1,2018,4,16,6,5,3,0,0,1,0,0,0,1,0,0,0,1,0
11,2018,8,14,7,8,1,0,0,1,0,0,0,0,0,0,0,1,1
7,2020,5,20,2,2,6,1,0,1,0,1,0,0,0,1,1,0,0
3,2019,4,19,3,5,3,0,0,1,0,0,0,0,0,0,0,1,0
5,2018,10,14,2,5,3,0,1,1,0,0,0,0,0,0,0,1,1
9,2019,9,17,4,5,2,0,0,1,0,1,0,0,0,0,0,0,0
11,2020,2,10,2,0,4,0,0,0,1,1,0,0,0,0,0,1,0