BEZ,UJAHR,UMONAT,USTUNDE,UWOCHENTAG,UART,UTYP1,ULICHTVERH,IstRad,IstPKW,IstFuss,IstKrad,IstGkfz,IstSonstige,USTRZUSTAND,LOCKDOWN,COVID,FERIEN,UKATEGORIE
9,2018,8,17,4,0,1,0,1,0,0,0,0,0,0,0,0,1,1
10,2021,11,9,3,2,7,0,0,1,0,0,0,0,1,0,2,0,0
4,2018,6,19,5,5,2,0,1,1,0,0,0,0,0,0,0,0,0
7,2019,9,16,6,5,2,0,1,0,0,0,0,1,0,0,0,0,0
6,2018,5,9,3,3,6,0,1,0,0,0,0,1,0,0,0,0,1
8,2021,8,22,7,5,7,2,0,1,0,1,0,0,1,0,1,1,0
4,2018,10,11,1,5,2,0,0,1,0,1,0,0,0,0,0,1,1
9,2018,8,22,6,2,6,2,0,1,0,0,0,0,0,0,0,1,0
12,2020,6,18,6,0,1,0,0,1,0,1,0,0,0,0,1,1,0
8,2019,9,15,4,5,2,0,1,1,0,0,0,0,0,0,0,0,0
4,2018,5,15,4,0,1,0,0,0,0,1,0,0,0,0,0,0,1
2,2021,7,11,6,5,2,0,1,1,0,0,0,0,0,0,1,2,0
1,2021,6,17,4,5,3,0,1,1,0,0,0,0,0,0,1,1,1
7,2020,10,14,3,6,4,0,0,1,1,0,0,0,0,1,1,1,0
2,2021,12,20,5,2,1,2,0,1,0,0,0,0,2,1,2,1,0
5,2021,7,7,2,5,3,0,0,1,0,1,0,0,0,0,1,2,0
3,2020,6,15,4,5,3,0,1,1,0,0,0,0,0,0,1,1,0
11,2018,7,10,1,8,1,0,0,0,0,1,0,0,0,0,0,2,0
8,2021,9,4,5,2,2,2,0,1,1,0,0,0,0,0,1,0,0
2,2021,12,8,2,0,1,0,1,0,0,0,0,0,2,1,2,1,0
1,2020,10,7,7,0,7,1,0,0,0,0,0,1,0,1,1,1,0
1,2019,10,8,4,5,2,0,0,1,0,0,0,0,1,0,0,1,1
12,2019,2,15,5,5,3,0,0,1,0,0,0,0,0,0,0,1,0
8,2020,10,8,4,1,5,0,1,1,0,0,0,0,1,1,1,1,0
2,2021,5,6,1,9,1,0,0,1,0,0,0,0,0,1,2,1,0
3,2018,12,16,5,3,6,1,0,1,0,1,0,0,1,0,0,1,0
1,2021,7,18,3,0,7,0,1,0,0,0,0,0,0,0,1,2,1
10,2020,2,21,4,6,2,2,0,0,1,0,0,1,1,0,0,1,0
7,2019,11,16,6,5,3,2,1,1,0,0,0,0,0,0,0,0,0
11,2021,12,20,1,2,6,2,0,1,0,0,0,1,2,1,2,1,0
4,2020,3,7,3,5,3,0,1,1,0,0,0,0,1,1,1,0,0
2,2020,4,13,7,2,2,0,1,1,0,0,0,0,0,1,2,1,0
2,2019,8,5,2,2,6,1,0,1,0,0,0,0,0,0,0,0,0
3,2021,6,10,3,3,6,0,0,1,0,0,1,0,0,0,1,1,0
7,2021,5,23,3,1,5,2,0,1,0,0,0,1,0,1,2,1,0
10,2018,11,7,3,6,2,0,0,1,1,0,0,0,1,0,0,0,0
5,2020,2,7,5,6,4,0,0,1,1,0,0,0,0,0,0,1,0
3,2019,8,15,3,0,3,0,0,1,0,1,0,0,0,0,0,0,0
4,2021,9,15,7,2,6,0,0,1,0,0,0,0,0,0,1,0,0
9,2018,5,17,3,3,6,0,1,1,0,0,0,0,0,0,0,0,0
1,2019,11,9,4,5,3,0,1,1,0,0,0,0,0,0,0,0,1
6,2018,9,23,6,5,3,2,0,1,0,1,0,0,0,0,0,0,1
6,2020,6,10,4,2,6,0,0,1,0,0,0,0,0,0,1,1,0
11,2018,11,18,5,6,2,2,0,1,1,0,0,0,0,0,0,0,1
9,2019,8,22,1,2,6,2,0,1,0,0,0,0,1,0,0,0,0
4,2021,11,16,4,2,7,2,0,1,0,0,0,0,1,0,2,0,0
7,2020,12,21,6,2,2,2,0,1,0,0,0,0,0,1,2,1,0
12,2020,10,14,4,0,2,0,1,0,0,0,1,0,1,1,1,1,1
1,2020,2,10,3,1,5,0,1,1,0,0,0,0,0,0,0,1,0
6,2019,7,18,7,5,2,0,1,1,0,0,0,0,0,0,0,2,0
1,2018,5,21,4,0,1,2,0,0,0,1,0,0,1,0,0,0,0
3,2018,1,7,6,5,2,1,1,1,0,0,0,0,1,0,0,0,0
3,2021,9,16,6,2,6,0,0,1,0,1,0,0,0,0,1,0,0
2,2019,9,7,4,3,6,0,1,1,0,0,0,0,0,0,0,0,0
3,2018,6,18,6,2,6,0,0,1,0,1,0,0,0,0,0,0,0
6,2020,5,0,1,0,1,2,1,0,0,0,0,0,0,1,1,0,0
1,2019,7,19,4,1,5,0,1,1,0,0,0,0,0,0,0,2,0
4,2018,5,23,7,0,5,2,0,1,0,0,0,1,0,0,0,0,0
4,2020,3,18,5,1,5,2,1,0,0,0,0,1,0,1,1,0,0
3,2020,7,12,3,0,7,0,0,0,0,0,0,1,0,0,1,2,0
4,2018,8,15,2,5,3,0,0,1,0,0,0,0,0,0,0,1,0
7,2021,6,10,6,5,2,0,1,1,0,0,0,0,0,0,1,1,0
4,2020,1,15,6,2,6,0,0,1,0,0,1,0,0,0,0,1,0
8,2018,6,20,4,5,7,0,1,1,0,0,0,0,0,0,0,0,0
5,2020,11,15,6,1,5,0,0,1,0,0,0,0,1,1,2,0,0
1,2019,12,7,2,5,3,1,0,1,0,0,0,0,1,0,0,1,0
9,2021,8,22,1,5,3,2,0,1,0,0,0,0,1,0,1,1,1
8,2020,11,10,5,0,7,0,0,1,1,0,0,0,0,1,2,0,0
5,2018,10,15,7,0,1,0,0,0,0,1,0,0,0,0,0,1,0
6,2019,1,19,3,0,6,2,0,0,0,1,0,1,1,0,0,1,0
2,2020,10,17,1,6,4,1,0,0,1,1,0,0,0,1,1,1,0
12,2020,10,14,6,5,3,0,1,1,0,0,0,0,0,1,1,1,0
8,2021,8,18,2,6,4,1,0,1,1,0,0,0,0,0,1,1,0
6,2018,4,3,1,1,1,2,1,1,0,0,0,0,0,0,0,1,0
2,2018,3,10,5,5,2,0,1,1,0,0,0,0,0,0,0,1,0
1,2018,4,17,1,0,1,1,0,0,0,1,0,0,0,0,0,1,0
6,2018,5,8,2,2,6,0,0,1,0,1,0,0,0,0,0,0,0
5,2019,1,8,2,6,4,0,0,1,1,0,0,0,0,0,0,1,0
10,2020,10,15,5,3,6,0,1,0,0,0,0,0,0,1,1,1,1
10,2020,1,6,6,0,1,2,0,0,0,1,0,0,2,0,0,1,1
1,2018,5,14,4,6,7,0,1,0,1,0,0,0,0,0,0,0,0
5,2018,10,21,3,8,1,2,0,1,0,0,0,0,1,0,0,1,1
5,2020,7,0,1,6,4,2,0,1,1,0,0,0,0,0,1,2,0
12,2018,6,11,6,5,2,0,0,1,0,0,0,0,0,0,0,0,0
2,2018,1,3,6,1,5,2,0,1,0,1,0,0,1,0,0,0,0
7,2018,5,15,3,3,6,0,1,1,0,0,0,0,0,0,0,0,0
10,2019,4,15,4,6,4,0,0,1,1,0,0,0,0,0,0,1,1
7,2020,9,17,1,0,3,0,0,1,0,1,0,0,0,0,1,0,0
5,2021,10,7,3,0,1,2,0,0,0,1,0,0,1,0,1,1,0
1,2020,2,17,6,0,3,2,1,1,0,0,0,0,0,0,0,1,1
4,2020,2,15,2,5,3,0,0,1,0,0,0,0,1,0,0,1,0
6,2018,3,17,4,5,3,0,0,1,0,0,0,0,0,0,0,1,0
1,2019,8,16,2,5,3,0,1,0,0,0,0,0,0,0,0,0,0
7,2019,1,15,4,2,6,0,0,0,0,1,0,0,0,0,0,1,0
2,2019,6,7,2,2,6,0,0,1,0,0,1,0,0,0,0,1,0
4,2018,4,7,5,6,4,0,0,1,1,0,0,0,0,0,0,1,0
12,2018,3,7,5,5,2,0,0,1,0,0,0,0,1,0,0,1,0
4,2021,1,22,4,9,1,2,0,1,0,0,0,0,0,1,2,0,1
1,2018,1,19,2,0,7,2,0,0,0,1,0,0,1,0,0,0,0
11,2021,12,19,3,2,2,2,0,1,0,0,0,0,1,1,2,1,0
1,2021,6,9,5,6,2,0,0,1,1,0,0,0,0,0,1,1,0
4,2018,1,18,3,6,4,2,1,0,1,0,0,0,1,0,0,0,0
8,2021,1,9,3,5,2,0,1,1,0,0,0,0,1,1,2,0,0
8,2020,7,9,2,5,3,0,0,1,0,0,0,0,0,0,1,2,0
12,2021,11,16,5,5,3,2,1,1,0,0,0,0,1,0,2,0,1
7,2018,9,9,6,5,3,0,1,1,0,0,0,0,0,0,0,0,1
6,2018,6,16,3,0,1,0,0,0,0,1,0,0,0,0,0,0,0
4,2018,7,23,5,1,1,2,1,1,0,0,0,0,0,0,0,2,0
7,2019,8,15,3,2,6,0,0,1,0,0,0,0,0,0,0,0,0
7,2021,7,16,4,2,6,0,0,1,0,1,0,0,0,0,1,2,0
4,2018,4,10,2,5,2,0,0,1,0,0,0,1,0,0,0,1,1
9,2018,7,7,6,2,6,0,0,1,0,0,1,0,1,0,0,2,0
11,2021,11,9,5,5,3,0,0,1,0,0,0,0,1,0,2,0,0
3,2021,3,15,2,6,6,0,1,0,1,0,0,0,0,0,2,0,0
6,2019,10,9,5,3,6,0,1,1,0,0,0,0,0,0,0,1,0
7,2020,12,17,6,5,3,2,0,1,0,1,0,0,0,1,2,1,1
1,2021,12,20,5,5,7,2,1,1,0,0,0,0,1,1,2,1,0
2,2021,11,6,3,0,2,1,0,1,0,1,0,0,0,0,2,0,0
3,2020,4,15,3,5,3,0,0,1,0,1,0,0,0,1,2,1,0
11,2018,9,14,6,5,2,0,1,1,0,0,0,0,0,0,0,0,0
2,2018,4,19,1,2,6,0,0,1,0,0,0,0,0,0,0,1,0
4,2021,11,7,2,5,2,1,0,0,0,1,0,1,0,0,2,0,0
8,2019,8,13,6,5,2,0,0,1,0,0,0,0,0,0,0,0,0
12,2019,5,19,5,5,3,0,0,1,0,1,0,0,0,0,0,0,1
12,2020,4,14,7,3,6,0,0,1,0,1,0,0,0,1,2,1,0
9,2020,10,16,5,5,2,0,1,1,0,0,0,0,0,1,1,1,0
1,2018,2,14,2,1,5,0,0,1,0,0,0,1,0,0,0,1,0
3,2020,5,15,7,1,5,0,0,1,0,0,0,1,0,1,1,0,0
7,2019,10,9,2,0,1,0,1,0,0,0,0,0,0,0,0,1,0
2,2021,11,9,4,5,2,0,1,1,0,0,0,0,1,0,2,0,0
3,2019,12,16,5,1,5,2,1,1,0,0,0,0,0,0,0,1,0
5,2019,6,16,6,2,6,0,0,1,0,0,1,0,0,0,0,1,0
8,2020,5,10,2,5,3,0,1,1,0,0,0,0,0,1,1,0,0
2,2021,12,23,4,1,5,2,0,1,0,0,0,1,0,1,2,1,1
3,2020,6,13,3,5,3,0,0,1,0,0,0,1,0,0,1,1,0
1,2021,5,18,4,2,1,0,0,1,0,0,0,1,0,1,2,1,0
1,2021,11,1,5,5,2,2,0,1,0,0,0,0,0,0,2,0,0
12,2018,12,11,6,5,7,0,0,1,0,1,0,0,0,0,0,1,1
11,2020,9,16,3,2,6,0,0,1,0,0,0,0,0,0,1,0,0
9,2021,8,18,4,5,2,0,1,1,0,0,0,0,0,0,1,1,1
1,2018,9,10,6,0,1,0,1,0,0,0,0,0,0,0,0,0,0
1,2019,8,10,4,3,6,0,1,1,0,0,0,0,0,0,0,0,0
5,2019,1,13,6,2,6,0,0,1,0,0,0,0,0,0,0,1,1
8,2018,11,14,5,5,2,0,1,0,0,0,0,1,0,0,0,0,0
1,2019,6,8,5,5,3,0,1,1,0,0,0,0,0,0,0,1,0
3,2021,1,13,5,2,6,0,0,1,0,0,0,0,0,1,2,0,0
6,2019,5,7,4,5,2,0,1,1,0,0,0,0,1,0,0,0,0
5,2018,5,6,2,3,6,0,0,1,0,0,0,1,0,0,0,0,0
2,2021,8,21,2,6,2,2,0,0,1,0,0,1,1,0,1,1,0
4,2020,2,1,7,0,2,2,1,1,0,0,0,0,0,0,0,1,0
7,2021,5,10,7,1,5,0,1,1,0,0,0,0,0,1,2,1,0
1,2021,2,19,7,2,6,2,0,1,0,0,0,0,0,1,2,1,0
1,2020,5,17,6,0,1,0,0,0,0,1,0,0,0,1,1,0,1
1,2021,10,1,4,8,1,2,0,0,0,0,0,1,0,0,1,1,0
4,2018,6,21,2,6,4,1,0,1,1,0,0,0,0,0,0,0,0
1,2018,9,13,4,2,6,0,0,1,0,1,0,0,0,0,0,0,0
7,2020,11,19,6,5,2,2,0,1,0,0,0,0,0,1,2,0,0
1,2020,10,15,7,0,1,0,0,0,0,1,0,0,0,1,1,1,1
1,2021,5,18,2,1,5,0,0,0,0,1,0,1,0,1,2,1,0
3,2019,11,20,7,2,7,2,0,1,0,1,0,0,0,0,0,0,0
11,2018,8,21,6,0,6,2,1,0,0,0,0,1,0,0,0,1,0
12,2020,2,16,6,2,6,0,0,1,0,0,0,0,0,0,0,1,0
6,2018,5,17,2,5,3,0,1,1,0,0,0,0,0,0,0,0,0
12,2018,1,7,5,6,7,1,0,0,1,0,0,1,1,0,0,0,0
11,2020,12,22,2,5,3,2,0,1,0,1,0,0,1,1,2,1,0
8,2019,2,21,3,0,1,2,1,0,0,0,0,0,1,0,0,1,0
5,2018,9,16,5,6,7,0,0,1,1,0,0,0,0,0,0,0,0
1,2018,12,22,2,2,6,2,0,1,0,0,0,0,0,0,0,1,0
1,2021,11,11,5,2,6,0,0,1,0,0,0,0,0,0,2,0,0
4,2021,5,10,2,5,2,0,0,1,0,0,1,0,0,1,2,1,0
3,2021,9,17,5,0,3,0,1,1,0,0,0,0,0,0,1,0,0
8,2019,5,12,1,6,4,0,0,0,1,1,0,0,0,0,0,0,0
5,2020,11,12,4,5,7,0,0,1,0,0,0,1,1,1,2,0,0
4,2019,4,14,3,0,7,0,0,1,0,0,0,1,0,0,0,1,0
6,2021,7,13,6,2,6,0,0,1,0,0,0,0,0,0,1,2,0
2,2019,10,13,5,2,6,0,0,1,0,1,0,0,0,0,0,1,0
1,2020,5,17,3,5,3,0,0,1,0,0,0,0,0,1,1,0,0
4,2018,8,7,6,2,6,0,0,1,0,0,0,1,0,0,0,1,0
1,2020,5,10,5,4,7,0,0,1,0,0,0,0,0,1,1,0,0
4,2021,12,8,5,2,6,0,0,1,0,0,0,0,2,1,2,1,0
9,2018,12,9,4,5,3,0,0,1,0,0,0,0,1,0,0,1,0
9,2019,11,8,4,3,6,0,0,1,0,0,1,0,1,0,0,0,0
7,2021,9,23,5,1,5,2,1,1,0,0,0,0,0,0,1,0,0
12,2021,6,13,1,5,3,0,1,1,0,0,0,0,0,0,1,1,0
11,2021,5,16,7,6,7,0,1,0,1,0,0,0,0,1,2,1,0
1,2018,9,17,6,2,7,0,1,1,0,0,0,0,1,0,0,0,0
11,2018,4,12,6,2,6,0,0,1,0,0,0,1,1,0,0,1,0
2,2021,4,9,3,5,2,0,0,1,0,0,0,1,0,1,2,1,0
7,2021,12,10,3,6,7,0,0,0,1,0,0,1,0,1,2,1,0
9,2021,6,7,2,5,3,0,1,1,0,0,0,0,0,0,1,1,0
7,2020,9,11,2,8,7,0,0,0,0,0,0,1,0,0,1,0,0
1,2021,8,12,2,6,7,0,0,0,1,0,0,1,1,0,1,1,0
9,2019,3,17,4,0,5,0,1,1,0,0,0,0,0,0,0,0,0
4,2018,12,18,2,5,2,2,0,1,0,1,0,0,1,0,0,1,0
12,2019,11,19,5,1,5,2,1,1,0,0,0,0,1,0,0,0,1
4,2021,9,16,2,2,6,0,0,1,0,0,0,0,0,0,1,0,0
7,2018,7,0,4,5,2,2,0,1,0,0,0,0,1,0,0,2,0
4,2019,6,9,6,1,5,0,1,1,0,0,0,0,0,0,0,1,0
9,2018,7,16,2,2,2,0,0,1,0,0,1,0,0,0,0,2,0
3,2020,6,16,5,6,7,0,1,0,1,0,0,0,0,0,1,1,0
1,2018,10,13,4,5,3,0,1,0,0,0,0,0,0,0,0,1,0
7,2021,11,14,2,6,2,0,0,1,1,0,0,0,0,0,2,0,0
3,2018,7,11,1,1,5,0,1,1,0,0,0,0,0,0,0,2,0
1,2019,5,9,4,5,2,0,1,1,0,0,0,0,0,0,0,0,1
5,2019,11,21,6,5,2,2,0,1,0,0,0,0,1,0,0,0,0
1,2018,6,13,6,2,6,0,0,1,0,1,0,0,0,0,0,0,0
2,2019,10,20,6,5,2,2,1,1,0,0,0,0,1,0,0,1,0
4,2020,10,18,4,2,2,1,0,1,0,1,0,0,1,1,1,1,0
1,2020,5,12,5,2,3,0,0,1,0,1,0,0,0,1,1,0,0
5,2021,6,15,4,3,6,0,0,1,0,0,0,1,0,0,1,1,0
2,2018,1,8,5,5,3,0,1,1,0,0,0,0,1,0,0,0,0
10,2018,8,16,4,5,3,0,1,1,0,0,0,0,0,0,0,1,0
12,2018,11,7,3,5,3,0,1,1,0,0,0,0,1,0,0,0,0
5,2020,10,13,3,6,2,0,0,1,1,0,0,0,0,1,1,1,0
4,2020,8,17,5,2,6,0,1,1,0,0,0,0,0,0,1,1,0
8,2018,5,17,3,5,3,0,0,1,0,0,0,0,1,0,0,0,0
8,2020,11,12,4,5,3,0,0,1,0,0,0,0,0,1,2,0,0
9,2018,8,17,5,5,2,0,0,1,0,0,0,0,0,0,0,1,0
5,2020,4,10,3,5,3,0,0,1,0,1,0,0,0,1,2,1,0
4,2020,9,7,4,5,3,0,0,1,0,0,0,0,0,0,1,0,1
1,2018,10,22,3,5,7,2,0,1,0,1,0,0,1,0,0,1,0
4,2018,11,19,3,2,6,2,0,1,0,0,0,0,1,0,0,0,0
3,2019,10,15,2,1,5,0,1,0,0,0,0,1,0,0,0,1,0
2,2020,6,8,4,6,4,0,1,0,1,0,0,0,0,0,1,1,1
3,2020,9,7,5,0,1,1,1,0,0,0,0,0,1,0,1,0,0
12,2021,9,16,2,5,2,0,0,1,0,0,0,1,0,0,1,0,0
8,2020,11,16,3,0,2,2,0,1,0,1,0,0,1,1,2,0,0
1,2020,2,19,5,5,2,2,1,1,0,0,0,0,0,0,0,1,0
1,2019,8,9,5,5,2,0,1,1,0,0,0,0,0,0,0,0,0
4,2019,9,10,5,5,3,0,0,1,0,1,0,0,0,0,0,0,0
3,2021,4,8,4,5,2,0,1,1,0,0,0,0,0,1,2,1,1
8,2019,4,14,2,1,5,0,1,0,0,0,0,1,0,0,0,1,0
1,2018,7,19,5,0,1,0,1,0,0,0,0,0,0,0,0,2,1
7,2020,10,7,2,2,6,0,0,1,0,0,1,0,1,1,1,1,0
9,2018,7,14,2,6,4,0,0,0,1,1,0,0,0,0,0,2,0
8,2020,12,9,2,2,7,0,0,1,0,1,0,0,0,1,2,1,0
12,2020,7,7,6,0,6,0,1,0,0,0,1,0,0,0,1,2,0
3,2020,8,8,5,5,3,0,1,1,0,0,0,0,0,0,1,1,0
8,2020,6,12,7,1,5,0,0,1,0,0,0,0,0,0,1,1,0
2,2019,7,11,4,5,2,0,1,1,0,0,0,0,0,0,0,2,0
2,2021,3,15,4,6,4,0,1,0,1,0,0,0,0,0,2,0,0
5,2019,10,10,3,5,3,0,0,1,0,0,1,0,1,0,0,1,1
3,2021,7,17,7,5,3,0,0,1,0,1,0,0,0,0,1,2,0
4,2020,11,11,2,5,2,0,1,0,0,0,0,1,1,1,2,0,0
4,2019,4,8,3,0,2,0,1,1,0,0,0,0,0,0,0,1,0
9,2020,11,15,3,0,7,0,1,0,1,0,0,0,1,1,2,0,0
7,2019,11,18,4,2,7,2,1,1,0,0,0,0,1,0,0,0,0
9,2018,8,17,6,5,3,0,1,1,0,0,0,0,0,0,0,1,0
3,2021,9,15,1,6,4,0,0,1,1,0,0,0,0,0,1,0,0
2,2018,11,14,6,5,2,0,1,1,0,0,0,0,0,0,0,0,0
6,2020,10,8,3,1,5,0,0,1,0,0,0,0,0,1,1,1,0
6,2020,11,18,6,5,3,1,0,1,0,0,0,0,0,1,2,0,0
7,2020,4,22,4,3,6,2,0,1,0,0,0,1,0,1,2,1,0
4,2020,8,16,3,2,3,0,1,1,0,0,0,0,0,0,1,1,0
7,2021,11,14,5,0,7,0,0,1,0,0,0,0,0,0,2,0,0
11,2021,12,16,6,5,3,2,0,1,0,1,0,0,0,1,2,1,1
5,2021,5,6,4,5,3,0,0,0,0,1,0,1,0,1,2,1,1
1,2019,10,10,5,0,1,0,0,0,0,1,0,0,1,0,0,1,0
7,2019,11,13,7,4,7,0,0,1,0,0,0,0,1,0,0,0,0
10,2018,7,8,3,2,6,0,0,1,0,1,0,0,0,0,0,2,0
4,2018,3,17,4,7,7,0,1,0,0,0,0,0,1,0,0,1,0
5,2018,3,20,7,6,4,2,0,1,1,0,0,0,1,0,0,1,0
6,2019,8,16,5,5,3,0,1,1,0,0,0,0,0,0,0,0,0
6,2021,6,8,4,6,3,0,0,1,1,0,0,0,0,0,1,1,0
4,2018,10,15,1,2,2,0,0,1,0,0,0,0,0,0,0,1,0
4,2018,11,14,4,3,6,0,1,1,0,0,0,0,0,0,0,0,0
1,2020,1,17,3,6,2,1,0,1,1,0,0,0,1,0,0,1,0
6,2018,10,2,6,8,1,2,0,1,0,0,0,0,0,0,0,1,0
5,2018,8,9,4,5,2,0,1,1,0,0,0,0,0,0,0,1,0
1,2021,10,10,7,2,6,0,0,1,0,0,1,0,0,0,1,1,0
7,2018,4,16,3,5,3,0,1,1,0,0,0,0,0,0,0,1,1
3,2021,4,14,4,5,3,0,0,1,0,0,0,0,0,1,2,1,0
12,2020,8,6,1,1,1,0,0,1,0,0,0,0,0,0,1,1,0
9,2018,8,17,2,0,4,0,0,0,1,0,0,1,0,0,0,1,1
1,2019,11,22,3,5,2,2,0,1,0,0,0,1,1,0,0,0,0
2,2021,5,17,6,3,6,0,0,1,0,1,0,0,0,1,2,1,0
5,2020,7,20,6,5,2,0,1,1,0,0,0,0,0,0,1,2,0
7,2021,5,10,5,5,2,0,1,1,0,0,0,0,0,1,2,1,0
8,2019,1,22,4,5,7,2,0,1,0,0,0,1,0,0,0,1,0
1,2021,3,19,2,5,2,2,0,1,0,0,0,0,0,0,2,0,0
7,2018,9,18,4,2,1,0,0,1,0,0,0,0,0,0,0,0,1
10,2019,11,11,5,3,6,0,0,1,0,0,0,1,0,0,0,0,0
8,2019,9,8,2,2,6,0,0,1,0,0,0,0,0,0,0,0,0
9,2020,1,18,2,5,3,2,0,1,0,0,0,0,0,0,0,1,0
1,2019,7,19,4,6,4,0,1,0,1,0,0,0,0,0,0,2,0
5,2019,7,14,3,5,2,0,0,1,0,0,0,0,0,0,0,2,0
1,2021,9,13,2,5,3,0,0,1,0,0,0,1,0,0,1,0,0
8,2020,8,20,3,1,5,1,0,1,0,1,0,0,1,0,1,1,0
7,2020,5,17,3,5,5,0,0,1,0,1,0,0,0,1,1,0,0
4,2018,7,9,5,0,3,0,0,1,0,0,0,1,0,0,0,2,0
3,2019,5,6,2,5,3,0,0,1,0,1,0,0,0,0,0,0,0
7,2021,1,16,3,2,6,1,0,1,0,0,0,1,1,1,2,0,0
8,2019,8,18,6,2,6,0,1,1,0,0,0,0,0,0,0,0,0
3,2020,9,11,3,3,2,0,1,1,0,0,0,0,0,0,1,0,0
12,2018,7,11,1,2,6,0,0,0,0,1,0,0,0,0,0,2,1
1,2018,7,22,7,5,2,2,0,1,0,0,0,0,0,0,0,2,0
4,2019,5,15,6,5,2,0,1,1,0,0,0,0,0,0,0,0,0
1,2019,1,10,3,5,2,0,0,1,0,0,0,0,1,0,0,1,0
4,2018,2,8,4,2,6,0,1,0,0,0,0,0,0,0,0,1,0
11,2021,8,5,4,0,7,0,0,0,0,1,0,0,0,0,1,1,0
1,2021,1,7,4,5,2,2,1,1,0,0,0,0,1,1,2,0,0
7,2020,5,10,7,1,5,0,1,1,0,0,0,0,0,1,1,0,0
4,2021,8,10,4,5,2,0,1,1,0,0,0,0,0,0,1,1,0
10,2018,6,12,4,6,4,0,0,1,1,0,0,0,0,0,0,0,0
1,2021,12,20,5,8,1,2,0,1,0,0,0,0,2,1,2,1,0
11,2020,10,14,6,6,2,0,0,1,1,0,0,0,1,1,1,1,0
5,2019,5,16,2,6,4,0,0,1,1,0,0,0,0,0,0,0,1
10,2019,5,13,7,0,1,0,1,0,0,0,0,0,0,0,0,0,1
3,2018,3,20,5,6,4,2,0,1,1,0,0,0,0,0,0,1,0
4,2021,6,8,3,0,1,0,1,0,0,0,0,0,0,0,1,1,1
8,2019,4,15,7,3,6,0,0,1,0,0,0,0,0,0,0,1,0
1,2018,12,8,5,0,2,1,0,1,0,0,0,1,0,0,0,1,0
10,2018,4,15,7,6,4,0,0,1,1,0,0,0,0,0,0,1,1
8,2020,1,8,5,5,3,0,1,1,0,0,0,0,1,0,0,1,0
11,2018,8,19,6,4,6,0,0,1,0,0,0,0,0,0,0,1,0
7,2020,6,10,7,6,2,0,0,1,1,0,0,0,0,0,1,1,0
5,2018,9,18,5,5,3,1,0,1,0,0,0,0,1,0,0,0,0
12,2021,11,15,7,5,2,0,1,1,0,0,0,0,1,0,2,0,0
12,2018,9,16,1,5,3,0,0,1,0,0,0,0,0,0,0,0,0
6,2020,6,16,4,1,1,0,1,1,0,0,0,0,0,0,1,1,0
1,2021,6,17,2,2,2,0,1,1,0,0,0,0,0,0,1,1,0
10,2018,4,11,6,0,3,0,0,1,0,1,0,0,0,0,0,1,0
1,2020,9,21,7,2,5,2,0,1,0,0,0,0,1,0,1,0,0
1,2019,6,16,3,6,4,0,0,0,1,0,0,1,0,0,0,1,0
4,2021,12,17,4,5,2,2,0,1,0,0,0,0,0,1,2,1,0
1,2020,5,14,1,2,2,0,0,1,0,1,0,0,1,1,1,0,0
5,2021,9,12,1,2,6,0,0,1,0,0,0,0,0,0,1,0,0
1,2018,8,11,1,5,3,0,0,1,0,0,0,0,0,0,0,1,0
7,2019,4,13,7,5,2,0,1,0,0,1,0,0,0,0,0,1,0
10,2019,2,19,1,5,2,2,0,1,0,0,0,0,1,0,0,1,0
12,2021,2,5,4,6,4,2,0,1,1,0,0,0,1,1,2,1,0
12,2019,4,14,6,5,3,0,0,1,0,1,0,0,0,0,0,1,1
2,2021,9,15,4,2,2,0,0,1,0,0,0,0,0,0,1,0,0
12,2019,3,19,1,5,3,2,0,1,0,0,0,0,1,0,0,0,0
4,2020,1,6,3,3,6,2,0,1,0,0,1,0,1,0,0,1,0
12,2020,6,17,5,0,7,0,0,1,0,0,0,0,1,0,1,1,0
9,2019,11,8,2,5,2,0,1,1,0,0,0,0,1,0,0,0,0
8,2019,7,17,5,1,5,0,1,1,0,0,0,0,0,0,0,2,1
6,2020,3,14,1,0,5,0,0,1,0,0,0,0,0,1,1,0,0
4,2018,10,14,6,5,2,0,0,1,0,1,0,0,0,0,0,1,0
12,2019,1,13,3,6,4,0,0,0,1,1,0,0,1,0,0,1,1
7,2018,10,11,6,6,4,0,0,1,1,0,0,0,0,0,0,1,1
4,2021,9,16,4,0,1,0,1,0,0,0,0,0,0,0,1,0,0
2,2020,4,14,5,5,3,0,1,0,0,0,0,1,0,1,2,1,0
2,2018,9,15,5,3,6,0,1,0,0,0,0,1,0,0,0,0,0
4,2021,8,15,7,5,7,0,0,1,0,1,0,0,0,0,1,1,0
8,2019,12,17,5,0,7,2,0,0,1,0,0,1,0,0,0,1,0
9,2021,10,14,4,0,3,0,1,1,0,0,0,0,0,0,1,1,1
4,2021,5,17,7,5,7,0,1,1,0,0,0,0,0,1,2,1,0
3,2020,8,22,4,0,7,2,1,0,1,0,0,0,0,0,1,1,0
4,2018,5,15,3,2,6,0,0,1,0,0,0,1,0,0,0,0,0
2,2021,7,20,6,2,6,0,1,0,0,0,0,0,0,0,1,2,0
4,2021,10,16,4,3,6,0,0,1,0,0,1,0,0,0,1,1,0
2,2021,10,18,7,0,3,0,0,1,0,1,0,0,0,0,1,1,0
5,2020,6,13,2,5,2,0,1,1,0,0,0,0,0,0,1,1,0