BEZ,UJAHR,UMONAT,USTUNDE,UWOCHENTAG,UART,UTYP1,ULICHTVERH,IstRad,IstPKW,IstFuss,IstKrad,IstGkfz,IstSonstige,USTRZUSTAND,LOCKDOWN,COVID,FERIEN,UKATEGORIE
12,2018,10,23,3,6,2,2,0,1,1,0,0,0,1,0,0,1,0
5,2019,3,14,6,5,3,0,1,0,0,1,0,0,0,0,0,0,1
5,2020,12,14,4,3,6,0,0,1,0,0,0,0,0,1,2,1,1
4,2019,12,7,3,5,2,1,0,1,0,0,0,0,0,0,0,1,0
12,2020,8,7,4,5,3,0,1,1,0,0,0,0,1,0,1,1,0
8,2020,8,22,7,1,5,2,1,1,0,0,0,0,0,0,1,1,0
12,2020,1,21,5,6,4,2,0,1,1,0,0,0,0,0,0,1,1
9,2021,8,19,1,0,1,0,0,0,0,1,0,0,0,0,1,1,0
4,2018,6,7,3,2,6,0,0,1,0,1,0,0,0,0,0,0,0
1,2018,5,12,4,5,2,0,0,1,0,0,0,0,0,0,0,0,1
1,2020,8,10,3,5,3,0,1,1,0,0,0,0,0,0,1,1,0
7,2018,4,15,1,2,6,0,0,1,0,0,0,0,0,0,0,1,0
11,2020,8,10,5,5,7,0,0,1,0,0,0,1,0,0,1,1,0
9,2021,3,13,2,5,3,0,1,1,0,0,0,0,0,0,2,0,0
6,2019,11,10,7,0,2,0,1,1,0,0,0,0,1,0,0,0,0
5,2021,2,14,1,0,7,0,0,1,0,0,0,1,0,1,2,1,0
4,2019,8,19,3,1,5,1,1,1,0,0,0,0,0,0,0,0,0
1,2019,11,8,5,1,5,0,1,1,0,0,0,1,1,0,0,0,0
4,2021,6,15,7,6,4,0,0,1,1,0,0,0,0,0,1,1,0
8,2021,6,12,3,2,2,0,0,1,0,0,0,0,0,0,1,1,0
4,2020,1,17,3,6,2,2,0,1,1,0,0,0,1,0,0,1,0
2,2020,7,10,2,2,7,0,1,1,0,0,0,0,0,0,1,2,0
1,2019,5,17,3,6,4,0,1,1,1,0,0,0,0,0,0,0,0
6,2020,12,15,3,5,3,1,1,0,0,0,0,0,0,1,2,1,0
7,2020,11,16,3,0,1,1,0,0,0,1,0,0,1,1,2,0,0
8,2018,1,1,7,3,6,2,0,1,0,0,0,0,0,0,0,0,0
2,2018,6,19,4,5,7,0,1,0,0,0,0,0,0,0,0,0,0
9,2019,8,18,6,2,2,0,0,1,0,0,0,0,1,0,0,0,0
1,2019,10,16,7,6,4,0,1,0,1,0,0,0,0,0,0,1,0
2,2018,6,7,6,6,4,0,0,0,1,1,0,0,0,0,0,0,1
5,2018,3,20,7,2,2,2,0,1,0,0,0,0,0,0,0,1,0
4,2020,9,8,4,1,5,0,1,1,0,0,0,0,0,0,1,0,0
8,2018,6,15,4,6,4,0,0,1,1,0,0,0,0,0,0,0,0
4,2018,6,14,4,5,3,0,1,1,0,0,0,0,0,0,0,0,0
1,2019,7,14,4,5,3,0,0,1,0,0,0,0,0,0,0,2,0
1,2018,5,8,3,2,2,0,0,1,0,1,0,0,0,0,0,0,0
1,2020,8,10,1,2,6,0,0,1,0,0,0,0,0,0,1,1,0
2,2018,6,10,7,5,2,0,1,1,0,0,0,0,0,0,0,0,0
12,2018,4,9,3,6,6,0,0,1,1,0,0,0,0,0,0,1,0
11,2021,7,14,6,0,1,0,0,0,0,1,0,0,0,0,1,2,1
5,2020,2,8,6,6,4,0,0,1,1,0,0,0,1,0,0,1,1
2,2019,4,16,2,2,6,0,0,1,0,0,0,0,0,0,0,1,0
3,2020,5,16,4,1,5,0,1,1,0,0,0,0,0,1,1,0,0
7,2018,5,23,6,1,5,2,1,1,0,0,0,0,0,0,0,0,1
3,2021,4,7,2,6,4,0,0,1,1,0,0,0,1,1,2,1,0
7,2019,3,20,5,3,6,2,0,1,0,0,0,1,0,0,0,0,1
4,2020,10,16,7,2,6,0,0,1,0,0,0,0,0,1,1,1,0
9,2020,10,21,3,0,1,2,0,0,0,1,0,0,1,1,1,1,1
4,2020,9,15,7,5,3,0,0,1,0,0,0,0,0,0,1,0,0
4,2021,2,19,5,9,1,2,0,1,0,0,0,0,1,1,2,1,0
6,2020,10,15,5,0,7,0,1,1,0,0,0,0,1,1,1,1,1
2,2018,9,20,6,1,5,2,1,1,0,0,0,0,0,0,0,0,0
1,2021,8,9,3,2,6,0,1,1,0,0,0,0,0,0,1,1,0
10,2019,7,10,6,5,3,0,0,1,0,0,0,0,1,0,0,2,0
6,2018,6,14,4,5,2,0,0,1,0,0,0,0,0,0,0,0,1
5,2021,10,6,4,5,3,1,1,1,0,0,0,0,0,0,1,1,0
4,2021,3,16,5,2,6,0,0,1,0,1,0,0,0,0,2,0,0
12,2020,8,20,5,0,3,1,0,1,0,1,0,0,0,0,1,1,0
6,2019,10,17,5,2,6,2,0,1,0,0,0,0,0,0,0,1,0
10,2018,6,12,6,4,7,0,0,1,0,0,0,0,0,0,0,0,0
6,2019,1,17,1,6,2,2,0,1,1,0,0,0,0,0,0,1,0
10,2020,8,20,7,0,1,2,0,0,0,1,0,0,0,0,1,1,0
6,2019,12,16,6,8,1,2,0,1,0,0,0,0,1,0,0,1,0
8,2018,3,19,3,1,5,1,1,1,0,0,0,1,0,0,0,1,0
12,2020,12,18,4,3,6,2,0,1,0,0,0,0,1,1,2,1,0
1,2019,10,20,7,5,3,2,1,0,0,0,0,1,0,0,0,1,0
3,2018,8,19,5,1,5,0,1,1,0,0,0,0,0,0,0,1,1
11,2019,12,17,2,2,6,2,0,1,0,0,0,0,1,0,0,1,0
12,2019,9,11,7,5,2,0,0,1,0,0,0,0,0,0,0,0,0
4,2021,7,23,7,2,6,2,0,1,0,0,0,0,0,0,1,2,0
4,2018,6,4,7,1,5,0,1,1,0,0,0,0,0,0,0,0,0
5,2019,5,12,5,5,3,0,0,0,0,1,0,1,0,0,0,0,0
10,2019,1,20,2,2,6,2,0,1,0,0,0,0,1,0,0,1,0
4,2018,7,18,4,5,3,0,0,1,0,0,0,0,0,0,0,2,1
5,2019,9,10,1,5,2,0,1,1,0,0,0,0,0,0,0,0,0
6,2020,6,8,2,6,2,0,0,0,1,0,0,1,0,0,1,1,0
1,2018,4,11,3,1,5,0,1,1,0,0,0,0,0,0,0,1,0
12,2018,5,19,2,5,3,0,0,1,0,0,0,0,0,0,0,0,0
6,2020,8,19,5,5,3,0,1,1,0,0,0,0,0,0,1,1,0
7,2021,10,12,4,2,6,0,0,1,0,0,0,0,1,0,1,1,0
2,2018,6,8,5,1,5,0,1,1,0,0,0,0,0,0,0,0,0
12,2019,7,13,4,3,6,0,0,1,0,0,0,0,0,0,0,2,0
10,2020,9,6,5,2,6,0,0,1,0,0,0,0,0,0,1,0,0
5,2019,1,18,6,5,5,2,0,1,0,1,0,0,1,0,0,1,0
9,2020,6,14,7,0,1,0,1,0,0,0,0,0,0,0,1,1,0
1,2018,10,17,6,0,3,1,0,1,0,0,0,1,0,0,0,1,1
4,2018,2,18,2,5,7,2,0,1,0,0,0,0,1,0,0,1,0
10,2018,6,10,4,5,3,0,0,1,0,0,0,0,0,0,0,0,0
8,2019,4,19,6,2,6,1,0,1,0,0,0,0,0,0,0,1,0
10,2018,6,16,2,2,6,0,0,1,0,0,0,1,0,0,0,0,0
2,2020,7,20,6,0,1,0,1,0,0,0,0,0,0,0,1,2,0
1,2019,5,17,1,5,2,0,0,1,0,0,0,1,0,0,0,0,1
2,2020,7,16,5,5,3,0,0,1,0,0,0,0,0,0,1,2,0
3,2019,8,10,5,2,6,0,1,1,0,0,0,0,0,0,0,0,0
11,2018,3,10,6,5,2,0,1,1,0,0,0,0,0,0,0,1,0
4,2021,5,12,2,3,6,0,0,1,0,0,0,0,0,1,2,1,0
2,2019,12,17,2,5,3,2,0,1,0,0,0,1,1,0,0,1,0
3,2021,6,15,4,5,2,0,0,1,0,0,0,1,0,0,1,1,0
8,2019,6,16,5,0,2,0,1,0,0,0,0,1,1,0,0,1,0
9,2020,4,15,5,5,2,0,0,1,0,0,0,0,0,1,2,1,0
7,2020,2,15,3,2,6,0,0,1,0,0,0,1,1,0,0,1,0
4,2020,1,15,6,6,4,0,0,1,1,0,0,0,0,0,0,1,0
2,2020,7,17,1,5,2,0,1,1,0,0,0,0,0,0,1,2,0
2,2018,3,16,2,5,2,0,1,1,0,0,0,0,0,0,0,1,0
3,2018,11,13,4,5,2,0,0,0,0,1,0,1,0,0,0,0,0
1,2019,11,8,5,0,5,1,1,1,0,0,0,0,0,0,0,0,0
12,2018,10,15,3,2,6,0,0,1,0,1,0,0,1,0,0,1,0
3,2018,1,9,4,1,5,0,0,1,0,0,1,0,1,0,0,0,0
8,2021,4,13,6,5,7,0,0,1,0,1,0,0,0,1,2,1,0
12,2021,9,13,6,5,3,0,0,1,0,0,0,0,0,0,1,0,0
7,2018,5,14,3,5,3,0,1,1,0,0,0,0,0,0,0,0,0
4,2019,8,13,6,2,6,0,0,1,0,0,0,0,0,0,0,0,0
9,2020,5,15,3,1,1,0,0,1,0,0,0,0,0,1,1,0,0
4,2018,9,6,2,4,1,0,0,1,0,0,0,0,1,0,0,0,0
2,2018,1,1,6,0,1,2,1,0,0,0,0,0,1,0,0,0,1
7,2021,8,15,7,2,6,0,0,1,0,1,0,0,0,0,1,1,0
8,2018,11,17,5,6,2,1,0,1,1,0,0,0,0,0,0,0,0
8,2020,1,4,2,5,3,2,0,1,0,1,0,0,0,0,0,1,1
1,2020,2,17,3,6,4,2,0,1,1,0,0,0,1,0,0,1,0
2,2021,2,15,3,3,6,0,0,1,0,0,0,0,0,1,2,1,0
5,2019,5,12,6,2,6,0,0,1,0,0,0,0,0,0,0,0,0
12,2019,3,22,4,5,2,2,0,1,0,0,0,0,0,0,0,0,1
4,2019,11,23,3,2,6,2,0,1,0,0,0,0,1,0,0,0,0
1,2020,12,0,3,2,6,2,0,1,0,0,0,0,0,1,2,1,0
1,2018,2,18,2,2,6,2,0,1,0,0,0,0,1,0,0,1,0
3,2019,6,20,2,5,3,1,1,1,0,0,0,0,1,0,0,1,0
1,2020,5,9,6,2,7,0,0,1,0,0,0,1,0,1,1,0,1
3,2018,4,10,2,5,7,0,0,1,0,0,1,0,0,0,0,1,0
1,2018,4,16,6,0,7,0,1,0,0,0,0,0,0,0,0,1,0
2,2019,8,4,7,1,1,2,0,1,0,0,0,0,0,0,0,0,0
2,2021,12,21,4,6,2,2,0,1,1,0,0,0,0,1,2,1,1
1,2019,2,7,6,2,7,0,1,0,0,0,0,0,0,0,0,1,1
8,2018,10,15,6,5,3,0,0,1,0,0,0,0,0,0,0,1,0
7,2019,1,17,3,2,6,1,0,1,0,0,0,0,0,0,0,1,0
9,2020,7,9,5,4,6,0,1,0,0,0,0,0,0,0,1,2,0
4,2019,10,8,2,6,4,0,0,1,1,0,0,0,0,0,0,1,0
4,2018,1,19,4,6,2,2,0,1,1,0,0,0,1,0,0,0,0
1,2019,6,11,4,6,4,0,1,0,1,0,0,0,0,0,0,1,0
5,2018,8,7,5,5,2,0,0,1,0,0,0,0,0,0,0,1,1
3,2019,10,9,3,5,3,0,1,0,0,0,0,0,1,0,0,1,0
3,2018,11,16,3,5,3,1,1,1,0,0,0,0,0,0,0,0,1
4,2021,10,15,3,5,3,0,0,1,0,0,0,1,1,0,1,1,1
4,2019,4,18,6,0,1,0,1,0,0,0,0,0,0,0,0,1,0
9,2021,4,9,3,5,2,0,1,1,0,0,0,0,0,1,2,1,0
12,2021,4,12,4,5,2,0,0,1,0,0,0,1,0,1,2,1,0
1,2018,7,7,2,2,2,0,0,1,0,0,0,0,0,0,0,2,0
3,2021,5,8,7,5,2,0,0,1,0,0,0,0,0,1,2,1,1
4,2020,11,9,3,0,1,0,1,0,0,0,0,0,1,1,2,0,0
1,2020,8,19,2,0,3,0,0,1,0,0,0,1,0,0,1,1,0
4,2020,9,12,1,5,3,0,0,1,0,0,0,0,0,0,1,0,1
9,2019,12,12,5,5,2,1,1,0,0,0,1,0,0,0,0,1,1
9,2018,9,3,1,9,1,2,0,1,0,0,0,0,1,0,0,0,0
3,2020,4,17,7,5,2,0,1,1,0,0,0,0,0,1,2,1,0
8,2021,3,14,4,2,7,0,1,1,0,0,0,0,0,0,2,0,0
7,2021,8,20,1,5,2,1,0,1,0,0,0,0,0,0,1,1,0
9,2020,8,14,2,6,7,0,1,0,1,0,0,0,0,0,1,1,0
7,2020,11,8,4,5,3,0,0,1,0,1,0,0,0,1,2,0,1
1,2018,6,22,7,0,1,2,0,0,0,1,0,1,1,0,0,0,1
4,2018,7,16,5,1,5,0,1,1,0,0,0,1,0,0,0,2,1
2,2019,2,13,5,6,4,0,1,0,1,0,0,0,0,0,0,1,1
1,2020,5,16,5,5,3,0,0,1,0,0,0,1,0,1,1,0,0
3,2019,5,12,2,1,5,0,1,1,0,0,0,0,0,0,0,0,0
7,2021,7,15,5,0,2,0,0,1,0,0,0,1,0,0,1,2,0
1,2018,3,15,3,9,1,0,0,1,0,0,0,0,0,0,0,1,0
5,2021,8,13,5,5,2,0,0,1,0,0,0,0,0,0,1,1,0
3,2018,6,18,3,0,4,0,0,1,1,0,0,0,0,0,0,0,0
4,2019,4,19,3,5,3,1,1,1,0,0,0,0,0,0,0,1,1
4,2021,6,15,6,5,7,0,0,1,0,1,0,0,0,0,1,1,0
8,2019,11,22,4,0,7,2,0,1,0,1,0,0,0,0,0,0,0
2,2021,7,17,3,8,1,0,1,0,0,0,0,0,0,0,1,2,1
9,2021,10,7,6,3,6,1,0,1,0,1,0,0,0,0,1,1,0
4,2020,2,20,7,6,2,2,0,1,1,0,0,0,1,0,0,1,0
5,2021,6,16,3,6,4,0,0,1,1,0,0,0,0,0,1,1,0
6,2020,5,19,3,5,3,0,0,1,0,0,0,0,0,1,1,0,0
2,2018,10,22,2,6,4,2,0,0,1,1,0,0,0,0,0,1,0
8,2018,7,12,7,2,6,0,0,1,0,0,0,0,0,0,0,2,1
1,2020,8,1,6,7,1,2,1,0,0,0,0,0,1,0,1,1,0
12,2020,1,15,3,2,6,0,0,1,0,0,0,0,1,0,0,1,0
6,2020,4,15,2,5,2,0,1,1,0,0,0,0,0,1,2,1,0
9,2019,7,11,4,6,7,0,0,1,1,0,0,0,0,0,0,2,1
4,2019,10,16,3,2,6,0,1,1,0,0,0,0,0,0,0,1,0
3,2020,8,18,6,5,3,0,0,1,0,1,0,0,0,0,1,1,0
12,2019,12,18,2,6,2,2,0,1,1,0,0,0,1,0,0,1,1
12,2021,6,12,3,5,3,0,0,1,0,0,0,0,0,0,1,1,0
5,2021,11,12,2,6,7,0,0,0,1,0,0,1,1,0,2,0,0
8,2019,10,11,6,6,4,0,0,1,1,0,0,0,0,0,0,1,0
11,2020,11,8,6,5,2,0,1,0,0,0,1,0,0,1,2,0,0
4,2019,12,22,4,4,1,2,0,1,0,0,1,0,0,0,0,1,0
1,2019,5,13,6,6,4,0,0,1,1,0,0,0,0,0,0,0,0
6,2018,5,12,6,6,4,0,0,1,1,0,0,0,0,0,0,0,1
5,2019,8,15,2,2,2,0,0,1,0,0,0,1,0,0,0,0,0
12,2018,8,7,4,5,2,0,0,1,0,0,0,0,0,0,0,1,0
9,2021,7,7,3,5,2,0,1,1,0,0,0,0,0,0,1,2,1
5,2019,8,20,4,0,2,0,0,1,0,1,0,0,0,0,0,0,0
1,2019,5,7,3,1,5,0,1,1,0,0,0,0,0,0,0,0,0
8,2021,1,18,3,6,2,2,0,1,1,0,0,0,1,1,2,0,0
7,2021,2,10,4,3,6,0,1,0,0,0,0,1,0,1,2,1,0
12,2019,11,16,3,5,3,2,1,1,0,0,0,0,1,0,0,0,0
6,2018,4,16,7,0,3,0,1,0,0,0,0,1,0,0,0,1,1
11,2021,8,22,7,2,6,2,1,1,0,0,0,0,0,0,1,1,0
1,2019,3,6,3,5,3,0,0,1,0,0,0,0,0,0,0,0,0
1,2018,10,15,5,5,3,0,1,1,0,0,0,0,0,0,0,1,0
10,2021,12,19,6,0,7,2,0,0,0,1,0,0,1,1,2,1,1
9,2021,12,22,6,0,1,2,0,1,0,0,0,0,2,1,2,1,1
1,2020,10,8,6,5,2,0,1,1,0,0,0,0,0,1,1,1,0
7,2019,9,15,6,4,6,0,0,1,0,1,0,0,1,0,0,0,0
9,2018,6,14,6,3,6,0,0,1,0,1,0,0,0,0,0,0,0
4,2019,4,17,4,6,7,0,1,0,0,0,0,1,0,0,0,1,0
1,2021,6,20,7,0,1,0,1,0,0,0,0,0,0,0,1,1,0
3,2018,9,8,4,0,1,0,0,0,0,1,0,0,0,0,0,0,1
9,2020,4,21,2,0,1,2,0,0,0,1,0,0,0,1,2,1,1
1,2021,2,14,4,4,6,0,1,0,0,0,0,0,0,1,2,1,1
8,2019,7,15,4,5,2,0,1,1,0,0,0,0,0,0,0,2,1
11,2020,8,20,2,2,7,2,1,1,0,0,0,0,1,0,1,1,0
3,2020,6,16,3,1,7,0,0,1,0,1,0,1,0,0,1,1,1
9,2020,7,20,5,5,2,0,1,1,0,0,0,0,0,0,1,2,0
9,2019,7,3,7,9,1,1,0,0,0,1,0,0,0,0,0,2,1
1,2019,11,15,2,2,6,0,1,1,0,0,0,0,0,0,0,0,0
2,2019,9,8,4,5,2,0,1,1,0,0,0,0,0,0,0,0,0
2,2019,5,9,2,3,6,0,1,1,0,0,0,0,0,0,0,0,0
2,2018,6,12,5,1,5,0,0,1,0,0,0,0,0,0,0,0,0
10,2020,1,10,6,5,3,0,1,1,0,0,0,0,0,0,0,1,0
8,2018,1,8,4,5,3,1,1,1,0,0,0,0,1,0,0,0,0
3,2019,1,12,3,4,1,0,0,1,0,0,0,0,1,0,0,1,0
12,2019,7,16,4,9,1,0,0,1,0,0,0,0,0,0,0,2,0
4,2021,9,3,1,0,1,2,0,0,0,0,0,1,0,0,1,0,0
4,2020,6,6,4,5,7,0,0,1,0,1,0,0,0,0,1,1,0
12,2020,4,14,5,2,2,0,0,1,0,0,0,0,1,1,2,1,0
7,2020,4,22,7,6,2,2,0,1,1,0,0,0,0,1,2,1,0
8,2020,8,19,4,6,4,0,0,0,1,1,0,0,0,0,1,1,0
5,2020,6,22,2,5,3,2,0,1,0,0,0,0,0,0,1,1,1
6,2018,4,8,5,5,3,0,0,1,0,0,0,1,0,0,0,1,0
5,2019,1,13,2,5,2,0,0,1,0,0,0,0,0,0,0,1,0
2,2020,7,22,3,5,3,2,0,1,0,0,0,1,0,0,1,2,0
11,2021,12,17,5,6,2,2,0,1,1,0,0,0,0,1,2,1,0
7,2020,4,18,2,0,1,0,1,0,0,0,0,0,0,1,2,1,0
5,2018,5,8,2,2,6,0,0,0,0,1,0,1,0,0,0,0,1
7,2019,9,7,4,6,7,0,0,0,0,0,0,1,0,0,0,0,0
3,2019,2,14,7,5,3,0,1,1,0,0,0,0,0,0,0,1,0
8,2018,11,15,3,2,6,0,0,1,0,0,0,0,0,0,0,0,0
6,2018,7,10,6,5,3,0,0,1,0,1,0,0,0,0,0,2,0
4,2019,10,6,5,0,6,1,0,1,0,1,0,0,0,0,0,1,0
9,2019,5,11,2,5,3,0,1,1,0,0,0,0,0,0,0,0,0
3,2021,4,15,6,5,2,0,0,1,0,0,0,0,0,1,2,1,1
2,2020,5,13,1,5,2,0,1,1,0,0,0,0,0,1,1,0,0
2,2020,9,21,2,2,7,2,1,1,0,0,0,0,0,0,1,0,0
6,2018,2,20,3,5,2,2,0,1,0,0,0,0,0,0,0,1,0
6,2020,12,13,4,6,7,0,0,1,1,0,0,0,0,1,2,1,1
1,2018,4,15,1,5,2,0,1,1,0,0,0,0,0,0,0,1,0
10,2018,5,8,7,5,2,0,1,1,0,0,0,0,0,0,0,0,1
1,2021,8,12,3,5,3,0,1,1,0,0,0,0,0,0,1,1,0
1,2019,10,14,6,5,7,0,1,0,0,0,0,1,0,0,0,1,0
1,2019,6,10,5,3,6,0,1,1,0,0,0,0,0,0,0,1,0
8,2020,1,8,6,3,6,0,0,0,0,0,0,1,0,0,0,1,0
2,2018,11,10,7,5,3,0,0,0,0,1,0,1,0,0,0,0,0
1,2018,3,5,2,0,2,2,0,1,0,0,0,1,0,0,0,1,0
7,2019,10,12,2,5,3,0,0,1,0,0,0,0,0,0,0,1,0
7,2019,2,17,3,1,7,2,0,1,0,0,0,1,0,0,0,1,0
3,2019,10,14,5,5,3,0,0,1,0,0,0,0,1,0,0,1,0
4,2020,4,15,2,3,6,0,1,0,0,0,0,0,0,1,2,1,0
4,2019,6,15,5,3,6,0,0,1,0,0,0,0,0,0,0,1,0
3,2018,9,7,4,0,7,0,0,1,0,0,0,0,0,0,0,0,0
7,2018,2,22,1,5,3,2,0,1,0,0,0,0,1,0,0,1,0
1,2018,4,15,6,6,7,0,0,1,1,0,0,0,0,0,0,1,0
1,2020,7,19,7,5,3,0,1,1,0,0,0,0,0,0,1,2,0
2,2019,11,7,3,0,3,0,1,0,0,1,0,0,0,0,0,0,0
12,2019,7,12,6,0,2,0,1,1,0,0,0,0,0,0,0,2,0
9,2020,3,16,1,2,6,0,0,1,0,1,0,0,0,1,1,0,0
9,2020,9,7,4,6,4,0,0,1,1,0,0,0,1,0,1,0,0
7,2018,8,16,4,0,1,0,0,1,0,0,0,0,0,0,0,1,0
3,2020,10,16,4,3,6,0,1,1,0,0,0,0,1,1,1,1,0
8,2018,7,19,6,1,5,0,1,1,0,0,0,0,0,0,0,2,1
5,2019,10,13,6,5,2,0,0,1,0,0,0,0,0,0,0,1,0
1,2020,2,0,7,5,2,2,0,1,0,0,0,0,0,0,0,1,0
4,2020,9,21,6,0,1,2,0,0,0,1,0,0,0,0,1,0,0
7,2019,7,9,4,5,2,0,0,1,0,0,0,0,0,0,0,2,0
8,2021,10,13,5,6,4,0,0,1,1,0,0,0,0,0,1,1,0
8,2021,8,10,5,5,3,0,0,0,0,1,1,0,0,0,1,1,1
7,2019,7,19,2,2,6,0,0,1,0,0,1,0,0,0,0,2,0
12,2019,8,16,3,3,6,0,0,1,0,0,0,0,0,0,0,0,0
3,2018,8,16,4,2,6,0,1,1,0,0,0,1,0,0,0,1,0
2,2019,11,22,6,0,3,2,1,1,0,0,0,0,0,0,0,0,0
8,2020,10,15,4,5,3,0,0,1,0,0,0,0,1,1,1,1,0
6,2019,7,16,4,5,3,0,1,1,0,0,0,0,0,0,0,2,0
3,2020,5,10,3,6,4,0,0,0,1,0,0,1,0,1,1,0,0
1,2020,5,20,7,6,4,0,0,0,1,1,0,0,0,1,1,0,1
4,2018,6,7,6,1,5,0,1,1,0,0,0,0,0,0,0,0,1
10,2020,12,12,4,2,6,0,0,1,0,0,0,1,0,1,2,1,0
10,2020,11,15,3,0,6,0,0,1,0,1,0,0,1,1,2,0,0
3,2021,1,14,3,1,5,0,1,1,0,0,0,0,1,1,2,0,0
12,2019,5,7,2,6,4,0,0,1,1,0,0,0,0,0,0,0,0
6,2018,9,10,3,5,2,0,1,0,0,0,1,0,0,0,0,0,1
3,2020,8,1,1,6,4,2,1,0,1,0,0,0,0,0,1,1,0
5,2020,9,8,4,6,7,0,1,0,1,0,0,0,0,0,1,0,0
1,2020,10,17,2,2,6,1,0,1,0,1,0,0,1,1,1,1,0
10,2021,5,13,2,2,6,0,0,1,0,1,0,0,0,1,2,1,0
12,2021,5,16,3,2,6,0,0,1,0,1,0,0,0,1,2,1,0
7,2021,7,9,2,5,2,0,1,0,0,0,0,1,1,0,1,2,0
4,2019,1,12,4,2,6,0,0,1,0,0,0,0,1,0,0,1,0
10,2018,5,10,6,5,2,0,0,1,0,0,0,0,0,0,0,0,0
10,2020,2,5,5,0,7,2,0,1,0,0,0,0,0,0,0,1,1
4,2021,7,1,7,8,1,2,0,1,0,0,0,0,1,0,1,2,0
7,2020,11,8,5,5,2,0,1,1,0,0,0,0,0,1,2,0,0
6,2019,6,16,5,5,2,0,1,1,0,0,0,0,0,0,0,1,0
9,2018,12,13,2,5,3,0,0,1,0,1,0,0,1,0,0,1,1
4,2018,8,11,5,1,5,0,1,1,0,0,0,0,0,0,0,1,0
11,2019,12,6,2,5,3,2,0,1,0,0,0,0,0,0,0,1,0
8,2018,10,16,3,5,3,0,0,1,0,0,0,0,1,0,0,1,0
1,2019,1,2,1,6,4,2,0,1,1,0,0,0,1,0,0,1,1
4,2020,9,12,7,2,6,0,0,1,0,0,0,0,0,0,1,0,0
12,2018,4,16,5,2,6,0,0,1,0,0,0,0,1,0,0,1,0
8,2019,2,8,5,5,2,0,0,1,0,1,0,0,0,0,0,1,0
1,2019,10,17,3,1,5,0,1,1,0,0,0,0,1,0,0,1,0
1,2021,6,18,2,2,6,0,0,1,0,1,0,0,0,0,1,1,0
2,2021,8,14,7,5,2,0,1,1,0,0,0,0,0,0,1,1,0
2,2020,4,13,5,3,6,0,1,0,0,0,0,0,0,1,2,1,1
1,2018,1,11,6,3,6,0,1,1,0,0,0,0,1,0,0,0,0
11,2018,7,9,6,2,2,0,0,1,0,0,0,0,0,0,0,2,0
7,2018,9,7,2,1,5,0,1,1,0,0,0,0,0,0,0,0,1
4,2021,7,11,6,0,1,0,1,0,0,0,0,0,1,0,1,2,0
3,2020,6,8,5,0,6,0,0,0,0,1,0,1,1,0,1,1,0
8,2019,11,0,2,1,5,2,1,1,0,0,0,0,0,0,0,0,0
2,2019,12,5,2,0,6,2,0,1,0,1,0,0,1,0,0,1,0
1,2019,7,20,3,5,3,0,0,1,0,0,0,0,0,0,0,2,0
6,2018,7,12,7,1,5,0,1,1,0,0,0,0,0,0,0,2,0
7,2018,8,19,5,0,2,0,1,1,0,0,0,0,0,0,0,1,0
5,2018,12,19,7,1,5,2,0,1,0,0,0,0,1,0,0,1,0
4,2021,3,7,5,5,3,0,1,1,0,0,0,0,0,0,2,0,1
4,2018,9,10,1,0,7,0,0,0,0,1,0,0,0,0,0,0,0
4,2020,9,13,2,2,2,0,0,1,0,0,0,0,0,0,1,0,0
12,2018,7,19,5,5,3,0,1,1,0,0,0,0,0,0,0,2,0
4,2019,8,23,1,2,6,2,0,1,0,0,0,0,0,0,0,0,0
2,2020,8,16,5,5,2,0,1,1,0,0,0,0,0,0,1,1,0
1,2019,9,16,7,6,7,0,1,0,1,0,0,0,0,0,0,0,0
2,2018,8,15,2,0,6,0,0,1,0,1,0,0,0,0,0,1,0
7,2018,3,8,2,2,6,0,0,1,0,0,0,0,0,0,0,1,0
3,2018,12,6,3,5,3,2,1,1,0,0,0,0,0,0,0,1,0
1,2019,12,2,3,2,7,2,1,1,0,0,0,0,1,0,0,1,0
11,2018,12,7,3,1,5,2,0,1,0,0,0,0,1,0,0,1,0
3,2018,7,16,2,0,1,0,0,0,0,1,0,0,0,0,0,2,0
1,2020,10,0,2,5,2,2,1,1,0,0,0,0,0,1,1,1,0
5,2019,3,10,4,5,3,0,0,1,0,0,0,1,0,0,0,0,0
7,2021,12,16,7,2,6,1,0,1,0,0,1,0,0,1,2,1,0
2,2018,10,18,5,5,3,1,1,1,0,0,0,0,0,0,0,1,0
8,2021,9,15,5,5,3,0,0,1,0,0,0,0,0,0,1,0,0
12,2021,9,13,4,5,2,0,1,1,0,0,0,0,0,0,1,0,0
8,2021,8,15,6,5,2,0,1,1,0,0,0,0,0,0,1,1,0
2,2020,3,12,3,5,3,0,0,1,0,0,0,0,1,1,1,0,0
10,2018,2,22,7,9,1,2,0,1,0,0,0,0,1,0,0,1,0
3,2020,10,9,4,0,2,0,1,0,0,1,0,0,1,1,1,1,0
1,2019,3,19,3,3,6,2,0,1,0,0,0,0,0,0,0,0,0
1,2021,11,16,5,2,4,2,0,1,1,1,0,0,1,0,2,0,0
8,2020,7,20,6,2,6,1,0,1,0,0,0,0,0,0,1,2,0
4,2020,10,15,2,5,2,0,0,1,0,1,0,0,0,1,1,1,0
7,2021,6,9,4,5,2,0,1,1,0,0,0,0,0,0,1,1,0