BEZ,UJAHR,UMONAT,USTUNDE,UWOCHENTAG,UART,UTYP1,ULICHTVERH,IstRad,IstPKW,IstFuss,IstKrad,IstGkfz,IstSonstige,USTRZUSTAND,LOCKDOWN,COVID,FERIEN,UKATEGORIE
1,2021,12,19,5,5,2,2,1,1,0,0,0,0,0,1,2,1,0
12,2018,10,6,6,0,3,2,0,1,0,1,0,0,0,0,0,1,1
11,2019,7,15,6,0,1,0,0,0,0,0,0,1,0,0,0,2,1
6,2020,1,19,6,6,2,2,0,1,1,0,0,0,0,0,0,1,1
4,2021,2,14,7,5,3,0,0,1,0,1,0,0,0,1,2,1,1
7,2020,6,16,5,2,6,0,0,1,0,0,0,0,0,0,1,1,0
4,2019,7,0,4,7,7,2,0,1,0,0,0,0,0,0,0,2,0
3,2020,11,6,2,2,6,2,0,1,0,0,0,1,1,1,2,0,0
1,2020,9,10,3,0,2,0,0,1,0,0,0,1,0,0,1,0,0
11,2018,5,10,2,2,6,0,0,1,0,0,0,0,0,0,0,0,1
3,2021,8,18,1,5,3,0,0,1,0,0,0,0,0,0,1,1,1
5,2020,10,19,6,5,3,2,0,1,0,0,0,0,1,1,1,1,0
4,2020,7,17,5,1,5,0,0,1,0,0,0,0,0,0,1,2,0
4,2019,9,23,3,2,1,2,0,1,0,1,0,0,0,0,0,0,0
1,2018,4,17,5,5,7,0,0,1,0,0,0,1,0,0,0,1,0
7,2018,12,19,5,5,3,2,1,1,0,0,0,0,1,0,0,1,0
10,2021,10,14,4,2,6,0,0,1,0,0,0,0,0,0,1,1,0
10,2019,10,11,3,9,7,0,0,0,0,0,0,1,0,0,0,1,0
7,2021,6,9,1,5,2,0,1,0,0,1,0,0,0,0,1,1,0
11,2018,11,17,6,6,4,2,0,0,1,0,0,1,1,0,0,0,1
4,2018,1,10,5,3,6,0,0,1,0,0,1,0,1,0,0,0,0
7,2021,9,14,5,3,6,0,0,1,0,1,1,0,0,0,1,0,0
9,2020,7,21,5,0,2,1,0,1,0,1,0,0,0,0,1,2,0
1,2019,7,7,4,5,3,0,1,0,0,0,0,1,0,0,0,2,0
4,2021,4,19,7,5,3,0,1,1,0,0,0,0,0,1,2,1,0
5,2019,5,6,4,2,6,0,0,1,0,0,0,0,0,0,0,0,0
3,2021,11,0,1,0,1,2,0,0,0,0,0,1,0,0,2,0,0
3,2021,10,11,2,2,2,0,1,1,0,0,0,0,1,0,1,1,0
2,2018,7,19,7,1,5,0,1,1,0,0,0,0,0,0,0,2,0
4,2019,1,10,2,0,1,0,0,0,0,1,0,0,2,0,0,1,0
10,2018,5,11,7,5,3,0,1,1,0,0,0,0,0,0,0,0,1
11,2021,8,21,6,0,1,2,0,0,0,0,0,1,1,0,1,1,0
6,2018,5,12,4,0,3,0,0,1,0,1,0,0,0,0,0,0,0
11,2019,5,9,5,5,3,0,1,1,0,0,0,0,0,0,0,0,0
12,2021,1,17,4,1,5,2,0,1,0,0,1,0,1,1,2,0,0
6,2018,9,21,3,8,7,2,0,1,0,0,0,0,0,0,0,0,0
12,2019,9,17,5,5,2,0,1,1,0,0,0,0,0,0,0,0,0
4,2018,4,17,4,1,5,0,0,1,0,0,0,1,0,0,0,1,0
9,2018,12,13,6,9,1,0,0,1,0,0,0,0,1,0,0,1,1
4,2018,8,11,3,3,6,0,1,0,0,0,0,1,0,0,0,1,0
1,2021,3,11,3,2,6,0,0,1,0,0,0,0,0,0,2,0,0
5,2020,7,9,3,5,2,0,0,1,0,1,0,0,0,0,1,2,0
4,2020,3,21,7,6,7,2,1,0,1,0,0,0,0,1,1,0,0
6,2018,5,12,6,5,2,0,1,1,0,0,0,0,0,0,0,0,0
1,2021,10,18,6,6,2,1,0,1,1,0,0,0,1,0,1,1,0
4,2018,2,12,4,2,6,0,0,1,0,0,0,0,0,0,0,1,0
7,2019,5,17,6,2,6,0,0,1,0,1,0,0,0,0,0,0,0
1,2019,8,7,4,6,4,0,1,0,1,0,0,0,0,0,0,0,0
6,2020,4,15,6,5,3,0,1,1,0,0,0,0,0,1,2,1,1
6,2021,6,2,1,1,5,2,0,1,0,0,0,1,0,0,1,1,0
9,2020,1,9,6,5,3,0,1,1,0,0,0,0,1,0,0,1,1
8,2018,9,16,2,2,6,0,0,1,0,0,0,1,0,0,0,0,0
6,2021,11,8,2,6,2,0,0,1,1,0,0,0,1,0,2,0,0
8,2019,7,11,7,0,1,0,0,0,0,1,0,0,0,0,0,2,0
9,2020,12,15,4,6,7,0,0,1,1,0,0,0,0,1,2,1,1
8,2020,12,19,5,5,2,2,0,1,0,1,0,0,0,1,2,1,1
3,2020,9,14,5,5,2,0,1,1,0,0,0,0,0,0,1,0,0
1,2018,11,10,5,6,4,0,0,0,1,0,0,1,0,0,0,0,1
1,2018,3,16,2,4,6,0,0,1,0,0,0,0,0,0,0,1,0
11,2020,10,18,2,5,3,2,0,1,0,0,0,0,0,1,1,1,0
11,2019,6,2,1,5,3,2,0,1,0,0,0,0,0,0,0,1,0
2,2020,3,8,2,5,3,0,0,1,0,0,0,0,0,1,1,0,0
7,2020,5,7,5,2,6,0,0,1,0,0,0,0,0,1,1,0,0
12,2018,5,19,6,5,2,0,1,1,0,0,0,0,0,0,0,0,0
10,2020,9,19,1,2,6,1,0,1,0,1,0,0,0,0,1,0,1
8,2020,6,15,2,6,4,0,0,1,1,0,0,0,0,0,1,1,0
12,2021,12,7,6,6,2,1,0,1,1,0,0,0,2,1,2,1,0
2,2020,6,12,3,0,1,0,1,0,0,0,0,0,0,0,1,1,1
4,2021,9,12,3,0,5,0,0,1,0,1,0,0,1,0,1,0,0
10,2019,9,20,3,5,3,2,0,1,0,0,0,0,1,0,0,0,1
12,2018,6,16,5,5,3,0,1,1,0,0,0,0,0,0,0,0,1
7,2019,1,17,2,2,6,1,0,1,0,0,0,0,0,0,0,1,0
6,2021,9,19,5,0,6,0,0,1,0,0,0,1,0,0,1,0,0
1,2019,5,16,5,6,4,0,0,1,1,0,0,0,1,0,0,0,0
2,2019,6,10,5,5,5,0,0,1,0,1,0,0,0,0,0,1,0
7,2018,7,15,4,0,2,0,0,1,0,1,0,0,1,0,0,2,0
3,2020,2,12,7,5,2,0,0,1,0,0,0,0,1,0,0,1,1
10,2018,12,7,6,6,6,2,1,1,1,0,0,0,1,0,0,1,0
3,2018,8,16,6,0,1,0,1,0,0,0,0,0,0,0,0,1,0
4,2020,11,19,4,5,2,2,0,1,0,1,1,0,0,1,2,0,0
2,2018,6,2,7,2,6,2,0,1,0,0,0,0,0,0,0,0,1
1,2020,6,15,4,5,2,0,1,0,0,0,0,1,0,0,1,1,0
4,2021,10,11,2,5,2,0,0,1,0,1,0,0,0,0,1,1,0
12,2019,9,20,2,5,3,2,0,1,0,0,0,0,1,0,0,0,0
7,2019,8,12,2,3,6,0,0,1,0,0,1,0,0,0,0,0,0
1,2020,10,18,2,5,2,1,1,1,0,0,0,0,1,1,1,1,0
4,2021,10,23,3,2,6,2,0,1,0,0,0,0,0,0,1,1,0
2,2020,10,6,6,2,6,1,0,1,0,0,0,0,0,1,1,1,0
8,2020,5,12,2,5,3,0,0,1,0,0,0,0,1,1,1,0,0
12,2018,4,9,3,6,4,0,0,1,1,0,0,0,0,0,0,1,0
12,2020,5,13,1,2,6,0,0,1,0,0,0,0,0,1,1,0,0
6,2020,3,18,6,6,2,2,0,1,1,0,0,0,1,1,1,0,0
5,2019,9,19,6,2,2,0,0,1,0,0,0,0,0,0,0,0,0
2,2018,5,8,6,5,2,0,1,1,0,0,0,0,0,0,0,0,0
2,2018,12,7,4,5,2,1,1,1,0,0,0,0,0,0,0,1,0
5,2018,12,13,6,5,3,0,0,1,0,1,0,0,1,0,0,1,0
12,2018,9,11,7,1,6,0,1,0,0,1,0,0,0,0,0,0,0
11,2021,2,9,2,6,2,0,0,1,1,0,0,0,0,1,2,1,0
6,2021,11,14,2,6,4,0,0,0,1,0,1,0,0,0,2,0,1
4,2019,10,13,4,5,3,0,0,1,0,1,0,0,0,0,0,1,0
8,2019,4,11,3,6,4,0,0,1,1,0,0,0,0,0,0,1,0
1,2019,8,15,5,3,6,0,0,1,0,0,0,0,0,0,0,0,0
3,2021,11,18,7,5,7,2,0,1,0,0,0,0,0,0,2,0,0
2,2021,3,11,4,5,2,0,1,1,0,0,0,0,0,0,2,0,0
7,2021,1,11,2,5,3,0,0,1,0,0,0,0,1,1,2,0,0
10,2018,11,13,4,2,6,0,0,1,0,0,0,1,0,0,0,0,0
1,2020,6,16,2,2,2,0,0,1,0,0,0,0,0,0,1,1,0
3,2020,1,14,7,5,3,0,0,1,0,0,0,0,0,0,0,1,0
6,2019,6,7,5,3,6,0,0,1,0,1,0,0,0,0,0,1,0
2,2019,10,9,2,2,2,0,1,1,0,0,0,0,0,0,0,1,0
4,2020,12,15,6,5,3,0,0,1,0,1,0,0,0,1,2,1,0
1,2021,6,15,2,1,5,0,1,1,0,0,0,0,0,0,1,1,0
8,2020,8,15,4,2,6,0,0,0,0,0,0,1,0,0,1,1,0
1,2021,8,17,3,0,2,0,1,1,0,0,0,0,0,0,1,1,0
2,2020,4,9,6,5,2,0,1,1,0,0,0,0,0,1,2,1,0
3,2021,5,16,2,0,1,0,1,0,0,0,0,0,0,1,2,1,0
9,2021,1,10,7,0,1,0,1,0,0,0,0,0,1,1,2,0,0
5,2021,9,8,5,6,4,0,1,0,1,0,0,0,0,0,1,0,0
1,2019,8,8,4,6,4,0,1,0,1,0,0,0,0,0,0,0,1
8,2018,11,18,6,1,5,2,0,1,0,0,0,0,0,0,0,0,1
1,2020,9,11,5,5,7,0,0,1,0,1,0,0,0,0,1,0,1
3,2019,5,20,5,5,2,1,1,1,0,0,0,0,0,0,0,0,0
10,2018,3,11,5,6,4,0,0,0,1,0,0,1,1,0,0,1,0
12,2019,2,20,5,9,1,2,0,1,0,0,0,0,1,0,0,1,1
2,2021,8,9,4,5,3,0,1,1,0,0,0,0,0,0,1,1,0
9,2019,7,12,4,0,4,0,0,0,1,0,0,1,0,0,0,2,1
7,2020,8,18,2,3,2,0,0,1,0,0,0,0,0,0,1,1,0
9,2019,7,6,6,1,1,0,0,1,0,0,0,0,0,0,0,2,0
10,2021,8,11,3,0,7,0,0,1,0,0,0,0,0,0,1,1,1
4,2018,11,19,5,2,6,2,0,1,0,0,0,0,0,0,0,0,0
7,2019,10,23,4,5,7,2,0,1,0,1,0,0,0,0,0,1,1
7,2020,3,19,3,5,3,2,1,1,0,0,0,0,0,1,1,0,0
12,2021,4,16,7,2,2,0,0,1,0,0,0,0,0,1,2,1,0
7,2018,2,6,3,1,5,1,1,1,0,0,0,0,1,0,0,1,0
1,2020,7,11,3,5,2,0,1,0,0,0,0,1,0,0,1,2,0
2,2019,8,15,2,5,2,0,1,0,0,1,0,0,0,0,0,0,0
6,2018,12,11,6,1,5,0,0,1,0,0,0,1,1,0,0,1,0
4,2020,9,13,4,5,2,0,1,0,0,0,0,0,0,0,1,0,0
1,2019,11,11,6,6,4,0,0,1,1,0,0,0,0,0,0,0,0
1,2018,11,8,7,1,5,0,0,1,0,0,0,1,0,0,0,0,0
9,2018,6,15,3,0,1,0,1,0,0,0,0,0,0,0,0,0,1
7,2021,10,16,5,1,5,0,1,1,0,0,0,0,0,0,1,1,0
8,2019,3,19,6,5,3,2,0,1,0,0,0,0,0,0,0,0,0
12,2018,8,11,4,6,2,0,0,1,1,0,0,0,0,0,0,1,0
5,2021,5,9,3,6,7,0,1,0,1,0,0,0,0,1,2,1,0
3,2021,6,17,3,0,2,0,1,1,0,0,0,0,1,0,1,1,0
4,2021,11,15,6,2,6,0,0,1,0,0,0,0,0,0,2,0,0
2,2021,10,23,4,5,3,2,0,1,0,0,0,1,0,0,1,1,0
2,2018,9,10,3,3,6,0,0,1,0,0,0,1,0,0,0,0,0
3,2020,10,9,5,5,2,0,1,1,0,0,0,0,0,1,1,1,0
2,2021,11,15,2,0,1,0,0,0,0,1,0,0,1,0,2,0,1
7,2020,8,3,1,8,1,2,0,0,0,0,0,1,0,0,1,1,1
7,2020,6,16,2,5,2,0,1,1,0,0,0,0,0,0,1,1,0
4,2019,12,8,6,5,2,0,1,1,0,0,0,0,0,0,0,1,0
5,2021,8,16,1,6,4,0,0,0,1,0,0,1,1,0,1,1,0
4,2021,2,9,3,5,2,0,1,1,0,0,0,0,0,1,2,1,0
3,2021,3,14,6,0,3,0,0,1,0,0,0,1,0,0,2,0,0
7,2021,5,19,7,5,3,0,0,1,0,0,0,0,0,1,2,1,0
4,2021,11,8,4,5,2,0,1,1,0,0,0,0,1,0,2,0,0
8,2019,3,20,7,5,3,2,1,1,0,0,0,0,1,0,0,0,0
6,2020,9,13,5,6,2,0,0,0,1,0,0,1,0,0,1,0,0
4,2021,8,16,6,2,6,0,0,1,0,0,0,0,0,0,1,1,0
1,2018,3,14,5,6,4,0,0,1,1,0,0,0,0,0,0,1,0
11,2019,4,18,1,1,5,0,1,1,0,0,0,0,0,0,0,1,0
4,2018,3,9,3,2,6,0,0,1,0,0,0,0,1,0,0,1,0
4,2020,3,20,4,1,5,2,1,1,0,0,0,0,0,1,1,0,0
2,2019,8,0,7,0,1,2,0,0,0,0,0,1,0,0,0,0,0
2,2018,8,8,1,2,6,0,0,1,0,0,0,0,0,0,0,1,1
4,2019,2,18,3,2,6,2,0,1,0,0,0,0,0,0,0,1,0
8,2018,2,6,2,6,2,2,0,1,1,0,0,0,1,0,0,1,0
2,2018,8,12,5,1,5,0,1,1,0,0,0,0,0,0,0,1,0
1,2018,12,18,1,5,2,2,0,1,0,0,0,0,1,0,0,1,0
4,2020,8,18,2,5,3,0,0,1,0,0,0,0,0,0,1,1,0
6,2018,6,7,2,6,4,0,1,0,1,0,0,0,0,0,0,0,0
11,2020,7,12,6,2,6,0,0,1,0,0,0,0,0,0,1,2,1
12,2021,9,9,5,5,3,0,0,1,0,0,0,0,1,0,1,0,0
5,2019,1,8,4,6,7,2,0,1,1,0,0,0,1,0,0,1,0
6,2020,7,9,6,6,2,0,0,0,1,0,0,1,1,0,1,2,0
4,2018,12,10,7,5,7,0,1,1,0,0,0,0,1,0,0,1,0
12,2019,11,16,6,1,5,0,0,1,0,0,0,0,0,0,0,0,0
10,2018,10,16,3,6,2,0,0,1,1,0,0,0,0,0,0,1,0
7,2019,6,14,1,5,3,0,0,1,0,1,0,0,0,0,0,1,0
11,2018,12,9,3,5,3,0,1,1,0,0,0,0,1,0,0,1,0
2,2021,8,6,6,5,2,0,1,1,0,0,0,0,1,0,1,1,0
6,2021,11,18,2,5,2,2,0,1,0,1,0,0,0,0,2,0,1
2,2018,12,21,1,5,2,2,0,1,0,0,0,0,1,0,0,1,0
1,2018,3,18,2,3,6,0,0,1,0,0,0,0,0,0,0,1,0
10,2018,12,11,4,6,3,0,0,1,1,0,0,0,0,0,0,1,0
1,2020,10,9,4,6,4,0,0,1,1,0,0,0,0,1,1,1,1
10,2021,5,14,3,2,1,0,1,1,0,0,0,0,0,1,2,1,0
4,2019,9,19,5,2,6,1,0,1,0,0,0,0,0,0,0,0,0
4,2019,6,9,6,2,7,0,0,1,0,0,0,0,0,0,0,1,0
4,2020,10,17,3,3,6,2,0,1,0,0,0,1,0,1,1,1,0
9,2020,11,22,4,5,2,2,1,0,0,0,0,0,0,1,2,0,0
10,2018,10,10,3,5,3,0,0,1,0,0,1,0,1,0,0,1,0
4,2019,3,12,4,1,5,0,1,1,0,0,0,0,0,0,0,0,0
7,2018,5,12,3,3,6,0,0,1,0,1,0,0,0,0,0,0,1
8,2018,6,15,2,2,6,0,0,1,0,0,0,0,0,0,0,0,1
4,2021,1,14,5,5,2,0,1,0,0,0,0,0,1,1,2,0,0
5,2021,9,18,4,5,2,0,1,1,0,0,0,0,0,0,1,0,0
7,2020,6,18,3,1,5,0,1,1,0,0,0,0,0,0,1,1,0
11,2021,8,14,2,5,3,0,1,1,0,0,0,0,0,0,1,1,0
9,2018,10,9,5,3,2,0,0,1,0,0,0,0,0,0,0,1,0
10,2020,9,9,3,5,2,0,1,1,0,0,0,0,0,0,1,0,0
8,2019,9,0,1,3,6,2,1,1,0,0,0,0,0,0,0,0,0
2,2018,10,19,4,1,5,2,1,1,0,0,0,0,0,0,0,1,0
1,2019,8,13,6,5,3,0,1,1,0,0,0,0,0,0,0,0,0
5,2021,12,10,5,5,3,0,1,1,0,0,0,0,1,1,2,1,0
8,2018,4,17,5,5,2,0,0,1,0,0,0,0,0,0,0,1,0
3,2019,4,15,1,0,2,0,1,1,0,0,0,0,0,0,0,1,0
5,2020,11,13,1,5,3,0,1,1,0,0,0,0,0,1,2,0,0
1,2020,9,20,1,5,7,2,0,1,0,0,0,1,0,0,1,0,0
8,2021,2,13,2,0,4,0,1,0,1,0,0,0,2,1,2,1,0
3,2021,10,16,4,2,6,0,1,0,0,0,1,0,0,0,1,1,0
9,2018,8,15,3,5,3,0,0,1,0,0,0,0,0,0,0,1,0
1,2020,9,8,3,1,5,0,1,0,0,0,0,1,0,0,1,0,0
9,2019,9,13,7,5,3,0,1,1,0,0,0,0,0,0,0,0,0
5,2020,4,11,4,2,6,0,0,1,0,0,0,0,0,1,2,1,0
10,2019,12,21,7,2,6,2,0,1,0,0,0,0,1,0,0,1,0
4,2020,11,15,2,1,5,0,1,1,0,0,0,0,0,1,2,0,1
8,2021,1,11,2,6,2,0,0,1,1,0,0,0,1,1,2,0,1
5,2018,12,19,3,2,3,2,0,1,0,0,0,0,1,0,0,1,0
12,2021,4,13,6,5,3,0,0,1,0,0,0,0,0,1,2,1,0
10,2018,5,14,5,5,3,0,0,1,0,1,0,0,0,0,0,0,1
4,2021,4,14,4,0,1,0,1,0,0,0,0,0,0,1,2,1,0
2,2018,7,11,4,5,2,0,1,1,0,0,0,0,0,0,0,2,0
4,2020,10,8,4,8,1,0,0,1,0,0,0,0,1,1,1,1,0
2,2018,6,18,5,5,2,0,1,1,0,0,0,0,0,0,0,0,0
1,2019,9,21,4,5,3,2,0,1,0,0,0,0,0,0,0,0,0
9,2019,5,19,2,0,1,0,1,0,0,0,0,0,1,0,0,0,0
6,2019,5,16,4,5,2,0,1,0,0,0,0,1,0,0,0,0,0
4,2019,12,9,3,5,2,0,1,1,0,0,0,0,0,0,0,1,1
4,2021,9,19,1,0,6,2,0,1,0,0,0,1,0,0,1,0,0
6,2018,9,13,2,5,7,0,0,1,0,1,0,0,0,0,0,0,1
6,2020,7,19,1,2,6,0,0,1,0,0,0,0,1,0,1,2,0
1,2019,11,2,7,0,2,2,0,1,0,0,0,0,0,0,0,0,0
1,2020,7,6,5,0,2,0,1,1,0,0,0,0,0,0,1,2,0
4,2018,6,12,3,6,4,0,0,1,1,0,0,0,0,0,0,0,1
1,2019,5,16,4,2,6,0,0,1,0,1,0,0,0,0,0,0,0
1,2018,12,14,3,5,3,0,0,1,0,0,0,0,1,0,0,1,0
6,2020,1,13,4,6,4,0,0,1,1,0,0,0,1,0,0,1,0
1,2018,10,17,5,5,2,0,1,1,0,0,0,0,0,0,0,1,0
12,2018,6,22,6,1,1,2,0,1,0,0,0,1,0,0,0,0,0
8,2020,5,14,4,2,6,0,0,1,0,0,1,0,0,1,1,0,0
4,2018,8,17,3,2,6,0,0,1,0,0,0,0,0,0,0,1,0
8,2019,4,15,7,3,6,0,1,1,0,0,0,0,0,0,0,1,0
2,2019,7,2,3,1,1,2,0,1,0,0,0,0,0,0,0,2,0
1,2021,6,10,3,5,3,0,0,1,0,0,0,0,0,0,1,1,0
4,2021,3,14,5,2,6,0,0,1,0,0,0,1,1,0,2,0,0
4,2018,11,23,5,5,3,2,0,1,0,0,0,0,0,0,0,0,1
7,2020,10,7,5,0,7,0,1,1,0,0,0,0,0,1,1,1,0
4,2020,12,18,5,0,7,2,0,0,0,1,0,1,0,1,2,1,0
3,2019,2,16,6,6,4,0,0,1,1,0,0,0,0,0,0,1,0
9,2019,4,11,3,5,3,0,1,0,0,0,0,1,0,0,0,1,0
1,2018,4,8,3,5,7,0,0,1,0,1,0,0,0,0,0,1,0
8,2018,10,9,4,2,2,0,0,1,0,0,0,0,0,0,0,1,0
9,2019,11,13,2,2,6,0,0,1,0,0,0,0,0,0,0,0,0
9,2020,11,8,2,5,3,0,1,0,0,0,1,0,0,1,2,0,0
1,2020,4,9,5,5,7,0,1,0,0,0,0,1,0,1,2,1,0
11,2018,1,6,2,6,4,2,0,0,1,0,0,1,0,0,0,0,0
4,2020,1,17,4,5,2,2,0,1,0,0,0,0,1,0,0,1,0
5,2021,9,19,4,2,6,2,0,1,0,0,0,0,1,0,1,0,0
3,2018,9,7,4,1,5,0,1,1,0,0,0,0,0,0,0,0,0
8,2019,7,3,7,2,6,2,1,1,0,0,0,0,0,0,0,2,0
4,2018,5,14,4,3,6,0,0,1,0,0,1,0,0,0,0,0,1
2,2019,4,22,5,5,2,2,0,1,0,0,0,1,0,0,0,1,0
3,2019,9,9,3,5,2,0,1,0,0,1,0,0,0,0,0,0,0
4,2019,10,8,1,1,1,0,0,1,0,0,0,0,0,0,0,1,1
3,2021,8,9,3,1,5,0,1,0,0,0,0,1,1,0,1,1,0
8,2018,8,19,6,5,3,0,1,0,0,0,0,1,0,0,0,1,0
11,2019,7,16,1,4,6,0,0,1,0,1,0,0,0,0,0,2,0
1,2021,2,17,7,6,4,1,0,1,1,0,0,0,0,1,2,1,0
1,2020,4,13,1,5,2,0,0,1,0,0,0,0,0,1,2,1,0
9,2018,11,19,7,6,4,2,0,1,1,0,0,0,0,0,0,0,1
3,2021,6,17,7,5,7,0,0,1,0,0,0,1,0,0,1,1,1
4,2019,4,15,2,1,5,0,1,1,0,0,0,0,0,0,0,1,0
7,2019,3,14,4,5,3,0,0,1,0,0,0,0,0,0,0,0,0
4,2019,11,21,5,5,2,2,1,1,0,0,0,0,1,0,0,0,0
11,2019,10,15,2,5,5,0,0,1,0,0,0,0,0,0,0,1,0
8,2021,8,10,2,8,1,0,0,0,0,1,0,0,0,0,1,1,0
10,2019,5,8,6,2,6,0,0,1,0,0,0,0,0,0,0,0,1
3,2020,1,20,4,1,5,2,1,1,0,0,0,0,0,0,0,1,0
1,2020,9,20,1,2,6,1,0,1,0,0,0,0,0,0,1,0,0
9,2021,6,15,3,5,2,0,1,1,0,0,0,0,0,0,1,1,0
4,2019,3,15,4,2,6,0,0,1,0,0,0,1,0,0,0,0,0
7,2020,6,16,6,2,6,0,0,1,0,0,0,0,0,0,1,1,0
1,2021,8,20,7,5,2,1,1,1,0,0,0,0,0,0,1,1,0
1,2021,8,22,7,0,7,2,0,1,0,0,0,0,1,0,1,1,0
12,2018,12,17,4,0,3,2,0,1,0,0,0,1,1,0,0,1,0
1,2019,10,22,5,5,2,2,0,1,0,0,0,1,0,0,0,1,0
2,2019,8,13,2,5,3,0,1,1,0,0,0,0,0,0,0,0,0
11,2018,6,6,4,0,1,0,1,1,0,0,0,0,0,0,0,0,0
7,2021,8,11,6,5,2,0,0,1,0,0,1,0,0,0,1,1,0
8,2018,8,17,6,2,6,0,0,1,0,0,0,0,0,0,0,1,0
9,2018,10,16,5,1,5,0,1,1,0,0,0,0,0,0,0,1,0
12,2021,11,11,7,5,2,0,0,1,0,0,0,0,0,0,2,0,0
1,2019,6,7,3,5,2,0,1,1,0,0,0,0,0,0,0,1,0
7,2018,11,19,5,2,6,2,1,1,0,0,0,0,0,0,0,0,0
7,2020,3,11,2,2,6,0,0,1,0,1,0,0,0,1,1,0,1
2,2019,4,17,3,1,5,0,0,1,0,1,0,0,0,0,0,1,0
12,2021,8,12,7,5,2,0,1,1,0,0,0,0,0,0,1,1,0
12,2019,6,7,3,2,6,0,0,1,0,0,0,0,0,0,0,1,0
7,2018,8,14,6,1,5,0,0,1,0,0,0,1,0,0,0,1,0
3,2021,3,15,3,5,2,0,1,0,0,0,1,0,0,0,2,0,0
11,2019,4,15,1,0,2,0,0,1,0,1,0,0,0,0,0,1,0
5,2018,6,18,5,3,6,0,1,1,0,0,0,0,0,0,0,0,0
6,2020,2,12,7,2,6,0,0,1,0,0,0,0,1,0,0,1,0
1,2020,8,16,4,5,2,0,1,1,0,0,0,0,1,0,1,1,0
1,2018,10,17,2,2,6,1,0,1,0,0,0,1,1,0,0,1,0
4,2019,1,16,3,3,6,2,0,1,0,1,0,1,1,0,0,1,0
4,2019,12,18,1,3,6,2,0,1,0,0,1,0,0,0,0,1,0
1,2021,7,13,3,0,6,0,0,1,0,1,0,0,0,0,1,2,0
6,2021,10,16,1,5,3,0,0,1,0,0,0,0,0,0,1,1,0
3,2018,6,15,6,2,6,0,1,0,0,0,0,1,0,0,0,0,1
2,2021,7,23,3,0,1,2,1,0,0,0,0,0,0,0,1,2,0
5,2020,10,17,5,6,7,0,0,1,1,0,0,0,0,1,1,1,0
4,2018,3,18,3,5,2,0,0,1,0,1,0,0,0,0,0,1,0
6,2018,12,17,6,6,2,2,0,1,1,0,0,0,1,0,0,1,1
9,2021,12,17,6,4,2,2,0,1,0,0,0,0,0,1,2,1,0
1,2018,11,18,6,6,2,2,0,1,1,0,0,0,1,0,0,0,1
2,2021,3,8,3,6,4,0,0,1,1,0,0,0,0,0,2,0,0
11,2019,4,11,3,2,6,0,0,1,0,0,0,0,0,0,0,1,1
1,2019,5,14,4,6,2,0,0,1,1,0,0,0,0,0,0,0,0
2,2021,5,12,2,0,6,0,1,0,0,0,0,0,0,1,2,1,0
2,2020,3,19,7,6,4,2,0,1,1,0,0,0,0,1,1,0,1
4,2021,6,9,4,2,6,0,0,1,0,0,0,0,0,0,1,1,0
6,2021,11,11,7,6,4,0,0,1,1,0,0,0,0,0,2,0,1
5,2021,3,13,3,0,6,0,0,0,0,0,0,1,0,0,2,0,0
10,2021,7,17,2,5,7,0,1,1,0,0,0,0,0,0,1,2,0
8,2020,5,7,3,5,3,0,0,1,0,0,0,0,0,1,1,0,0
8,2021,4,8,3,2,2,0,0,1,0,0,0,0,0,1,2,1,0
6,2020,3,13,2,5,7,0,0,1,0,0,0,0,1,1,1,0,0
12,2021,5,13,6,0,3,0,0,1,0,0,0,0,1,1,2,1,0
2,2021,8,14,6,5,2,0,1,1,0,0,0,0,0,0,1,1,0
2,2018,2,9,3,5,3,0,1,1,0,0,0,0,0,0,0,1,0
3,2018,1,18,5,5,2,2,1,1,0,0,0,0,1,0,0,0,1
10,2021,3,22,3,3,7,2,0,1,0,0,0,1,0,0,2,0,1
9,2021,5,14,1,0,7,0,1,0,0,0,0,0,0,1,2,1,0
9,2021,8,13,5,1,5,0,1,1,0,0,0,0,0,0,1,1,0
1,2019,11,21,3,1,5,2,1,1,0,0,0,0,0,0,0,0,0
3,2019,9,21,5,5,3,2,1,1,0,0,0,0,0,0,0,0,0
6,2019,4,4,5,1,1,2,1,1,0,0,0,0,0,0,0,1,0
4,2019,1,7,4,5,2,2,1,1,0,0,0,0,1,0,0,1,0
11,2019,6,9,2,6,6,0,1,0,1,0,0,0,0,0,0,1,0
3,2020,7,10,3,5,3,0,1,1,0,0,0,0,0,0,1,2,0
4,2019,1,18,3,6,2,2,0,1,1,0,0,0,1,0,0,1,0
12,2019,6,12,7,5,3,0,1,1,0,0,0,0,0,0,0,1,1
9,2019,7,13,3,3,1,0,1,0,0,0,0,1,0,0,0,2,0
4,2020,8,17,5,2,6,0,0,1,0,0,0,0,0,0,1,1,0
6,2020,10,10,7,5,3,0,0,1,0,0,0,0,1,1,1,1,0
4,2018,5,16,4,5,3,0,0,1,0,0,0,0,0,0,0,0,0
7,2021,1,6,3,6,2,2,0,1,1,0,0,0,0,1,2,0,1
9,2019,4,18,2,5,3,0,1,1,0,0,0,0,0,0,0,1,1
12,2019,1,20,6,6,4,2,0,1,1,0,0,0,1,0,0,1,1
11,2020,9,9,3,3,6,0,1,1,0,0,0,0,0,0,1,0,0