BEZ,UJAHR,UMONAT,USTUNDE,UWOCHENTAG,UART,UTYP1,ULICHTVERH,IstRad,IstPKW,IstFuss,IstKrad,IstGkfz,IstSonstige,USTRZUSTAND,LOCKDOWN,COVID,FERIEN,UKATEGORIE
2,2020,9,6,5,0,1,1,0,0,0,1,0,0,1,0,1,0,0
5,2020,1,17,5,6,4,2,0,1,1,0,0,0,0,0,0,1,0
9,2019,7,16,2,2,6,0,1,1,0,0,0,0,1,0,0,2,0
4,2019,4,7,5,5,3,0,0,0,0,1,1,0,0,0,0,1,0
3,2021,9,10,5,4,6,0,0,1,0,0,0,0,0,0,1,0,0
1,2020,7,6,5,5,2,0,0,1,0,0,0,0,0,0,1,2,0
9,2021,2,11,3,5,3,0,0,1,0,0,0,0,1,1,2,1,0
12,2018,5,17,4,6,4,0,0,1,1,0,0,0,0,0,0,0,0
1,2019,7,20,1,5,3,0,0,1,0,0,0,0,0,0,0,2,0
10,2018,8,13,6,0,6,0,0,1,0,1,0,0,0,0,0,1,0
6,2019,7,18,3,8,1,0,0,1,0,0,0,0,0,0,0,2,0
3,2019,3,8,6,3,6,0,1,1,0,0,0,0,1,0,0,0,0
2,2020,9,10,3,0,5,0,1,1,0,0,0,0,0,0,1,0,0
2,2019,7,9,6,5,3,0,1,1,0,0,0,0,0,0,0,2,0
7,2018,3,15,6,2,6,0,0,1,0,0,0,0,1,0,0,1,0
1,2020,6,13,2,5,3,0,0,1,0,0,0,1,0,0,1,1,0
5,2021,11,13,4,5,2,0,0,1,0,0,0,1,1,0,2,0,0
5,2018,8,6,5,3,6,1,0,1,0,0,0,0,0,0,0,1,0
6,2018,9,23,4,2,6,2,0,1,0,0,0,1,0,0,0,0,0
2,2019,11,14,6,2,2,0,0,0,0,1,0,1,0,0,0,0,0
12,2021,6,17,2,0,1,0,0,0,0,1,0,0,0,0,1,1,0
6,2018,6,16,2,1,5,0,1,1,0,0,0,0,0,0,0,0,0
11,2020,9,10,7,9,1,0,0,1,0,0,0,0,1,0,1,0,0
12,2020,10,6,5,5,2,1,0,1,0,0,1,0,1,1,1,1,0
11,2019,9,20,2,0,1,2,0,0,0,1,0,0,0,0,0,0,1
5,2019,8,18,2,5,2,0,1,1,0,0,0,0,0,0,0,0,0
7,2019,9,16,2,5,2,0,0,1,0,0,0,0,0,0,0,0,0
1,2020,9,18,7,3,6,1,0,1,0,1,0,0,1,0,1,0,0
1,2020,11,12,5,0,4,0,1,0,1,0,0,0,0,1,2,0,1
12,2021,6,17,1,5,3,0,0,1,0,0,0,0,0,0,1,1,1
6,2018,7,12,4,2,6,0,0,1,0,0,0,0,0,0,0,2,0
6,2018,2,13,7,5,3,0,0,1,0,0,0,0,1,0,0,1,0
11,2018,5,9,4,6,7,0,1,0,1,0,0,0,0,0,0,0,0
4,2019,6,20,7,2,6,0,0,1,0,0,0,0,0,0,0,1,0
7,2021,11,20,3,5,2,2,0,1,0,0,0,0,0,0,2,0,0
11,2021,3,15,3,5,2,0,1,1,0,0,0,0,0,0,2,0,1
8,2020,10,11,2,6,4,0,0,0,1,0,1,0,0,1,1,1,1
1,2021,11,18,5,4,6,1,1,0,0,0,0,1,1,0,2,0,0
2,2020,2,13,6,3,6,0,0,1,0,0,0,0,0,0,0,1,0
1,2021,10,8,5,2,6,0,0,1,0,0,0,0,1,0,1,1,0
5,2018,10,18,6,5,2,2,0,0,0,1,0,0,0,0,0,1,1
9,2019,11,7,3,2,2,0,1,1,0,0,0,0,1,0,0,0,0
8,2021,11,13,5,5,3,0,1,1,0,0,0,0,0,0,2,0,0
1,2018,9,17,1,5,3,0,0,1,0,0,0,0,1,0,0,0,0
7,2018,12,18,7,5,7,2,0,1,0,0,0,1,1,0,0,1,1
8,2021,4,21,6,3,6,2,0,1,0,0,0,0,0,1,2,1,0
4,2021,5,11,2,3,6,0,0,1,0,0,1,0,0,1,2,1,0
2,2019,3,23,1,2,2,2,0,1,0,0,0,0,1,0,0,0,0
5,2018,1,21,2,4,1,2,0,1,0,0,0,0,0,0,0,0,1
1,2019,7,10,5,5,3,0,0,1,0,0,0,1,0,0,0,2,0
10,2018,8,16,6,3,6,0,0,1,0,1,0,0,0,0,0,1,0
2,2018,8,8,5,0,7,0,1,0,0,0,0,1,1,0,0,1,0
5,2020,9,17,6,5,2,0,1,1,0,0,0,0,0,0,1,0,0
1,2018,5,14,3,5,2,0,0,1,0,0,0,0,0,0,0,0,0
6,2021,11,13,2,5,3,0,0,1,0,0,0,0,0,0,2,0,0
9,2018,8,17,7,5,3,0,0,1,0,0,0,0,0,0,0,1,0
1,2021,11,10,2,5,3,0,1,1,0,0,0,0,1,0,2,0,0
9,2021,10,15,3,5,3,0,0,1,0,1,0,0,1,0,1,1,0
12,2019,11,18,3,2,6,2,0,1,0,0,0,1,0,0,0,0,0
2,2020,8,13,3,2,6,0,0,1,0,1,0,0,0,0,1,1,0
3,2018,4,9,4,6,2,0,0,1,1,0,0,0,0,0,0,1,1
1,2018,9,15,7,2,6,0,0,1,0,0,0,0,0,0,0,0,0
4,2019,9,4,1,5,2,2,0,1,0,0,0,0,0,0,0,0,0
5,2018,1,6,3,2,6,2,0,1,0,0,0,0,1,0,0,0,0
1,2018,8,21,6,2,2,2,1,1,0,0,0,0,0,0,0,1,0
3,2021,8,13,5,5,2,0,1,0,0,0,1,0,0,0,1,1,1
8,2019,1,10,4,6,4,0,0,1,1,0,0,0,1,0,0,1,0
4,2021,6,14,6,3,6,0,0,1,0,0,0,0,0,0,1,1,0
1,2020,7,23,6,1,5,2,0,1,0,0,0,1,0,0,1,2,0
4,2020,9,16,7,2,6,0,0,1,0,0,0,0,0,0,1,0,1
12,2021,11,6,3,2,7,2,0,1,0,0,1,0,1,0,2,0,0
6,2020,11,12,4,2,6,0,0,1,0,0,0,0,0,1,2,0,0
4,2018,8,9,2,6,4,0,0,0,1,1,0,0,0,0,0,1,1
5,2018,3,14,3,0,3,0,0,1,0,1,0,0,0,0,0,1,0
1,2019,8,17,3,2,6,0,1,1,0,0,0,0,0,0,0,0,0
2,2020,6,14,4,5,3,0,1,1,0,0,0,0,0,0,1,1,0
4,2020,11,16,3,6,2,2,0,1,1,0,0,0,1,1,2,0,0
5,2020,6,11,2,2,6,0,0,1,0,0,0,1,0,0,1,1,0
4,2019,11,15,7,5,2,0,0,1,0,0,0,0,1,0,0,0,1
7,2020,9,4,4,8,7,2,0,1,0,0,0,0,0,0,1,0,0
8,2019,5,8,5,0,3,0,0,1,0,1,0,0,0,0,0,0,0
8,2020,3,15,3,0,7,0,0,0,0,0,0,1,0,1,1,0,0
2,2020,5,13,5,1,5,0,1,0,0,0,0,1,0,1,1,0,0
10,2018,4,16,3,5,3,0,1,1,0,0,0,0,0,0,0,1,0
9,2021,2,8,7,0,1,0,1,0,0,0,0,0,0,1,2,1,0
1,2018,11,17,2,3,2,2,0,1,0,1,0,0,0,0,0,0,0
4,2020,8,8,7,6,4,0,1,0,1,0,0,0,0,0,1,1,0
5,2018,5,6,4,3,6,0,0,1,0,0,1,1,0,0,0,0,1
10,2020,7,17,2,2,5,0,0,1,0,0,0,0,0,0,1,2,0
1,2019,4,15,5,0,1,0,1,0,0,0,0,0,0,0,0,1,0
3,2019,4,13,7,5,3,0,1,1,0,0,0,0,0,0,0,1,0
6,2018,11,15,4,2,6,0,0,1,0,1,0,0,0,0,0,0,0
3,2020,3,9,6,0,5,0,1,1,0,0,0,0,0,1,1,0,0
5,2021,11,7,4,5,2,0,0,1,0,1,0,0,0,0,2,0,1
1,2019,6,18,3,2,6,0,1,1,0,0,0,0,0,0,0,1,0
8,2019,7,23,5,9,1,2,0,1,0,0,0,0,1,0,0,2,0
8,2019,11,22,7,5,3,2,0,1,0,0,0,0,1,0,0,0,0
3,2019,11,17,2,5,3,2,1,1,0,0,0,0,0,0,0,0,0
6,2019,5,9,7,1,5,0,1,1,0,0,0,0,0,0,0,0,0
9,2019,10,10,3,5,2,0,1,1,0,0,0,0,0,0,0,1,0
8,2018,2,14,4,2,6,0,1,1,0,0,0,0,0,0,0,1,0
4,2020,9,8,5,5,7,0,1,1,0,0,0,0,0,0,1,0,0
2,2021,5,17,6,5,2,0,1,1,0,0,0,0,1,1,2,1,0
4,2019,11,17,4,5,2,2,1,1,0,0,0,0,1,0,0,0,0
5,2018,4,13,5,6,7,0,1,0,1,0,0,0,0,0,0,1,0
1,2021,6,18,7,1,5,0,0,1,0,1,0,0,0,0,1,1,0
2,2021,8,12,6,5,2,0,0,1,0,0,0,1,0,0,1,1,0
3,2021,7,12,4,2,7,0,0,1,0,0,0,0,1,0,1,2,0
3,2021,3,15,2,5,2,0,1,1,0,0,0,0,1,0,2,0,0
6,2019,8,15,5,0,3,0,1,1,0,0,0,0,0,0,0,0,0
4,2021,8,13,5,5,3,0,0,1,0,0,0,0,0,0,1,1,0
9,2021,4,13,3,2,2,0,0,1,0,0,0,0,0,1,2,1,0
10,2018,7,17,5,2,6,0,0,1,0,0,1,0,0,0,0,2,0
7,2018,11,12,2,5,3,0,0,1,0,0,0,1,0,0,0,0,0
3,2020,1,1,4,0,1,2,1,0,0,0,0,0,0,0,0,1,1
7,2018,8,14,4,0,7,0,0,1,0,1,0,0,0,0,0,1,1
1,2019,7,16,2,2,2,0,0,0,0,1,0,1,0,0,0,2,0
5,2018,1,19,4,5,3,2,0,1,0,0,0,0,1,0,0,0,1
5,2020,8,15,5,5,3,0,1,1,0,0,0,0,0,0,1,1,0
6,2019,2,18,3,2,6,2,0,1,0,0,0,0,0,0,0,1,0
9,2021,3,16,6,2,1,0,0,1,0,0,0,0,0,0,2,0,0
4,2020,10,13,3,2,2,0,1,1,0,0,0,0,0,1,1,1,0
2,2019,8,16,4,6,7,0,1,0,1,0,0,0,0,0,0,0,0
7,2019,3,15,2,2,6,0,0,1,0,0,0,0,0,0,0,0,0
11,2018,11,7,4,5,2,0,1,0,0,0,0,0,0,0,0,0,1
1,2021,11,17,5,6,4,1,0,1,1,0,0,0,1,0,2,0,0
3,2019,1,4,7,9,1,2,0,1,0,0,0,0,2,0,0,1,0
8,2021,9,21,1,5,3,2,0,1,0,0,0,0,0,0,1,0,0
9,2018,6,16,6,5,3,0,0,1,0,0,0,0,0,0,0,0,0
9,2019,1,7,6,5,2,2,1,1,0,0,0,0,1,0,0,1,0
5,2018,5,16,5,2,6,0,0,1,0,1,0,0,0,0,0,0,0
9,2019,1,20,5,3,6,2,1,1,0,0,0,0,1,0,0,1,1
1,2019,7,9,4,5,2,0,0,1,0,1,0,0,0,0,0,2,0
11,2018,6,10,2,5,3,0,0,1,0,0,0,0,0,0,0,0,0
8,2020,1,6,2,5,2,2,0,1,0,0,0,0,1,0,0,1,0
11,2018,11,12,2,5,3,0,1,0,0,0,0,0,0,0,0,0,1
9,2020,7,19,5,1,5,0,1,1,0,0,0,0,0,0,1,2,0
7,2020,11,12,4,3,6,0,1,1,0,0,0,0,0,1,2,0,1
3,2019,6,11,2,5,3,0,1,1,0,0,0,0,0,0,0,1,0
2,2018,8,14,4,6,4,0,0,1,1,0,0,0,0,0,0,1,0
4,2020,3,1,5,0,1,2,0,0,0,0,0,1,0,1,1,0,1
11,2019,8,13,4,5,7,0,0,1,0,0,1,0,1,0,0,0,0
10,2018,7,16,3,0,7,0,0,1,0,0,0,1,0,0,0,2,0
4,2020,9,1,1,9,1,2,1,0,0,0,0,0,0,0,1,0,1
4,2018,12,21,7,3,6,2,0,1,0,0,0,0,1,0,0,1,0
12,2020,1,20,6,5,3,2,0,1,0,0,0,1,1,0,0,1,1
2,2018,5,2,7,1,1,2,1,1,0,0,0,0,0,0,0,0,1
4,2021,5,8,4,5,7,0,1,1,0,0,0,0,0,1,2,1,0
11,2019,2,10,6,5,2,0,1,1,0,0,0,0,0,0,0,1,0
10,2018,9,22,5,6,4,2,0,1,1,0,0,0,1,0,0,0,0
1,2019,4,17,3,2,6,0,1,0,0,0,0,0,0,0,0,1,0
7,2019,9,16,4,5,2,0,1,1,0,0,0,0,0,0,0,0,0
9,2018,1,17,3,2,6,2,0,1,0,0,0,0,1,0,0,0,0
1,2020,7,14,5,2,7,0,1,1,0,0,0,0,0,0,1,2,0
6,2018,10,16,2,1,5,0,1,1,0,0,0,0,0,0,0,1,0
3,2018,8,2,7,9,1,2,0,1,0,0,0,0,0,0,0,1,1
3,2021,9,14,4,5,2,0,1,1,0,0,0,0,1,0,1,0,0
9,2021,9,10,1,5,3,0,0,1,0,0,0,0,0,0,1,0,0
4,2020,10,7,6,0,2,1,1,0,0,0,0,1,1,1,1,1,0
2,2021,11,3,1,3,6,2,0,1,0,1,0,0,0,0,2,0,0
11,2019,7,20,5,5,2,0,1,1,0,0,0,0,0,0,0,2,0
12,2020,2,0,5,3,6,2,0,1,0,0,0,0,1,0,0,1,0
1,2021,8,16,3,5,3,0,1,1,0,0,0,0,0,0,1,1,0
1,2018,2,7,6,5,3,1,1,1,0,0,0,0,1,0,0,1,0
1,2018,8,14,5,0,1,0,1,0,0,0,0,0,0,0,0,1,0
7,2018,6,13,4,5,7,0,0,1,0,1,0,0,0,0,0,0,0
1,2019,8,17,3,0,3,0,0,1,0,1,0,0,1,0,0,0,0
4,2018,5,15,4,6,4,0,0,0,1,0,0,1,0,0,0,0,0
1,2018,5,12,2,0,1,0,1,0,0,0,0,0,0,0,0,0,0
12,2019,11,14,1,2,6,0,0,1,0,0,0,0,0,0,0,0,0
3,2018,8,15,4,0,3,0,1,1,0,0,0,0,0,0,0,1,0
2,2019,7,17,1,3,7,0,0,1,0,1,0,0,0,0,0,2,0
6,2020,10,17,6,0,3,0,1,1,0,0,0,0,0,1,1,1,0
8,2019,7,8,2,2,6,0,0,1,0,0,0,0,0,0,0,2,0
11,2019,2,20,5,6,2,2,0,1,1,0,0,0,0,0,0,1,0
6,2018,1,16,6,0,2,2,0,1,0,1,0,0,0,0,0,0,1
5,2020,1,6,4,5,2,1,0,1,0,0,0,0,1,0,0,1,0
5,2018,2,12,4,6,2,0,0,1,1,0,0,0,0,0,0,1,0
4,2021,10,10,5,2,7,0,0,1,0,1,0,0,1,0,1,1,0
1,2019,5,17,5,3,6,0,1,0,0,0,0,0,0,0,0,0,0
2,2019,9,8,7,8,1,0,1,1,0,0,0,0,0,0,0,0,0
10,2019,6,19,2,5,3,0,0,1,0,0,0,0,0,0,0,1,0
3,2020,9,5,2,5,3,1,0,1,0,1,0,0,0,0,1,0,0
2,2021,5,19,4,2,6,0,1,0,0,0,0,1,0,1,2,1,0
2,2018,5,20,5,5,3,1,1,0,0,0,0,1,0,0,0,0,0
5,2020,4,21,4,5,2,2,0,1,0,0,0,0,0,1,2,1,0
2,2020,1,5,1,6,2,1,0,1,1,0,0,0,0,0,0,1,1
4,2021,9,14,6,5,2,0,1,0,0,0,0,1,0,0,1,0,0
10,2021,8,13,4,2,2,0,0,1,0,1,0,0,0,0,1,1,1
4,2018,9,9,2,3,6,0,0,1,0,0,0,0,0,0,0,0,0
8,2020,5,19,7,2,6,0,0,1,0,0,0,0,0,1,1,0,0
2,2020,10,15,4,0,2,0,0,1,0,0,0,0,0,1,1,1,0
9,2018,9,12,4,2,2,0,0,1,0,1,0,0,0,0,0,0,1
4,2019,5,10,4,5,3,0,0,1,0,1,0,0,0,0,0,0,1
3,2020,1,7,4,5,3,2,1,0,0,0,0,1,1,0,0,1,1
10,2021,9,13,4,6,4,0,0,1,1,0,0,0,0,0,1,0,0
12,2020,6,16,3,6,4,0,0,1,1,0,0,0,0,0,1,1,0
1,2020,6,10,6,9,1,0,0,1,0,0,0,0,0,0,1,1,1
1,2019,4,10,2,6,2,0,0,1,1,0,0,0,0,0,0,1,0
3,2021,5,15,2,6,7,0,0,1,1,0,0,0,0,1,2,1,0
12,2021,1,12,3,5,3,0,0,1,0,1,0,0,1,1,2,0,0
2,2021,12,15,5,2,6,0,0,1,0,0,0,0,1,1,2,1,0
11,2018,8,6,2,2,6,0,0,1,0,0,0,1,0,0,0,1,0
2,2019,7,9,5,1,5,0,0,1,0,0,0,0,0,0,0,2,0
6,2019,1,17,2,6,4,2,0,1,1,0,0,0,1,0,0,1,1
10,2021,9,15,6,5,2,0,1,1,0,0,0,0,0,0,1,0,0
11,2021,3,14,4,5,2,0,1,1,0,0,0,0,0,0,2,0,0
3,2019,3,23,6,5,2,2,0,1,0,0,0,0,0,0,0,0,0
11,2019,9,15,4,5,2,0,1,1,0,0,0,0,0,0,0,0,0
2,2020,10,17,3,6,4,0,0,1,1,0,0,0,0,1,1,1,0
4,2019,7,6,3,5,2,1,0,1,0,0,0,0,0,0,0,2,0
11,2020,5,17,7,8,1,0,1,0,0,1,0,0,0,1,1,0,1
11,2021,10,7,4,5,2,0,1,1,0,0,0,0,0,0,1,1,0
1,2021,10,11,7,5,2,0,0,1,0,1,0,0,0,0,1,1,1
1,2019,7,22,4,5,2,2,1,1,0,0,0,0,1,0,0,2,0
4,2021,9,8,3,5,2,0,1,1,0,0,0,0,0,0,1,0,0
8,2020,3,13,4,5,5,0,1,1,0,0,0,0,0,1,1,0,0
4,2021,7,9,1,5,2,0,0,1,0,0,0,0,0,0,1,2,0
8,2019,4,17,4,1,2,0,0,1,1,0,0,1,0,0,0,1,0
1,2018,5,15,5,5,3,0,1,1,0,0,0,0,0,0,0,0,0
8,2020,4,22,4,5,3,2,0,1,0,0,0,1,1,1,2,1,0
11,2020,9,12,3,5,2,0,1,1,0,0,0,0,0,0,1,0,0
9,2021,12,17,3,6,4,2,0,1,1,0,0,0,0,1,2,1,0
9,2019,3,18,5,6,2,2,0,1,1,0,0,0,1,0,0,0,1
7,2020,6,13,4,5,3,0,1,1,0,0,0,0,0,0,1,1,0
1,2019,8,5,3,5,3,1,0,1,0,1,0,0,0,0,0,0,0
1,2019,12,14,3,3,2,0,1,0,0,0,0,1,0,0,0,1,0
7,2020,2,18,6,5,7,2,0,1,0,1,0,0,0,0,0,1,0
3,2021,12,10,3,5,3,0,0,1,0,0,0,0,0,1,2,1,0
8,2021,11,17,5,1,5,2,0,1,0,0,0,0,1,0,2,0,0
9,2019,11,12,6,0,6,0,0,1,0,1,0,0,1,0,0,0,0
2,2021,1,13,5,0,1,0,1,0,0,0,0,0,2,1,2,0,0
12,2019,9,18,5,6,6,1,0,1,1,0,0,0,0,0,0,0,0
4,2019,11,7,3,5,3,0,1,1,0,0,0,0,0,0,0,0,0
11,2019,6,15,3,2,6,0,0,1,0,0,0,0,0,0,0,1,0
4,2020,9,2,4,5,3,2,1,1,0,0,0,0,0,0,1,0,0
7,2018,12,16,2,2,6,2,0,1,0,0,0,0,1,0,0,1,0
7,2020,6,14,3,5,7,0,1,1,0,0,0,0,0,0,1,1,0
7,2021,5,8,7,6,4,0,0,1,1,0,0,0,0,1,2,1,0
11,2021,10,19,2,6,4,1,1,0,1,0,0,0,1,0,1,1,0
4,2018,9,17,4,3,6,0,1,1,0,0,0,0,0,0,0,0,0
4,2018,3,13,5,5,2,0,1,1,0,0,0,0,0,0,0,1,0
12,2019,12,9,5,6,4,0,0,1,1,0,0,0,0,0,0,1,0
7,2018,7,8,4,5,2,0,1,1,0,0,0,0,0,0,0,2,0
1,2018,9,9,6,0,6,0,1,1,0,0,0,0,0,0,0,0,0
12,2019,1,16,3,6,2,2,0,1,1,0,0,0,1,0,0,1,0
1,2020,2,11,3,6,6,0,1,0,1,0,0,0,0,0,0,1,1
10,2019,3,13,2,6,4,0,0,1,1,0,0,0,1,0,0,0,0
1,2018,5,10,6,5,2,0,1,0,0,0,1,0,0,0,0,0,1
11,2018,7,13,4,6,4,0,0,1,1,0,0,0,0,0,0,2,0
6,2018,9,11,7,2,2,0,0,1,0,0,0,0,0,0,0,0,0
11,2021,8,19,3,0,1,0,1,0,0,0,0,0,0,0,1,1,1
1,2020,6,16,3,5,2,0,1,1,0,0,0,0,0,0,1,1,0
7,2021,11,17,4,2,1,1,0,1,0,0,0,0,1,0,2,0,0
4,2018,7,16,5,2,6,0,0,1,0,0,0,0,0,0,0,2,0
6,2020,2,16,4,5,3,0,0,1,0,0,0,0,0,0,0,1,0
10,2018,7,7,3,2,6,0,0,1,0,0,0,0,0,0,0,2,0
11,2021,5,18,3,2,6,0,0,1,0,0,1,0,0,1,2,1,0
4,2019,11,14,3,5,2,0,0,1,0,0,0,0,0,0,0,0,0
4,2020,5,23,1,0,1,2,1,0,0,0,0,0,0,1,1,0,1
4,2021,6,18,4,5,2,0,1,1,0,0,0,0,0,0,1,1,0
8,2020,1,23,2,9,1,2,0,1,0,0,0,1,0,0,0,1,0
9,2021,4,17,4,2,6,0,0,1,0,0,0,0,0,1,2,1,0
4,2019,6,10,5,2,2,0,0,1,0,0,0,0,0,0,0,1,0
4,2019,6,18,1,6,2,0,0,1,1,0,0,0,0,0,0,1,0
9,2018,6,18,5,5,2,0,1,1,0,0,0,0,0,0,0,0,0
2,2019,9,1,5,0,1,2,1,0,0,0,0,0,1,0,0,0,1
3,2018,5,8,2,5,2,0,1,1,0,0,0,0,0,0,0,0,0
4,2019,5,14,7,5,2,0,0,1,0,0,0,0,0,0,0,0,0
2,2019,9,19,2,3,6,1,0,1,0,1,0,0,0,0,0,0,0
3,2020,7,22,6,0,7,2,1,0,0,0,0,0,0,0,1,2,0
4,2021,11,16,2,6,4,2,0,1,1,0,0,0,1,0,2,0,0
12,2018,8,14,2,8,1,0,0,0,0,0,0,1,0,0,0,1,0
12,2019,9,16,2,6,4,0,0,1,1,0,0,0,1,0,0,0,0
8,2019,12,13,5,5,3,0,0,1,0,0,0,0,0,0,0,1,0
7,2018,12,16,2,6,2,2,0,1,1,0,0,0,1,0,0,1,0
12,2019,1,8,2,0,1,0,1,0,0,0,0,0,2,0,0,1,0
9,2018,7,17,5,6,7,0,1,0,1,0,0,0,0,0,0,2,0
10,2019,11,7,7,0,1,2,0,0,0,1,0,0,1,0,0,0,0
6,2018,11,8,3,2,7,0,0,1,0,0,0,1,0,0,0,0,0
8,2018,8,14,4,5,3,0,0,1,0,1,0,0,0,0,0,1,0
11,2019,9,23,1,5,3,2,0,1,0,0,0,0,0,0,0,0,0
1,2021,6,21,4,5,2,0,0,1,0,1,0,0,0,0,1,1,0
2,2019,9,21,5,5,2,2,1,0,0,0,0,1,0,0,0,0,0
3,2021,9,7,5,6,2,0,0,0,1,0,0,1,0,0,1,0,0
2,2018,11,23,6,2,6,2,0,1,0,0,0,0,1,0,0,0,0
8,2019,6,11,7,0,1,0,1,0,0,0,0,0,0,0,0,1,0
7,2019,8,19,4,5,2,0,1,1,0,0,0,0,0,0,0,0,0
1,2021,3,7,3,3,6,0,0,1,0,0,1,0,0,0,2,0,0
9,2020,8,15,3,6,4,0,0,1,1,0,0,0,0,0,1,1,1
12,2020,3,13,7,0,3,0,0,1,0,1,0,0,0,1,1,0,0
1,2018,12,19,6,6,4,2,1,0,1,0,0,0,1,0,0,1,0
11,2018,12,8,3,3,6,0,0,1,0,0,0,0,1,0,0,1,0
8,2020,11,14,4,1,5,0,1,1,0,0,0,0,0,1,2,0,0
10,2019,6,2,7,5,3,2,0,1,0,0,0,0,0,0,0,1,0
8,2019,12,7,2,6,2,2,0,1,1,0,0,0,1,0,0,1,0
8,2019,4,13,1,5,2,0,0,1,0,1,0,0,0,0,0,1,0
8,2020,8,7,7,5,3,0,1,1,0,0,0,0,0,0,1,1,0
1,2019,3,23,6,0,1,2,1,0,0,0,0,0,0,0,0,0,0
8,2019,5,13,7,5,2,0,1,1,0,0,0,0,0,0,0,0,0
12,2021,4,12,6,5,3,0,0,1,0,0,0,0,0,1,2,1,1
4,2019,9,13,3,0,5,0,0,1,0,1,0,0,0,0,0,0,0
7,2020,6,13,4,2,6,0,0,1,0,1,0,0,0,0,1,1,0
4,2019,3,16,2,2,6,1,0,1,0,0,0,0,1,0,0,0,0
6,2018,1,7,2,5,3,0,0,1,0,0,0,0,0,0,0,0,0
2,2019,8,19,5,6,7,0,0,0,1,0,0,1,0,0,0,0,0
11,2018,7,12,3,2,2,0,1,1,0,0,0,0,0,0,0,2,0
8,2020,5,8,4,2,6,0,0,1,0,0,0,0,0,1,1,0,0
6,2018,12,11,7,6,3,0,0,1,1,0,0,0,0,0,0,1,1
5,2019,7,19,5,6,6,0,0,1,1,0,0,0,0,0,0,2,0
3,2021,5,16,4,2,6,0,0,1,0,1,0,0,0,1,2,1,0
8,2019,6,8,4,5,2,0,1,1,0,0,0,0,0,0,0,1,0
8,2021,5,9,7,2,6,0,0,1,0,0,0,1,0,1,2,1,0
2,2020,2,9,3,1,5,0,1,1,0,0,0,0,1,0,0,1,0
4,2021,1,14,6,2,6,0,0,1,0,0,0,0,0,1,2,0,0
1,2018,8,11,2,5,2,0,1,1,0,0,0,0,0,0,0,1,0
5,2021,9,20,4,3,6,2,0,1,0,0,0,0,1,0,1,0,0
11,2019,3,16,2,2,6,0,0,1,0,0,0,0,1,0,0,0,0
4,2019,7,13,4,5,2,0,1,0,0,0,1,0,0,0,0,2,0
4,2018,7,15,6,2,6,0,0,1,0,0,0,0,0,0,0,2,0
11,2018,5,12,4,0,6,0,1,1,0,0,0,0,0,0,0,0,0
1,2019,12,21,4,2,6,2,0,1,0,0,0,0,1,0,0,1,0
7,2019,5,6,6,3,6,0,0,1,0,0,0,1,0,0,0,0,0
4,2018,5,10,4,2,6,0,0,1,0,0,0,1,0,0,0,0,0
11,2018,7,15,2,2,6,0,0,1,0,0,0,0,0,0,0,2,0
8,2021,12,10,6,3,6,0,0,1,0,0,1,0,0,1,2,1,0
8,2018,6,8,6,5,3,0,1,0,0,0,0,1,0,0,0,0,0
3,2020,8,6,4,5,2,0,1,0,0,0,0,1,0,0,1,1,0
2,2020,3,12,3,6,4,0,1,0,1,0,0,0,0,1,1,0,1
7,2018,5,14,1,0,1,0,0,0,0,1,0,0,0,0,0,0,1
5,2020,8,7,3,5,2,0,1,1,0,0,0,0,0,0,1,1,0
4,2021,9,14,5,6,3,0,1,0,1,0,0,0,0,0,1,0,1
9,2018,4,14,3,5,3,0,1,1,0,0,0,0,0,0,0,1,0
1,2018,2,19,2,0,1,2,0,0,0,1,0,0,2,0,0,1,1
8,2020,3,14,5,5,2,0,1,1,0,0,0,0,0,1,1,0,0
4,2018,8,11,2,1,5,0,1,1,0,0,0,0,0,0,0,1,0
1,2021,8,6,6,0,1,0,0,1,0,1,0,0,1,0,1,1,1
8,2021,8,18,7,5,3,0,1,0,0,1,0,0,0,0,1,1,0
4,2019,10,14,3,6,4,0,1,0,1,0,0,0,1,0,0,1,0
9,2018,12,18,2,5,3,2,0,1,0,0,0,0,1,0,0,1,0
6,2018,8,17,5,5,7,0,0,1,0,0,0,0,0,0,0,1,0
3,2018,4,11,6,5,2,0,1,1,0,0,0,0,0,0,0,1,1
3,2020,8,18,3,5,2,0,1,1,0,0,0,0,0,0,1,1,0
1,2021,5,16,2,5,2,0,1,1,0,0,0,0,0,1,2,1,0
6,2018,4,15,3,1,1,0,0,1,0,0,0,0,0,0,0,1,0
2,2019,3,18,5,2,6,0,1,1,0,0,0,0,1,0,0,0,0
4,2019,11,15,6,5,2,1,0,1,0,0,0,0,0,0,0,0,0
3,2019,12,8,6,5,3,0,1,1,0,0,0,0,1,0,0,1,0
4,2021,7,17,4,0,6,0,0,1,0,1,0,0,0,0,1,2,1
8,2019,1,0,7,2,2,2,0,1,0,0,1,0,1,0,0,1,0
2,2018,10,18,2,2,6,1,1,1,0,0,0,0,1,0,0,1,0
2,2021,5,15,7,5,2,0,1,1,0,0,0,0,0,1,2,1,0
9,2019,9,9,3,6,2,0,0,1,1,0,0,0,0,0,0,0,0
2,2019,9,7,6,5,2,0,0,1,0,0,0,0,0,0,0,0,0
3,2021,9,12,5,5,3,0,1,1,0,0,0,0,0,0,1,0,0