BEZ,UJAHR,UMONAT,USTUNDE,UWOCHENTAG,UART,UTYP1,ULICHTVERH,IstRad,IstPKW,IstFuss,IstKrad,IstGkfz,IstSonstige,USTRZUSTAND,LOCKDOWN,COVID,FERIEN,UKATEGORIE
4,2018,11,11,7,5,2,0,1,1,0,0,0,0,0,0,0,0,0
12,2018,1,13,5,2,1,0,0,1,0,0,0,0,1,0,0,0,0
1,2020,9,17,3,5,2,0,1,1,0,0,0,0,0,0,1,0,0
4,2020,1,12,6,1,5,0,0,1,0,1,0,0,1,0,0,1,0
8,2021,7,16,3,0,1,0,0,0,0,0,0,1,0,0,1,2,0
8,2021,9,17,3,6,4,0,0,0,1,0,0,1,0,0,1,0,0
1,2021,5,18,4,5,3,0,1,1,0,0,0,0,1,1,2,1,0
7,2021,8,0,3,5,2,2,1,1,0,0,0,0,0,0,1,1,0
2,2021,12,21,3,5,2,2,0,1,0,1,0,0,0,1,2,1,0
4,2020,8,7,6,5,2,0,1,1,0,0,0,0,0,0,1,1,0
4,2019,6,9,6,1,5,0,0,1,0,0,1,0,0,0,0,1,0
12,2019,5,19,6,9,1,0,0,1,0,0,0,0,1,0,0,0,1
5,2018,11,12,6,4,6,0,1,0,0,0,0,0,0,0,0,0,0
8,2018,2,18,3,2,6,2,0,1,0,0,0,0,0,0,0,1,0
2,2021,3,7,3,2,3,0,0,1,0,0,0,0,0,0,2,0,0
1,2020,2,20,4,5,2,2,1,1,0,0,0,0,0,0,0,1,0
4,2019,10,18,2,5,2,1,1,1,0,0,0,0,0,0,0,1,0
8,2019,5,11,2,5,2,0,0,1,0,0,0,0,0,0,0,0,0
11,2018,6,13,2,1,5,0,1,1,0,0,0,0,0,0,0,0,0
5,2020,8,15,1,5,3,0,0,1,0,1,0,0,0,0,1,1,1
4,2021,3,7,6,2,6,0,0,1,0,1,0,0,1,0,2,0,0
4,2020,9,11,1,0,7,0,1,0,0,0,0,0,0,0,1,0,1
12,2018,8,18,2,5,3,1,0,1,0,0,0,0,0,0,0,1,0
1,2020,11,4,1,0,1,2,0,0,0,0,0,1,0,1,2,0,0
1,2020,9,12,1,5,3,0,0,1,0,0,0,0,0,0,1,0,0
2,2018,9,20,2,0,1,1,1,0,0,0,0,0,0,0,0,0,1
1,2019,1,21,4,6,4,2,1,0,1,0,0,0,0,0,0,1,1
1,2019,6,0,2,5,2,2,1,1,0,0,0,0,0,0,0,1,0
12,2019,9,8,2,2,6,0,0,1,0,0,0,0,0,0,0,0,0
11,2018,1,18,4,5,7,2,0,0,0,0,0,1,1,0,0,0,0
7,2019,4,16,3,1,5,0,1,1,0,0,0,0,0,0,0,1,0
4,2018,8,13,1,2,6,0,0,1,0,0,0,0,0,0,0,1,0
10,2019,6,18,5,0,1,0,1,0,0,0,0,0,0,0,0,1,0
5,2018,6,7,4,5,2,0,1,0,0,0,1,0,0,0,0,0,1
5,2021,10,15,6,2,6,0,0,1,0,0,0,0,0,0,1,1,0
4,2021,11,17,5,3,6,2,0,1,0,0,1,0,1,0,2,0,0
1,2020,7,20,4,5,5,0,0,1,0,0,0,1,0,0,1,2,0
12,2018,7,7,3,5,2,0,1,1,0,0,0,0,0,0,0,2,0
3,2020,5,21,7,5,3,2,1,1,0,0,0,0,1,1,1,0,0
6,2020,2,19,2,2,6,2,0,1,0,0,0,0,1,0,0,1,0
7,2021,3,18,2,1,5,0,1,1,0,0,0,0,0,0,2,0,0
3,2021,12,12,5,2,1,0,0,1,0,0,0,0,1,1,2,1,1
3,2018,8,15,2,5,3,0,1,1,0,0,0,0,0,0,0,1,0
7,2020,1,19,5,1,5,2,0,1,0,0,0,0,0,0,0,1,1
3,2020,4,14,6,1,5,0,1,1,0,0,0,0,0,1,2,1,0
3,2020,3,14,1,6,4,0,0,1,1,0,0,0,1,1,1,0,0
12,2018,10,14,3,2,6,0,0,1,0,0,0,0,0,0,0,1,0
1,2019,3,19,5,0,7,2,1,0,0,0,0,1,0,0,0,0,0
8,2020,7,13,6,3,6,0,1,1,0,0,0,0,0,0,1,2,0
2,2018,9,17,3,3,6,0,0,1,0,1,0,0,0,0,0,0,0
10,2019,9,13,3,1,5,0,0,1,0,0,0,1,1,0,0,0,1
5,2020,10,20,3,0,7,2,1,0,0,0,0,0,0,1,1,1,0
7,2019,8,7,3,6,4,0,1,0,1,0,0,0,0,0,0,0,0
6,2020,12,12,2,5,2,0,1,1,0,0,0,0,1,1,2,1,0
11,2021,8,14,6,5,2,0,1,1,0,0,0,0,0,0,1,1,0
3,2021,5,7,4,3,6,0,1,0,0,0,1,0,0,1,2,1,0
4,2018,8,13,7,5,2,0,0,1,0,0,0,0,0,0,0,1,0
9,2019,4,10,5,5,3,0,1,1,0,0,0,0,0,0,0,1,1
9,2019,7,9,2,5,3,0,1,1,0,0,0,0,0,0,0,2,0
4,2021,1,13,1,5,3,0,0,1,0,0,0,0,0,1,2,0,0
6,2019,9,16,3,5,3,0,1,1,0,0,0,0,0,0,0,0,1
12,2019,12,12,6,6,4,0,0,1,1,0,0,0,0,0,0,1,0
1,2021,11,13,1,6,4,0,0,1,1,0,0,0,1,0,2,0,1
9,2020,1,11,2,5,2,0,1,1,0,0,0,0,0,0,0,1,0
12,2019,9,14,7,0,1,0,1,0,0,0,0,0,0,0,0,0,1
2,2021,10,16,4,2,6,0,0,0,0,1,0,1,1,0,1,1,0
2,2021,12,19,3,0,1,2,0,0,0,1,0,0,2,1,2,1,0
9,2020,2,9,5,0,1,0,1,0,0,0,0,0,0,0,0,1,1
11,2019,11,7,4,5,3,0,1,1,0,0,0,0,0,0,0,0,0
1,2019,1,3,3,6,2,2,0,1,1,0,0,0,1,0,0,1,0
4,2019,9,13,3,0,3,0,0,1,0,0,0,1,1,0,0,0,0
12,2018,11,15,7,3,6,1,1,1,0,0,0,0,0,0,0,0,0
2,2018,9,16,5,5,7,0,0,1,0,0,0,0,0,0,0,0,0
1,2018,8,18,2,0,7,0,0,0,0,1,0,0,0,0,0,1,1
1,2021,11,8,4,2,2,0,1,1,0,0,0,0,0,0,2,0,0
11,2020,7,14,6,2,6,0,0,1,0,0,0,0,0,0,1,2,0
4,2020,8,9,4,5,2,0,1,1,0,0,0,0,1,0,1,1,0
3,2019,1,12,3,5,3,0,1,1,0,0,0,0,0,0,0,1,1
4,2019,5,13,4,2,6,0,0,1,0,0,0,0,0,0,0,0,0
8,2019,6,14,5,1,5,0,0,1,0,0,0,0,0,0,0,1,0
6,2020,5,6,3,5,2,2,1,0,0,0,0,1,0,1,1,0,0
9,2020,8,15,3,5,3,0,1,1,0,0,0,0,0,0,1,1,0
8,2021,9,12,2,1,5,0,1,1,0,0,0,0,0,0,1,0,0
4,2018,3,18,6,5,3,1,0,1,0,0,0,0,0,0,0,1,0
2,2021,3,8,5,5,2,0,1,1,0,0,0,0,0,0,2,0,0
3,2019,3,19,3,5,3,2,0,1,0,0,0,0,0,0,0,0,0
5,2020,6,12,2,5,2,0,1,0,0,1,0,0,0,0,1,1,0
12,2018,6,18,7,5,3,0,0,1,0,1,0,0,0,0,0,0,0
9,2020,9,18,2,5,2,0,1,1,0,0,0,0,0,0,1,0,0
1,2021,8,17,2,6,7,0,1,0,1,0,0,0,0,0,1,1,0
7,2021,8,7,6,2,2,0,1,1,0,0,0,0,0,0,1,1,0
12,2019,8,11,6,5,3,0,0,1,0,1,0,0,0,0,0,0,1
8,2020,4,15,3,5,2,0,0,1,0,0,0,1,0,1,2,1,0
3,2019,8,16,5,0,1,0,0,0,0,1,0,0,1,0,0,0,1
7,2020,6,20,2,5,2,0,1,1,0,0,0,0,0,0,1,1,0
1,2021,7,13,3,5,3,0,0,1,0,1,0,0,0,0,1,2,1
6,2020,9,10,4,1,5,0,1,1,0,0,0,0,0,0,1,0,0
10,2020,10,18,2,4,5,1,1,1,0,0,0,0,1,1,1,1,0
7,2019,3,20,5,2,6,2,0,1,0,0,0,0,1,0,0,0,0
9,2021,10,11,2,2,6,0,0,1,0,0,0,0,1,0,1,1,0
1,2021,7,12,6,5,2,0,0,1,0,0,0,0,1,0,1,2,0
11,2021,10,13,7,3,6,0,0,1,0,1,0,0,0,0,1,1,1
1,2020,5,19,4,6,4,0,0,1,1,0,0,0,0,1,1,0,0
5,2021,4,15,6,2,6,0,0,1,0,0,0,0,0,1,2,1,0
4,2018,12,15,3,5,3,0,0,1,0,0,0,0,0,0,0,1,0
6,2020,5,12,4,5,3,0,0,1,0,0,0,0,0,1,1,0,0
2,2019,3,18,2,2,2,2,0,1,0,0,0,0,1,0,0,0,0
5,2021,3,17,6,6,7,0,0,0,1,0,0,1,0,0,2,0,0
6,2018,10,11,3,0,7,0,0,1,0,0,0,0,0,0,0,1,1
12,2020,10,11,5,0,6,0,0,0,0,1,0,1,1,1,1,1,0
4,2020,10,13,1,5,2,0,1,1,0,0,0,0,0,1,1,1,0
5,2021,8,14,4,5,3,0,0,0,0,0,1,1,0,0,1,1,1
3,2021,6,14,2,6,4,0,1,0,1,0,0,0,0,0,1,1,0
8,2020,6,14,3,5,7,0,1,1,0,0,0,0,0,0,1,1,0
8,2018,11,19,3,6,2,2,0,1,1,0,0,0,0,0,0,0,0
1,2020,12,9,6,0,6,0,1,1,0,0,0,0,0,1,2,1,0
10,2020,12,10,7,3,6,0,0,1,0,0,0,0,1,1,2,1,1
4,2020,8,12,3,0,2,0,0,1,0,1,0,0,1,0,1,1,0
6,2018,5,12,7,5,3,0,0,1,0,0,0,0,0,0,0,0,0
4,2018,9,17,7,1,5,0,1,1,0,0,0,0,0,0,0,0,0
1,2020,5,3,6,6,4,2,0,0,1,0,0,1,0,1,1,0,1
2,2020,3,0,1,0,1,2,1,0,0,0,0,0,1,1,1,0,1
12,2020,2,16,7,3,6,0,1,0,0,0,0,1,0,0,0,1,0
12,2018,12,16,4,2,6,2,0,1,0,1,0,0,1,0,0,1,1
1,2020,9,9,2,2,6,0,1,1,0,0,0,0,0,0,1,0,0
1,2021,1,19,5,2,6,2,0,1,0,0,0,0,1,1,2,0,0
4,2018,6,14,7,1,5,0,1,0,0,0,0,1,0,0,0,0,0
7,2019,8,10,5,5,3,0,1,1,0,0,0,0,0,0,0,0,0
7,2018,10,21,7,1,1,2,0,1,0,0,0,1,0,0,0,1,0
2,2019,7,17,3,1,5,0,1,1,0,0,0,0,0,0,0,2,0
4,2021,8,16,4,5,3,0,1,1,0,0,0,0,0,0,1,1,1
12,2019,12,20,4,1,1,2,0,1,0,0,0,0,2,0,0,1,0
5,2019,11,11,6,1,5,0,1,0,0,0,0,1,1,0,0,0,0
7,2021,9,23,6,5,3,2,0,1,0,1,0,0,0,0,1,0,1
1,2019,11,20,6,6,7,2,0,1,1,0,0,0,0,0,0,0,0
2,2018,10,15,2,5,5,0,1,1,0,0,0,0,0,0,0,1,0
8,2020,7,17,1,5,3,0,1,1,0,0,0,0,0,0,1,2,1
4,2020,9,20,3,6,4,1,1,0,1,0,0,0,0,0,1,0,0
9,2019,3,8,5,5,3,0,1,1,0,0,0,0,1,0,0,0,0
4,2021,9,10,4,5,3,0,1,1,0,0,1,0,0,0,1,0,0
8,2019,3,17,5,2,6,2,0,1,0,0,0,0,1,0,0,0,0
6,2018,10,14,5,5,3,0,1,1,0,0,0,0,0,0,0,1,1
10,2019,2,10,4,5,3,0,1,1,0,0,0,0,0,0,0,1,1
4,2018,8,12,4,5,2,0,1,1,0,0,0,0,0,0,0,1,0
4,2019,11,10,2,5,2,0,0,1,0,0,0,1,1,0,0,0,0
7,2021,9,15,2,0,4,0,0,0,1,1,0,0,0,0,1,0,0
1,2018,4,13,4,5,3,0,1,1,0,0,0,0,0,0,0,1,0
2,2020,9,13,4,5,2,0,0,1,0,0,0,1,0,0,1,0,0
12,2018,3,13,4,2,6,0,0,1,0,0,0,0,1,0,0,1,1
10,2021,2,14,7,6,4,0,0,1,1,0,0,0,0,1,2,1,1
1,2018,9,8,6,5,2,0,1,0,0,0,0,1,0,0,0,0,0
5,2018,4,17,3,8,1,0,0,0,0,1,0,0,0,0,0,1,0
9,2020,3,15,1,2,7,0,0,1,0,0,0,1,0,1,1,0,0
4,2018,12,5,6,9,1,2,0,1,0,0,0,0,1,0,0,1,0
1,2019,12,20,5,1,5,0,1,1,0,0,0,0,0,0,0,1,0
10,2018,7,14,6,2,6,0,0,1,0,0,0,0,0,0,0,2,0
6,2018,9,17,6,2,7,0,1,1,0,0,0,0,0,0,0,0,0
4,2019,1,18,4,5,3,2,1,1,0,0,0,0,0,0,0,1,0
8,2018,8,12,2,5,2,0,1,1,0,0,0,0,0,0,0,1,0
4,2018,3,19,6,5,7,2,1,1,0,0,0,0,0,0,0,1,0
7,2021,5,12,2,0,3,0,0,1,0,1,0,0,0,1,2,1,0
4,2020,7,7,5,2,6,0,0,1,0,0,0,0,0,0,1,2,1
4,2018,12,22,6,0,1,2,0,0,0,1,0,0,1,0,0,1,1
9,2019,5,7,3,6,4,0,1,0,1,0,0,0,0,0,0,0,0
6,2021,6,20,2,5,2,0,0,1,0,0,0,0,0,0,1,1,0
1,2021,5,18,1,5,3,0,1,1,0,0,0,0,0,1,2,1,0
4,2020,1,12,1,2,6,0,0,1,0,0,0,0,1,0,0,1,0
7,2020,2,4,6,5,3,2,0,1,0,0,0,0,2,0,0,1,1
10,2020,6,14,7,3,6,0,0,1,0,1,0,0,0,0,1,1,0
7,2018,9,11,3,5,2,0,0,1,0,0,0,0,0,0,0,0,0
6,2019,12,13,5,2,2,0,0,1,0,0,0,0,1,0,0,1,0
3,2021,7,14,7,2,6,0,0,1,0,0,0,0,0,0,1,2,0
12,2021,5,9,6,0,5,0,0,1,0,0,0,1,1,1,2,1,0
1,2021,5,0,5,6,4,2,0,0,1,0,0,1,1,1,2,1,1
6,2019,10,10,4,5,3,0,0,1,0,0,0,0,0,0,0,1,0
6,2021,1,4,6,2,6,2,0,0,0,0,0,1,1,1,2,0,0
12,2018,12,17,5,2,6,2,0,1,0,0,0,0,1,0,0,1,0
12,2019,7,12,3,6,4,0,1,0,1,0,0,0,0,0,0,2,0
4,2018,5,15,6,0,2,0,1,1,0,0,0,0,0,0,0,0,0
5,2019,9,15,5,1,5,0,1,1,0,0,0,0,0,0,0,0,0
1,2019,12,16,4,1,5,2,1,1,0,0,0,1,1,0,0,1,0
8,2020,1,17,5,6,4,2,0,1,1,0,0,0,0,0,0,1,1
4,2020,10,14,3,5,2,0,1,1,0,0,0,0,0,1,1,1,0
7,2021,2,10,7,3,6,0,0,1,0,0,0,0,0,1,2,1,0
2,2018,3,19,2,2,6,2,0,1,0,0,0,0,0,0,0,1,0
5,2021,10,8,2,1,5,0,0,0,0,0,0,1,0,0,1,1,0
3,2020,8,14,5,1,5,0,1,1,0,0,0,0,0,0,1,1,0
2,2021,9,7,4,3,6,0,1,0,0,1,0,0,0,0,1,0,0
2,2018,11,7,3,2,6,1,0,1,0,1,0,0,1,0,0,0,0
1,2019,9,17,2,6,7,0,0,1,1,0,0,0,0,0,0,0,0
6,2020,8,8,3,5,3,0,0,1,0,0,0,0,0,0,1,1,0
1,2019,8,13,2,2,6,0,0,1,0,0,0,0,0,0,0,0,0
4,2019,7,11,7,2,3,0,0,1,0,0,0,0,0,0,0,2,0
12,2018,1,8,7,2,6,0,0,1,0,0,0,0,1,0,0,0,0
4,2020,11,20,2,3,6,2,0,1,0,1,0,0,0,1,2,0,1
8,2020,4,14,4,1,5,0,1,1,0,0,0,0,0,1,2,1,0
3,2018,9,6,2,5,2,0,1,1,0,0,0,0,0,0,0,0,0
3,2020,12,13,5,5,3,0,1,1,0,0,0,0,0,1,2,1,0
9,2021,1,14,3,5,2,0,0,1,0,0,0,0,0,1,2,0,0
2,2018,11,14,5,3,6,0,0,1,0,1,0,0,0,0,0,0,0
9,2019,9,18,2,5,3,0,1,1,0,0,0,0,1,0,0,0,0
7,2021,3,14,3,5,2,0,0,1,0,0,0,1,0,0,2,0,1
1,2018,5,14,2,0,2,0,0,1,0,1,0,0,0,0,0,0,0
2,2018,5,15,2,5,3,0,0,1,0,0,0,0,0,0,0,0,0
2,2020,6,11,4,5,2,0,1,0,0,0,1,0,0,0,1,1,1
4,2021,6,23,1,3,6,2,1,1,0,0,0,0,0,0,1,1,0
3,2019,3,7,5,6,4,0,1,0,1,0,0,0,1,0,0,0,0
5,2018,9,15,6,3,6,0,0,1,0,1,0,0,0,0,0,0,1
10,2019,6,18,5,2,6,0,0,1,0,0,0,1,0,0,0,1,0
1,2020,7,22,5,6,2,2,0,1,1,0,0,0,0,0,1,2,0
3,2019,4,18,7,5,3,0,0,1,0,0,0,0,0,0,0,1,0
1,2018,11,13,1,5,3,0,0,1,0,0,0,0,1,0,0,0,0
5,2019,2,21,7,0,1,2,0,1,0,0,0,0,0,0,0,1,1
11,2018,4,12,5,1,5,0,0,1,0,0,0,0,0,0,0,1,0
9,2020,4,12,3,2,6,0,0,1,0,0,0,0,0,1,2,1,0
3,2018,12,14,3,5,2,0,0,1,0,0,0,0,1,0,0,1,0
3,2019,10,7,6,7,7,1,0,0,0,1,0,0,0,0,0,1,0
1,2020,5,17,2,6,4,0,1,0,1,0,0,0,0,1,1,0,0
12,2019,5,19,1,5,3,0,0,1,0,0,0,0,0,0,0,0,1
1,2021,10,21,4,5,3,2,0,1,0,0,0,1,0,0,1,1,0
12,2019,7,17,4,1,5,0,1,1,0,0,0,0,0,0,0,2,0
1,2020,7,10,4,6,7,0,1,0,1,0,0,0,1,0,1,2,0
7,2021,10,10,5,2,7,0,0,0,0,1,0,1,0,0,1,1,0
4,2019,3,12,3,2,6,0,0,1,0,0,0,0,1,0,0,0,0
12,2019,10,6,6,2,6,1,0,1,0,0,0,0,0,0,0,1,0
3,2021,7,5,7,0,1,1,0,1,0,0,0,0,0,0,1,2,0
1,2018,4,8,5,3,6,0,1,0,0,0,1,0,0,0,0,1,0
8,2019,3,14,2,2,6,0,0,1,0,0,0,0,1,0,0,0,0
8,2018,6,15,4,0,2,0,0,1,0,0,0,1,0,0,0,0,0
1,2020,2,11,2,2,6,0,0,1,0,0,0,0,1,0,0,1,0
4,2021,6,9,2,5,2,0,1,1,0,0,0,0,0,0,1,1,0
9,2018,6,20,2,1,5,0,1,1,0,0,0,0,0,0,0,0,0
4,2019,11,15,6,5,2,0,0,1,0,0,0,1,0,0,0,0,0
7,2021,7,8,6,5,2,0,1,0,0,0,0,1,1,0,1,2,1
2,2019,4,11,3,2,6,0,0,1,0,1,0,0,0,0,0,1,1
3,2020,8,19,3,3,6,0,1,0,0,0,0,0,0,0,1,1,0
9,2020,7,11,2,5,3,0,1,0,0,0,0,1,0,0,1,2,0
3,2020,9,10,2,5,3,0,0,1,0,0,0,0,0,0,1,0,0
6,2020,1,10,7,0,1,0,1,0,0,0,0,0,2,0,0,1,1
10,2020,12,14,1,2,6,0,0,1,0,0,0,0,0,1,2,1,0
10,2019,6,16,2,0,5,0,1,1,0,0,0,0,0,0,0,1,1
6,2019,1,15,6,0,1,0,0,0,0,1,0,0,2,0,0,1,0
1,2021,5,20,5,6,7,1,0,1,1,0,0,0,0,1,2,1,1
9,2018,5,17,4,5,3,0,1,1,0,0,0,0,0,0,0,0,1
9,2018,1,8,2,5,2,0,1,1,0,0,0,0,0,0,0,0,0
3,2019,8,8,6,0,6,0,0,0,0,1,0,0,0,0,0,0,0
4,2018,2,19,3,3,2,2,0,1,0,1,0,0,0,0,0,1,0
10,2019,7,19,4,5,3,0,0,1,0,0,0,0,0,0,0,2,0
7,2021,1,22,7,6,2,2,0,0,1,0,0,1,1,1,2,0,0
8,2021,8,20,4,5,3,1,1,1,0,0,0,0,0,0,1,1,0
7,2021,12,19,1,6,2,2,0,1,1,0,0,0,0,1,2,1,0
5,2020,4,17,5,1,5,0,0,1,0,0,0,0,0,1,2,1,1
9,2019,6,9,5,5,2,0,1,1,0,0,0,0,0,0,0,1,0
2,2020,6,17,3,0,7,0,1,0,0,0,0,0,0,0,1,1,0
1,2018,6,16,4,5,3,0,1,1,0,0,0,0,0,0,0,0,0
3,2019,3,16,6,2,6,1,0,1,0,1,0,0,1,0,0,0,0
9,2018,8,12,4,6,4,0,0,1,1,0,0,0,0,0,0,1,1
8,2019,4,7,6,3,6,0,1,1,0,0,0,0,0,0,0,1,0
11,2019,8,20,2,0,7,1,1,1,0,0,0,0,1,0,0,0,0
7,2021,4,15,4,0,7,0,1,1,0,0,0,0,0,1,2,1,0
4,2019,10,8,6,6,4,0,0,1,1,0,0,0,0,0,0,1,0
1,2018,7,14,5,0,1,0,0,0,0,1,0,0,1,0,0,2,0
7,2019,11,17,6,3,6,2,0,1,0,0,1,0,0,0,0,0,0
10,2021,10,12,5,5,3,0,1,1,0,0,0,0,0,0,1,1,0
9,2021,10,14,7,4,1,0,0,1,0,0,0,0,0,0,1,1,1
10,2018,7,16,4,5,2,0,0,1,0,0,0,1,1,0,0,2,0
9,2021,5,19,3,3,6,0,0,1,0,1,0,0,1,1,2,1,1
3,2019,5,17,5,2,6,0,0,1,0,1,0,0,1,0,0,0,0
4,2018,2,8,6,2,6,0,0,1,0,0,0,1,1,0,0,1,0
2,2020,6,12,3,2,6,0,0,1,0,1,0,0,0,0,1,1,0
12,2018,9,16,4,6,4,0,1,0,1,0,0,0,0,0,0,0,0
7,2019,6,15,4,3,2,0,0,1,0,1,0,0,0,0,0,1,0
4,2019,8,17,5,3,6,0,0,1,0,1,0,0,0,0,0,0,0
1,2020,2,9,3,6,4,0,0,0,1,0,0,1,0,0,0,1,1
12,2018,10,15,4,0,1,0,1,0,0,0,0,0,1,0,0,1,0
2,2021,7,9,3,5,2,0,0,1,0,0,0,0,0,0,1,2,1
1,2019,11,23,7,1,5,2,1,1,0,0,0,1,0,0,0,0,0
7,2018,6,16,2,5,2,0,1,0,0,0,0,0,0,0,0,0,1
6,2018,3,13,7,5,2,0,0,1,0,0,0,0,0,0,0,1,0
3,2018,4,12,2,5,2,0,1,1,0,0,0,0,0,0,0,1,0
3,2018,6,10,7,5,2,0,1,1,0,0,0,0,0,0,0,0,0
9,2021,9,17,4,0,2,0,1,1,0,0,0,0,0,0,1,0,0
4,2019,9,9,2,6,2,0,0,1,1,0,0,0,0,0,0,0,0
6,2020,4,10,6,2,6,0,0,1,0,1,0,0,0,1,2,1,0
1,2019,10,18,6,5,7,0,0,1,0,1,0,0,1,0,0,1,0
12,2018,8,18,3,5,7,0,0,1,0,1,0,0,0,0,0,1,1
12,2018,5,11,2,0,6,0,0,1,0,1,0,0,0,0,0,0,1
5,2018,8,20,7,5,7,2,1,1,0,0,0,0,0,0,0,1,1
12,2019,3,15,5,2,6,0,0,1,0,0,0,0,0,0,0,0,1
6,2021,12,17,7,2,6,1,0,1,0,0,0,0,1,1,2,1,0
5,2018,9,14,6,1,5,0,1,1,0,0,0,0,0,0,0,0,0
3,2019,12,15,3,5,3,0,1,1,0,0,0,0,1,0,0,1,0
9,2020,1,15,3,6,4,0,0,0,1,0,0,1,1,0,0,1,1
3,2020,9,8,5,5,2,0,1,0,0,0,0,0,0,0,1,0,1
6,2021,2,12,5,5,2,0,0,1,0,1,0,0,0,1,2,1,0
7,2018,8,15,3,6,7,0,0,1,1,0,0,0,0,0,0,1,0
2,2021,7,15,5,5,7,0,1,0,0,0,0,1,1,0,1,2,0
3,2021,8,10,1,0,1,0,1,1,0,0,0,0,0,0,1,1,0
3,2021,7,17,3,5,2,0,0,1,0,0,0,0,0,0,1,2,0
3,2019,5,15,2,5,2,0,1,1,0,0,0,0,0,0,0,0,1
1,2018,4,14,4,1,5,0,1,1,0,0,0,0,0,0,0,1,1
2,2019,5,23,5,2,6,2,0,1,0,0,0,0,0,0,0,0,0
3,2020,9,11,2,5,3,0,0,1,0,0,0,1,0,0,1,0,0
1,2019,9,16,2,1,5,0,0,1,0,1,0,0,1,0,0,0,1
4,2018,8,17,6,5,3,1,1,0,0,0,0,0,0,0,0,1,0
3,2021,7,8,5,0,1,0,1,0,0,0,0,0,0,0,1,2,0
4,2019,10,8,2,2,6,0,0,1,0,0,0,0,0,0,0,1,0
2,2018,6,8,2,2,3,0,0,1,0,1,0,0,0,0,0,0,0
2,2019,10,0,3,0,3,2,1,0,0,1,0,0,1,0,0,1,0
9,2019,9,8,3,2,6,0,0,1,0,0,0,0,0,0,0,0,0
7,2021,9,15,5,5,7,0,0,1,0,0,0,1,0,0,1,0,0
10,2021,11,9,2,5,7,0,0,1,0,0,0,0,1,0,2,0,0
1,2020,7,5,1,0,1,1,0,0,0,0,0,1,0,0,1,2,0
5,2018,3,14,2,5,3,0,0,1,0,0,0,0,0,0,0,1,0
6,2021,12,12,5,5,3,0,0,1,0,0,0,0,1,1,2,1,0
7,2018,1,19,2,6,4,2,0,0,1,0,0,1,1,0,0,0,0
12,2019,6,15,7,5,2,0,0,1,0,0,0,0,0,0,0,1,0
1,2019,3,16,3,5,2,0,0,1,0,0,0,0,0,0,0,0,0
3,2021,6,14,6,2,6,0,0,1,0,0,0,0,0,0,1,1,0
12,2019,11,7,4,5,3,0,0,1,0,0,0,0,0,0,0,0,0
7,2018,6,20,6,1,5,0,1,1,0,0,0,0,0,0,0,0,0
3,2021,3,13,2,5,3,0,0,1,0,0,0,0,0,0,2,0,1
9,2019,12,7,3,5,2,1,0,1,0,1,0,0,1,0,0,1,0
12,2019,7,10,3,2,6,0,0,1,0,0,0,0,0,0,0,2,0
1,2018,12,11,2,3,6,0,1,1,0,0,0,0,0,0,0,1,0
1,2018,3,18,3,2,6,1,0,1,0,0,0,0,0,0,0,1,0
3,2019,11,15,5,5,2,1,1,0,0,0,0,1,0,0,0,0,0
1,2019,7,9,6,0,7,0,0,1,0,1,0,0,1,0,0,2,0
8,2021,10,12,5,2,6,0,0,1,0,0,0,0,0,0,1,1,0
4,2018,2,13,5,2,2,0,1,1,0,0,0,0,0,0,0,1,0
1,2019,2,14,2,5,5,0,0,1,0,1,0,0,0,0,0,1,0
1,2020,2,10,3,5,2,0,0,1,0,0,1,0,0,0,0,1,0
1,2019,4,10,5,6,4,0,0,1,1,0,0,0,0,0,0,1,0
1,2018,8,16,3,0,2,0,0,0,1,1,0,0,0,0,0,1,0
10,2019,5,18,7,1,5,0,0,1,0,1,0,0,0,0,0,0,1
5,2018,8,19,1,0,1,0,0,0,0,1,0,0,0,0,0,1,0
3,2018,9,17,4,1,5,0,1,1,0,0,0,0,0,0,0,0,0
3,2019,6,12,2,2,2,0,0,1,0,0,0,0,0,0,0,1,0
3,2021,8,14,3,5,2,0,1,0,0,0,0,1,0,0,1,1,1
4,2018,5,18,2,5,2,1,1,1,0,0,0,0,0,0,0,0,0
12,2019,10,12,3,6,4,0,0,0,1,0,0,1,0,0,0,1,0
1,2021,6,18,5,1,5,0,1,1,0,0,0,0,0,0,1,1,0
1,2019,8,15,4,5,2,0,1,1,0,0,0,0,0,0,0,0,0
7,2018,6,13,6,6,4,0,0,0,1,0,0,1,0,0,0,0,0
6,2018,11,20,4,5,3,1,0,1,0,0,0,0,0,0,0,0,0
2,2019,5,12,6,5,2,0,1,1,0,0,0,0,0,0,0,0,0
2,2018,11,15,3,5,2,0,0,1,0,0,0,0,1,0,0,0,0
5,2018,2,16,4,5,7,0,0,1,0,0,0,0,0,0,0,1,0
2,2019,12,10,3,1,5,0,0,1,0,0,0,0,1,0,0,1,0
2,2018,12,18,3,5,3,2,1,1,0,0,0,0,1,0,0,1,0
1,2021,6,2,6,9,1,2,0,0,0,1,0,0,0,0,1,1,0
3,2021,4,0,7,5,3,2,0,1,0,0,0,0,0,1,2,1,0
6,2019,5,17,5,5,3,0,0,1,0,0,0,0,0,0,0,0,0
1,2020,3,11,7,5,2,0,0,1,0,0,0,0,0,1,1,0,0
1,2020,5,14,2,5,3,0,1,1,0,0,0,0,1,1,1,0,0