BEZ,UJAHR,UMONAT,USTUNDE,UWOCHENTAG,UART,UTYP1,ULICHTVERH,IstRad,IstPKW,IstFuss,IstKrad,IstGkfz,IstSonstige,USTRZUSTAND,LOCKDOWN,COVID,FERIEN,UKATEGORIE
12,2021,5,17,6,2,6,0,0,1,0,1,0,0,0,1,2,1,0
4,2018,3,16,3,5,2,0,0,1,0,0,0,0,0,0,0,1,0
1,2021,7,20,1,1,5,1,0,1,0,0,0,1,0,0,1,2,0
3,2019,4,19,1,2,6,0,0,1,0,0,0,0,0,0,0,1,0
2,2018,9,11,3,5,2,0,1,1,0,0,0,0,0,0,0,0,0
1,2018,8,17,6,2,2,0,0,1,0,0,0,1,0,0,0,1,0
7,2019,11,19,1,0,7,2,0,0,1,0,0,1,0,0,0,0,1
4,2021,8,18,5,5,2,0,0,1,0,0,0,1,0,0,1,1,0
2,2021,3,16,3,1,5,0,1,0,0,0,0,1,0,0,2,0,1
8,2018,8,17,6,5,2,0,0,1,0,1,0,0,0,0,0,1,0
1,2019,5,12,6,2,6,0,0,1,0,0,0,0,0,0,0,0,0
6,2018,1,14,5,1,5,0,0,1,0,0,0,0,1,0,0,0,0
1,2019,7,18,3,5,2,0,1,1,0,0,0,0,0,0,0,2,0
2,2020,4,14,2,3,5,0,0,1,0,1,0,0,0,1,2,1,0
7,2019,10,13,7,5,3,0,1,1,0,0,0,0,0,0,0,1,0
3,2019,3,18,1,0,6,2,0,1,0,1,0,0,1,0,0,0,0
1,2020,9,8,5,3,2,0,1,0,0,1,0,0,0,0,1,0,0
7,2018,8,16,7,5,3,0,1,1,0,0,0,0,1,0,0,1,1
4,2018,12,12,6,5,3,0,0,1,0,0,0,0,1,0,0,1,0
7,2018,11,14,7,5,3,0,1,0,0,0,0,1,0,0,0,0,0
12,2018,2,14,5,2,2,0,0,1,0,0,0,0,0,0,0,1,0
7,2021,9,14,3,2,6,0,0,1,0,0,0,0,0,0,1,0,0
3,2019,7,19,2,4,2,0,1,1,0,0,0,0,0,0,0,2,0
6,2020,2,8,6,2,2,0,0,1,0,0,0,0,1,0,0,1,0
7,2021,7,15,6,5,3,0,1,1,0,0,0,0,0,0,1,2,1
12,2020,2,17,2,2,6,2,0,1,0,0,0,0,1,0,0,1,0
12,2021,8,13,2,6,2,0,0,0,1,0,0,1,0,0,1,1,0
11,2021,3,4,2,6,2,2,0,1,1,0,0,0,0,0,2,0,0
8,2019,8,17,7,1,5,0,1,0,0,0,0,1,0,0,0,0,0
3,2019,1,18,7,4,6,2,0,1,0,0,0,0,1,0,0,1,0
5,2018,5,23,6,1,1,2,0,1,0,0,0,1,0,0,0,0,0
8,2019,7,19,4,5,3,0,0,1,0,0,0,0,0,0,0,2,0
11,2020,5,17,4,2,6,0,0,1,0,1,0,0,0,1,1,0,0
4,2020,8,19,5,5,2,0,1,1,0,0,0,0,0,0,1,1,0
2,2018,3,9,7,5,3,0,0,1,0,0,1,0,1,0,0,1,0
4,2020,10,11,7,5,2,0,1,1,0,0,0,0,0,1,1,1,0
12,2020,3,12,4,3,6,0,0,1,0,1,0,0,0,1,1,0,1
8,2019,10,13,6,5,3,0,0,1,0,1,0,0,0,0,0,1,0
1,2020,9,16,4,0,2,0,1,1,0,0,0,0,0,0,1,0,0
6,2018,4,9,6,8,1,0,0,0,0,1,0,0,0,0,0,1,0
6,2021,5,1,4,0,1,2,0,1,0,0,0,0,0,1,2,1,0
9,2020,6,12,2,2,6,0,0,1,0,0,0,1,0,0,1,1,0
8,2018,6,17,6,0,4,0,0,1,1,1,0,0,0,0,0,0,0
7,2020,12,15,1,5,2,1,0,1,0,0,0,0,0,1,2,1,0
12,2021,10,8,4,2,6,0,0,1,0,0,0,0,0,0,1,1,0
11,2021,7,15,5,4,6,0,0,1,0,0,0,1,0,0,1,2,0
10,2018,10,11,7,1,5,0,1,1,0,0,0,0,0,0,0,1,1
12,2018,4,11,5,6,4,0,0,1,1,0,0,0,0,0,0,1,1
1,2020,9,17,4,3,6,0,1,1,0,0,0,0,0,0,1,0,0
3,2020,2,16,1,5,2,1,0,1,0,1,0,0,1,0,0,1,0
6,2018,3,14,2,5,2,0,1,1,0,0,0,0,0,0,0,1,0
1,2019,10,17,3,0,1,1,0,1,0,0,0,1,1,0,0,1,0
8,2021,10,18,6,2,7,1,0,1,0,0,0,1,0,0,1,1,0
2,2018,6,19,5,5,7,0,0,1,0,1,0,0,0,0,0,0,1
4,2021,10,21,7,0,3,0,0,1,0,0,0,1,0,0,1,1,0
2,2020,11,9,5,5,3,0,1,1,0,0,0,0,0,1,2,0,0
2,2019,5,16,3,0,1,0,1,0,0,0,0,0,0,0,0,0,1
8,2020,6,14,2,5,2,0,0,1,0,0,0,0,0,0,1,1,0
4,2018,3,8,5,2,6,0,0,1,0,0,0,0,0,0,0,1,0
1,2018,6,8,6,1,5,0,1,1,0,0,0,0,0,0,0,0,0
4,2018,4,9,6,0,2,0,1,0,0,0,0,1,1,0,0,1,0
7,2019,9,0,7,1,3,2,1,1,0,0,0,0,0,0,0,0,0
7,2018,2,23,5,2,6,2,0,1,0,0,0,0,1,0,0,1,0
6,2018,10,10,6,5,3,0,0,1,0,0,0,0,0,0,0,1,0
2,2019,6,17,5,5,2,0,1,0,0,0,0,1,0,0,0,1,0
7,2019,1,17,7,5,2,2,1,0,0,0,0,1,0,0,0,1,0
7,2020,5,10,5,6,7,0,0,0,1,0,1,0,0,1,1,0,0
7,2018,1,16,5,5,2,1,0,1,0,0,1,0,1,0,0,0,0
4,2020,9,14,7,5,2,0,1,1,0,0,0,0,0,0,1,0,0
1,2020,2,14,4,1,5,0,1,0,0,0,0,1,1,0,0,1,0
2,2020,8,20,1,1,5,1,1,1,0,0,0,0,1,0,1,1,0
9,2021,5,16,1,0,1,0,1,0,0,0,0,0,0,1,2,1,0
3,2018,6,17,3,3,7,0,1,0,0,0,0,0,0,0,0,0,0
3,2020,1,18,2,0,1,2,0,0,0,1,0,0,1,0,0,1,0
12,2020,9,14,4,5,3,0,1,0,0,0,0,0,0,0,1,0,0
9,2018,9,16,4,2,6,0,0,1,0,1,0,0,0,0,0,0,0
7,2021,6,10,3,6,4,0,0,1,1,0,0,0,0,0,1,1,1
4,2021,11,18,2,2,6,2,0,1,0,0,0,0,0,0,2,0,0
8,2021,7,9,2,5,3,0,0,1,0,0,0,0,0,0,1,2,0
9,2021,1,15,6,2,6,0,0,1,0,0,0,0,1,1,2,0,0
9,2021,5,17,1,5,2,0,1,1,0,0,0,0,0,1,2,1,0
10,2020,6,8,4,5,2,0,0,1,0,0,0,0,0,0,1,1,0
9,2021,5,18,6,1,5,0,1,1,0,0,0,0,1,1,2,1,0
8,2020,3,11,6,2,7,0,0,1,0,0,0,0,1,1,1,0,0
1,2018,11,9,5,5,2,0,1,1,0,0,0,0,0,0,0,0,0
6,2019,5,11,7,5,3,0,0,1,0,0,0,0,0,0,0,0,0
11,2019,4,15,2,5,3,0,1,1,0,0,0,0,0,0,0,1,0
6,2018,5,10,6,1,5,0,0,1,0,0,0,0,0,0,0,0,0
4,2021,9,7,3,5,2,0,0,1,0,1,0,0,0,0,1,0,0
5,2018,8,19,5,5,2,0,0,1,0,0,0,0,0,0,0,1,0
6,2018,6,16,4,2,6,0,0,1,0,0,0,0,0,0,0,0,0
8,2018,12,17,5,5,3,1,0,1,0,0,0,1,0,0,0,1,0
1,2021,4,16,1,0,7,0,0,0,0,1,0,0,0,1,2,1,0
9,2020,2,6,6,1,5,2,0,1,0,0,0,1,0,0,0,1,0
4,2021,6,14,6,5,3,0,1,1,0,0,0,0,0,0,1,1,0
11,2021,6,20,2,5,3,0,0,1,0,0,0,0,0,0,1,1,0
1,2019,6,17,6,3,6,0,0,1,0,1,0,0,0,0,0,1,1
9,2020,10,19,2,0,4,2,0,0,1,1,0,0,1,1,1,1,0
7,2021,3,16,3,2,6,0,0,1,0,0,1,0,0,0,2,0,0
10,2021,7,4,4,1,5,1,0,1,0,0,0,0,1,0,1,2,0
4,2020,10,15,3,1,7,0,0,1,0,0,0,0,0,1,1,1,0
6,2021,9,21,7,2,6,2,0,1,0,0,0,0,0,0,1,0,0
12,2019,7,19,5,1,1,0,1,1,0,0,0,0,0,0,0,2,0
4,2019,7,19,1,0,1,0,1,0,0,0,0,0,0,0,0,2,0
7,2021,5,11,2,5,2,0,1,0,0,0,0,1,0,1,2,1,0
8,2020,8,17,3,1,5,0,1,1,0,0,0,0,0,0,1,1,0
7,2019,4,17,5,0,7,0,1,0,0,0,0,0,0,0,0,1,1
6,2020,6,8,3,2,7,0,1,0,0,0,0,1,0,0,1,1,0
9,2021,10,12,6,5,2,0,1,1,0,0,0,0,0,0,1,1,0
2,2019,8,14,7,2,6,0,0,1,0,0,0,1,0,0,0,0,0
9,2019,8,13,5,5,7,0,0,1,0,0,0,1,0,0,0,0,0
4,2018,8,19,5,5,2,2,1,1,0,0,0,0,1,0,0,1,0
2,2018,11,14,1,5,3,0,1,1,0,0,0,0,0,0,0,0,1
3,2018,5,10,2,5,3,0,0,1,0,0,0,0,0,0,0,0,0
8,2021,4,11,3,5,3,0,0,1,0,0,0,0,0,1,2,1,0
5,2021,8,15,3,2,6,0,0,1,0,1,0,0,0,0,1,1,0
12,2019,2,7,3,6,4,0,1,0,1,0,0,0,0,0,0,1,0
1,2020,7,15,3,5,3,0,1,0,0,0,0,1,0,0,1,2,1
3,2020,1,23,7,5,2,2,0,1,0,0,0,1,0,0,0,1,0
1,2020,5,9,2,2,6,0,1,0,0,0,0,0,0,1,1,0,0
2,2019,5,17,4,0,1,0,1,0,0,0,0,0,0,0,0,0,0
6,2020,10,12,5,1,7,0,0,1,0,0,0,0,1,1,1,1,0
2,2021,5,18,7,5,7,0,0,1,0,1,0,0,1,1,2,1,0
1,2020,10,6,6,0,1,1,1,0,0,0,0,0,0,1,1,1,1
3,2020,11,12,2,5,3,0,1,1,0,0,0,0,0,1,2,0,0
10,2021,9,20,1,5,2,2,0,1,0,0,0,0,0,0,1,0,0
4,2018,6,15,5,2,3,0,0,1,0,1,0,0,1,0,0,0,0
11,2018,6,19,4,5,2,0,0,1,0,1,0,0,0,0,0,0,0
6,2019,1,17,7,6,4,2,0,1,1,0,0,0,2,0,0,1,0
1,2020,10,14,4,2,6,0,0,1,0,1,0,0,1,1,1,1,1
3,2021,5,16,7,3,6,0,1,0,0,0,0,1,0,1,2,1,0
12,2018,6,18,7,2,6,0,0,1,0,0,1,0,0,0,0,0,0
7,2019,5,10,3,5,3,0,1,1,0,0,0,0,0,0,0,0,0
12,2018,8,16,2,2,6,0,0,1,0,0,0,0,0,0,0,1,0
9,2019,6,12,5,5,3,0,0,1,0,1,0,0,0,0,0,1,1
3,2020,10,15,4,2,6,0,1,0,0,0,0,0,1,1,1,1,0
1,2018,7,8,4,1,5,0,1,1,0,0,0,0,0,0,0,2,0
8,2018,7,18,6,2,6,0,0,1,0,0,0,0,0,0,0,2,0
1,2019,8,7,2,6,2,0,1,0,1,0,0,0,0,0,0,0,0
9,2020,7,14,2,5,2,0,1,1,0,0,0,0,0,0,1,2,0
12,2019,5,10,2,1,7,0,1,1,0,0,0,0,0,0,0,0,0
2,2018,5,11,4,5,3,0,0,1,0,1,0,0,0,0,0,0,0
3,2019,10,14,4,5,2,0,0,1,0,0,0,0,0,0,0,1,0
9,2018,7,8,6,0,2,0,1,1,0,0,0,0,0,0,0,2,0
3,2018,5,11,2,4,6,0,0,1,0,0,0,0,0,0,0,0,0
2,2019,9,10,5,3,6,0,0,1,0,0,1,0,0,0,0,0,0
5,2021,2,11,7,4,6,0,0,1,0,0,0,1,2,1,2,1,0
1,2021,8,4,1,1,5,2,0,1,0,0,0,1,0,0,1,1,0
2,2018,11,17,7,2,6,2,0,1,0,0,0,0,0,0,0,0,0
5,2020,2,18,4,6,2,2,0,1,1,0,0,0,1,0,0,1,0
8,2021,10,15,2,3,6,0,0,1,0,0,0,0,0,0,1,1,0
9,2020,4,17,1,3,6,0,1,1,0,0,0,0,0,1,2,1,0
1,2020,3,19,4,0,6,2,1,1,0,0,0,0,0,1,1,0,0
2,2019,6,12,7,5,2,0,1,1,0,0,0,0,0,0,0,1,1
1,2019,7,15,7,2,6,0,0,1,0,1,0,0,1,0,0,2,0
5,2021,9,11,4,5,2,0,0,1,0,0,0,0,1,0,1,0,0
4,2020,8,15,5,2,6,0,1,1,0,0,0,0,0,0,1,1,0
10,2020,4,19,3,2,6,0,0,1,0,1,0,0,0,1,2,1,0
9,2020,8,19,5,5,3,0,1,1,0,0,0,0,0,0,1,1,0
2,2021,9,12,3,6,2,0,0,1,1,0,0,0,0,0,1,0,0
5,2020,6,22,5,1,5,2,0,1,0,0,0,0,1,0,1,1,0
1,2018,3,3,7,8,1,2,0,1,0,0,0,0,0,0,0,1,1
1,2018,2,19,6,5,2,2,1,1,0,0,0,0,1,0,0,1,0
7,2021,4,18,4,1,5,0,1,1,0,0,0,0,0,1,2,1,0
1,2018,5,17,2,5,3,0,1,1,0,0,0,0,0,0,0,0,0
3,2020,9,8,4,5,3,0,1,1,0,0,0,0,0,0,1,0,0
4,2018,2,14,2,5,3,0,0,1,0,0,0,0,0,0,0,1,1
7,2021,3,16,1,2,2,0,0,1,0,0,0,0,0,0,2,0,0
12,2019,8,14,6,5,2,0,1,0,0,0,0,1,0,0,0,0,0
2,2019,7,19,4,5,3,0,1,1,0,0,0,0,0,0,0,2,1
8,2020,10,14,7,1,5,0,1,1,0,0,0,0,1,1,1,1,0
7,2019,2,18,1,2,6,2,0,1,0,0,0,0,0,0,0,1,0
4,2020,10,13,5,0,6,0,1,1,0,0,0,0,0,1,1,1,0
1,2019,5,11,1,2,6,0,0,1,0,0,0,0,0,0,0,0,0
3,2018,4,12,1,5,3,0,1,1,0,0,0,0,0,0,0,1,0
1,2021,12,8,5,6,2,0,0,1,1,0,0,0,1,1,2,1,0
4,2021,5,9,7,5,2,0,0,1,0,1,0,0,0,1,2,1,0
1,2020,7,16,2,6,4,0,1,0,1,0,0,0,0,0,1,2,0
2,2018,12,1,7,8,1,2,1,0,0,0,0,0,0,0,0,1,0
7,2020,8,11,4,1,5,0,1,1,0,0,0,0,0,0,1,1,0
1,2019,11,16,5,5,2,2,1,1,0,0,0,0,1,0,0,0,0
10,2019,6,13,4,5,3,0,0,1,0,0,0,0,0,0,0,1,0
4,2019,3,11,3,5,2,0,1,1,0,0,0,0,0,0,0,0,0
5,2019,10,12,7,6,4,0,0,1,1,0,0,0,0,0,0,1,0
3,2018,9,17,3,5,2,0,1,1,0,0,0,0,0,0,0,0,0
5,2018,9,13,2,1,5,0,1,1,0,0,0,0,0,0,0,0,1
1,2019,8,18,3,5,3,0,1,1,0,0,0,0,0,0,0,0,0
7,2021,9,18,2,2,6,0,0,1,0,0,0,0,0,0,1,0,0
10,2021,12,5,5,3,6,2,0,1,0,0,0,1,0,1,2,1,0
12,2020,3,20,7,2,6,2,0,1,0,0,0,0,0,1,1,0,0
10,2019,9,11,3,0,7,0,0,1,0,0,0,0,0,0,0,0,0
1,2018,4,16,4,2,6,0,0,1,0,0,0,0,0,0,0,1,0
2,2020,6,16,2,5,3,0,1,1,0,0,0,0,0,0,1,1,0
4,2018,1,14,4,2,6,0,0,1,0,0,0,0,1,0,0,0,1
10,2019,8,15,7,0,7,0,1,0,0,0,0,0,0,0,0,0,0
7,2019,11,16,7,0,3,1,1,1,0,0,0,0,0,0,0,0,0
10,2019,11,17,4,5,3,2,0,1,0,0,1,0,1,0,0,0,0
4,2021,11,13,2,5,2,0,1,1,0,0,0,0,1,0,2,0,0
1,2018,12,18,2,2,6,2,0,1,0,1,0,0,0,0,0,1,0
9,2020,11,18,3,5,3,2,0,1,0,0,0,0,0,1,2,0,0
6,2021,12,16,6,6,7,2,0,1,1,0,0,0,1,1,2,1,0
1,2019,2,13,5,5,3,0,0,1,0,0,0,0,0,0,0,1,0
6,2019,11,9,2,2,2,0,0,1,0,0,0,0,1,0,0,0,0
2,2021,6,14,7,6,4,0,1,0,1,0,0,0,0,0,1,1,0
2,2021,11,9,2,6,4,0,0,1,1,1,0,0,0,0,2,0,1
4,2020,10,16,4,3,6,0,0,1,0,1,0,0,1,1,1,1,1
1,2018,6,19,3,5,2,0,1,1,0,0,0,0,0,0,0,0,0
10,2018,5,18,2,1,5,0,0,0,0,0,1,1,0,0,0,0,0
7,2021,10,21,3,0,7,2,1,0,0,0,0,0,1,0,1,1,0
4,2021,8,2,4,0,7,2,1,0,0,0,0,0,0,0,1,1,1
4,2021,9,15,4,3,6,0,0,1,0,1,0,0,0,0,1,0,0
11,2018,2,16,1,6,4,1,0,1,1,0,0,0,0,0,0,1,1
3,2019,8,10,2,0,3,0,1,0,0,0,0,1,0,0,0,0,0
1,2019,7,7,2,5,3,0,0,1,0,0,1,0,0,0,0,2,0
5,2019,3,20,4,6,2,2,0,1,1,0,0,0,0,0,0,0,1
8,2019,9,12,6,5,2,0,0,1,0,1,0,0,0,0,0,0,0
4,2018,11,19,5,2,6,2,0,1,0,1,0,0,0,0,0,0,0
7,2019,1,7,2,2,6,2,0,1,0,0,0,0,1,0,0,1,0
1,2019,1,16,3,5,3,1,1,1,0,0,0,0,1,0,0,1,0
2,2019,5,8,4,0,6,0,1,1,0,0,0,0,0,0,0,0,0
3,2018,8,13,4,5,2,0,0,1,0,0,0,1,0,0,0,1,0
1,2021,9,21,7,2,6,2,0,1,0,0,0,0,0,0,1,0,0
3,2018,4,19,2,5,2,0,1,1,0,0,0,0,0,0,0,1,0
3,2020,7,18,7,2,7,0,0,1,0,0,0,0,1,0,1,2,1
4,2018,4,14,1,2,6,0,0,1,0,0,0,0,0,0,0,1,0
9,2019,12,22,6,6,2,2,0,1,1,0,0,0,1,0,0,1,0
2,2020,12,22,5,0,7,2,1,0,0,0,0,0,0,1,2,1,1
6,2019,8,11,2,5,3,0,0,1,0,0,0,0,0,0,0,0,0
7,2020,2,17,3,3,6,2,0,1,0,0,0,0,0,0,0,1,0
1,2018,9,12,6,2,6,0,1,0,0,0,0,0,0,0,0,0,0
4,2019,8,7,6,0,7,0,0,1,0,1,0,0,0,0,0,0,0
5,2021,10,16,3,5,2,0,1,1,0,0,0,0,0,0,1,1,1
10,2019,6,10,4,0,2,0,0,1,0,0,0,1,0,0,0,1,0
9,2021,12,18,4,6,4,2,0,0,1,0,0,1,0,1,2,1,0
3,2019,11,17,6,1,5,2,1,1,0,0,0,0,0,0,0,0,0
11,2021,6,13,4,5,3,0,0,1,0,0,0,1,0,0,1,1,1
8,2020,7,20,3,6,4,0,1,0,1,0,0,0,0,0,1,2,0
1,2018,5,16,2,5,2,0,1,1,0,0,0,0,0,0,0,0,0
4,2018,6,12,6,5,7,0,0,0,0,1,0,1,0,0,0,0,0
12,2020,9,7,4,7,7,0,1,0,0,0,0,0,0,0,1,0,0
1,2018,12,6,4,6,2,2,0,1,1,0,0,0,1,0,0,1,0
5,2020,6,13,7,2,6,0,0,1,0,0,0,0,0,0,1,1,0
5,2020,9,20,1,6,2,1,0,1,1,0,0,0,0,0,1,0,0
1,2018,5,12,1,1,5,0,1,1,0,0,0,1,0,0,0,0,0
9,2018,3,17,3,5,2,1,1,1,0,0,0,0,1,0,0,1,0
8,2018,5,16,3,5,3,0,1,1,0,0,0,0,0,0,0,0,1
1,2021,8,16,2,5,2,0,1,0,0,0,0,1,0,0,1,1,0
8,2019,11,15,3,3,6,1,1,0,0,0,0,1,0,0,0,0,0
2,2021,9,12,7,2,6,0,0,1,0,1,0,0,0,0,1,0,0
2,2019,2,15,5,3,6,0,1,1,0,0,0,0,0,0,0,1,0
8,2021,8,18,2,5,2,0,1,1,0,0,0,0,0,0,1,1,0
12,2021,8,14,3,5,3,0,1,1,0,0,0,0,0,0,1,1,0
11,2020,3,12,4,1,5,0,1,1,0,0,0,0,0,1,1,0,0
3,2020,2,13,4,0,1,0,1,0,0,0,0,0,1,0,0,1,0
8,2018,11,17,1,6,4,1,0,1,1,0,0,0,0,0,0,0,1
11,2019,10,9,3,6,2,0,0,1,1,0,0,0,0,0,0,1,0
5,2020,12,12,6,5,2,0,0,1,0,0,0,0,0,1,2,1,0
8,2021,9,9,5,7,7,0,0,0,0,0,0,1,0,0,1,0,0
10,2020,10,9,6,0,3,0,0,0,0,0,0,1,0,1,1,1,1
10,2020,10,9,2,5,3,0,0,1,0,0,0,0,1,1,1,1,0
1,2019,4,11,7,2,6,0,0,1,0,0,0,0,0,0,0,1,0
3,2018,7,6,6,5,3,0,1,1,0,0,0,0,0,0,0,2,0
8,2020,5,22,7,5,3,2,0,1,0,0,0,1,1,1,1,0,1
4,2021,8,14,7,2,6,0,0,1,0,0,0,0,0,0,1,1,0
3,2020,9,9,6,5,3,0,0,1,0,1,0,0,1,0,1,0,0
2,2019,2,7,2,0,2,0,1,1,0,0,0,0,0,0,0,1,0
9,2019,10,21,3,5,2,2,0,1,0,0,0,0,1,0,0,1,0
5,2018,2,6,5,2,6,2,0,1,0,0,0,1,0,0,0,1,0
11,2021,10,4,4,5,2,2,0,1,0,1,0,0,0,0,1,1,1
3,2020,12,17,7,2,6,1,0,1,0,0,0,0,0,1,2,1,0
1,2019,5,16,7,1,5,0,0,1,0,0,0,0,0,0,0,0,0
10,2020,5,16,5,5,2,0,1,1,0,0,0,0,0,1,1,0,0
6,2019,5,16,5,1,6,0,1,1,0,0,0,0,0,0,0,0,0
2,2019,8,4,4,5,3,2,0,1,0,0,0,0,1,0,0,0,0
2,2019,3,2,7,5,2,2,0,1,0,0,0,0,0,0,0,0,0
3,2018,10,14,2,0,1,0,1,0,0,0,0,0,0,0,0,1,0
4,2021,9,10,3,1,5,0,1,1,0,0,0,0,0,0,1,0,0
9,2018,6,18,4,4,6,0,1,0,0,0,0,0,0,0,0,0,1
12,2018,1,19,6,6,4,2,0,0,1,1,0,0,0,0,0,0,1
10,2019,1,17,7,2,6,2,0,1,0,0,0,0,1,0,0,1,0
9,2020,8,10,2,2,2,0,0,1,0,0,0,0,0,0,1,1,0
7,2020,10,16,2,4,2,0,0,1,0,0,0,0,1,1,1,1,0
1,2018,8,8,2,5,7,0,1,1,0,0,0,0,0,0,0,1,0
6,2021,12,7,5,6,2,2,0,1,1,0,0,0,0,1,2,1,0
1,2019,5,19,3,0,3,0,0,1,0,1,0,0,0,0,0,0,0
12,2020,6,19,7,1,5,0,1,1,0,0,0,0,0,0,1,1,0
12,2020,8,15,4,6,4,0,1,0,1,0,0,0,0,0,1,1,0
1,2019,12,1,1,0,1,2,0,0,0,0,0,1,0,0,0,1,1
8,2020,10,16,6,2,6,0,1,1,0,0,0,0,0,1,1,1,0
2,2020,7,9,4,6,7,0,1,0,1,0,0,0,0,0,1,2,0
2,2019,8,12,5,1,5,0,1,0,0,0,1,0,0,0,0,0,0
3,2019,8,19,2,6,4,0,1,0,1,0,0,0,0,0,0,0,0
8,2020,2,19,5,6,4,2,0,1,1,0,0,0,0,0,0,1,1
12,2019,9,15,5,2,2,0,0,1,0,1,0,0,0,0,0,0,0
12,2021,8,8,5,3,6,0,0,1,0,0,0,0,0,0,1,1,1
4,2021,7,15,2,3,6,0,0,1,0,1,0,0,0,0,1,2,0
2,2018,2,10,2,6,2,0,0,0,1,0,1,0,0,0,0,1,1
7,2021,7,19,7,5,2,0,0,1,0,1,0,0,0,0,1,2,0
2,2019,6,13,6,5,2,0,1,1,0,0,0,0,0,0,0,1,0
5,2018,5,15,3,5,2,0,1,1,0,0,0,0,0,0,0,0,1
5,2019,8,18,2,3,2,0,0,1,0,0,1,0,0,0,0,0,0
3,2020,6,5,2,6,4,0,0,1,1,0,0,0,0,0,1,1,0
2,2019,11,8,3,2,6,0,0,1,0,0,0,0,0,0,0,0,0
6,2020,12,18,6,3,6,2,0,1,0,0,0,0,0,1,2,1,0
4,2018,4,22,7,2,6,2,1,1,0,0,0,0,0,0,0,1,0
7,2019,1,18,3,2,6,2,0,1,0,0,0,0,1,0,0,1,0
1,2021,7,15,5,0,1,0,0,0,0,0,0,1,0,0,1,2,0
7,2020,2,17,7,5,3,2,0,1,0,1,0,0,0,0,0,1,0
2,2018,12,12,3,5,2,0,1,1,0,0,0,0,0,0,0,1,0
1,2018,9,15,4,5,5,0,0,1,0,1,0,0,0,0,0,0,1
10,2021,5,13,1,5,2,0,1,1,0,0,0,0,0,1,2,1,0
7,2019,9,8,2,2,6,0,0,1,0,1,0,0,0,0,0,0,0
11,2019,1,23,7,6,4,2,0,1,1,0,0,0,1,0,0,1,0
9,2018,10,15,3,5,2,0,1,1,0,0,0,0,0,0,0,1,0
9,2018,1,8,3,2,6,0,0,1,0,0,0,0,0,0,0,0,0
4,2019,1,14,4,5,7,0,0,1,0,0,0,1,1,0,0,1,0
10,2018,2,17,6,2,2,2,0,1,0,0,0,0,0,0,0,1,0
9,2021,7,17,6,5,3,0,0,1,0,0,0,1,0,0,1,2,0
11,2021,9,16,5,2,6,0,1,1,0,0,0,0,0,0,1,0,0
1,2018,7,19,2,5,3,0,1,1,0,0,0,0,0,0,0,2,0
9,2019,7,17,1,5,3,0,0,1,0,1,0,0,0,0,0,2,1
1,2018,8,11,4,5,3,0,1,1,0,0,0,0,0,0,0,1,0
1,2020,10,8,6,0,1,0,1,0,0,0,0,0,0,1,1,1,0
3,2018,3,13,6,6,4,0,0,1,1,0,0,0,0,0,0,1,0
3,2018,10,17,4,0,1,0,1,0,0,0,0,0,0,0,0,1,0
3,2018,1,16,7,5,2,2,0,1,0,0,0,0,0,0,0,0,1
6,2021,10,12,6,6,6,0,0,1,1,0,0,0,0,0,1,1,0
9,2018,6,17,2,1,5,1,1,1,0,0,0,1,0,0,0,0,0
7,2018,4,15,6,5,2,0,0,1,0,0,0,0,0,0,0,1,1
5,2019,3,6,3,0,6,0,0,0,0,1,0,1,1,0,0,0,0
4,2021,5,14,4,2,6,0,0,1,0,0,0,1,0,1,2,1,0
1,2020,9,15,4,2,6,0,0,1,0,0,0,0,0,0,1,0,0
2,2019,2,19,4,1,5,2,1,1,0,0,0,0,0,0,0,1,0
9,2019,10,20,3,1,1,2,1,1,0,0,0,0,1,0,0,1,0
4,2018,8,12,2,2,6,0,0,1,0,1,0,0,0,0,0,1,0
2,2021,6,12,4,0,7,0,0,1,1,0,0,0,0,0,1,1,0
2,2018,8,15,3,1,5,0,1,1,0,0,0,0,0,0,0,1,0
12,2018,10,22,4,5,3,2,0,1,0,0,0,0,0,0,0,1,0
10,2018,10,11,2,0,1,0,0,0,0,1,0,0,1,0,0,1,0
4,2020,9,10,5,1,5,0,1,1,0,0,0,0,0,0,1,0,0
8,2018,7,19,1,6,4,0,1,0,1,0,0,0,0,0,0,2,0
6,2021,10,17,3,1,1,0,0,1,0,0,0,1,1,0,1,1,0
4,2020,9,21,6,8,1,2,0,0,0,1,0,0,0,0,1,0,1
9,2019,6,13,3,5,2,0,0,0,0,1,0,1,0,0,0,1,0
5,2019,11,15,3,0,4,1,0,0,1,1,0,0,0,0,0,0,1
1,2019,9,17,6,2,6,0,0,1,0,0,0,0,1,0,0,0,0
9,2019,8,15,3,5,2,0,1,1,0,0,0,0,0,0,0,0,1
11,2019,10,17,5,6,4,0,0,1,1,0,0,0,0,0,0,1,0
12,2019,12,17,5,6,4,2,0,1,1,0,0,0,0,0,0,1,0
11,2020,10,8,4,8,1,0,0,0,0,1,0,0,1,1,1,1,0
6,2019,12,17,6,6,2,2,0,1,1,0,0,0,1,0,0,1,1
7,2018,10,14,6,0,4,0,0,0,1,0,0,1,0,0,0,1,0
11,2020,9,18,5,2,6,0,0,1,0,0,0,0,0,0,1,0,0
2,2020,6,18,4,5,3,0,0,1,0,0,0,0,0,0,1,1,1