BEZ,UJAHR,UMONAT,USTUNDE,UWOCHENTAG,UART,UTYP1,ULICHTVERH,IstRad,IstPKW,IstFuss,IstKrad,IstGkfz,IstSonstige,USTRZUSTAND,LOCKDOWN,COVID,FERIEN,UKATEGORIE
4,2020,1,14,5,3,6,0,0,1,0,1,1,0,0,0,0,1,1
4,2021,11,13,4,5,2,0,0,1,0,0,0,0,0,0,2,0,0
9,2019,1,15,7,6,2,0,0,1,1,0,0,0,0,0,0,1,1
1,2019,8,9,3,0,5,0,1,0,0,0,1,0,0,0,0,0,0
9,2020,3,19,4,6,2,2,0,1,1,0,0,0,0,1,1,0,0
8,2018,7,16,6,2,7,0,1,1,0,0,0,0,0,0,0,2,0
2,2019,1,13,4,5,7,0,0,1,0,1,0,0,1,0,0,1,0
6,2021,10,9,6,3,2,0,0,1,0,1,0,0,0,0,1,1,0
9,2020,2,7,2,0,1,2,0,0,0,1,0,0,1,0,0,1,0
6,2019,8,21,6,1,7,2,0,1,0,0,0,0,0,0,0,0,0
5,2018,9,15,3,2,6,0,0,1,0,0,0,0,0,0,0,0,0
9,2018,12,16,2,1,5,2,1,1,0,0,0,0,1,0,0,1,0
11,2020,3,8,2,5,3,0,0,1,0,0,0,0,1,1,1,0,0
4,2020,8,18,2,5,3,0,0,1,0,1,0,0,0,0,1,1,0
9,2020,9,23,6,0,1,2,0,0,0,1,0,0,0,0,1,0,1
6,2020,7,11,7,5,7,0,0,1,0,1,0,0,0,0,1,2,0
11,2018,3,13,6,2,6,0,0,1,0,0,0,0,0,0,0,1,0
2,2019,4,20,6,5,2,1,1,1,0,0,0,0,0,0,0,1,0
1,2018,10,12,7,5,3,0,1,0,0,0,0,0,0,0,0,1,0
1,2019,8,13,5,6,4,0,1,0,1,0,0,0,0,0,0,0,0
10,2018,5,5,4,1,5,0,0,1,0,0,0,1,0,0,0,0,0
9,2019,10,12,2,5,3,0,1,1,0,0,0,0,0,0,0,1,0
5,2018,7,17,5,5,3,0,0,1,0,0,0,0,0,0,0,2,0
11,2020,10,15,1,5,3,0,0,1,0,0,0,0,0,1,1,1,1
11,2018,7,13,3,2,6,0,0,1,0,0,1,0,0,0,0,2,0
12,2018,3,9,3,4,6,0,0,1,0,0,0,0,2,0,0,1,0
3,2019,6,8,3,5,3,0,1,1,0,0,0,0,0,0,0,1,0
9,2021,8,16,5,5,3,0,1,1,0,0,0,0,0,0,1,1,0
5,2021,8,7,3,6,7,0,0,0,1,0,0,1,0,0,1,1,0
3,2020,11,11,2,2,2,0,0,1,0,0,0,0,0,1,2,0,0
2,2018,7,20,4,4,6,1,1,0,0,0,0,0,0,0,0,2,0
4,2018,9,11,1,3,6,0,1,1,0,0,0,0,0,0,0,0,0
2,2021,8,23,6,2,6,2,0,1,0,1,0,0,0,0,1,1,0
2,2018,5,17,6,6,2,0,0,0,1,0,0,1,0,0,0,0,0
8,2021,3,11,4,5,3,0,0,1,0,0,0,1,0,0,2,0,0
4,2021,8,2,4,8,1,2,0,1,0,0,0,1,0,0,1,1,0
1,2021,7,22,6,5,7,2,1,1,0,0,0,0,0,0,1,2,0
1,2019,5,15,6,1,5,0,1,1,0,0,0,0,0,0,0,0,0
2,2020,8,8,2,5,2,0,1,0,0,0,0,1,0,0,1,1,0
3,2018,1,0,2,6,4,2,0,1,1,0,0,0,1,0,0,0,0
8,2018,4,4,6,1,5,0,1,1,0,0,0,0,0,0,0,1,0
12,2020,8,14,1,0,1,0,0,0,0,1,0,0,1,0,1,1,0
2,2019,4,10,2,5,3,0,0,1,0,0,0,0,0,0,0,1,0
9,2021,9,14,5,5,2,0,1,1,0,0,0,0,0,0,1,0,0
6,2018,2,14,2,6,2,0,0,1,1,0,0,0,0,0,0,1,0
9,2019,9,14,5,0,2,0,0,1,0,1,0,0,0,0,0,0,0
7,2021,10,17,5,5,5,1,0,1,0,0,0,0,1,0,1,1,0
4,2018,12,9,2,5,3,0,1,1,0,0,0,0,1,0,0,1,0
1,2020,8,12,4,5,3,0,0,1,0,1,0,0,1,0,1,1,0
7,2018,4,7,3,5,3,0,0,1,0,0,0,0,1,0,0,1,0
10,2018,6,10,2,3,6,0,0,1,0,1,0,0,0,0,0,0,1
2,2019,1,8,4,5,3,1,1,1,0,0,0,0,1,0,0,1,0
8,2020,6,7,4,2,1,0,0,1,0,1,0,0,0,0,1,1,0
7,2019,4,16,4,2,6,0,0,1,0,0,0,0,0,0,0,1,0
3,2020,5,9,5,0,3,0,0,1,0,1,0,0,0,1,1,0,0
4,2018,5,10,5,2,6,0,0,1,0,0,0,0,0,0,0,0,0
5,2019,8,13,3,2,6,0,0,1,0,0,0,0,0,0,0,0,0
9,2019,4,16,2,0,4,0,0,0,1,0,0,1,0,0,0,1,0
1,2021,1,18,2,6,2,2,0,1,1,0,0,0,1,1,2,0,0
4,2020,8,9,3,0,5,0,1,1,0,0,0,0,1,0,1,1,0
1,2018,11,5,6,2,6,1,0,1,0,1,0,0,1,0,0,0,0
1,2019,9,13,5,2,2,0,1,1,0,0,0,0,0,0,0,0,0
2,2018,8,12,6,0,6,0,0,0,0,1,1,0,0,0,0,1,0
9,2019,11,14,3,2,6,0,0,1,0,0,0,0,0,0,0,0,0
4,2019,12,19,6,2,6,2,0,1,0,0,0,0,0,0,0,1,0
3,2021,9,14,6,0,2,0,0,1,0,0,0,1,0,0,1,0,0
4,2021,9,8,1,5,3,0,1,1,0,0,0,0,0,0,1,0,1
4,2018,7,16,3,5,3,0,0,1,0,0,0,0,0,0,0,2,0
7,2021,9,18,3,6,7,0,0,0,1,1,0,0,0,0,1,0,0
2,2021,8,19,3,3,6,0,0,1,0,1,0,0,0,0,1,1,0
3,2019,5,14,1,2,6,0,0,1,0,1,0,0,0,0,0,0,0
5,2018,10,16,3,2,6,0,0,1,0,1,0,0,0,0,0,1,0
10,2021,6,13,5,5,2,0,0,1,0,1,0,0,1,0,1,1,0
1,2019,2,5,5,5,3,2,0,1,0,1,0,0,0,0,0,1,0
10,2018,6,15,2,5,3,0,0,1,0,1,0,0,0,0,0,0,0
1,2020,2,16,7,5,2,1,0,1,0,1,0,0,1,0,0,1,0
1,2019,7,19,7,2,6,0,0,1,0,0,0,0,1,0,0,2,0
1,2021,8,7,4,0,7,0,1,1,0,0,0,0,0,0,1,1,0
1,2019,9,14,6,2,6,0,0,1,0,0,0,0,1,0,0,0,0
10,2021,8,9,5,5,3,0,0,1,0,0,0,0,0,0,1,1,0
11,2019,6,14,4,5,3,0,1,1,0,0,0,0,0,0,0,1,0
1,2018,3,4,2,4,6,2,0,1,0,0,0,0,0,0,0,1,0
3,2019,10,7,5,5,3,0,1,1,0,0,0,0,0,0,0,1,0
12,2021,1,14,4,2,6,0,0,1,0,0,0,0,1,1,2,0,0
1,2021,1,20,7,2,6,2,0,1,0,0,0,1,1,1,2,0,0
9,2018,7,14,6,6,4,0,1,0,1,0,0,0,0,0,0,2,1
3,2018,12,17,6,6,2,2,0,1,1,0,0,0,1,0,0,1,0
11,2019,11,21,3,5,3,2,1,1,0,0,0,0,1,0,0,0,0
12,2018,4,7,2,0,7,0,1,0,0,0,0,1,0,0,0,1,0
3,2020,12,12,7,5,2,0,1,1,0,0,0,0,1,1,2,1,1
5,2020,7,20,3,2,2,0,1,1,0,0,0,0,0,0,1,2,0
4,2021,9,11,6,3,6,0,1,1,0,0,0,0,0,0,1,0,0
5,2018,4,12,4,3,6,0,0,1,0,1,0,0,0,0,0,1,1
3,2021,3,11,5,6,4,0,0,1,1,0,0,0,0,0,2,0,1
4,2018,9,8,6,1,5,0,1,1,0,0,0,0,0,0,0,0,0
8,2020,8,23,7,1,5,2,1,1,0,0,0,0,0,0,1,1,1
1,2019,3,12,5,2,6,0,0,1,0,0,0,0,1,0,0,0,0
8,2018,10,10,2,6,4,0,0,0,1,0,1,0,0,0,0,1,1
9,2018,10,16,4,0,6,0,0,0,0,1,0,0,0,0,0,1,0
10,2020,7,10,5,2,3,0,0,1,0,0,0,0,0,0,1,2,0
8,2020,4,15,6,3,6,0,1,0,0,0,0,0,0,1,2,1,0
4,2019,5,0,1,0,1,2,1,0,0,0,0,0,0,0,0,0,0
3,2018,9,14,4,6,4,0,0,1,1,0,0,0,0,0,0,0,0
4,2021,4,11,6,1,5,0,1,0,0,0,0,1,0,1,2,1,0
10,2018,7,18,3,5,3,0,0,1,0,0,0,0,0,0,0,2,0
7,2019,6,17,2,5,3,0,0,1,0,0,0,0,0,0,0,1,0
10,2020,3,16,2,2,6,0,0,1,0,0,0,0,0,1,1,0,0
1,2018,11,14,3,0,4,0,1,0,1,0,0,0,0,0,0,0,0
9,2021,6,11,6,2,6,0,0,1,0,0,0,1,0,0,1,1,0
1,2018,2,10,3,6,4,0,0,1,1,0,0,0,0,0,0,1,0
4,2021,1,11,4,6,4,0,0,1,1,0,0,0,0,1,2,0,0
10,2020,12,15,6,6,7,0,0,1,1,0,0,0,0,1,2,1,0
2,2019,6,12,5,5,2,0,1,1,0,0,0,0,0,0,0,1,0
4,2019,6,15,3,0,4,0,1,0,1,0,0,0,0,0,0,1,0
2,2021,9,16,5,5,3,0,0,1,0,0,0,1,0,0,1,0,0
7,2018,5,11,7,2,6,0,0,1,0,0,0,0,0,0,0,0,0
3,2021,8,9,2,1,5,0,1,1,0,0,0,0,0,0,1,1,0
3,2020,11,11,7,3,6,0,1,1,0,0,0,0,0,1,2,0,0
11,2020,6,10,7,2,2,0,0,1,0,1,0,0,0,0,1,1,0
6,2018,7,7,3,1,5,0,0,1,0,0,0,0,0,0,0,2,0
7,2019,8,16,4,6,4,0,0,0,1,1,0,0,0,0,0,0,0
3,2020,12,10,7,0,1,0,0,0,0,1,0,0,0,1,2,1,0
11,2021,4,13,4,5,2,0,1,1,0,0,0,0,0,1,2,1,0
4,2018,8,16,6,5,2,0,1,1,0,0,0,0,0,0,0,1,0
2,2020,1,17,3,5,2,2,0,1,0,0,0,0,0,0,0,1,0
11,2019,5,5,6,5,3,0,1,1,0,0,0,0,1,0,0,0,0
3,2021,3,15,2,6,4,0,0,1,1,0,0,0,1,0,2,0,0
3,2019,10,20,4,5,3,2,1,1,0,0,0,0,0,0,0,1,0
7,2021,1,8,3,5,2,0,1,1,0,0,0,0,1,1,2,0,0
1,2021,11,1,1,5,3,2,0,1,0,0,0,0,0,0,2,0,0
8,2021,1,20,2,5,3,2,0,1,0,0,0,0,1,1,2,0,0
7,2018,7,23,4,2,6,2,0,1,0,0,0,0,1,0,0,2,0
8,2018,5,12,6,5,3,0,0,1,0,1,0,0,0,0,0,0,0
1,2018,10,13,2,5,3,0,0,1,0,0,0,0,0,0,0,1,0
4,2021,6,16,2,4,1,0,1,0,0,0,0,0,0,0,1,1,0
2,2018,11,4,5,5,2,2,0,1,0,0,0,0,0,0,0,0,1
4,2021,12,9,7,5,7,0,0,1,0,0,0,0,1,1,2,1,0
7,2020,1,15,6,0,3,1,1,0,0,0,0,1,1,0,0,1,1
4,2021,1,18,3,3,2,2,0,1,0,0,0,0,1,1,2,0,0
6,2018,9,8,2,3,6,0,0,1,0,0,1,0,0,0,0,0,0
3,2020,9,7,2,0,6,0,1,0,0,0,0,1,0,0,1,0,0
12,2018,2,17,6,6,4,1,0,1,1,0,0,0,0,0,0,1,0
4,2020,7,12,6,5,2,0,1,1,0,0,0,0,0,0,1,2,0
5,2018,6,15,1,2,6,0,0,1,0,0,0,0,0,0,0,0,0
1,2018,5,16,3,6,4,0,0,1,1,0,0,0,0,0,0,0,1
4,2018,9,17,4,2,6,0,0,1,0,0,0,0,0,0,0,0,0
12,2021,3,19,4,5,2,2,0,1,0,1,0,0,0,0,2,0,1
2,2021,7,10,7,5,3,0,1,0,0,0,0,0,0,0,1,2,0
7,2018,7,18,2,6,7,0,0,1,1,0,0,0,0,0,0,2,0
2,2019,10,9,5,6,4,0,1,0,1,0,0,0,0,0,0,1,1
4,2021,6,2,1,5,3,2,0,1,0,0,0,0,0,0,1,1,0
2,2018,7,20,7,5,7,1,1,1,0,0,0,0,0,0,0,2,0
2,2019,6,11,5,5,7,0,1,1,0,0,0,0,0,0,0,1,1
11,2020,9,7,3,1,6,0,1,1,0,0,0,0,0,0,1,0,0
6,2020,8,16,4,1,5,0,1,1,0,0,0,0,0,0,1,1,0
6,2018,9,18,4,2,6,0,0,1,0,1,0,0,0,0,0,0,0
2,2018,11,7,3,5,2,0,0,1,0,1,0,0,1,0,0,0,0
9,2020,10,18,6,5,3,1,1,1,0,0,0,0,1,1,1,1,1
11,2018,5,14,3,5,3,0,1,1,0,0,0,0,0,0,0,0,0
2,2021,10,12,7,2,2,0,1,1,0,0,0,0,0,0,1,1,0
11,2018,2,14,2,2,6,0,0,1,0,0,0,0,0,0,0,1,0
2,2018,8,13,5,6,4,0,0,0,1,1,0,0,0,0,0,1,0
2,2020,7,19,3,5,3,0,1,0,0,0,0,1,0,0,1,2,1
12,2020,11,6,2,0,6,2,1,1,0,0,0,0,1,1,2,0,0
1,2019,8,15,5,5,3,0,0,1,0,0,0,0,0,0,0,0,0
1,2018,5,17,3,5,3,0,1,0,0,0,0,0,0,0,0,0,0
4,2019,6,17,1,0,2,0,1,1,0,0,0,0,0,0,0,1,0
11,2021,9,13,3,2,6,0,0,1,0,0,0,0,0,0,1,0,0
11,2018,5,21,6,0,3,1,1,0,0,0,0,0,0,0,0,0,0
1,2019,6,1,3,0,1,2,0,0,0,0,0,1,0,0,0,1,0
1,2019,6,7,2,5,3,0,0,1,0,1,0,0,0,0,0,1,1
8,2021,6,20,6,6,4,0,0,1,1,0,0,0,0,0,1,1,0
1,2019,6,11,5,1,5,0,0,1,0,0,0,0,0,0,0,1,0
4,2021,12,18,6,2,7,2,0,1,0,0,0,1,1,1,2,1,0
5,2018,11,16,6,5,2,1,0,1,0,1,0,0,0,0,0,0,0
6,2021,9,17,3,2,6,0,0,1,0,1,0,0,0,0,1,0,0
11,2018,12,18,2,2,6,2,0,1,0,0,0,1,0,0,0,1,0
1,2018,10,22,5,5,2,2,1,1,0,0,0,0,0,0,0,1,0
1,2020,8,18,2,1,5,0,1,1,0,0,0,0,0,0,1,1,0
6,2021,6,15,4,2,6,0,0,1,0,0,0,0,0,0,1,1,0
9,2021,9,11,5,4,7,0,0,0,0,0,1,1,0,0,1,0,0
11,2020,2,15,5,6,6,0,1,0,1,0,0,0,0,0,0,1,0
9,2018,9,15,1,2,6,0,1,0,0,0,0,0,0,0,0,0,0
6,2019,6,14,2,3,6,0,0,1,0,1,0,0,0,0,0,1,0
1,2019,6,21,1,1,5,1,1,1,0,0,0,1,0,0,0,1,0
6,2020,6,10,4,0,7,0,0,0,0,0,1,0,0,0,1,1,1
2,2020,9,18,3,4,6,0,1,0,0,0,0,1,0,0,1,0,0
2,2020,9,11,5,5,3,0,1,1,0,0,0,0,0,0,1,0,0
11,2019,10,9,1,5,7,0,1,1,0,0,0,0,0,0,0,1,0
7,2020,10,17,2,1,7,0,1,1,0,0,0,0,0,1,1,1,0
8,2019,9,8,5,0,2,0,1,1,0,0,0,0,0,0,0,0,0
6,2019,11,16,6,0,6,1,0,0,0,0,0,1,1,0,0,0,0
1,2019,11,12,2,3,6,0,1,1,0,0,0,0,0,0,0,0,1
8,2020,9,15,7,2,6,0,0,1,0,0,0,0,1,0,1,0,0
5,2021,8,11,3,5,2,0,1,1,0,0,0,0,0,0,1,1,0
10,2021,8,13,7,5,3,0,1,1,0,0,0,0,0,0,1,1,0
1,2021,9,13,7,5,2,0,0,1,0,0,1,0,0,0,1,0,0
3,2019,10,13,4,2,6,0,0,1,0,0,1,0,0,0,0,1,0
1,2021,3,15,3,2,7,0,0,1,0,0,0,1,0,0,2,0,0
4,2021,7,13,6,2,6,0,0,1,0,0,0,0,0,0,1,2,0
1,2018,9,5,5,5,3,2,1,1,0,0,0,0,0,0,0,0,0
2,2021,5,16,1,6,2,0,0,1,1,0,0,0,1,1,2,1,1
3,2021,9,16,2,5,3,0,1,1,0,0,0,0,0,0,1,0,0
3,2020,1,13,4,6,4,0,0,1,1,0,0,0,0,0,0,1,0
6,2020,1,12,6,0,1,0,1,0,0,0,0,0,1,0,0,1,0
11,2019,1,13,6,5,2,0,1,1,0,0,0,0,1,0,0,1,0
4,2021,10,17,7,5,3,1,1,1,0,0,0,0,0,0,1,1,1
3,2018,9,11,3,5,3,0,1,0,0,0,0,1,0,0,0,0,1
9,2018,3,15,2,2,6,0,0,1,0,0,0,0,0,0,0,1,0
8,2019,6,18,4,0,1,1,1,0,0,0,0,0,1,0,0,1,0
9,2019,11,17,4,0,5,2,0,1,1,0,0,1,1,0,0,0,0
7,2020,5,20,1,2,6,0,0,1,0,0,0,0,0,1,1,0,1
1,2019,1,8,4,1,5,0,1,1,0,0,0,0,0,0,0,1,0
5,2021,3,7,6,5,2,0,1,1,0,0,0,0,0,0,2,0,0
9,2019,7,10,3,1,5,0,0,1,0,1,0,0,0,0,0,2,1
1,2018,12,9,3,1,5,0,1,1,0,0,0,0,1,0,0,1,0
5,2019,2,11,5,2,6,0,0,1,0,0,0,0,0,0,0,1,0
1,2020,8,19,5,5,2,0,1,0,0,0,0,1,0,0,1,1,1
1,2021,12,6,4,5,3,2,1,0,0,0,0,1,2,1,2,1,0
5,2018,4,18,3,5,2,0,0,1,0,1,0,0,0,0,0,1,0
8,2019,4,21,6,5,3,2,0,1,0,0,0,0,0,0,0,1,0
12,2018,1,16,7,6,4,0,0,1,1,0,0,0,0,0,0,0,0
11,2019,5,14,5,5,7,0,1,1,0,0,0,0,1,0,0,0,0
7,2019,11,16,3,5,2,2,0,1,0,0,0,0,0,0,0,0,0
7,2021,6,11,2,2,6,0,1,1,0,0,0,0,0,0,1,1,0
11,2020,2,14,6,5,2,0,1,1,0,0,0,0,0,0,0,1,0
12,2020,3,18,1,5,2,2,0,1,0,0,0,0,0,1,1,0,0
2,2021,12,17,6,2,1,2,0,1,0,0,0,0,0,1,2,1,0
9,2018,7,16,7,6,4,0,0,1,1,0,0,0,0,0,0,2,0
8,2019,6,19,4,0,1,1,1,0,0,0,0,0,1,0,0,1,0
8,2019,5,22,7,2,5,2,1,1,0,0,0,0,0,0,0,0,0
2,2019,5,9,4,5,2,0,1,0,0,0,0,1,0,0,0,0,0
7,2018,9,19,1,6,4,1,0,1,1,0,0,0,1,0,0,0,1
1,2021,8,21,4,5,2,2,1,0,0,0,0,0,0,0,1,1,0
10,2019,2,12,3,5,3,0,0,1,0,0,0,0,0,0,0,1,0
12,2018,10,21,5,3,6,2,0,1,0,0,0,1,0,0,0,1,0
2,2021,6,18,6,5,3,0,1,1,0,0,0,0,0,0,1,1,0
1,2021,10,13,4,2,2,0,0,1,0,1,0,0,0,0,1,1,0
1,2020,9,17,5,5,3,0,0,1,0,0,0,1,0,0,1,0,0
3,2020,11,20,7,2,6,2,0,1,0,0,0,1,0,1,2,0,0
4,2018,3,18,2,5,2,2,1,1,0,0,0,0,1,0,0,1,0
8,2018,9,18,7,5,2,0,0,1,0,1,0,0,0,0,0,0,1
1,2020,8,11,3,5,2,0,1,1,0,0,0,0,0,0,1,1,0
3,2019,9,11,5,5,2,0,1,1,0,0,0,0,0,0,0,0,0
7,2021,6,12,4,6,4,0,1,0,1,0,0,0,0,0,1,1,0
1,2020,2,15,5,5,3,0,1,1,0,0,0,0,0,0,0,1,0
3,2020,5,17,4,5,2,0,1,1,0,0,0,0,0,1,1,0,0
4,2019,8,13,4,2,6,0,0,1,0,0,0,0,0,0,0,0,0
4,2020,5,15,4,1,1,0,1,0,0,0,1,0,0,1,1,0,1
10,2020,7,6,3,5,2,0,1,1,0,0,0,0,0,0,1,2,0
1,2021,7,16,3,6,2,0,0,1,1,0,0,0,0,0,1,2,0
4,2018,12,15,3,3,6,1,0,1,0,1,0,1,0,0,0,1,0
12,2020,10,9,2,5,3,0,0,1,0,0,0,0,1,1,1,1,0
1,2018,5,0,6,1,5,2,1,1,0,0,0,0,0,0,0,0,0
5,2021,7,12,6,5,7,0,0,1,0,0,0,0,0,0,1,2,0
1,2021,4,18,7,5,3,0,0,1,0,0,0,0,0,1,2,1,0
9,2019,8,9,4,5,3,0,0,1,0,0,0,1,0,0,0,0,0
4,2018,7,8,3,6,4,0,0,1,1,0,0,0,0,0,0,2,1
5,2019,9,12,6,5,2,0,0,1,0,0,0,0,0,0,0,0,1
1,2018,5,13,2,2,6,0,1,1,0,0,0,0,0,0,0,0,0
4,2021,1,15,3,5,2,0,1,1,0,0,0,0,0,1,2,0,0
6,2021,2,11,3,2,6,0,0,1,0,0,0,0,0,1,2,1,1
2,2019,8,19,7,0,1,0,1,0,0,0,0,0,0,0,0,0,0
6,2019,4,18,7,6,4,0,0,1,1,0,0,0,0,0,0,1,0
10,2021,10,13,5,5,2,0,1,1,0,0,0,0,0,0,1,1,0
5,2021,6,19,5,6,4,0,0,1,1,0,0,0,0,0,1,1,1
1,2019,7,18,2,2,6,0,0,1,0,0,0,0,1,0,0,2,0
12,2018,4,14,7,5,3,0,1,1,0,0,0,0,0,0,0,1,0
1,2021,12,16,1,5,3,1,0,1,0,0,0,0,1,1,2,1,0
4,2018,5,9,3,5,2,0,1,1,0,0,0,0,0,0,0,0,0
8,2020,12,17,4,6,2,2,0,1,1,0,0,0,1,1,2,1,0
9,2021,10,14,6,0,1,0,1,0,0,0,0,0,0,0,1,1,0
7,2020,6,14,4,2,2,0,0,1,0,0,0,1,0,0,1,1,0
3,2018,12,16,4,6,4,1,1,0,1,0,0,0,0,0,0,1,1
5,2018,9,14,1,2,6,0,0,1,0,0,0,0,0,0,0,0,0
7,2018,9,16,5,5,3,0,1,1,0,0,0,0,0,0,0,0,0
1,2018,2,8,4,6,4,0,1,0,1,0,0,0,0,0,0,1,1
10,2021,8,15,3,5,3,0,0,1,0,0,0,1,0,0,1,1,0
8,2020,1,12,6,6,2,0,0,1,1,0,0,0,0,0,0,1,0
7,2021,12,18,1,5,2,2,1,1,0,0,0,0,1,1,2,1,0
7,2019,8,11,7,5,2,0,1,1,0,0,0,0,0,0,0,0,0
4,2018,9,9,4,5,2,0,1,1,0,0,0,0,0,0,0,0,0
10,2021,11,16,5,6,4,2,0,1,1,0,0,0,1,0,2,0,1
2,2021,8,12,1,1,5,0,0,1,0,0,0,1,0,0,1,1,0
2,2021,8,3,5,5,2,2,0,1,0,0,0,0,0,0,1,1,0
1,2020,3,10,4,5,2,0,1,0,0,0,0,1,0,1,1,0,0
7,2019,7,10,3,5,2,0,0,1,0,0,0,0,0,0,0,2,1
3,2019,4,8,4,5,2,0,1,1,0,0,0,0,0,0,0,1,0
7,2019,2,22,3,0,2,2,0,1,0,1,0,0,0,0,0,1,0
1,2019,7,21,4,5,3,2,1,1,0,0,0,0,1,0,0,2,0
1,2018,12,14,3,6,2,0,0,1,1,0,0,0,1,0,0,1,0
4,2021,6,15,3,2,6,0,0,1,0,0,0,0,0,0,1,1,0
10,2019,4,14,2,5,3,0,1,0,0,0,0,1,0,0,0,1,0
3,2018,10,17,3,5,2,1,0,1,0,0,0,1,1,0,0,1,0
12,2019,10,16,1,0,1,0,0,0,0,1,0,0,0,0,0,1,0
3,2019,12,7,4,0,6,1,0,1,0,0,0,1,0,0,0,1,0
12,2019,6,9,3,1,5,0,1,1,0,0,0,0,0,0,0,1,0
4,2021,9,18,3,5,2,0,1,1,0,0,0,0,0,0,1,0,0
1,2021,12,7,4,6,4,1,0,1,1,0,0,0,1,1,2,1,0
2,2019,6,7,5,5,2,0,1,0,0,0,0,1,0,0,0,1,0
2,2018,11,17,1,3,6,1,0,1,0,0,0,0,0,0,0,0,0
11,2019,8,6,4,5,3,0,1,1,0,0,0,0,0,0,0,0,1
1,2020,5,18,1,5,3,0,1,1,0,0,0,0,0,1,1,0,0
1,2018,11,23,7,1,5,2,1,1,0,0,0,0,0,0,0,0,0
1,2021,5,8,5,3,6,0,0,1,0,1,0,0,0,1,2,1,0
5,2021,11,17,4,5,3,2,0,1,0,1,0,0,0,0,2,0,0
4,2020,3,15,5,5,2,0,1,1,0,0,0,0,0,1,1,0,0
3,2020,9,20,5,5,2,2,1,1,0,0,0,0,0,0,1,0,0
3,2021,2,14,1,5,2,0,1,0,0,0,0,0,0,1,2,1,0
4,2021,9,2,1,8,1,2,0,1,0,0,0,0,0,0,1,0,1
8,2018,8,7,4,3,6,0,0,0,0,1,0,1,0,0,0,1,0
9,2018,5,18,2,5,3,0,1,1,0,0,0,0,0,0,0,0,0
8,2019,10,15,6,5,3,0,0,1,0,1,0,0,0,0,0,1,1
9,2019,1,17,4,5,2,2,1,1,0,0,0,0,0,0,0,1,0
4,2019,12,12,1,2,6,0,0,1,0,0,0,0,1,0,0,1,1
5,2019,4,3,6,8,1,2,0,1,0,0,0,1,0,0,0,1,1
8,2018,10,11,2,5,3,0,1,1,0,0,0,0,0,0,0,1,0
3,2018,9,8,3,0,1,0,0,0,0,1,0,0,0,0,0,0,0
2,2020,2,17,2,5,3,2,1,1,0,0,0,0,1,0,0,1,0
4,2020,9,12,5,5,3,0,1,1,0,0,0,0,0,0,1,0,0
4,2018,12,14,7,2,6,0,0,1,0,0,0,0,1,0,0,1,0
4,2019,2,15,7,5,2,0,0,1,0,0,0,0,0,0,0,1,0
6,2018,1,9,2,6,4,0,0,1,1,0,0,0,0,0,0,0,1
11,2021,7,22,4,5,3,2,0,1,0,0,0,0,0,0,1,2,0
1,2019,1,8,2,6,4,0,0,1,1,0,0,0,1,0,0,1,1
4,2021,12,16,7,3,6,1,0,1,0,0,0,0,1,1,2,1,0
12,2019,1,11,2,6,2,0,0,1,1,0,0,0,1,0,0,1,0
3,2019,7,6,4,5,2,0,1,0,0,0,0,1,0,0,0,2,0
7,2020,1,10,5,2,7,0,1,1,0,0,0,0,0,0,0,1,0
3,2018,11,17,2,2,6,2,0,1,0,0,0,0,0,0,0,0,0
4,2021,1,15,3,2,6,0,0,1,0,0,0,1,1,1,2,0,0
3,2019,4,8,3,5,3,0,0,1,0,0,0,0,0,0,0,1,0
8,2021,9,9,3,1,5,0,0,1,0,0,0,0,0,0,1,0,0
7,2021,12,19,2,1,5,2,1,1,0,0,0,0,0,1,2,1,0
5,2018,5,19,6,5,3,1,1,0,0,0,0,0,0,0,0,0,0
1,2018,6,12,3,5,3,0,1,0,0,0,0,0,0,0,0,0,0
3,2020,12,10,6,6,2,0,0,1,1,0,0,0,0,1,2,1,0
2,2019,5,6,1,1,5,0,0,1,0,0,0,0,0,0,0,0,0
5,2020,5,19,2,2,2,0,1,1,0,0,0,0,0,1,1,0,0
3,2019,12,15,2,5,3,1,0,1,0,0,0,1,1,0,0,1,0
2,2019,7,16,3,0,1,0,1,0,0,0,0,0,0,0,0,2,0
9,2019,2,11,4,9,1,0,0,1,0,0,0,0,0,0,0,1,0
4,2019,6,13,5,5,7,0,1,1,0,0,0,0,0,0,0,1,0
1,2020,5,19,1,2,2,0,0,1,0,0,0,0,1,1,1,0,0
5,2020,7,20,5,2,7,0,1,0,0,0,0,0,0,0,1,2,0
10,2019,3,15,7,5,2,0,0,1,0,0,0,0,0,0,0,0,0
5,2020,1,13,5,2,6,0,0,1,0,0,0,0,1,0,0,1,0
4,2018,8,0,6,5,3,2,0,1,0,0,0,0,0,0,0,1,1
3,2020,9,18,3,1,5,0,1,1,0,0,0,0,0,0,1,0,0
1,2020,7,2,6,1,5,2,0,1,0,0,0,0,0,0,1,2,0
4,2019,10,9,5,6,2,0,0,0,1,1,0,0,0,0,0,1,0
8,2018,6,14,2,3,6,0,0,1,0,1,0,0,0,0,0,0,0
6,2019,2,2,6,5,3,2,0,1,0,0,0,0,1,0,0,1,1
5,2021,8,6,6,5,3,1,0,1,0,0,0,0,1,0,1,1,0
2,2018,11,9,6,0,1,0,1,0,0,0,0,0,1,0,0,0,0
11,2019,12,7,2,5,2,0,1,1,0,0,0,0,0,0,0,1,0