BEZ,UJAHR,UMONAT,USTUNDE,UWOCHENTAG,UART,UTYP1,ULICHTVERH,IstRad,IstPKW,IstFuss,IstKrad,IstGkfz,IstSonstige,USTRZUSTAND,LOCKDOWN,COVID,FERIEN,UKATEGORIE
8,2018,2,13,6,5,2,0,0,0,0,1,0,1,0,0,0,1,0
7,2021,1,7,2,5,2,1,0,1,0,1,0,0,2,1,2,0,0
8,2019,10,23,5,5,3,2,0,1,0,0,0,0,0,0,0,1,0
8,2018,4,12,7,6,4,0,0,1,1,1,0,0,0,0,0,1,0
3,2021,6,15,4,5,3,0,0,1,0,1,0,0,0,0,1,1,0
1,2019,4,15,7,5,3,0,1,0,0,0,0,0,0,0,0,1,0
4,2018,12,12,7,6,4,0,0,1,1,0,0,0,0,0,0,1,0
7,2019,12,17,3,6,2,2,0,1,1,0,0,0,1,0,0,1,0
11,2018,1,7,4,6,4,2,0,1,1,0,0,0,1,0,0,0,0
9,2018,7,10,4,5,2,0,0,1,0,1,0,0,0,0,0,2,0
9,2020,10,18,7,2,6,1,0,0,0,1,0,1,0,1,1,1,0
10,2021,10,14,1,5,3,0,1,0,0,0,0,0,0,0,1,1,0
8,2020,5,12,7,5,2,0,1,1,0,0,0,0,0,1,1,0,0
12,2019,8,15,2,5,3,0,0,1,0,1,0,0,0,0,0,0,0
4,2019,5,11,5,5,3,0,0,1,0,0,0,0,0,0,0,0,0
7,2018,3,15,1,6,7,0,0,1,1,0,0,0,0,0,0,1,0
9,2020,11,15,2,2,6,0,0,1,0,0,0,0,0,1,2,0,0
4,2020,2,20,5,6,4,2,0,0,1,0,0,1,0,0,0,1,1
4,2019,7,14,4,2,6,0,0,1,0,0,0,0,0,0,0,2,0
2,2019,8,22,7,2,7,2,1,1,0,0,0,0,0,0,0,0,0
12,2020,5,21,4,0,1,2,1,0,0,0,0,0,0,1,1,0,1
12,2018,8,11,4,0,6,0,0,1,0,0,0,1,0,0,0,1,0
1,2021,12,21,4,6,7,2,0,1,1,0,0,0,1,1,2,1,0
2,2021,11,18,6,6,2,2,0,1,1,0,0,0,1,0,2,0,0
12,2020,9,8,4,0,3,0,0,1,0,0,0,1,0,0,1,0,0
2,2019,9,6,2,2,6,2,0,1,0,0,1,0,1,0,0,0,0
7,2019,12,14,3,5,3,0,1,1,0,0,0,0,0,0,0,1,0
2,2020,8,8,3,5,2,0,1,1,0,0,0,0,0,0,1,1,0
4,2018,5,10,3,6,7,0,0,0,1,0,1,0,0,0,0,0,0
1,2021,7,15,3,6,7,0,0,0,1,0,0,1,0,0,1,2,0
2,2020,5,18,6,1,5,0,1,1,0,0,0,0,0,1,1,0,0
1,2019,1,17,6,5,3,2,0,1,0,0,0,0,0,0,0,1,0
6,2020,10,18,2,5,3,2,0,1,0,0,0,0,1,1,1,1,0
1,2020,4,13,7,5,7,0,0,1,0,0,0,1,0,1,2,1,0
11,2021,10,15,3,2,6,0,0,1,0,0,1,0,0,0,1,1,0
6,2018,2,16,3,5,3,0,0,1,0,0,0,0,0,0,0,1,0
11,2018,12,18,5,5,3,2,0,1,0,0,0,0,1,0,0,1,0
7,2019,1,11,7,2,2,0,0,1,0,0,0,0,1,0,0,1,0
3,2019,5,16,2,5,3,0,1,1,0,0,0,0,1,0,0,0,1
7,2020,5,16,4,0,1,0,1,0,0,0,0,0,0,1,1,0,0
9,2020,6,17,5,5,3,0,1,1,0,0,0,0,1,0,1,1,1
12,2021,12,10,4,5,2,0,0,1,0,0,0,0,1,1,2,1,0
7,2020,12,10,5,2,6,0,0,1,0,0,0,0,0,1,2,1,0
6,2020,9,9,5,5,2,0,0,1,0,0,0,1,0,0,1,0,0
5,2018,12,6,5,5,3,2,1,0,0,0,1,0,0,0,0,1,1
6,2018,8,22,2,5,3,2,0,1,0,0,0,0,0,0,0,1,1
7,2021,1,10,6,5,2,0,0,1,0,0,0,0,1,1,2,0,0
4,2019,12,16,3,5,2,2,1,1,0,0,0,0,1,0,0,1,0
4,2018,6,16,3,5,2,0,1,1,0,0,0,0,0,0,0,0,0
12,2019,10,7,2,5,2,0,0,1,0,0,0,0,0,0,0,1,0
12,2021,5,17,6,2,6,0,1,1,0,0,0,0,0,1,2,1,0
1,2019,4,8,2,5,3,0,1,1,0,0,0,0,0,0,0,1,0
9,2018,11,7,5,5,3,0,1,1,0,0,0,0,1,0,0,0,0
4,2018,8,14,4,2,6,0,0,1,0,0,0,0,0,0,0,1,0
1,2018,7,16,5,2,6,0,0,1,0,0,0,0,1,0,0,2,0
3,2020,11,8,2,5,2,0,0,1,0,1,0,0,1,1,2,0,0
3,2019,8,3,7,0,1,2,0,0,0,1,0,0,0,0,0,0,0
11,2020,1,18,4,6,4,2,0,1,1,0,0,0,0,0,0,1,0
10,2020,12,7,4,2,6,2,0,1,0,0,0,0,1,1,2,1,0
6,2019,4,6,2,0,2,0,1,1,0,0,0,0,1,0,0,1,0
4,2020,10,17,2,5,3,1,0,1,0,0,1,0,0,1,1,1,0
9,2018,11,18,3,6,7,2,1,0,1,0,0,0,1,0,0,0,0
7,2021,1,15,5,2,6,0,0,1,0,0,0,0,1,1,2,0,0
2,2019,5,9,5,5,3,0,1,1,0,0,0,0,1,0,0,0,0
2,2020,6,20,2,5,2,0,1,1,0,0,0,0,0,0,1,1,0
1,2019,7,17,4,5,2,0,1,1,0,0,0,0,1,0,0,2,1
8,2021,5,16,3,2,6,0,0,1,0,0,0,0,0,1,2,1,0
3,2021,8,23,6,9,1,2,0,1,0,0,0,0,0,0,1,1,1
7,2019,9,16,6,2,6,0,0,1,0,1,0,0,1,0,0,0,0
4,2021,6,16,3,5,2,0,1,0,0,0,0,1,0,0,1,1,1
8,2020,8,14,4,5,2,0,1,1,0,0,0,0,0,0,1,1,0
11,2019,4,16,3,6,7,0,0,1,1,0,0,0,0,0,0,1,0
5,2020,11,10,7,2,6,0,0,1,0,1,0,0,0,1,2,0,0
2,2019,12,13,2,5,2,0,0,1,0,1,0,0,0,0,0,1,0
6,2018,6,14,6,1,1,0,0,1,0,1,0,0,0,0,0,0,0
1,2018,5,14,4,5,3,0,0,1,0,0,0,0,0,0,0,0,0
3,2021,6,21,5,1,5,2,0,1,0,0,0,1,0,0,1,1,0
4,2021,5,11,5,2,3,0,0,1,0,0,1,0,0,1,2,1,0
4,2021,11,2,1,1,5,2,0,1,0,0,0,1,1,0,2,0,0
2,2021,12,18,5,1,1,2,0,1,0,1,0,0,2,1,2,1,1
1,2019,10,10,5,0,7,0,0,1,0,0,0,0,1,0,0,1,1
9,2018,3,17,6,2,7,1,0,1,0,0,1,0,1,0,0,1,0
5,2018,1,16,6,2,6,1,0,1,0,0,0,0,0,0,0,0,0
4,2020,6,16,6,2,6,0,1,1,0,0,0,0,0,0,1,1,0
6,2019,9,15,4,5,3,0,1,1,0,0,0,0,0,0,0,0,0
4,2018,2,12,6,2,2,0,0,1,0,0,0,0,0,0,0,1,0
10,2019,12,13,2,2,6,0,0,1,0,0,0,1,1,0,0,1,0
7,2020,8,14,4,0,4,0,0,0,1,0,0,1,0,0,1,1,0
9,2018,11,9,4,5,3,0,1,1,0,0,0,0,0,0,0,0,0
8,2020,12,8,4,5,3,0,0,1,0,0,0,1,0,1,2,1,0
1,2018,7,12,5,5,3,0,1,0,0,1,0,0,0,0,0,2,0
9,2021,12,0,3,0,1,2,0,0,0,0,0,1,2,1,2,1,0
8,2020,5,14,3,0,2,0,1,1,0,0,0,0,0,1,1,0,0
2,2018,10,9,4,3,6,0,1,1,0,0,0,0,0,0,0,1,0
8,2020,6,10,7,2,6,0,0,1,0,0,0,0,0,0,1,1,0
10,2018,12,8,3,5,3,0,1,1,0,0,0,0,0,0,0,1,0
7,2018,9,17,7,5,3,0,1,1,0,0,0,0,0,0,0,0,0
1,2018,9,14,5,2,6,0,0,1,0,1,0,1,0,0,0,0,0
12,2020,4,12,5,0,1,0,1,0,0,0,0,0,0,1,2,1,0
2,2019,12,18,5,0,1,2,0,0,0,1,0,0,0,0,0,1,0
7,2019,10,7,6,2,6,0,0,1,0,0,0,0,0,0,0,1,0
11,2019,11,7,4,0,1,1,1,0,0,0,0,0,0,0,0,0,0
1,2019,12,17,4,5,2,2,1,1,0,0,0,0,0,0,0,1,0
1,2020,10,21,6,6,2,2,0,1,1,0,0,0,1,1,1,1,0
8,2019,11,12,5,5,2,0,1,1,0,0,0,0,0,0,0,0,1
6,2020,9,8,3,5,2,0,0,1,0,0,0,0,0,0,1,0,0
5,2018,4,7,3,6,4,0,0,1,1,0,0,0,0,0,0,1,1
3,2019,4,14,1,6,4,0,1,0,1,0,0,0,0,0,0,1,0
7,2018,7,17,4,0,6,0,0,1,0,1,0,0,0,0,0,2,0
9,2020,9,13,4,2,3,0,0,1,0,0,1,0,0,0,1,0,0
6,2020,7,0,3,8,1,2,0,1,0,0,0,0,0,0,1,2,0
2,2020,5,15,4,5,2,0,1,1,0,0,0,0,0,1,1,0,0
5,2019,11,17,5,6,4,2,0,1,1,0,0,0,1,0,0,0,0
7,2019,8,15,5,6,4,0,0,1,1,0,0,0,0,0,0,0,0
3,2021,8,18,7,9,1,0,0,1,0,0,0,0,0,0,1,1,0
9,2019,10,15,4,5,2,0,0,1,0,0,0,0,0,0,0,1,0
4,2020,6,15,3,2,6,0,0,1,0,0,0,0,0,0,1,1,0
1,2020,10,8,5,3,6,0,1,1,0,0,0,0,1,1,1,1,0
3,2018,12,13,4,6,4,0,0,1,1,0,0,0,1,0,0,1,1
3,2020,1,12,5,0,7,0,1,1,0,0,0,0,0,0,0,1,0
7,2018,7,9,5,5,2,0,1,1,0,0,0,0,0,0,0,2,0
8,2020,7,12,5,2,7,0,0,1,0,0,0,1,0,0,1,2,0
7,2019,8,15,2,0,7,0,1,0,0,0,0,0,0,0,0,0,0
6,2021,12,19,6,1,1,2,0,1,0,0,0,0,0,1,2,1,1
3,2018,12,11,4,2,6,0,0,1,0,0,0,0,1,0,0,1,0
5,2018,5,14,5,3,6,0,1,0,0,0,0,0,0,0,0,0,0
1,2018,9,7,2,5,3,0,1,0,0,1,0,0,0,0,0,0,1
9,2019,9,8,6,2,6,0,0,1,0,0,0,0,1,0,0,0,0
1,2021,9,8,4,3,2,0,1,1,0,0,0,0,1,0,1,0,0
12,2021,5,14,2,5,2,0,1,0,0,0,0,1,0,1,2,1,0
1,2018,6,2,7,2,6,2,0,1,0,0,0,0,1,0,0,0,0
1,2019,4,10,7,6,4,0,0,1,1,0,0,0,0,0,0,1,1
5,2021,9,18,6,0,1,0,1,0,0,0,0,0,0,0,1,0,0
7,2020,11,8,3,2,6,0,0,1,0,0,0,1,0,1,2,0,0
7,2019,11,16,2,2,6,2,0,1,0,0,0,0,0,0,0,0,0
1,2018,10,21,7,3,6,2,0,1,0,1,0,0,0,0,0,1,0
8,2019,4,12,4,0,7,0,1,0,0,0,0,1,1,0,0,1,0
9,2020,3,17,3,4,6,0,1,0,0,0,0,0,1,1,1,0,0
12,2018,10,15,6,2,6,0,0,1,0,0,0,0,0,0,0,1,0
4,2020,11,22,1,2,6,2,0,1,0,0,0,0,0,1,2,0,0
6,2021,4,14,1,7,7,0,1,0,0,0,0,0,0,1,2,1,1
9,2020,2,15,1,6,2,0,0,1,1,0,0,0,1,0,0,1,0
2,2019,3,18,3,1,5,1,1,0,0,0,0,1,0,0,0,0,0
4,2018,7,14,2,5,3,0,0,1,0,0,0,0,0,0,0,2,0
1,2019,2,2,7,6,4,2,0,1,1,0,0,0,0,0,0,1,0
8,2019,9,13,7,5,3,0,0,1,0,0,0,0,0,0,0,0,0
3,2018,8,10,7,5,3,0,1,1,0,0,0,0,0,0,0,1,0
1,2020,11,11,2,0,2,0,1,1,0,0,0,0,1,1,2,0,0
7,2021,10,9,5,5,2,0,0,1,0,1,0,0,0,0,1,1,0
3,2019,3,10,6,2,6,0,0,1,0,0,0,0,0,0,0,0,0
6,2021,6,15,2,2,6,0,0,1,0,0,0,0,0,0,1,1,0
4,2018,6,15,6,3,6,0,0,1,0,0,0,0,0,0,0,0,0
4,2018,4,18,5,2,6,0,0,1,0,0,0,0,0,0,0,1,0
3,2020,1,12,3,1,5,0,1,1,0,0,0,0,1,0,0,1,0
7,2021,12,8,6,0,1,1,0,0,0,1,0,0,1,1,2,1,0
5,2019,7,17,2,5,2,0,0,1,0,1,0,0,0,0,0,2,0
1,2019,1,20,2,6,7,2,0,1,1,0,0,0,0,0,0,1,0
3,2021,5,14,6,2,6,0,0,1,0,1,0,0,0,1,2,1,0
8,2018,1,17,5,6,4,2,0,0,1,1,0,0,1,0,0,0,0
10,2019,4,17,2,5,2,0,0,1,0,1,0,0,0,0,0,1,1
10,2021,9,7,4,5,3,0,0,1,0,0,0,0,0,0,1,0,0
2,2021,8,14,6,3,6,0,1,0,0,0,0,0,0,0,1,1,1
11,2018,10,11,6,2,6,0,0,1,0,0,0,0,0,0,0,1,0
4,2020,10,14,1,3,6,0,0,1,0,0,0,0,1,1,1,1,0
1,2018,4,20,4,5,2,2,1,1,0,0,0,0,0,0,0,1,0
6,2018,6,10,3,5,5,0,1,1,0,0,0,0,0,0,0,0,0
3,2019,2,18,6,1,5,2,1,0,0,0,0,1,0,0,0,1,0
2,2018,5,20,5,1,5,1,1,0,0,0,0,1,0,0,0,0,0
8,2019,11,14,7,6,2,0,0,1,1,0,0,0,1,0,0,0,0
2,2018,2,12,5,6,4,0,0,1,1,0,0,0,0,0,0,1,0
5,2018,9,20,6,6,7,1,0,0,1,0,1,0,0,0,0,0,0
1,2021,9,18,4,5,3,0,1,1,0,0,0,0,0,0,1,0,1
1,2021,7,14,5,6,4,0,0,1,1,0,1,0,0,0,1,2,1
4,2021,8,19,2,0,2,0,0,1,0,1,0,0,0,0,1,1,0
2,2019,5,12,1,2,6,0,0,1,0,0,0,0,0,0,0,0,0
10,2018,3,9,5,5,3,0,0,1,0,0,0,0,1,0,0,1,1
12,2021,7,2,1,1,1,2,0,1,0,0,0,1,0,0,1,2,1
4,2020,9,19,4,2,6,1,0,1,0,0,0,0,0,0,1,0,0
10,2021,12,22,4,0,1,2,0,0,0,0,0,1,1,1,2,1,0
11,2019,6,9,7,5,3,0,1,1,0,0,0,0,0,0,0,1,0
1,2018,9,4,1,9,1,1,0,1,0,0,0,0,0,0,0,0,1
3,2021,6,9,6,6,4,0,1,0,1,0,0,0,0,0,1,1,0
4,2018,7,12,3,5,2,0,0,1,0,1,0,0,0,0,0,2,1
7,2018,11,11,5,0,3,0,0,1,0,1,0,0,0,0,0,0,0
1,2021,5,19,3,1,5,0,0,1,0,0,0,0,1,1,2,1,0
6,2019,3,9,2,0,6,0,1,1,0,0,0,0,0,0,0,0,0
1,2020,3,20,3,5,3,2,1,1,0,0,0,0,0,1,1,0,0
8,2018,5,2,5,5,2,2,1,1,0,0,0,0,0,0,0,0,0
3,2019,9,8,2,0,2,0,1,1,0,0,0,0,0,0,0,0,0
8,2018,5,17,5,2,3,0,1,1,0,0,0,0,0,0,0,0,0
11,2018,2,12,7,5,2,0,0,1,0,0,0,0,0,0,0,1,1
2,2018,8,18,6,8,1,0,0,1,0,0,0,0,0,0,0,1,0
4,2021,3,22,2,9,1,2,0,1,0,0,0,0,0,0,2,0,0
6,2019,6,7,4,1,5,0,0,0,0,1,0,1,0,0,0,1,0
7,2021,11,19,5,2,6,1,0,1,0,0,0,1,1,0,2,0,1
7,2019,7,10,6,2,2,0,0,1,0,0,0,0,0,0,0,2,0
2,2018,1,9,3,6,4,0,0,1,1,0,0,0,0,0,0,0,0
2,2018,3,15,7,5,3,0,0,1,0,0,0,0,0,0,0,1,0
1,2019,8,8,6,1,5,0,0,1,0,1,0,0,0,0,0,0,0
2,2018,1,15,1,6,4,0,0,0,1,0,0,1,0,0,0,0,0
4,2020,2,18,3,6,4,2,0,1,1,0,0,0,1,0,0,1,1
11,2019,12,6,5,5,3,2,0,1,0,0,0,0,0,0,0,1,0
11,2021,12,12,4,5,2,0,1,1,0,0,0,0,1,1,2,1,0
3,2019,1,8,6,0,7,0,1,0,0,0,0,0,1,0,0,1,0
5,2019,9,14,6,5,3,0,0,1,0,0,0,0,1,0,0,0,0
1,2019,6,12,4,5,5,0,0,1,0,1,0,0,0,0,0,1,0
1,2018,12,15,1,1,5,1,1,1,0,0,0,1,1,0,0,1,0
7,2020,5,14,2,0,1,0,0,0,0,1,0,0,1,1,1,0,0
9,2021,6,14,4,5,2,0,1,1,0,0,0,0,1,0,1,1,0
1,2020,8,18,5,5,2,0,1,1,0,0,0,0,0,0,1,1,0
4,2018,2,1,2,8,1,2,0,0,0,0,1,0,0,0,0,1,1
9,2021,7,15,2,2,6,0,0,1,0,1,0,0,0,0,1,2,0
8,2019,4,17,6,5,2,0,0,1,0,0,0,0,0,0,0,1,0
4,2021,8,15,6,5,7,0,1,1,0,0,0,0,0,0,1,1,0
1,2019,5,20,5,5,2,0,0,1,0,0,0,1,0,0,0,0,0
11,2021,6,17,1,0,1,0,1,0,0,0,0,0,0,0,1,1,0
7,2021,11,6,2,2,6,1,0,1,0,0,0,0,1,0,2,0,0
1,2018,9,13,7,6,4,0,0,1,1,0,0,0,0,0,0,0,0
5,2021,12,18,6,6,4,2,0,1,1,0,0,0,1,1,2,1,0
7,2020,3,5,2,6,2,2,0,1,1,0,0,0,1,1,1,0,0
9,2018,11,13,4,6,7,0,0,1,1,0,0,0,0,0,0,0,0
1,2018,6,7,4,5,3,0,1,1,0,0,0,0,0,0,0,0,0
7,2018,9,12,7,1,5,0,0,1,0,0,0,0,0,0,0,0,1
12,2018,2,8,5,6,2,0,0,1,1,0,0,0,1,0,0,1,0
3,2021,6,17,6,6,4,0,0,1,1,0,0,0,0,0,1,1,1
7,2019,6,7,4,2,6,0,0,1,0,0,0,0,0,0,0,1,0
8,2019,1,18,2,6,2,2,0,1,1,0,0,0,1,0,0,1,1
12,2018,9,18,5,5,3,0,0,1,0,0,0,0,0,0,0,0,0
1,2021,3,15,4,1,1,0,0,1,0,0,0,1,1,0,2,0,0
4,2018,9,15,5,2,6,0,0,1,0,0,1,0,0,0,0,0,0
3,2020,3,1,2,7,7,2,1,0,0,0,0,0,0,1,1,0,0
6,2019,11,10,3,2,2,0,0,1,0,0,0,1,0,0,0,0,0
5,2019,12,19,7,2,6,2,0,1,0,0,0,1,1,0,0,1,0
1,2020,8,12,3,5,2,0,1,0,0,0,1,0,0,0,1,1,1
1,2020,9,20,3,5,3,1,1,1,0,0,0,0,0,0,1,0,0
7,2020,5,20,1,5,3,0,0,1,0,0,0,0,1,1,1,0,0
1,2021,4,20,6,5,3,1,1,1,0,0,0,0,0,1,2,1,0
1,2018,1,21,5,6,2,2,0,1,1,0,0,0,1,0,0,0,0
6,2018,6,18,5,5,2,0,0,1,0,0,0,0,0,0,0,0,0
3,2018,12,19,7,0,2,2,1,1,0,0,0,0,0,0,0,1,0
2,2021,8,12,1,3,6,0,1,0,0,0,0,0,0,0,1,1,0
11,2018,8,6,5,6,7,0,0,1,1,0,0,0,0,0,0,1,0
12,2019,8,15,3,0,3,0,0,0,0,1,0,1,1,0,0,0,0
2,2018,9,16,7,2,6,0,1,1,0,0,0,0,0,0,0,0,0
5,2019,11,18,2,2,6,2,0,1,0,0,0,0,1,0,0,0,0
3,2019,3,10,7,5,2,0,0,1,0,1,0,0,0,0,0,0,0
3,2018,7,14,6,5,2,0,1,1,0,0,0,0,0,0,0,2,0
11,2019,6,15,6,5,2,0,0,1,0,1,0,0,0,0,0,1,0
10,2018,6,7,4,5,3,0,1,1,0,0,0,0,0,0,0,0,1
11,2019,3,10,1,5,2,0,1,1,0,0,0,0,0,0,0,0,0
3,2018,8,17,2,5,7,0,0,1,0,1,0,0,0,0,0,1,1
1,2020,10,17,7,0,1,0,1,0,0,0,0,0,0,1,1,1,1
6,2019,12,13,3,5,3,0,0,1,0,0,0,0,0,0,0,1,0
10,2018,5,18,5,5,2,0,0,1,0,1,0,0,0,0,0,0,1
7,2021,4,16,2,2,6,0,0,1,0,0,0,0,0,1,2,1,0
1,2019,7,21,3,5,3,2,0,1,0,1,0,0,0,0,0,2,0
5,2019,7,11,5,5,2,0,0,1,0,1,0,0,0,0,0,2,0
9,2021,7,15,3,5,2,0,1,1,0,0,0,0,0,0,1,2,0
10,2018,4,8,2,6,4,0,0,1,1,0,0,0,0,0,0,1,0
1,2020,1,8,3,1,5,1,1,0,0,0,0,1,1,0,0,1,0
2,2018,11,0,7,1,1,2,0,1,0,1,0,0,0,0,0,0,0
4,2020,2,20,1,6,4,2,0,1,1,0,0,0,1,0,0,1,0
3,2018,6,9,3,0,1,0,1,0,0,0,0,0,0,0,0,0,1
7,2020,4,14,7,6,4,0,0,1,1,0,0,0,0,1,2,1,0
1,2018,12,21,2,1,5,2,1,1,0,0,0,1,0,0,0,1,0
11,2020,10,7,5,6,4,0,0,0,1,0,0,1,1,1,1,1,1
2,2018,11,19,4,3,6,2,1,1,0,0,0,0,0,0,0,0,0
9,2018,7,22,5,0,1,2,0,0,0,1,0,0,0,0,0,2,0
5,2021,7,9,4,2,6,0,0,1,0,0,0,0,1,0,1,2,0
10,2019,8,12,6,8,1,0,0,0,0,1,0,0,0,0,0,0,0
7,2018,7,12,6,0,5,0,1,0,0,0,0,1,0,0,0,2,0
7,2019,2,7,6,3,6,1,0,1,0,0,0,0,1,0,0,1,0
2,2019,12,9,4,6,4,0,0,1,1,0,0,0,0,0,0,1,1
8,2019,5,15,2,2,6,0,0,1,0,0,0,0,0,0,0,0,0
1,2021,11,18,5,6,2,2,0,0,1,0,0,1,1,0,2,0,0
4,2019,4,9,2,2,6,0,0,1,0,0,0,0,1,0,0,1,0
11,2019,4,18,2,5,2,0,1,1,0,0,0,0,0,0,0,1,0
4,2021,6,12,3,5,3,0,0,1,0,0,0,0,0,0,1,1,0
3,2020,6,13,2,5,3,0,1,1,0,0,0,0,0,0,1,1,0
6,2019,7,22,2,0,1,2,1,0,0,0,0,0,0,0,0,2,0
9,2018,1,19,3,5,2,2,1,1,0,0,0,0,0,0,0,0,0
1,2018,8,18,2,3,6,0,1,0,0,1,0,0,0,0,0,1,0
1,2019,9,7,4,5,2,0,1,0,0,1,0,0,0,0,0,0,0
5,2019,3,15,5,5,3,0,0,1,0,0,0,0,0,0,0,0,0
7,2019,4,21,3,6,4,2,0,1,1,0,0,0,0,0,0,1,0
5,2018,12,7,2,6,2,2,0,1,1,0,0,0,1,0,0,1,0
7,2018,10,17,2,5,3,1,0,1,0,0,0,1,0,0,0,1,0
5,2020,8,11,5,5,2,0,1,1,0,0,0,0,0,0,1,1,0
2,2020,6,18,7,5,2,0,1,1,0,0,0,0,0,0,1,1,0
1,2021,12,14,1,2,7,0,1,1,0,0,0,0,0,1,2,1,0
1,2018,3,15,2,5,3,0,1,1,0,0,0,0,1,0,0,1,0
2,2019,10,17,6,3,6,0,1,1,0,0,0,0,1,0,0,1,0
1,2019,7,18,3,4,6,0,1,0,0,0,0,1,0,0,0,2,0
7,2021,6,6,5,2,6,0,0,1,0,0,0,0,0,0,1,1,0
11,2020,8,17,2,4,6,0,0,1,0,0,0,0,0,0,1,1,0
10,2020,5,13,2,6,4,0,0,0,1,0,0,1,0,1,1,0,1
11,2021,11,16,2,3,6,1,1,0,0,0,0,0,1,0,2,0,0
12,2018,1,16,6,5,3,2,1,1,0,0,0,0,1,0,0,0,1
4,2019,2,11,6,2,6,0,0,0,0,0,1,1,0,0,0,1,0
3,2018,7,19,3,1,5,0,0,1,0,1,0,0,0,0,0,2,0
1,2018,9,15,3,2,6,0,0,1,0,0,0,0,0,0,0,0,0
12,2019,7,11,2,0,1,0,0,0,0,1,0,0,0,0,0,2,0
4,2021,6,18,6,2,2,0,0,1,0,0,0,0,0,0,1,1,0
6,2021,9,16,1,5,2,0,1,1,0,0,0,0,0,0,1,0,0
4,2020,2,9,6,5,3,0,0,1,0,0,0,0,1,0,0,1,0
2,2019,3,8,6,5,3,0,1,1,0,0,0,0,0,0,0,0,0
7,2019,9,11,4,6,2,0,0,1,1,0,0,0,0,0,0,0,0
4,2021,9,10,6,5,2,0,1,1,0,0,0,0,0,0,1,0,0
1,2020,10,17,6,5,2,0,1,1,0,0,0,0,0,1,1,1,0
11,2019,3,16,4,2,2,2,0,1,0,0,0,0,0,0,0,0,0
9,2019,11,11,3,5,7,0,0,0,0,0,0,1,0,0,0,0,0
7,2020,12,14,3,1,5,0,0,1,0,0,0,1,1,1,2,1,0
8,2021,10,21,6,3,6,2,1,1,0,0,0,0,1,0,1,1,0
8,2019,9,14,3,2,6,0,0,1,0,0,0,1,0,0,0,0,0
3,2020,5,16,4,3,6,0,1,0,0,0,0,0,0,1,1,0,0
4,2020,6,11,2,4,2,0,1,1,0,0,0,0,0,0,1,1,0
12,2020,5,10,3,0,3,0,0,1,0,1,0,0,0,1,1,0,0
1,2019,11,0,5,0,1,2,1,0,0,0,0,0,1,0,0,0,0
11,2018,10,9,3,5,3,0,0,1,0,0,0,0,0,0,0,1,0
7,2020,8,12,5,5,3,0,0,1,0,1,0,0,0,0,1,1,1
2,2019,12,16,2,5,2,2,0,1,0,0,0,1,1,0,0,1,0
2,2019,11,7,3,6,4,0,1,0,1,0,0,0,0,0,0,0,0
12,2019,1,13,3,2,6,0,0,1,0,0,0,0,0,0,0,1,0
10,2021,7,15,2,6,2,0,0,1,1,0,0,0,0,0,1,2,0
1,2020,2,6,2,5,2,2,1,1,0,0,0,0,0,0,0,1,0
5,2019,8,8,5,5,3,0,1,1,0,0,0,0,0,0,0,0,0
5,2021,10,11,7,6,2,0,0,1,1,0,0,0,0,0,1,1,1
2,2018,4,17,1,1,5,0,1,1,0,0,0,0,0,0,0,1,0
12,2019,7,11,3,2,6,0,0,1,0,0,0,0,0,0,0,2,0
7,2021,12,18,4,5,7,2,1,1,0,0,0,0,0,1,2,1,0
7,2018,11,17,2,2,6,2,0,1,0,0,0,0,0,0,0,0,0
4,2019,12,19,7,6,6,2,1,0,1,0,0,0,1,0,0,1,0
9,2019,1,8,6,1,5,1,0,1,0,0,0,0,1,0,0,1,0
12,2021,5,14,4,3,6,0,0,1,0,1,0,0,0,1,2,1,0
12,2021,8,7,1,5,3,0,0,1,0,0,0,1,1,0,1,1,0
2,2019,8,23,7,5,3,2,0,1,0,0,0,0,0,0,0,0,0
8,2021,3,12,6,5,2,0,1,1,0,0,0,0,0,0,2,0,0
1,2019,3,19,7,2,2,2,0,1,0,0,0,0,0,0,0,0,0
1,2019,6,18,5,5,3,0,1,1,0,0,0,0,0,0,0,1,0
11,2018,8,8,4,0,3,0,0,1,0,0,0,1,0,0,0,1,0
1,2018,4,6,5,1,5,0,1,1,0,0,0,0,1,0,0,1,0
3,2018,10,8,4,6,4,0,0,0,1,1,0,0,1,0,0,1,0
10,2019,8,11,3,0,7,0,1,0,0,0,0,0,0,0,0,0,1
3,2019,1,23,7,2,6,2,0,1,0,0,0,0,0,0,0,1,0
1,2020,1,19,3,5,3,2,1,1,0,0,0,0,0,0,0,1,0
2,2021,4,6,6,6,4,0,1,0,1,0,0,0,0,1,2,1,0
2,2021,3,12,5,5,2,0,1,0,0,0,0,1,0,0,2,0,0
3,2018,4,13,5,5,3,0,0,1,0,0,0,0,0,0,0,1,0
1,2020,6,17,2,1,5,0,1,1,0,0,0,0,0,0,1,1,0
3,2019,5,9,2,5,2,0,1,1,0,0,0,0,0,0,0,0,0
1,2021,5,15,4,2,6,0,0,0,0,1,0,1,0,1,2,1,1
7,2018,11,15,2,6,6,1,0,0,1,0,1,0,0,0,0,0,0
9,2021,6,15,4,1,5,0,0,1,0,0,0,0,1,0,1,1,0
8,2018,1,16,7,6,4,2,0,1,1,0,0,0,0,0,0,0,1
4,2019,5,10,2,2,6,0,0,1,0,0,0,0,0,0,0,0,1