BEZ,UJAHR,UMONAT,USTUNDE,UWOCHENTAG,UART,UTYP1,ULICHTVERH,IstRad,IstPKW,IstFuss,IstKrad,IstGkfz,IstSonstige,USTRZUSTAND,LOCKDOWN,COVID,FERIEN,UKATEGORIE
4,2018,12,16,7,2,2,1,0,1,0,0,0,0,0,0,0,1,0
12,2020,5,17,2,5,2,0,1,0,0,0,0,1,0,1,1,0,0
9,2020,4,17,4,5,3,0,0,1,0,0,0,0,1,1,2,1,0
4,2019,3,9,2,2,6,0,0,1,0,0,0,0,1,0,0,0,0
8,2018,8,17,6,2,6,0,0,1,0,0,0,1,0,0,0,1,0
6,2019,1,16,4,5,3,2,1,0,0,0,0,1,1,0,0,1,0
1,2019,4,14,5,5,7,0,0,1,0,1,0,0,0,0,0,1,0
1,2021,11,8,5,0,2,0,1,1,0,0,0,0,0,0,2,0,0
4,2020,1,18,4,0,3,2,0,1,0,1,0,0,1,0,0,1,1
7,2020,9,18,5,5,3,1,0,1,0,0,0,0,0,0,1,0,0
8,2018,1,3,7,6,2,2,0,0,1,0,0,1,1,0,0,0,0
12,2021,2,11,2,8,1,0,0,1,0,0,0,0,2,1,2,1,0
1,2021,6,16,6,6,4,0,0,1,1,0,0,0,0,0,1,1,0
1,2018,2,9,5,3,6,0,1,0,0,0,1,0,0,0,0,1,0
8,2018,4,14,3,5,7,0,0,1,0,1,0,0,0,0,0,1,0
3,2020,11,13,4,5,3,0,0,1,0,0,0,0,0,1,2,0,1
3,2021,10,15,3,3,6,0,1,0,0,0,0,0,0,0,1,1,0
3,2021,11,15,4,6,4,0,0,1,1,0,0,0,0,0,2,0,0
10,2020,11,11,4,6,4,0,0,1,1,0,0,0,0,1,2,0,0
6,2019,1,20,7,6,2,2,0,1,1,0,0,0,1,0,0,1,0
8,2020,8,23,4,1,1,2,1,1,0,0,0,0,0,0,1,1,0
2,2020,4,17,1,0,7,0,1,0,1,0,0,0,0,1,2,1,0
11,2020,11,19,4,2,2,2,0,1,0,1,0,0,0,1,2,0,0
5,2020,7,13,6,2,6,0,0,1,0,0,0,0,0,0,1,2,0
4,2018,9,13,2,2,6,0,0,1,0,1,0,0,0,0,0,0,0
2,2021,10,15,6,0,7,0,1,0,0,0,0,0,0,0,1,1,1
6,2021,6,12,6,1,5,0,0,1,0,0,0,1,0,0,1,1,0
4,2018,3,5,3,5,2,2,0,1,0,0,0,0,1,0,0,1,1
4,2020,5,13,2,5,3,0,1,1,0,0,0,0,0,1,1,0,0
10,2020,8,22,3,6,4,2,0,1,1,0,0,0,0,0,1,1,1
5,2021,6,18,4,1,1,0,0,1,0,1,0,0,0,0,1,1,0
10,2021,12,18,2,5,3,2,1,1,0,0,0,0,0,1,2,1,0
9,2018,8,17,1,1,5,0,1,1,0,0,0,0,0,0,0,1,0
2,2019,4,15,1,6,7,0,1,0,1,0,0,0,0,0,0,1,0
8,2019,9,16,1,0,7,0,0,0,1,0,0,1,0,0,0,0,0
3,2019,4,8,4,5,3,0,0,1,0,0,0,0,0,0,0,1,0
3,2019,6,18,7,5,3,0,0,1,0,0,0,0,0,0,0,1,1
1,2020,4,12,4,0,3,0,0,1,0,0,0,1,0,1,2,1,0
5,2019,9,16,2,6,2,0,0,1,1,0,0,0,1,0,0,0,1
7,2020,3,9,4,2,6,0,0,1,0,0,1,0,0,1,1,0,0
10,2020,9,7,6,0,6,0,0,1,0,0,0,1,0,0,1,0,0
9,2019,5,22,7,5,2,2,0,1,0,1,0,0,0,0,0,0,0
6,2021,7,13,3,6,4,0,0,1,1,0,0,0,0,0,1,2,0
2,2019,11,15,6,2,6,0,1,0,0,0,0,0,0,0,0,0,0
1,2018,7,13,3,4,5,0,0,1,0,1,0,0,0,0,0,2,0
4,2019,3,21,3,6,2,2,1,0,1,0,0,0,0,0,0,0,0
1,2018,11,19,2,1,5,2,1,0,0,0,0,1,0,0,0,0,0
2,2019,11,10,6,2,2,0,1,1,0,0,0,0,0,0,0,0,0
1,2018,2,19,5,6,7,2,0,1,1,0,0,0,0,0,0,1,0
1,2018,11,3,7,5,3,2,0,1,0,0,0,0,1,0,0,0,0
6,2019,8,19,2,1,5,2,1,0,0,0,0,1,1,0,0,0,0
1,2018,10,14,4,6,7,0,1,0,1,0,0,0,0,0,0,1,0
2,2018,7,8,5,2,6,0,0,1,0,0,1,0,1,0,0,2,0
1,2018,12,5,5,5,2,2,1,1,0,0,0,0,0,0,0,1,0
5,2021,10,15,6,2,6,0,0,1,0,0,0,0,0,0,1,1,0
8,2019,1,7,3,2,6,0,0,1,0,0,0,0,0,0,0,1,0
3,2018,6,9,5,5,3,0,1,1,0,0,0,0,0,0,0,0,1
12,2019,1,10,6,5,7,0,0,1,1,0,0,0,1,0,0,1,1
3,2020,5,14,6,2,6,0,0,1,0,0,0,0,0,1,1,0,0
8,2019,8,20,1,5,3,1,0,1,0,0,0,0,0,0,0,0,1
7,2021,5,14,2,5,2,0,1,1,0,0,0,0,0,1,2,1,0
4,2018,8,20,6,1,1,2,0,1,0,1,0,0,0,0,0,1,0
2,2021,6,8,3,5,3,0,0,1,0,0,0,0,0,0,1,1,0
8,2018,9,14,3,5,2,0,0,1,0,0,0,0,0,0,0,0,0
4,2021,7,9,4,3,6,0,1,0,0,0,1,0,0,0,1,2,0
3,2020,8,7,3,0,1,0,1,0,0,0,0,0,0,0,1,1,1
4,2018,8,10,3,2,6,0,0,1,0,0,0,0,0,0,0,1,0
10,2018,4,13,3,2,6,0,0,1,0,0,0,0,0,0,0,1,0
1,2018,5,17,3,6,4,0,0,1,1,0,0,0,0,0,0,0,0
3,2021,6,14,2,5,3,0,1,0,0,0,0,0,0,0,1,1,0
2,2020,4,18,1,3,6,0,0,1,0,1,0,0,0,1,2,1,0
4,2019,11,18,2,2,7,2,0,1,0,0,0,0,1,0,0,0,0
10,2020,11,7,3,5,3,2,1,1,0,0,0,0,0,1,2,0,1
3,2020,2,15,2,5,2,0,1,1,0,0,0,0,0,0,0,1,0
9,2019,4,12,5,0,3,0,1,1,0,0,0,0,0,0,0,1,0
1,2020,12,17,2,3,6,2,0,1,0,0,0,0,1,1,2,1,0
1,2019,3,4,4,6,2,2,0,1,1,0,0,0,0,0,0,0,0
10,2018,7,8,6,5,3,0,1,0,0,0,0,1,0,0,0,2,0
1,2021,9,8,2,1,2,0,0,1,0,1,0,0,0,0,1,0,0
12,2019,8,15,3,0,1,0,0,0,0,1,0,0,1,0,0,0,0
2,2019,10,10,4,6,4,0,0,1,1,0,0,0,1,0,0,1,0
7,2019,5,15,6,2,6,0,0,1,0,0,0,0,0,0,0,0,0
4,2020,2,17,3,2,6,0,0,1,0,0,0,0,0,0,0,1,0
7,2021,5,10,7,3,6,0,0,1,0,1,0,0,0,1,2,1,0
5,2018,8,13,6,2,2,0,1,1,0,0,0,0,0,0,0,1,1
3,2018,8,8,5,1,5,0,1,1,0,0,0,0,0,0,0,1,0
1,2018,9,7,6,5,3,0,1,1,0,0,0,0,0,0,0,0,0
7,2018,11,2,2,2,1,2,0,1,0,0,0,1,0,0,0,0,0
2,2020,5,9,2,0,2,0,1,1,0,0,0,0,1,1,1,0,0
3,2020,9,16,5,2,6,0,0,1,0,1,0,0,0,0,1,0,0
8,2018,1,20,3,1,1,2,0,1,0,0,0,0,1,0,0,0,0
5,2019,5,11,2,5,2,0,1,1,0,0,0,0,0,0,0,0,0
2,2021,1,15,4,6,4,1,0,1,1,0,0,0,1,1,2,0,1
9,2021,6,13,5,0,1,0,1,0,0,0,0,0,0,0,1,1,0
6,2021,6,7,3,3,7,0,1,0,0,0,0,0,0,0,1,1,0
5,2019,10,14,2,2,2,0,0,1,0,0,0,0,0,0,0,1,0
1,2020,8,10,1,5,2,0,0,1,0,1,0,0,0,0,1,1,0
6,2018,8,9,3,1,5,0,1,1,0,0,0,0,0,0,0,1,0
12,2018,8,14,3,5,2,0,0,1,0,0,0,0,0,0,0,1,0
6,2019,7,18,7,5,3,0,1,1,0,0,0,0,0,0,0,2,0
5,2020,3,11,2,0,3,0,0,1,0,1,0,0,0,1,1,0,0
5,2021,5,13,2,0,1,0,1,0,0,0,0,0,0,1,2,1,0
2,2018,12,13,1,1,5,1,1,1,0,0,0,0,1,0,0,1,1
2,2020,5,15,3,5,2,0,0,1,0,1,0,0,0,1,1,0,0
1,2018,2,20,1,5,3,2,0,1,0,0,0,0,1,0,0,1,0
4,2018,11,13,7,5,3,0,1,1,0,0,0,0,0,0,0,0,1
1,2020,4,16,1,2,6,0,0,1,0,0,0,0,0,1,2,1,0
2,2020,10,0,2,0,6,2,0,1,0,0,0,0,0,1,1,1,0
6,2021,12,15,6,5,2,1,1,1,0,0,0,0,1,1,2,1,0
4,2019,1,17,5,2,1,1,0,1,0,0,0,0,1,0,0,1,0
1,2021,11,23,4,8,1,2,0,0,0,0,0,1,0,0,2,0,0
3,2019,9,6,5,5,2,1,1,0,0,0,1,0,0,0,0,0,0
3,2020,4,13,1,5,3,0,0,1,0,0,0,0,0,1,2,1,0
3,2018,1,17,5,6,2,2,0,1,1,0,0,0,1,0,0,0,1
2,2020,12,3,1,5,2,2,0,1,0,0,0,0,0,1,2,1,0
1,2021,5,13,6,5,2,0,1,1,0,0,0,0,0,1,2,1,0
9,2020,5,12,1,5,7,0,1,1,0,0,0,0,0,1,1,0,0
4,2021,11,12,2,2,6,0,0,0,0,1,0,1,0,0,2,0,0
6,2019,7,23,5,5,3,2,0,1,0,1,0,0,0,0,0,2,0
2,2019,5,22,4,3,6,2,0,1,0,1,0,0,0,0,0,0,0
1,2018,8,21,3,6,4,2,1,0,1,0,0,0,0,0,0,1,0
1,2019,10,8,5,1,7,0,0,1,0,0,0,0,1,0,0,1,0
12,2019,11,11,6,5,2,0,0,1,0,0,0,0,0,0,0,0,0
11,2019,9,15,3,0,1,0,0,0,0,1,0,0,1,0,0,0,0
1,2020,11,8,2,0,1,1,1,0,0,0,0,0,0,1,2,0,0
5,2020,5,12,1,3,6,0,0,1,0,0,0,0,0,1,1,0,0
12,2018,12,17,6,6,6,2,0,1,1,0,0,0,1,0,0,1,0
2,2019,5,9,5,5,3,0,0,1,0,1,0,0,1,0,0,0,0
4,2019,4,10,3,2,6,0,0,1,0,0,0,0,0,0,0,1,0
4,2019,12,9,2,5,2,0,0,1,0,1,0,0,1,0,0,1,0
7,2018,1,17,2,6,7,2,0,1,1,0,0,0,0,0,0,0,0
2,2018,1,8,4,5,7,0,0,1,0,0,0,1,1,0,0,0,0
1,2021,7,2,5,1,1,2,0,1,0,0,0,1,0,0,1,2,0
2,2020,7,15,4,2,6,0,0,1,0,0,0,1,1,0,1,2,0
5,2021,9,13,4,0,5,0,0,1,0,0,0,0,0,0,1,0,0
11,2019,11,13,6,6,7,0,0,1,1,0,0,0,0,0,0,0,0
4,2019,7,17,7,5,2,0,0,1,0,0,0,0,0,0,0,2,0
6,2021,9,18,5,6,4,0,0,1,1,0,0,0,0,0,1,0,1
12,2018,11,15,5,5,3,1,0,1,0,0,0,0,0,0,0,0,0
1,2018,8,20,5,2,6,0,0,1,0,0,0,0,0,0,0,1,0
1,2018,2,17,2,2,6,2,0,1,0,0,0,0,1,0,0,1,0
1,2018,3,13,1,9,1,0,0,1,0,0,0,0,0,0,0,1,1
12,2020,5,14,6,1,5,0,0,1,0,1,0,0,0,1,1,0,0
1,2018,3,9,4,5,2,0,1,1,0,0,0,0,1,0,0,1,0
7,2019,10,20,6,2,6,2,0,1,0,0,0,0,0,0,0,1,0
2,2020,2,21,5,2,6,2,0,1,0,0,0,0,0,0,0,1,0
5,2018,11,10,2,2,5,0,0,1,0,0,0,0,0,0,0,0,0
8,2020,4,18,2,5,3,0,0,1,0,0,0,0,0,1,2,1,0
6,2021,8,14,5,0,5,0,0,1,0,0,0,0,0,0,1,1,0
1,2020,10,13,7,0,1,0,1,0,0,0,0,0,1,1,1,1,0
1,2021,1,7,6,6,4,2,0,1,1,0,0,0,0,1,2,0,0
3,2018,3,8,4,0,1,0,0,0,0,0,0,1,1,0,0,1,1
3,2020,8,13,1,0,1,0,0,1,0,0,0,0,1,0,1,1,0
4,2019,5,11,3,4,6,0,0,1,0,0,1,0,0,0,0,0,0
3,2021,11,12,3,0,6,0,0,0,0,0,0,1,0,0,2,0,0
4,2020,11,8,4,1,5,0,1,1,0,0,0,0,0,1,2,0,0
2,2021,11,3,1,0,1,2,1,0,0,0,0,0,0,0,2,0,1
2,2018,7,9,3,5,2,0,1,0,0,0,0,1,0,0,0,2,0
6,2019,9,7,3,6,4,0,0,1,1,0,0,0,0,0,0,0,1
2,2018,5,20,4,2,7,0,1,1,0,0,0,0,0,0,0,0,0
4,2019,11,10,2,5,2,0,1,1,0,0,0,0,1,0,0,0,0
12,2020,8,10,5,4,6,0,0,1,0,0,0,0,0,0,1,1,0
5,2021,10,7,4,5,2,0,1,1,0,0,0,0,1,0,1,1,0
12,2021,10,16,6,5,3,0,1,1,0,0,0,0,0,0,1,1,0
1,2018,9,20,6,5,3,2,0,1,0,1,0,0,1,0,0,0,0
7,2021,3,4,1,1,1,2,0,1,0,0,0,0,0,0,2,0,0
2,2020,10,18,3,3,6,2,1,1,0,0,0,0,0,1,1,1,0
4,2020,11,14,7,2,6,0,0,1,0,0,0,0,0,1,2,0,0
4,2019,5,14,4,2,6,0,0,1,0,0,0,0,0,0,0,0,0
6,2020,4,13,1,5,2,0,1,1,0,0,0,0,0,1,2,1,0
11,2021,5,8,3,2,2,0,0,1,0,0,0,0,0,1,2,1,0
9,2019,6,19,2,0,1,0,1,0,0,0,0,0,1,0,0,1,1
7,2018,10,16,3,0,3,2,0,1,0,1,0,0,1,0,0,1,0
8,2018,4,18,7,6,2,0,0,0,1,0,0,1,0,0,0,1,0
7,2020,9,14,4,3,6,0,0,0,0,1,0,1,0,0,1,0,0
9,2018,4,18,7,5,2,0,1,1,0,0,0,0,0,0,0,1,0
1,2021,4,17,5,5,2,0,0,1,0,0,0,0,0,1,2,1,0
1,2021,4,12,7,2,6,0,0,1,0,0,0,0,0,1,2,1,0
3,2020,1,14,7,2,6,0,0,1,0,0,0,0,1,0,0,1,0
5,2018,5,9,4,2,2,0,0,1,0,0,0,0,0,0,0,0,0
4,2020,9,17,3,3,6,0,0,0,0,0,0,1,0,0,1,0,0
6,2021,6,16,7,1,7,0,0,1,0,0,0,0,0,0,1,1,1
5,2019,9,18,5,5,3,0,1,1,0,0,0,0,0,0,0,0,1
7,2021,8,15,3,2,6,0,0,0,0,1,0,1,0,0,1,1,0
4,2021,10,18,7,5,2,1,1,1,0,0,0,0,0,0,1,1,0
4,2020,9,7,4,2,6,0,0,1,0,0,0,0,0,0,1,0,0
9,2021,12,9,2,2,6,0,0,1,0,0,1,0,1,1,2,1,0
4,2020,10,21,7,0,1,2,0,0,0,1,0,0,0,1,1,1,1
9,2018,11,6,3,0,2,2,1,1,0,0,0,0,0,0,0,0,0
8,2020,8,14,7,2,6,0,0,1,0,0,0,0,0,0,1,1,0
5,2021,3,18,6,1,6,1,0,1,0,1,0,1,0,0,2,0,0
6,2020,6,17,2,8,1,0,1,0,0,0,0,0,0,0,1,1,0
1,2019,4,10,5,5,2,0,1,1,0,0,0,0,0,0,0,1,0
9,2020,9,8,5,5,2,0,0,1,0,0,0,0,0,0,1,0,0
10,2020,5,16,6,6,4,0,0,1,1,0,0,0,0,1,1,0,1
3,2020,7,23,2,1,5,2,1,1,0,0,0,0,1,0,1,2,1
4,2018,1,13,7,5,2,0,1,1,0,0,0,0,0,0,0,0,0
10,2020,7,6,2,5,3,0,1,0,0,0,0,1,0,0,1,2,0
6,2021,12,13,4,5,7,0,1,0,0,0,0,1,0,1,2,1,0
2,2020,12,2,2,3,6,2,1,0,0,0,0,0,0,1,2,1,0
6,2019,3,16,4,2,6,0,0,1,0,0,0,0,0,0,0,0,0
9,2020,11,8,4,0,1,0,0,0,0,1,0,0,1,1,2,0,0
7,2020,8,7,2,2,2,0,0,1,0,0,0,0,0,0,1,1,0
1,2018,3,13,3,3,6,0,0,1,0,0,0,0,0,0,0,1,0
11,2020,10,7,4,5,2,0,0,1,0,0,0,1,1,1,1,1,1
7,2021,6,8,4,5,2,0,0,1,0,0,0,0,0,0,1,1,0
12,2019,12,11,1,5,2,0,0,1,0,0,0,0,1,0,0,1,0
11,2019,3,8,1,5,3,0,0,1,0,1,0,0,0,0,0,0,0
4,2019,9,18,2,2,6,0,0,1,0,0,0,0,1,0,0,0,0
9,2019,11,17,2,2,6,2,0,1,0,0,1,0,0,0,0,0,0
1,2019,3,17,4,5,2,0,1,1,0,0,0,0,0,0,0,0,0
2,2019,11,9,6,6,7,0,1,0,1,0,0,0,0,0,0,0,0
5,2019,1,20,2,6,7,2,0,1,1,0,0,0,1,0,0,1,0
2,2018,9,14,7,0,1,0,0,0,0,1,0,0,0,0,0,0,1
4,2021,11,17,5,1,5,2,1,1,0,0,0,0,1,0,2,0,0
6,2020,11,17,7,2,6,2,0,1,0,0,0,0,0,1,2,0,0
1,2018,4,15,6,6,4,0,0,1,1,0,0,0,0,0,0,1,1
4,2020,3,16,5,0,4,0,0,1,1,0,0,0,0,1,1,0,0
9,2018,8,13,5,2,6,0,0,1,0,1,0,0,0,0,0,1,0
6,2018,8,12,4,5,2,0,1,1,0,0,0,0,0,0,0,1,1
10,2020,4,11,5,3,6,0,0,0,0,0,1,1,0,1,2,1,0
1,2021,10,1,5,8,1,2,0,1,0,0,0,0,0,0,1,1,0
6,2021,3,12,7,5,2,0,0,1,0,0,0,0,0,0,2,0,0
6,2018,3,18,7,6,3,2,0,1,1,0,0,0,0,0,0,1,0
8,2020,6,14,7,0,7,0,1,0,0,0,0,0,0,0,1,1,0
2,2019,11,21,6,5,3,2,1,1,0,0,0,0,1,0,0,0,0
4,2020,9,8,3,2,6,0,1,1,0,0,0,0,0,0,1,0,0
11,2019,9,10,4,4,2,0,1,0,0,0,0,1,0,0,0,0,1
7,2018,5,10,4,5,7,0,1,1,0,0,0,0,0,0,0,0,0
1,2019,4,9,3,2,2,0,0,1,0,0,0,0,0,0,0,1,0
8,2018,9,21,1,5,3,2,1,1,0,0,0,0,0,0,0,0,0
4,2018,9,14,5,5,3,0,0,1,0,0,0,0,0,0,0,0,0
8,2020,7,14,2,6,4,0,0,1,1,0,0,0,0,0,1,2,0
11,2020,10,14,2,6,7,0,0,0,1,0,1,0,0,1,1,1,1
1,2019,5,15,5,5,3,0,0,1,0,0,0,0,0,0,0,0,0
12,2021,8,9,5,0,1,0,1,1,0,0,0,0,0,0,1,1,0
1,2019,7,16,3,1,5,0,1,1,0,0,0,0,0,0,0,2,0
5,2019,12,18,2,5,3,2,0,1,0,0,0,1,0,0,0,1,0
6,2018,8,18,7,2,6,0,0,1,0,1,0,0,0,0,0,1,0
3,2018,2,10,2,1,7,0,0,1,0,0,0,0,1,0,0,1,1
7,2018,10,10,4,3,6,0,0,1,0,1,0,0,1,0,0,1,0
3,2020,1,12,6,2,1,0,0,1,0,1,0,0,0,0,0,1,0
12,2020,10,20,4,1,5,2,1,1,0,0,0,0,1,1,1,1,0
3,2018,9,13,1,5,3,0,0,1,0,0,0,1,0,0,0,0,0
12,2020,1,15,6,2,7,0,0,0,0,1,0,1,0,0,0,1,0
8,2019,4,12,3,0,7,0,0,1,0,0,0,0,0,0,0,1,0
7,2021,5,15,3,5,3,0,0,1,0,0,0,0,0,1,2,1,0
1,2018,10,18,3,5,2,2,0,1,0,1,0,0,1,0,0,1,1
4,2018,4,8,3,5,2,0,0,1,0,0,0,0,0,0,0,1,0
6,2020,1,20,6,5,3,2,1,1,0,0,0,0,1,0,0,1,1
1,2021,3,15,5,1,5,0,1,1,0,0,0,0,0,0,2,0,0
4,2020,8,17,2,2,6,0,0,1,0,1,0,0,1,0,1,1,0
4,2019,6,18,4,5,3,0,1,1,0,0,0,0,1,0,0,1,0
4,2018,1,8,6,5,2,1,1,0,0,0,1,0,1,0,0,0,1
7,2018,8,20,5,2,2,0,0,1,0,1,0,0,0,0,0,1,0
1,2021,10,22,1,6,4,2,0,1,1,0,0,0,1,0,1,1,0
8,2019,8,8,4,6,4,0,1,0,1,0,0,0,0,0,0,0,0
9,2020,2,7,2,2,7,0,0,1,0,0,1,0,1,0,0,1,0
7,2019,6,15,2,6,4,0,0,0,1,0,0,1,0,0,0,1,0
1,2021,12,10,3,5,3,0,0,1,0,0,0,0,0,1,2,1,0
6,2021,11,15,2,5,2,0,1,0,0,0,1,0,1,0,2,0,0
6,2018,9,8,7,1,5,0,1,1,0,0,0,0,0,0,0,0,0
2,2021,10,7,6,1,5,2,1,1,0,0,0,0,0,0,1,1,0
12,2019,1,19,2,6,2,2,0,1,1,0,0,0,1,0,0,1,0
3,2021,3,15,2,2,6,0,1,1,0,0,0,0,0,0,2,0,0
2,2020,6,14,3,3,6,0,1,1,0,0,0,0,0,0,1,1,0
3,2019,2,12,7,2,6,0,0,1,0,0,0,0,0,0,0,1,0
7,2018,7,16,6,2,2,0,0,1,0,0,0,0,0,0,0,2,0
1,2019,5,18,7,2,6,0,0,1,0,0,0,0,0,0,0,0,0
10,2021,12,15,1,5,2,1,0,1,0,0,0,0,2,1,2,1,0
8,2020,9,12,2,5,2,0,0,1,0,0,0,1,0,0,1,0,0
1,2021,9,13,5,6,7,0,1,0,1,0,0,0,0,0,1,0,0
4,2021,10,10,3,6,4,0,0,1,1,0,0,0,1,0,1,1,0
7,2019,3,19,1,5,2,2,1,1,0,0,0,0,1,0,0,0,0
10,2019,11,20,3,6,7,2,0,0,1,0,0,1,0,0,0,0,1
4,2021,10,7,3,1,5,1,1,1,0,0,0,0,1,0,1,1,0
6,2018,1,19,5,5,3,2,1,1,0,0,0,0,1,0,0,0,0
2,2021,10,21,2,0,1,2,0,0,0,1,0,0,1,0,1,1,0
9,2019,3,17,6,1,1,0,0,1,0,0,0,1,0,0,0,0,1
12,2018,6,18,7,0,5,0,0,1,0,0,0,1,0,0,0,0,0
9,2019,11,9,5,6,2,0,0,1,1,0,0,0,0,0,0,0,0
7,2019,1,14,1,6,2,0,0,1,1,0,0,0,0,0,0,1,1
7,2020,4,16,5,2,7,0,1,1,0,0,0,0,0,1,2,1,0
2,2021,10,20,7,5,3,2,0,1,0,0,0,0,0,0,1,1,0
12,2020,8,11,2,5,2,0,0,1,0,0,0,0,0,0,1,1,1
6,2020,8,13,5,5,3,0,1,1,0,0,0,0,0,0,1,1,0
1,2020,8,17,4,3,6,0,1,0,0,0,0,1,0,0,1,1,0
9,2018,2,2,6,0,1,2,1,0,0,0,0,0,1,0,0,1,0
1,2018,7,16,1,5,3,0,1,1,0,0,0,0,0,0,0,2,0
4,2021,3,10,6,5,3,0,0,1,0,1,0,0,0,0,2,0,0
5,2019,11,6,6,9,1,2,0,1,0,0,0,0,0,0,0,0,0
1,2020,9,11,6,5,2,0,1,0,0,0,0,1,0,0,1,0,0
4,2020,9,11,2,2,2,0,0,1,0,0,0,0,0,0,1,0,0
4,2018,10,18,4,5,2,2,1,1,0,0,0,0,0,0,0,1,0
6,2020,1,17,5,6,4,2,0,1,1,0,0,0,1,0,0,1,0
1,2019,2,17,5,6,7,1,0,1,1,0,0,0,0,0,0,1,0
12,2018,6,15,4,5,3,0,1,1,0,0,0,0,0,0,0,0,1
2,2020,5,8,4,5,2,0,1,1,0,0,0,0,0,1,1,0,0
7,2019,2,15,6,1,5,0,1,1,0,0,0,0,0,0,0,1,0
1,2019,6,13,5,5,3,0,0,1,0,0,0,0,0,0,0,1,0
5,2019,10,7,5,2,6,0,0,1,0,0,0,1,0,0,0,1,0
4,2020,9,17,4,5,3,0,0,1,0,0,0,0,1,0,1,0,0
1,2021,8,8,5,3,6,0,0,1,0,0,0,1,0,0,1,1,0
10,2021,12,19,2,6,2,2,0,1,1,0,0,0,1,1,2,1,0
10,2021,12,15,5,6,4,0,0,1,1,0,0,0,0,1,2,1,0
3,2021,1,16,7,5,2,2,0,1,0,0,0,1,1,1,2,0,0
8,2019,2,16,4,1,5,0,0,1,0,0,0,0,0,0,0,1,0
1,2020,6,12,2,2,7,0,0,0,0,1,0,1,0,0,1,1,0
5,2018,6,9,3,2,6,0,0,1,0,0,0,0,0,0,0,0,0
12,2021,12,7,4,2,6,1,0,1,0,0,0,0,0,1,2,1,0
6,2021,7,10,4,1,7,0,0,1,0,0,0,0,0,0,1,2,1
9,2021,3,14,6,5,7,0,0,1,0,0,0,1,0,0,2,0,0
1,2021,6,18,2,0,3,0,0,1,0,1,0,0,0,0,1,1,0
10,2021,6,12,6,6,4,0,0,0,1,0,0,1,0,0,1,1,1
9,2020,10,11,2,2,6,0,0,1,0,1,0,0,0,1,1,1,0
3,2021,3,16,5,5,3,0,0,1,0,0,0,0,1,0,2,0,0
4,2021,9,8,2,5,2,0,1,1,0,0,0,0,0,0,1,0,0
4,2021,10,13,7,5,7,0,0,1,0,0,0,0,0,0,1,1,0
12,2021,10,17,3,4,6,0,1,0,0,0,0,0,0,0,1,1,1
8,2020,5,15,6,5,3,0,0,1,0,0,0,0,0,1,1,0,0
5,2021,9,18,1,5,3,0,0,1,0,0,0,0,0,0,1,0,1
11,2019,4,15,2,6,7,0,0,0,1,0,0,1,0,0,0,1,0
11,2018,7,16,3,5,3,0,0,1,0,0,0,0,0,0,0,2,0
6,2018,5,12,4,5,3,0,1,1,0,0,0,0,0,0,0,0,0
6,2018,3,21,5,5,5,2,0,1,0,1,0,0,1,0,0,1,0
7,2018,8,17,6,5,3,0,1,1,0,0,0,0,0,0,0,1,0
1,2019,10,9,6,5,7,0,0,1,0,1,0,0,0,0,0,1,0
9,2021,6,11,3,5,3,0,0,1,0,0,0,0,0,0,1,1,0
9,2020,4,15,1,5,2,0,1,1,0,0,0,0,0,1,2,1,1
11,2020,9,14,7,5,1,0,0,1,0,1,0,0,1,0,1,0,1
3,2019,1,18,7,0,1,2,0,0,0,1,0,0,1,0,0,1,0
2,2020,8,18,4,0,3,0,1,0,1,0,0,0,0,0,1,1,0
3,2021,7,13,1,5,2,0,0,1,0,1,0,0,0,0,1,2,0
2,2021,7,16,6,5,2,0,1,1,0,0,0,0,0,0,1,2,0
3,2021,11,8,4,6,4,0,0,0,1,0,0,1,1,0,2,0,0
4,2019,7,18,4,5,3,0,0,1,0,0,0,0,0,0,0,2,0
3,2019,2,12,6,5,2,0,0,1,0,0,0,1,0,0,0,1,1
9,2019,4,13,2,5,3,0,0,1,0,0,0,0,0,0,0,1,0
3,2019,8,8,5,5,7,0,0,1,0,1,0,0,0,0,0,0,0
4,2021,4,19,3,5,3,0,0,1,0,0,0,0,0,1,2,1,0
12,2021,4,21,2,2,6,2,1,1,0,0,0,0,0,1,2,1,0
9,2021,6,14,2,5,3,0,1,1,0,0,0,0,0,0,1,1,0
1,2020,11,23,7,1,5,2,1,1,0,0,0,0,0,1,2,0,0
8,2020,7,15,3,0,6,0,0,1,0,1,0,0,0,0,1,2,1
1,2021,11,16,4,2,6,2,0,1,0,0,0,0,1,0,2,0,0
11,2020,2,20,4,5,3,2,1,1,0,0,0,0,0,0,0,1,0
9,2020,8,7,1,0,7,0,0,1,1,0,0,0,0,0,1,1,0
11,2019,3,5,1,2,6,2,0,1,0,0,0,0,0,0,0,0,0
10,2020,11,10,2,2,6,0,0,1,0,0,0,0,0,1,2,0,0
4,2019,2,15,7,5,2,0,0,1,0,0,0,0,0,0,0,1,0
6,2021,6,19,6,0,7,0,1,0,0,0,0,0,0,0,1,1,0
7,2018,10,12,4,2,6,0,0,1,0,0,0,0,0,0,0,1,0
12,2021,3,14,7,6,4,0,0,1,1,0,0,0,1,0,2,0,0
4,2018,5,23,5,2,6,2,0,1,0,0,0,0,0,0,0,0,0
10,2019,7,15,3,2,6,0,0,1,0,1,0,0,0,0,0,2,0