BEZ,UJAHR,UMONAT,USTUNDE,UWOCHENTAG,UART,UTYP1,ULICHTVERH,IstRad,IstPKW,IstFuss,IstKrad,IstGkfz,IstSonstige,USTRZUSTAND,LOCKDOWN,COVID,FERIEN,UKATEGORIE
3,2021,2,11,5,2,6,0,0,1,0,0,1,0,2,1,2,1,0
12,2021,6,22,7,1,5,2,0,1,0,0,0,1,0,0,1,1,0
1,2019,5,7,4,5,2,0,1,0,0,0,0,1,0,0,0,0,0
7,2018,1,21,5,5,2,2,0,1,0,0,0,0,1,0,0,0,0
5,2021,3,16,2,2,2,0,0,1,0,0,0,0,0,0,2,0,0
4,2018,11,17,2,6,4,2,0,1,1,0,0,0,0,0,0,0,1
8,2021,5,8,5,6,4,0,1,0,1,0,0,0,0,1,2,1,0
6,2019,10,14,4,2,6,0,0,1,0,0,0,0,0,0,0,1,0
3,2018,9,22,3,5,3,2,1,1,0,0,0,0,0,0,0,0,1
3,2020,2,5,2,3,6,2,0,1,0,0,1,0,1,0,0,1,0
1,2021,5,13,7,1,5,0,1,1,0,0,0,0,0,1,2,1,0
1,2018,4,15,6,0,6,0,0,1,0,1,0,0,0,0,0,1,0
1,2019,6,10,3,2,6,0,1,1,0,0,0,0,0,0,0,1,0
11,2019,8,13,6,2,6,0,0,1,0,0,0,1,0,0,0,0,0
1,2019,5,9,4,5,3,0,1,1,0,0,0,0,0,0,0,0,0
5,2021,5,18,2,0,1,0,1,0,0,0,0,0,0,1,2,1,0
1,2021,5,6,3,1,5,0,0,1,0,1,0,0,0,1,2,1,0
1,2018,8,22,5,0,2,2,0,1,0,0,0,1,0,0,0,1,0
3,2020,9,6,2,2,6,1,0,1,0,0,0,0,0,0,1,0,0
2,2019,10,22,6,5,3,2,0,1,0,0,0,1,0,0,0,1,1
4,2020,11,14,3,5,3,0,0,1,0,0,0,0,0,1,2,0,0
5,2019,1,14,4,5,3,0,0,1,0,0,0,0,0,0,0,1,0
1,2020,2,19,4,2,6,2,0,1,0,0,0,0,1,0,0,1,0
3,2019,9,13,7,5,3,0,0,1,0,0,0,0,0,0,0,0,0
3,2019,8,10,3,2,3,0,0,1,0,1,0,0,0,0,0,0,0
7,2018,9,8,4,2,6,0,0,1,0,0,0,0,0,0,0,0,0
4,2019,8,15,2,5,3,0,1,0,0,0,0,0,0,0,0,0,0
4,2021,6,2,5,9,1,2,0,0,0,1,0,0,0,0,1,1,1
1,2021,8,21,5,6,4,2,0,1,1,0,0,0,0,0,1,1,0
6,2021,6,16,5,3,6,0,0,1,0,0,0,0,0,0,1,1,0
3,2019,1,7,4,5,2,2,1,1,0,0,0,0,1,0,0,1,0
1,2020,7,10,2,0,6,0,1,1,0,0,0,0,0,0,1,2,0
3,2019,8,13,2,5,3,0,1,1,0,0,0,0,0,0,0,0,0
4,2018,9,18,4,5,3,1,0,1,0,0,0,0,0,0,0,0,1
5,2019,12,19,3,5,2,2,1,1,0,0,0,0,0,0,0,1,0
6,2020,7,18,1,5,3,0,0,1,0,1,0,0,0,0,1,2,0
5,2018,5,11,2,2,6,0,0,1,0,0,0,0,0,0,0,0,0
12,2018,12,9,3,2,6,0,0,1,0,0,0,0,0,0,0,1,0
1,2020,8,1,1,3,6,2,0,1,0,0,0,1,0,0,1,1,0
11,2019,6,10,5,5,2,0,0,1,0,0,0,0,0,0,0,1,0
5,2019,11,18,6,5,2,2,1,1,0,0,0,0,0,0,0,0,0
7,2020,8,14,4,2,6,0,0,1,0,0,1,1,0,0,1,1,0
3,2020,12,17,2,5,3,2,0,1,0,0,0,0,0,1,2,1,0
9,2021,6,21,5,5,3,1,1,1,0,0,0,0,0,0,1,1,0
5,2020,5,14,6,5,3,0,1,1,0,0,0,0,0,1,1,0,1
5,2020,8,15,4,4,7,0,0,1,0,0,0,0,0,0,1,1,1
1,2021,7,8,3,0,7,0,1,0,0,0,0,0,0,0,1,2,0
4,2021,12,16,5,2,6,0,0,1,0,0,0,0,0,1,2,1,0
12,2018,11,13,5,5,3,0,1,1,0,0,0,0,0,0,0,0,0
6,2021,8,16,4,5,3,0,0,1,0,0,0,0,0,0,1,1,0
2,2019,2,8,1,1,5,0,0,1,0,0,0,1,0,0,0,1,0
2,2020,9,18,4,5,2,0,1,1,0,0,0,0,0,0,1,0,0
4,2020,1,11,2,5,2,0,0,1,0,0,0,0,0,0,0,1,0
6,2019,9,15,3,2,6,0,0,1,0,0,0,1,0,0,0,0,0
10,2020,6,7,3,1,5,0,1,0,0,0,0,1,0,0,1,1,0
6,2019,8,18,2,6,7,0,1,0,1,0,0,0,0,0,0,0,0
3,2020,8,13,7,5,3,0,0,1,0,0,0,0,0,0,1,1,0
10,2018,4,5,6,5,3,1,1,0,0,0,0,1,0,0,0,1,1
6,2019,2,18,6,3,2,2,1,1,0,0,0,0,1,0,0,1,0
6,2019,6,12,1,2,1,0,0,1,0,0,0,0,0,0,0,1,1
4,2018,4,20,6,2,6,2,0,1,0,1,0,0,1,0,0,1,0
1,2021,3,11,1,9,1,0,0,0,0,1,0,0,0,0,2,0,0
4,2019,9,16,2,6,4,0,0,1,1,0,0,0,1,0,0,0,0
7,2020,5,18,7,0,7,0,1,0,0,0,0,0,0,1,1,0,1
2,2019,10,14,5,3,6,0,0,1,0,1,0,0,0,0,0,1,0
12,2021,11,10,3,1,5,0,1,1,0,0,0,0,1,0,2,0,0
5,2018,3,18,6,6,4,2,0,1,1,0,0,0,0,0,0,1,0
4,2018,11,12,5,5,3,0,1,1,0,0,0,0,0,0,0,0,0
9,2018,6,9,1,5,3,0,0,1,0,0,0,0,0,0,0,0,1
1,2018,9,18,7,5,2,0,0,1,0,0,0,0,0,0,0,0,0
4,2019,6,16,6,5,2,0,1,0,0,1,0,0,0,0,0,1,0
1,2021,9,15,5,6,4,0,0,1,1,0,0,0,0,0,1,0,0
9,2019,9,1,7,2,2,2,0,1,0,0,0,0,0,0,0,0,0
3,2019,1,8,3,3,6,0,0,1,0,0,1,0,0,0,0,1,0
1,2019,11,1,5,0,1,2,0,0,0,0,0,1,0,0,0,0,0
4,2021,12,15,2,5,2,2,0,1,0,0,0,0,0,1,2,1,0
3,2019,5,16,4,5,2,0,1,0,0,0,0,1,0,0,0,0,1
3,2019,1,11,7,5,3,0,0,1,0,0,0,0,1,0,0,1,0
1,2021,9,15,4,2,6,0,0,1,0,0,0,1,1,0,1,0,0
3,2021,7,11,5,6,7,0,0,0,1,0,0,1,0,0,1,2,0
5,2018,6,15,2,5,3,0,0,1,0,0,0,0,0,0,0,0,0
6,2018,10,16,2,0,2,0,1,1,0,0,0,0,1,0,0,1,0
4,2019,6,0,3,1,1,2,0,1,0,0,0,0,0,0,0,1,0
8,2018,7,5,6,5,7,0,1,1,0,0,0,0,0,0,0,2,0
12,2018,11,0,5,8,1,2,0,0,0,1,0,0,0,0,0,0,0
11,2019,8,18,5,5,2,0,1,1,0,0,0,0,0,0,0,0,0
1,2018,9,21,4,5,2,2,0,1,0,0,0,0,0,0,0,0,0
5,2021,1,0,7,9,1,2,0,1,0,0,0,0,1,1,2,0,0
3,2020,8,15,2,5,2,0,1,1,0,0,0,0,0,0,1,1,1
2,2021,5,17,2,5,3,0,1,1,0,0,0,0,0,1,2,1,0
4,2019,8,4,6,1,5,2,1,1,0,0,0,0,0,0,0,0,0
9,2021,2,6,5,5,3,2,0,1,0,0,0,1,1,1,2,1,1
8,2018,3,16,5,2,6,0,0,1,0,0,0,0,1,0,0,1,0
1,2018,8,5,5,1,1,0,0,1,0,0,0,0,0,0,0,1,0
8,2018,10,7,3,6,2,0,0,0,1,0,0,1,1,0,0,1,0
6,2018,4,15,3,2,6,0,1,0,0,0,0,1,0,0,0,1,0
1,2018,11,9,4,6,4,0,0,1,1,0,0,0,0,0,0,0,0
1,2019,10,18,2,0,1,2,0,0,0,1,0,0,1,0,0,1,1
8,2020,3,14,3,2,6,0,0,1,0,0,0,0,0,1,1,0,0
10,2021,8,12,1,0,6,0,0,1,0,1,0,0,0,0,1,1,0
1,2018,10,20,4,0,2,2,1,1,0,0,0,0,0,0,0,1,0
11,2021,11,15,2,2,6,0,0,1,0,0,0,0,0,0,2,0,0
3,2021,7,9,5,3,6,0,1,0,0,0,0,1,0,0,1,2,0
9,2021,8,7,6,2,2,0,1,1,0,0,0,0,0,0,1,1,0
11,2021,9,15,3,5,3,0,1,0,0,1,0,0,0,0,1,0,0
2,2021,6,9,5,0,7,0,0,1,0,0,0,0,1,0,1,1,0
4,2021,10,22,1,6,4,2,0,1,1,0,0,0,0,0,1,1,0
2,2018,7,14,2,0,2,0,1,1,0,0,0,0,0,0,0,2,0
7,2021,6,17,2,2,6,0,0,1,0,0,0,0,0,0,1,1,0
1,2019,8,11,6,5,5,0,0,1,0,0,0,0,0,0,0,0,0
2,2020,6,14,7,2,3,0,1,0,0,1,0,0,0,0,1,1,0
1,2020,3,15,2,6,4,0,0,0,1,0,0,1,0,1,1,0,0
8,2021,5,10,7,2,6,0,0,1,0,0,0,0,0,1,2,1,0
10,2018,8,15,6,2,6,0,0,1,0,0,0,0,0,0,0,1,0
3,2018,9,7,4,5,3,0,1,0,0,0,0,0,0,0,0,0,0
2,2018,8,15,2,0,3,0,1,0,0,0,0,1,1,0,0,1,0
9,2020,6,18,7,5,3,1,1,1,0,0,0,0,1,0,1,1,0
1,2018,2,16,7,6,4,0,0,1,1,0,0,0,0,0,0,1,0
12,2019,2,16,3,5,2,0,0,1,0,0,0,0,0,0,0,1,0
10,2019,7,19,7,3,6,0,0,1,0,1,0,0,0,0,0,2,0
7,2021,6,9,2,6,4,0,0,1,1,0,0,0,0,0,1,1,0
1,2019,9,10,4,2,6,0,0,1,0,0,0,0,1,0,0,0,0
1,2020,7,17,7,5,2,0,1,1,0,0,0,0,0,0,1,2,0
1,2018,12,16,6,6,4,2,0,1,1,0,0,0,1,0,0,1,0
4,2019,6,14,6,5,2,0,1,1,0,0,0,0,0,0,0,1,0
4,2018,7,9,2,0,6,0,0,1,0,1,0,0,0,0,0,2,0
3,2019,8,8,7,1,5,0,1,1,0,0,0,0,0,0,0,0,0
9,2018,10,15,4,5,3,0,0,1,0,0,0,0,0,0,0,1,0
4,2019,2,18,1,2,6,2,0,1,0,0,0,0,0,0,0,1,0
3,2019,8,11,6,5,3,0,1,1,0,0,0,0,0,0,0,0,0
5,2019,5,15,4,1,5,0,1,1,0,0,0,0,0,0,0,0,0
4,2021,8,16,3,5,3,0,0,1,0,0,0,0,0,0,1,1,0
8,2018,9,21,4,5,2,2,0,1,0,0,0,0,0,0,0,0,0
5,2020,7,17,2,0,6,0,0,1,0,0,0,1,0,0,1,2,0
7,2019,9,1,7,5,3,2,0,1,0,0,0,0,0,0,0,0,0
8,2020,10,14,2,5,2,0,0,1,0,0,0,0,0,1,1,1,0
6,2021,3,12,3,5,7,0,0,1,0,1,0,0,0,0,2,0,0
6,2018,2,8,2,5,3,0,1,1,0,0,0,0,2,0,0,1,0
3,2019,4,5,4,2,6,2,0,1,0,0,0,0,0,0,0,1,0
2,2021,2,8,4,0,1,0,0,0,0,1,0,0,1,1,2,1,0
11,2019,2,13,6,6,4,0,0,1,1,0,0,0,0,0,0,1,0
1,2019,4,17,5,5,2,0,0,1,0,1,0,0,0,0,0,1,0
3,2018,3,18,7,0,3,1,1,1,0,0,0,0,0,0,0,1,0
1,2019,10,16,4,0,1,0,0,0,0,0,0,1,1,0,0,1,0
6,2019,3,12,5,1,5,0,0,1,0,0,0,1,1,0,0,0,1
1,2020,5,9,7,5,3,0,0,1,0,0,0,0,0,1,1,0,0
12,2021,9,15,1,5,3,0,1,1,0,0,0,0,0,0,1,0,0
7,2020,7,12,4,3,6,0,0,1,0,1,0,0,1,0,1,2,0
3,2018,5,12,3,5,2,0,0,0,0,1,0,1,0,0,0,0,0
11,2020,4,16,6,5,3,0,1,1,0,0,0,0,0,1,2,1,0
9,2020,6,19,6,0,1,0,1,0,0,0,0,0,1,0,1,1,0
4,2019,5,9,6,5,2,0,1,1,0,0,0,0,0,0,0,0,0
12,2020,7,22,3,0,2,2,0,1,1,0,0,0,1,0,1,2,0
10,2019,2,11,6,5,3,0,1,1,0,0,0,0,0,0,0,1,1
1,2018,5,16,1,6,4,0,1,0,1,0,0,0,0,0,0,0,0
9,2021,9,15,6,6,2,0,0,1,1,0,0,0,1,0,1,0,0
3,2020,5,14,3,5,2,0,1,1,0,0,0,0,0,1,1,0,0
7,2018,10,20,3,2,6,2,0,1,0,0,0,1,1,0,0,1,0
4,2021,12,16,6,5,3,2,0,1,0,0,0,0,1,1,2,1,0
1,2019,6,0,4,0,7,2,1,0,0,0,0,0,0,0,0,1,0
10,2019,12,16,2,2,6,2,0,1,0,0,0,0,1,0,0,1,0
12,2019,8,8,5,3,6,0,0,1,0,0,1,0,0,0,0,0,0
3,2021,4,11,6,5,3,0,0,1,0,0,0,0,0,1,2,1,0
11,2019,12,15,4,2,6,1,0,1,0,0,0,0,0,0,0,1,0
6,2018,2,12,2,5,3,0,0,1,0,0,0,0,0,0,0,1,0
7,2018,7,18,3,5,2,0,1,1,0,0,0,0,0,0,0,2,0
4,2019,10,19,6,5,2,2,1,1,0,0,0,0,1,0,0,1,0
4,2019,12,7,3,5,2,0,0,1,0,0,0,0,1,0,0,1,0
1,2018,12,12,3,6,7,0,0,0,1,1,0,0,0,0,0,1,0
2,2019,8,20,5,1,5,1,1,1,0,0,0,0,0,0,0,0,0
4,2021,12,11,3,2,6,0,0,1,0,0,0,0,0,1,2,1,0
6,2018,1,4,2,6,2,2,0,1,1,0,0,0,1,0,0,0,0
1,2021,7,18,3,5,2,0,1,1,0,0,0,0,0,0,1,2,0
8,2020,6,13,5,0,7,0,1,0,0,0,0,0,0,0,1,1,0
6,2018,11,17,6,5,2,2,0,1,0,0,0,0,0,0,0,0,0
5,2019,5,11,2,0,1,0,0,1,0,1,0,0,0,0,0,0,1
4,2018,12,6,6,6,7,2,0,1,1,0,0,0,1,0,0,1,0
4,2019,1,22,5,9,1,2,0,1,0,0,0,0,1,0,0,1,0
3,2019,10,10,7,5,3,0,0,1,0,0,0,0,0,0,0,1,0
4,2019,11,10,2,6,7,0,0,1,1,0,0,0,1,0,0,0,0
9,2020,4,12,4,5,2,0,1,1,0,0,0,0,0,1,2,1,0
1,2020,12,15,6,0,1,1,1,0,0,0,0,0,1,1,2,1,0
9,2018,12,14,3,2,6,0,0,1,0,0,0,0,1,0,0,1,0
7,2020,2,22,1,5,2,2,0,1,0,0,0,0,1,0,0,1,1
2,2018,5,0,4,0,1,1,1,0,0,0,0,0,0,0,0,0,1
9,2021,6,13,6,5,2,0,1,1,0,0,0,0,0,0,1,1,0
2,2020,10,10,5,6,4,0,1,1,1,0,0,0,0,1,1,1,1
8,2018,5,17,6,5,3,0,1,1,0,0,0,0,0,0,0,0,0
1,2019,10,8,4,2,6,0,1,1,0,0,0,0,0,0,0,1,0
4,2020,5,8,5,2,6,0,0,1,0,0,0,0,0,1,1,0,0
1,2018,5,21,7,0,7,1,1,0,0,0,0,0,0,0,0,0,0
1,2019,11,9,7,5,3,0,0,1,0,0,0,0,1,0,0,0,0
1,2021,6,14,2,1,5,0,1,1,0,0,0,1,0,0,1,1,0
9,2021,1,22,4,7,7,2,0,0,0,1,0,0,0,1,2,0,0
8,2019,4,6,2,5,3,2,0,1,0,0,1,0,0,0,0,1,0
12,2020,8,11,5,5,3,0,0,1,0,0,0,0,0,0,1,1,0
7,2019,5,16,1,2,6,0,1,1,0,0,0,1,0,0,0,0,0
1,2021,9,20,6,5,2,2,1,1,0,0,0,0,0,0,1,0,0
12,2021,4,12,6,6,2,0,0,1,1,0,0,0,0,1,2,1,1
12,2019,6,10,1,5,3,0,0,1,0,0,0,0,0,0,0,1,1
7,2018,7,19,6,5,2,0,1,1,0,0,0,0,0,0,0,2,0
12,2019,10,18,7,6,2,2,0,0,1,0,0,1,0,0,0,1,0
5,2020,10,18,4,0,6,1,0,0,0,1,0,1,1,1,1,1,0
12,2019,11,18,6,6,7,1,0,1,1,0,0,0,0,0,0,0,1
4,2019,1,6,7,5,2,1,0,1,0,0,0,1,0,0,0,1,0
1,2018,6,19,1,5,2,0,1,1,0,0,0,0,0,0,0,0,0
6,2018,8,6,6,5,3,0,0,1,0,0,0,0,0,0,0,1,0
7,2020,12,18,6,6,7,2,0,1,1,0,0,0,0,1,2,1,0
2,2018,5,16,4,3,6,0,1,1,0,0,0,0,0,0,0,0,0
8,2018,10,15,6,2,2,0,0,1,0,0,0,0,0,0,0,1,0
4,2020,1,8,3,5,3,0,0,1,0,0,0,0,1,0,0,1,0
8,2021,6,12,3,0,1,0,1,0,0,0,0,0,0,0,1,1,0
10,2018,5,15,1,5,3,0,0,1,0,0,0,0,1,0,0,0,0
5,2019,12,20,6,6,2,2,0,1,1,0,0,0,1,0,0,1,0
8,2019,3,18,7,6,4,1,0,1,1,0,0,0,1,0,0,0,0
9,2019,5,17,3,0,1,0,1,1,0,0,0,0,0,0,0,0,1
3,2021,4,20,6,6,6,0,1,0,1,0,0,0,0,1,2,1,0
7,2021,6,12,4,5,2,0,0,1,0,0,0,0,0,0,1,1,1
1,2018,9,8,6,1,5,0,1,1,0,0,0,0,1,0,0,0,0
5,2018,9,23,1,5,3,2,0,1,0,0,0,1,0,0,0,0,0
7,2018,10,12,5,3,6,0,0,1,0,0,1,0,0,0,0,1,0
3,2020,1,18,5,1,5,2,1,1,0,0,0,0,0,0,0,1,0
8,2018,7,13,7,5,2,0,0,1,0,1,0,0,0,0,0,2,1
4,2018,7,15,6,6,4,0,0,1,1,0,0,0,0,0,0,2,0
2,2018,3,15,6,6,4,0,0,1,1,0,0,0,0,0,0,1,1
3,2021,1,15,7,5,3,0,0,1,0,0,0,0,1,1,2,0,0
4,2018,2,12,2,5,3,0,0,1,0,0,0,0,0,0,0,1,0
3,2020,10,13,5,4,6,0,0,1,0,0,0,0,1,1,1,1,1
6,2019,4,14,7,1,5,0,1,1,0,0,0,0,0,0,0,1,0
2,2021,8,6,2,5,2,0,1,1,0,0,0,0,0,0,1,1,0
4,2018,10,9,6,6,2,0,0,1,1,0,0,0,0,0,0,1,0
3,2019,9,9,3,5,2,0,1,1,0,0,0,0,0,0,0,0,0
10,2019,6,16,4,2,6,0,0,0,0,1,0,1,0,0,0,1,1
5,2018,2,6,2,5,2,2,1,1,0,0,0,0,1,0,0,1,0
7,2020,1,7,6,0,1,0,1,0,0,0,0,0,1,0,0,1,0
3,2019,3,16,6,2,6,0,0,1,0,1,0,0,0,0,0,0,0
12,2020,5,18,6,5,3,0,0,1,0,0,0,0,0,1,1,0,0
7,2019,3,19,3,2,2,2,0,1,0,0,0,1,0,0,0,0,0
3,2019,1,17,2,2,6,1,1,0,0,0,0,1,1,0,0,1,0
1,2021,5,22,5,5,3,2,0,1,0,0,0,0,0,1,2,1,0
12,2018,6,15,5,1,5,0,1,1,0,0,0,0,0,0,0,0,0
2,2018,9,19,2,6,4,1,0,0,1,1,0,0,0,0,0,0,0
2,2020,8,19,4,5,3,1,1,1,0,0,0,0,1,0,1,1,0
8,2019,4,17,6,5,7,0,0,1,0,0,0,0,0,0,0,1,0
4,2020,9,15,5,2,6,0,0,1,0,0,0,0,0,0,1,0,0
9,2020,6,7,6,0,1,0,1,0,0,0,0,0,1,0,1,1,0
7,2020,10,6,6,5,2,2,0,1,0,0,0,0,1,1,1,1,0
12,2019,9,11,5,3,6,0,0,1,0,0,1,0,0,0,0,0,0
2,2021,7,14,5,1,5,0,1,1,0,0,0,0,0,0,1,2,0
2,2021,11,10,7,5,2,0,0,1,0,0,0,0,0,0,2,0,0
10,2019,8,18,7,5,3,0,0,1,0,0,0,0,0,0,0,0,0
11,2019,3,10,5,5,2,0,1,1,0,0,0,0,0,0,0,0,0
2,2018,6,7,3,2,6,0,1,1,0,0,0,0,0,0,0,0,0
3,2019,11,13,5,7,7,0,1,0,0,0,0,0,0,0,0,0,0
8,2021,5,11,1,6,7,0,0,1,1,0,0,0,0,1,2,1,0
5,2019,5,19,5,5,2,0,0,1,0,0,0,0,1,0,0,0,0
4,2020,12,9,4,0,3,0,0,1,0,1,0,0,0,1,2,1,0
7,2018,5,9,3,5,2,0,1,1,0,0,0,0,0,0,0,0,0
5,2020,11,8,2,5,2,0,1,1,0,0,0,0,1,1,2,0,0
7,2019,12,16,5,5,2,2,0,1,0,1,0,0,1,0,0,1,0
1,2019,1,13,2,2,6,0,0,1,0,0,0,1,0,0,0,1,0
10,2021,9,16,5,0,2,0,1,0,0,0,0,1,0,0,1,0,0
11,2018,3,21,2,2,6,2,0,1,0,0,0,0,1,0,0,1,0
8,2018,7,17,5,5,2,0,1,1,0,0,0,0,0,0,0,2,0
7,2020,2,12,5,0,2,0,0,1,0,0,0,1,1,0,0,1,0
11,2020,11,15,2,5,2,0,1,0,0,0,0,1,0,1,2,0,0
3,2019,7,11,7,5,2,0,0,1,0,0,0,0,0,0,0,2,0
1,2019,5,9,5,5,3,0,1,0,0,0,0,1,0,0,0,0,0
3,2021,3,15,3,6,4,0,0,1,1,0,0,0,0,0,2,0,1
4,2018,7,9,1,0,7,0,0,1,1,0,0,0,0,0,0,2,0
9,2020,7,12,2,1,5,0,1,1,0,0,0,0,0,0,1,2,0
1,2018,12,17,6,5,3,2,1,1,0,0,0,0,1,0,0,1,0
5,2019,8,13,1,2,6,0,0,1,0,0,0,0,0,0,0,0,0
2,2019,11,7,5,6,4,0,1,1,1,0,0,0,1,0,0,0,0
9,2020,7,14,6,2,6,0,0,1,0,0,1,0,1,0,1,2,0
3,2021,2,12,1,5,3,0,0,1,0,0,0,0,0,1,2,1,0
11,2019,11,8,5,0,2,0,1,1,0,0,0,0,0,0,0,0,0
3,2018,6,12,4,0,7,0,1,0,0,0,0,0,0,0,0,0,0
3,2019,4,18,2,5,3,0,1,1,0,0,0,0,0,0,0,1,0
3,2019,8,19,4,6,4,0,1,0,1,0,0,0,0,0,0,0,1
6,2021,9,16,4,5,2,0,1,1,0,0,0,0,0,0,1,0,0
1,2019,2,6,5,6,2,0,0,1,1,0,0,0,1,0,0,1,0
4,2018,5,17,2,5,3,0,1,1,0,0,0,0,0,0,0,0,0
2,2018,4,8,2,0,2,0,1,1,0,0,0,0,1,0,0,1,0
1,2021,11,3,7,2,6,2,0,1,0,0,0,0,0,0,2,0,0
9,2021,9,18,3,2,6,0,1,0,0,0,0,1,0,0,1,0,0
5,2018,12,17,3,2,6,2,0,1,0,0,0,0,1,0,0,1,0
7,2020,7,14,2,0,3,0,0,1,0,1,0,0,0,0,1,2,0
1,2019,1,14,5,2,6,0,0,1,0,0,0,0,0,0,0,1,0
4,2019,9,17,5,1,5,0,0,1,0,1,0,0,0,0,0,0,0
7,2019,7,8,4,5,3,0,1,1,0,0,0,0,0,0,0,2,0
4,2021,5,9,1,9,1,0,1,0,0,0,0,0,0,1,2,1,0
12,2019,12,17,7,0,4,2,0,0,1,0,0,1,0,0,0,1,1
4,2021,7,17,3,1,5,0,0,1,0,0,1,0,0,0,1,2,0
5,2019,2,16,3,5,2,0,0,1,0,0,0,0,0,0,0,1,1
1,2021,11,5,5,6,2,2,0,1,1,0,0,0,1,0,2,0,0
5,2019,6,14,3,0,6,0,1,0,0,0,0,0,0,0,0,1,0
4,2019,12,13,4,0,4,0,1,0,1,0,0,0,0,0,0,1,0
3,2019,2,20,4,6,2,2,0,1,1,0,0,0,1,0,0,1,0
6,2018,3,7,6,5,3,0,1,1,0,0,0,0,1,0,0,1,0
2,2021,12,18,2,2,6,2,0,1,0,0,0,0,0,1,2,1,0
11,2020,8,14,6,5,3,0,1,0,0,0,0,1,0,0,1,1,0
1,2019,4,7,4,5,3,0,1,1,0,0,0,0,0,0,0,1,0
2,2021,6,20,4,5,3,0,1,1,0,0,0,0,0,0,1,1,0
1,2018,8,10,3,0,1,0,0,0,0,1,0,0,0,0,0,1,0
1,2020,10,8,5,5,2,0,1,1,0,0,0,0,1,1,1,1,0
6,2021,5,12,3,5,2,0,1,1,0,0,0,0,0,1,2,1,0
10,2021,6,12,2,2,7,0,1,0,0,0,0,1,0,0,1,1,0
4,2018,4,11,5,3,6,0,0,1,0,1,0,0,0,0,0,1,0
1,2020,6,9,2,0,1,0,1,0,0,0,0,0,0,0,1,1,0
12,2018,12,12,3,6,2,0,0,0,1,0,0,1,1,0,0,1,0
3,2021,7,23,5,1,5,2,1,1,0,0,0,0,0,0,1,2,0
9,2019,12,9,2,1,5,0,0,1,0,0,0,0,0,0,0,1,0
8,2021,4,15,4,5,3,0,1,1,0,0,0,0,0,1,2,1,0
9,2018,7,18,2,5,3,0,1,0,0,1,0,0,0,0,0,2,1
8,2019,3,15,3,5,3,0,1,1,0,0,0,0,1,0,0,0,0
4,2020,1,13,4,2,6,0,0,1,0,0,0,0,0,0,0,1,0
3,2018,5,10,6,5,3,0,1,1,0,0,0,0,0,0,0,0,0
10,2018,12,2,7,0,6,2,0,1,0,0,0,1,1,0,0,1,0
8,2018,9,17,3,5,2,0,0,1,0,0,0,0,0,0,0,0,1
2,2018,9,19,1,5,3,2,0,1,0,0,0,0,1,0,0,0,0
1,2020,1,14,5,1,5,0,1,1,0,0,0,0,0,0,0,1,0
6,2018,11,7,3,1,5,0,1,1,0,0,0,0,0,0,0,0,0
9,2018,11,7,3,5,2,1,1,1,0,0,0,0,0,0,0,0,0
4,2019,6,12,5,1,5,0,0,1,0,1,0,0,0,0,0,1,0
1,2018,7,19,2,2,6,0,0,1,0,1,0,0,0,0,0,2,0
1,2018,6,6,5,5,3,0,1,0,0,0,0,1,0,0,0,0,0
1,2019,6,6,2,5,7,0,0,1,0,0,0,0,0,0,0,1,0
3,2018,12,7,3,6,4,1,0,1,1,0,0,0,1,0,0,1,0
8,2018,11,7,5,1,5,0,1,1,0,0,0,0,0,0,0,0,1
7,2018,11,12,3,2,6,0,0,1,0,0,0,0,0,0,0,0,0
4,2018,11,15,5,5,2,1,1,1,0,0,0,0,0,0,0,0,0
12,2019,9,17,3,9,1,0,0,1,0,0,0,0,0,0,0,0,0
12,2020,4,13,7,0,2,0,0,1,0,0,0,1,0,1,2,1,0
5,2019,5,19,7,5,2,0,0,1,0,0,0,0,1,0,0,0,0
3,2020,11,7,2,0,3,2,0,1,0,1,0,0,1,1,2,0,1
1,2020,5,20,7,1,5,1,1,1,0,0,0,0,0,1,1,0,0
4,2018,2,11,6,5,3,0,1,1,0,0,0,0,0,0,0,1,0
4,2018,10,12,2,9,1,0,0,1,1,0,0,0,0,0,0,1,0
3,2018,7,14,3,2,2,0,0,1,0,0,0,1,0,0,0,2,0
11,2018,11,10,5,5,3,0,0,1,0,0,0,1,0,0,0,0,0
1,2020,2,21,7,0,2,2,1,0,0,0,0,1,0,0,0,1,0
6,2018,3,15,3,5,2,0,0,1,0,0,0,0,0,0,0,1,0
4,2019,2,14,7,2,6,0,0,1,0,0,0,0,0,0,0,1,0
3,2018,6,7,3,5,2,0,0,1,0,0,0,0,0,0,0,0,0
1,2018,5,20,3,2,6,2,0,1,0,0,0,0,1,0,0,0,0
9,2018,5,14,3,5,2,0,1,1,0,0,0,0,0,0,0,0,0
12,2021,4,9,4,3,6,0,0,1,0,0,0,0,0,1,2,1,0
4,2021,8,17,5,5,2,0,1,1,0,0,0,0,0,0,1,1,0
11,2020,7,15,4,0,1,0,0,0,0,1,0,0,1,0,1,2,1
3,2018,6,20,5,5,5,0,1,1,0,0,0,0,0,0,0,0,0
3,2021,10,7,3,6,4,0,0,0,1,0,0,1,1,0,1,1,0
3,2020,6,20,5,5,2,0,0,1,0,0,0,0,1,0,1,1,0
4,2019,8,6,7,8,7,0,0,1,0,0,0,0,1,0,0,0,1
2,2018,1,13,2,5,3,0,1,1,0,0,0,0,2,0,0,0,0