BEZ,UJAHR,UMONAT,USTUNDE,UWOCHENTAG,UART,UTYP1,ULICHTVERH,IstRad,IstPKW,IstFuss,IstKrad,IstGkfz,IstSonstige,USTRZUSTAND,LOCKDOWN,COVID,FERIEN,UKATEGORIE
11,2020,12,15,3,8,1,0,0,1,0,0,0,0,0,1,2,1,0
11,2018,1,17,3,5,2,2,1,1,0,0,0,0,1,0,0,0,0
4,2020,7,18,3,6,7,0,0,0,1,0,0,1,0,0,1,2,0
12,2020,1,17,5,6,4,2,0,1,1,0,0,0,0,0,0,1,0
2,2018,4,14,1,6,4,0,0,1,1,0,0,0,0,0,0,1,0
3,2021,1,10,3,5,3,0,1,1,0,0,0,0,1,1,2,0,0
8,2021,8,15,3,3,6,0,1,1,0,0,0,0,0,0,1,1,0
4,2021,6,2,1,0,1,2,0,1,0,0,0,0,0,0,1,1,1
12,2021,5,13,5,0,1,0,0,0,0,1,0,0,0,1,2,1,1
1,2020,4,13,5,9,1,0,0,0,0,1,0,0,0,1,2,1,1
7,2019,4,10,5,3,6,0,0,1,0,0,0,0,0,0,0,1,0
6,2018,7,12,2,5,2,0,1,0,0,0,0,1,0,0,0,2,0
1,2021,11,7,3,6,2,0,0,1,1,0,0,0,1,0,2,0,0
1,2018,8,14,4,0,2,0,1,1,0,0,0,0,0,0,0,1,1
9,2021,11,7,2,6,4,0,0,0,1,0,0,1,0,0,2,0,1
3,2019,11,14,2,6,4,0,0,1,1,0,0,0,1,0,0,0,0
10,2018,4,16,3,2,6,0,1,1,0,0,0,1,0,0,0,1,0
10,2019,1,13,5,2,6,0,0,1,0,0,0,0,0,0,0,1,0
1,2019,10,8,2,2,6,0,0,1,0,0,0,0,0,0,0,1,0
11,2021,3,11,6,5,2,0,1,0,0,0,0,1,0,0,2,0,0
1,2019,6,17,5,2,6,0,1,0,0,0,0,0,0,0,0,1,1
8,2018,3,7,2,5,3,0,0,1,0,0,0,1,2,0,0,1,1
3,2018,3,12,4,6,2,0,0,1,1,0,0,0,1,0,0,1,0
1,2019,4,15,3,3,6,0,1,1,0,0,0,0,0,0,0,1,0
1,2021,5,1,1,9,1,2,0,0,0,1,0,0,0,1,2,1,0
2,2020,9,17,5,6,4,0,0,1,1,0,0,0,0,0,1,0,0
5,2021,11,18,5,5,2,2,0,1,0,0,0,1,1,0,2,0,0
5,2018,1,17,2,5,2,2,1,0,0,0,0,1,1,0,0,0,0
4,2020,4,10,3,5,3,0,1,0,0,1,0,0,0,1,2,1,0
1,2019,3,18,1,3,6,0,0,1,0,1,0,0,0,0,0,0,0
1,2021,12,12,4,2,6,0,0,1,0,0,0,0,0,1,2,1,0
6,2019,1,7,6,0,1,1,1,0,0,0,0,0,1,0,0,1,0
10,2019,2,20,5,5,3,2,0,1,0,0,0,0,0,0,0,1,0
10,2018,10,12,4,5,3,0,1,1,0,0,0,0,0,0,0,1,0
11,2021,11,23,3,1,5,2,0,1,0,0,0,0,1,0,2,0,0
11,2020,5,13,6,5,3,0,1,1,0,0,0,0,0,1,1,0,0
12,2020,9,14,5,5,3,0,0,1,0,0,0,0,0,0,1,0,1
4,2019,10,20,2,5,3,2,0,1,0,0,0,0,1,0,0,1,0
6,2020,7,18,2,5,2,0,1,1,0,0,0,0,0,0,1,2,0
8,2021,12,12,4,5,3,0,0,1,0,0,0,0,0,1,2,1,0
1,2020,7,17,5,6,4,0,1,0,1,0,0,0,0,0,1,2,0
4,2021,10,15,6,5,2,0,0,1,0,0,0,1,0,0,1,1,1
1,2020,7,13,6,2,6,0,0,1,0,0,0,0,1,0,1,2,0
6,2020,2,18,4,6,4,2,0,1,1,0,0,0,1,0,0,1,0
4,2019,2,19,6,6,7,2,0,1,1,0,0,0,0,0,0,1,0
7,2021,9,11,7,3,6,0,0,1,0,0,0,1,0,0,1,0,0
10,2019,12,16,6,2,6,1,0,1,0,0,0,0,1,0,0,1,0
9,2019,3,18,4,5,3,1,1,1,0,0,0,0,0,0,0,0,0
4,2019,3,8,5,5,2,0,1,1,0,0,0,0,1,0,0,0,0
9,2020,5,14,6,5,3,0,0,1,0,0,0,0,0,1,1,0,0
5,2021,7,18,5,1,5,0,1,1,0,0,0,0,0,0,1,2,0
4,2019,12,6,4,6,2,2,0,1,1,0,0,0,0,0,0,1,0
7,2020,9,19,1,5,2,0,1,1,0,0,0,0,0,0,1,0,1
3,2018,5,10,4,3,6,0,1,0,0,0,1,0,0,0,0,0,0
9,2021,5,7,4,0,1,0,1,0,0,0,0,0,0,1,2,1,1
10,2020,6,7,5,5,2,0,0,1,0,1,0,0,0,0,1,1,0
1,2018,6,10,3,3,6,0,0,1,0,1,0,0,0,0,0,0,0
2,2020,12,16,3,7,7,2,0,0,0,1,0,0,1,1,2,1,1
3,2019,6,11,6,8,1,0,0,1,0,0,0,0,0,0,0,1,0
9,2020,2,22,1,2,6,2,0,1,0,0,0,0,0,0,0,1,0
7,2018,1,13,7,5,2,0,0,1,0,0,0,0,0,0,0,0,0
9,2021,5,18,1,0,7,0,1,0,0,0,0,0,0,1,2,1,0
2,2018,5,6,4,5,2,0,1,0,0,0,0,1,0,0,0,0,0
6,2018,11,11,7,0,7,0,0,1,0,0,0,1,0,0,0,0,0
1,2018,8,21,5,0,1,2,1,0,0,0,0,0,1,0,0,1,0
1,2021,10,8,7,2,6,0,0,1,0,0,0,1,1,0,1,1,0
10,2021,7,6,4,0,1,0,1,0,0,0,0,0,1,0,1,2,1
1,2021,11,17,4,0,7,0,1,0,0,0,0,0,0,0,2,0,0
3,2020,6,11,4,0,1,0,1,0,0,0,0,0,0,0,1,1,1
3,2019,9,14,7,0,1,0,0,0,0,1,0,0,0,0,0,0,0
3,2018,7,15,3,0,2,0,1,1,0,0,0,0,0,0,0,2,0
3,2018,2,9,5,5,3,0,1,1,0,0,0,0,0,0,0,1,0
11,2019,12,18,7,2,6,2,0,1,0,0,0,0,1,0,0,1,0
4,2020,11,11,4,5,2,0,1,1,0,0,0,0,0,1,2,0,1
1,2019,9,9,2,5,2,0,0,1,0,1,0,0,0,0,0,0,1
4,2020,9,14,4,3,6,0,1,1,0,0,0,0,0,0,1,0,0
8,2020,11,7,6,5,3,0,1,1,0,0,0,0,0,1,2,0,0
4,2020,2,9,2,5,2,0,1,1,0,0,0,0,1,0,0,1,0
1,2018,6,17,3,5,3,0,1,1,0,0,0,0,0,0,0,0,0
1,2021,11,16,5,5,2,2,0,1,0,0,0,0,1,0,2,0,0
3,2019,3,8,3,2,2,0,1,1,0,0,0,0,0,0,0,0,0
8,2019,12,16,3,5,3,2,0,1,0,0,0,0,0,0,0,1,1
1,2018,8,13,4,2,6,0,0,1,0,0,0,1,0,0,0,1,0
4,2021,9,0,4,5,2,2,0,1,0,0,0,1,0,0,1,0,0
6,2018,4,14,1,5,3,0,1,1,0,0,0,0,0,0,0,1,0
8,2019,12,6,5,6,2,1,0,0,1,0,0,1,1,0,0,1,0
3,2018,9,11,4,2,2,0,0,1,0,0,0,0,1,0,0,0,1
1,2019,11,22,2,0,1,2,0,0,0,1,0,0,1,0,0,0,0
8,2021,8,8,6,5,3,0,1,1,0,0,0,0,0,0,1,1,0
4,2019,9,23,5,5,7,2,0,1,0,0,0,0,0,0,0,0,1
6,2019,10,16,6,0,7,0,0,0,0,1,0,1,1,0,0,1,0
4,2019,5,18,3,2,6,0,0,1,0,0,0,0,0,0,0,0,0
4,2018,11,17,2,2,6,2,1,1,0,0,0,0,0,0,0,0,0
5,2019,11,16,4,5,3,2,0,1,0,0,0,0,0,0,0,0,0
12,2021,8,12,4,0,1,0,0,0,0,1,0,0,0,0,1,1,0
8,2018,8,1,3,6,4,2,0,1,1,0,0,0,0,0,0,1,1
3,2019,3,6,5,5,3,1,0,1,0,0,0,0,0,0,0,0,0
2,2019,9,16,3,1,5,0,1,1,0,0,0,0,0,0,0,0,0
5,2020,12,3,3,1,7,2,0,1,0,0,0,1,1,1,2,1,0
8,2021,12,10,7,5,3,0,0,1,0,1,0,0,1,1,2,1,0
1,2018,5,10,4,0,7,0,0,1,0,1,0,0,0,0,0,0,0
9,2020,6,13,7,4,6,0,1,0,0,0,0,0,0,0,1,1,0
1,2018,9,15,6,1,5,0,1,1,0,0,0,0,0,0,0,0,0
4,2020,2,15,4,2,6,0,1,0,0,0,0,0,0,0,0,1,0
2,2019,1,11,3,5,3,0,1,1,0,0,0,0,1,0,0,1,1
2,2019,3,16,6,2,3,0,1,0,0,0,0,1,0,0,0,0,0
7,2020,9,10,3,2,7,0,1,1,0,0,0,0,0,0,1,0,0
12,2019,3,13,7,5,3,0,1,1,0,0,0,0,0,0,0,0,1
5,2020,8,15,4,0,7,0,0,0,0,0,1,0,0,0,1,1,0
3,2019,9,18,2,2,6,2,0,1,0,0,0,0,0,0,0,0,0
11,2020,10,18,6,0,3,0,0,1,0,1,0,0,1,1,1,1,0
11,2018,5,17,4,6,4,0,0,1,1,0,0,0,0,0,0,0,1
8,2018,8,22,7,5,7,2,0,1,0,1,0,0,0,0,0,1,1
1,2020,7,11,4,0,6,0,0,1,0,1,0,0,0,0,1,2,0
5,2019,5,13,5,1,5,0,1,1,0,0,0,0,0,0,0,0,1
4,2020,11,17,6,2,6,2,0,1,0,0,0,0,1,1,2,0,0
4,2018,7,11,1,4,6,0,1,1,0,0,0,0,0,0,0,2,0
1,2021,3,16,4,2,2,0,1,1,0,0,0,0,0,0,2,0,1
4,2019,2,21,7,5,2,2,0,1,0,0,0,0,1,0,0,1,0
11,2019,3,6,4,6,4,0,0,0,1,0,0,1,0,0,0,0,0
10,2018,12,16,5,0,1,1,0,0,0,1,0,0,1,0,0,1,0
1,2020,8,8,2,1,5,0,1,1,0,0,0,0,0,0,1,1,0
1,2020,11,10,7,0,6,0,0,1,0,0,0,1,0,1,2,0,0
8,2019,8,18,3,1,5,1,1,1,0,0,0,0,0,0,0,0,0
11,2019,8,10,4,5,5,0,0,1,0,0,0,1,0,0,0,0,0
6,2019,2,18,5,0,3,1,0,0,0,0,0,1,0,0,0,1,1
10,2021,6,6,5,3,2,0,0,1,0,0,0,0,0,0,1,1,0
3,2021,8,14,5,2,6,0,0,1,0,0,1,0,0,0,1,1,0
7,2020,4,15,4,5,2,0,1,1,0,0,0,0,0,1,2,1,0
9,2018,1,7,2,2,6,0,0,1,0,0,0,1,0,0,0,0,0
11,2019,9,16,5,5,3,0,0,1,0,1,0,0,0,0,0,0,0
4,2018,2,15,2,6,7,0,0,1,1,0,0,0,0,0,0,1,0
1,2019,12,21,7,1,5,2,0,1,0,0,0,1,0,0,0,1,0
5,2019,2,12,3,1,5,0,1,1,0,0,0,0,1,0,0,1,1
2,2020,11,21,6,5,3,2,0,1,0,0,0,0,0,1,2,0,0
1,2018,10,17,3,3,6,1,0,1,0,0,0,0,0,0,0,1,0
7,2021,2,7,4,2,6,0,0,1,0,0,0,0,0,1,2,1,0
10,2019,11,13,2,2,2,0,0,1,0,1,0,0,0,0,0,0,0
6,2021,11,14,2,1,5,0,0,1,0,1,0,0,0,0,2,0,0
1,2018,9,13,2,2,6,0,0,0,0,1,0,1,0,0,0,0,0
6,2021,7,9,3,5,3,0,1,1,0,0,0,0,0,0,1,2,0
1,2019,6,10,5,0,1,0,0,0,0,1,0,0,1,0,0,1,0
5,2019,9,16,4,5,3,0,0,1,0,0,0,0,0,0,0,0,0
2,2018,9,8,5,5,2,0,1,1,0,0,0,0,0,0,0,0,0
3,2020,6,6,4,5,3,0,1,0,0,0,0,1,0,0,1,1,0
2,2018,1,17,4,6,4,2,0,1,1,0,0,0,1,0,0,0,1
2,2018,8,15,4,2,6,0,1,0,0,1,0,0,0,0,0,1,0
5,2019,5,11,6,2,6,0,0,1,0,0,0,0,0,0,0,0,0
6,2021,1,12,6,5,2,0,1,1,0,0,0,0,2,1,2,0,0
2,2020,2,9,5,5,2,0,1,0,0,0,1,0,0,0,0,1,0
6,2018,12,11,7,8,1,0,0,1,0,0,0,0,1,0,0,1,0
11,2021,9,16,7,6,7,0,1,0,1,0,0,0,1,0,1,0,0
2,2018,10,17,3,5,2,1,1,1,0,0,0,0,1,0,0,1,0
9,2021,12,15,4,6,4,1,0,1,1,0,0,0,1,1,2,1,0
11,2020,5,13,3,5,2,0,1,1,0,0,0,0,0,1,1,0,0
5,2018,3,15,7,2,6,0,0,1,0,0,0,0,0,0,0,1,0
3,2021,6,11,3,0,1,0,1,0,0,0,0,0,0,0,1,1,1
3,2020,9,17,3,2,6,0,0,1,0,0,0,0,0,0,1,0,0
7,2019,7,18,7,2,6,0,0,1,0,0,0,0,0,0,0,2,0
7,2019,3,7,5,5,3,0,1,1,0,0,0,0,0,0,0,0,0
2,2021,7,10,7,1,5,0,1,1,0,0,0,0,0,0,1,2,0
4,2021,10,16,4,2,6,0,0,1,0,1,0,0,0,0,1,1,0
7,2018,7,13,1,5,3,0,1,1,0,0,0,0,0,0,0,2,0
5,2019,5,21,4,2,6,2,0,1,0,1,0,0,0,0,0,0,1
8,2020,7,16,3,5,2,0,0,1,0,0,0,0,0,0,1,2,1
1,2018,12,9,2,3,6,0,0,1,0,0,1,0,1,0,0,1,0
7,2020,9,20,3,3,6,1,0,1,0,1,0,0,0,0,1,0,1
2,2019,8,13,4,5,3,0,0,1,0,0,0,0,0,0,0,0,0
10,2019,2,13,5,3,6,0,1,0,0,0,0,1,0,0,0,1,0
11,2020,7,18,3,6,4,0,0,1,1,0,0,0,0,0,1,2,1
1,2020,2,13,2,2,2,0,0,1,0,0,0,1,1,0,0,1,0
7,2021,10,10,3,0,6,0,0,1,0,1,0,0,0,0,1,1,0
1,2018,7,0,5,1,5,2,1,0,0,1,0,0,0,0,0,2,0
7,2021,2,19,3,6,4,2,0,1,1,0,0,0,1,1,2,1,1
5,2021,3,13,2,5,2,0,0,0,0,0,0,1,0,0,2,0,1
12,2020,4,14,7,3,6,0,1,1,0,0,0,0,0,1,2,1,0
11,2020,4,18,7,2,6,0,0,1,0,1,0,0,0,1,2,1,0
3,2018,8,19,4,6,2,0,0,0,1,0,1,0,0,0,0,1,1
7,2018,6,19,4,0,6,0,0,1,0,1,0,0,0,0,0,0,0
1,2019,6,19,4,5,7,0,0,1,0,0,0,1,1,0,0,1,1
2,2020,10,23,7,2,6,2,0,1,0,0,0,0,0,1,1,1,0
1,2019,9,15,1,1,5,0,1,1,0,0,0,0,0,0,0,0,0
6,2019,10,6,7,5,3,2,0,1,0,0,0,0,1,0,0,1,0
11,2021,1,0,7,0,1,2,1,0,0,0,0,0,0,1,2,0,0
9,2020,6,10,4,5,3,0,1,1,0,0,0,0,0,0,1,1,0
6,2019,4,16,6,5,3,0,1,1,0,0,0,0,0,0,0,1,0
6,2018,12,8,4,0,1,0,1,0,0,0,0,0,2,0,0,1,1
7,2021,10,21,2,5,2,2,0,1,0,0,0,1,0,0,1,1,0
11,2019,9,22,2,1,1,2,0,1,0,0,0,0,1,0,0,0,0
5,2018,11,22,3,5,2,2,0,1,0,0,0,0,0,0,0,0,1
1,2019,9,17,2,5,2,0,1,1,0,0,0,0,0,0,0,0,0
2,2019,3,16,3,1,5,0,1,1,0,0,0,0,1,0,0,0,0
7,2019,11,8,3,5,3,0,0,1,0,0,0,0,0,0,0,0,0
1,2019,3,12,7,2,7,0,1,1,0,0,0,1,0,0,0,0,0
1,2020,2,19,3,2,6,2,0,1,0,0,0,0,1,0,0,1,0
3,2019,1,10,3,5,7,0,0,1,0,0,0,1,0,0,0,1,1
6,2021,8,13,7,2,7,0,1,1,0,0,0,0,0,0,1,1,1
4,2019,2,17,2,0,6,0,0,1,0,0,0,1,0,0,0,1,1
9,2018,8,8,7,3,6,0,0,1,0,0,1,0,0,0,0,1,0
5,2019,1,19,3,4,1,2,0,1,0,0,0,0,1,0,0,1,0
7,2019,9,14,7,2,6,0,0,1,0,0,0,0,0,0,0,0,0
11,2019,2,13,1,5,3,0,0,1,0,0,0,0,1,0,0,1,0
10,2018,2,7,5,8,1,0,0,1,0,0,0,0,1,0,0,1,0
4,2020,7,17,4,2,6,0,0,1,0,0,0,0,0,0,1,2,0
5,2021,11,9,1,5,3,0,0,1,0,0,0,0,1,0,2,0,0
9,2018,1,12,3,2,6,0,0,1,0,0,0,0,1,0,0,0,0
7,2018,11,19,2,6,4,2,1,0,1,0,0,0,0,0,0,0,0
7,2019,1,20,3,6,4,1,0,1,1,0,0,0,1,0,0,1,0
11,2021,1,11,1,5,2,0,1,1,0,0,0,0,0,1,2,0,0
6,2021,12,16,2,2,6,1,0,1,0,0,0,0,1,1,2,1,0
1,2021,8,15,3,1,5,0,1,1,0,0,0,0,0,0,1,1,0
3,2020,6,15,7,5,2,0,0,0,0,1,0,1,0,0,1,1,0
3,2021,8,17,2,6,7,0,0,1,1,0,0,0,0,0,1,1,0
8,2019,9,14,4,5,2,0,0,1,0,1,0,0,0,0,0,0,0
7,2019,8,9,4,0,2,0,0,1,0,0,0,1,0,0,0,0,0
12,2020,5,8,6,0,1,0,0,1,0,0,0,0,0,1,1,0,0
3,2018,6,13,4,0,5,0,1,1,0,0,0,0,0,0,0,0,0
1,2018,9,19,5,5,2,1,1,0,0,1,0,0,0,0,0,0,0
4,2019,2,5,6,0,1,1,0,0,0,1,0,0,1,0,0,1,0
1,2020,8,16,3,5,2,0,1,1,0,0,0,0,0,0,1,1,0
4,2018,8,18,4,5,2,0,0,1,0,0,0,0,0,0,0,1,0
4,2018,9,9,2,5,3,0,1,0,0,0,0,1,0,0,0,0,0
2,2019,4,22,3,5,7,2,1,1,0,0,0,0,0,0,0,1,0
1,2021,7,1,7,1,5,2,1,1,0,0,0,0,1,0,1,2,0
2,2020,11,14,2,1,5,0,1,0,0,0,0,1,0,1,2,0,0
5,2021,3,17,2,2,6,0,0,1,0,0,0,0,1,0,2,0,0
3,2021,3,16,4,5,2,0,0,1,0,1,0,0,0,0,2,0,0
2,2019,12,7,3,0,2,0,1,0,0,0,0,1,2,0,0,1,0
7,2019,7,12,3,5,3,0,0,1,0,0,0,0,0,0,0,2,0
3,2019,6,11,7,5,2,0,1,1,0,0,0,0,0,0,0,1,0
1,2018,9,8,6,3,6,0,0,1,0,1,0,0,1,0,0,0,0
4,2021,2,14,4,5,3,0,1,0,0,0,0,0,0,1,2,1,0
3,2018,12,13,6,5,3,0,0,1,0,0,0,0,1,0,0,1,0
6,2018,2,14,3,5,2,0,1,1,0,0,0,0,0,0,0,1,0
1,2018,6,17,7,5,3,0,1,0,0,0,0,1,0,0,0,0,0
4,2021,7,16,2,8,1,0,0,1,0,0,0,0,0,0,1,2,0
9,2018,8,17,2,2,2,0,0,1,0,0,0,0,0,0,0,1,0
11,2021,9,12,5,2,2,0,0,1,0,1,0,0,0,0,1,0,0
1,2019,9,18,2,6,7,0,0,1,1,0,0,0,0,0,0,0,0
7,2019,6,1,4,2,6,2,1,1,0,0,0,0,0,0,0,1,0
1,2018,11,15,1,1,1,0,0,1,0,1,0,0,1,0,0,0,0
6,2018,5,20,6,1,5,0,1,1,0,0,0,0,0,0,0,0,0
12,2020,11,14,3,0,6,0,0,1,0,0,0,0,0,1,2,0,0
6,2021,6,13,7,6,7,0,0,1,1,0,0,0,0,0,1,1,0
2,2019,2,16,6,1,5,0,1,1,0,0,0,1,0,0,0,1,0
2,2018,4,18,4,5,3,0,0,1,0,1,0,0,0,0,0,1,0
1,2020,7,8,2,5,5,0,0,1,0,1,0,0,0,0,1,2,1
4,2019,5,15,4,5,3,0,0,1,0,0,0,0,0,0,0,0,0
12,2019,6,22,4,1,5,2,0,1,0,0,0,0,0,0,0,1,0
4,2019,3,19,3,2,6,2,0,1,0,0,0,0,1,0,0,0,0
3,2018,10,17,5,1,5,0,1,0,0,0,0,1,0,0,0,1,0
9,2020,9,8,6,5,3,0,1,1,0,0,0,0,0,0,1,0,0
12,2019,6,17,7,0,7,0,0,1,0,0,0,0,0,0,0,1,0
3,2020,6,16,7,2,2,0,0,1,0,0,0,0,1,0,1,1,0
3,2019,11,7,3,6,2,0,0,0,1,0,1,0,0,0,0,0,1
12,2021,8,17,4,0,1,0,1,1,0,0,0,0,0,0,1,1,0
6,2021,3,15,3,6,4,0,0,1,1,0,0,0,0,0,2,0,1
11,2018,11,10,4,2,6,0,1,0,0,0,0,1,0,0,0,0,0
12,2021,2,14,3,5,3,0,0,1,0,0,0,0,2,1,2,1,0
5,2019,11,14,7,1,5,0,0,1,0,0,0,0,1,0,0,0,0
2,2020,1,9,4,3,6,0,1,0,0,0,0,1,0,0,0,1,0
3,2019,5,16,3,5,3,0,1,1,0,0,0,0,0,0,0,0,0
4,2020,8,17,4,0,5,0,0,1,0,1,0,0,0,0,1,1,0
10,2018,10,18,1,9,1,1,0,0,0,1,0,0,0,0,0,1,0
2,2021,9,18,3,5,3,0,0,0,0,1,0,1,0,0,1,0,0
5,2021,12,14,3,1,5,0,1,1,0,0,0,0,2,1,2,1,0
5,2020,4,15,2,0,5,0,0,1,0,0,0,0,0,1,2,1,0
1,2018,7,10,6,5,2,0,1,0,0,0,1,0,0,0,0,2,0
3,2021,6,15,6,0,2,0,1,1,0,0,0,0,0,0,1,1,1
1,2018,5,7,3,6,4,0,0,1,1,0,0,0,0,0,0,0,0
1,2018,1,16,3,5,7,0,0,1,0,1,0,0,1,0,0,0,0
8,2020,7,14,7,1,5,0,1,1,0,0,0,0,0,0,1,2,0
10,2018,1,7,7,5,2,2,1,1,0,0,0,0,1,0,0,0,0
3,2019,7,5,6,0,1,0,1,0,0,0,0,0,1,0,0,2,0
9,2020,9,8,2,5,2,0,1,1,0,0,0,0,0,0,1,0,0
1,2018,9,7,5,5,3,0,1,1,0,0,0,0,0,0,0,0,0
1,2020,7,15,1,6,4,0,0,1,1,0,0,0,0,0,1,2,0
12,2021,3,10,7,2,6,0,0,1,0,0,0,1,0,0,2,0,1
6,2021,1,17,4,6,4,2,0,1,1,0,0,0,0,1,2,0,0
7,2021,9,12,2,6,7,0,0,0,1,0,0,1,0,0,1,0,0
11,2019,12,11,3,6,4,0,0,1,1,0,0,0,0,0,0,1,1
7,2021,5,15,1,1,5,0,0,1,0,0,1,0,0,1,2,1,0
2,2018,2,6,2,2,1,2,0,1,0,0,0,0,2,0,0,1,0
1,2020,10,7,3,5,3,0,1,1,0,0,0,0,0,1,1,1,0
2,2019,10,2,7,1,5,2,1,1,0,0,0,1,1,0,0,1,0
12,2020,9,15,2,2,6,0,0,1,0,0,0,0,0,0,1,0,0
3,2020,8,19,3,0,2,0,1,1,0,0,0,0,0,0,1,1,0
3,2020,12,11,4,2,6,0,0,1,0,0,0,1,0,1,2,1,0
2,2018,12,9,6,2,6,0,0,1,0,0,0,0,1,0,0,1,0
11,2019,2,18,5,2,6,1,0,1,0,0,0,0,0,0,0,1,0
7,2020,6,11,3,5,3,0,1,1,0,0,0,0,0,0,1,1,0
6,2018,5,13,6,5,3,0,0,1,0,1,0,0,0,0,0,0,0
9,2020,9,13,5,5,2,0,1,1,0,0,0,0,0,0,1,0,0
10,2019,3,16,5,5,3,0,1,1,0,0,0,0,1,0,0,0,0
6,2021,11,1,3,8,1,2,0,1,0,0,0,0,1,0,2,0,1
7,2020,6,3,1,3,6,2,0,1,0,0,0,0,1,0,1,1,0
5,2020,9,16,2,2,6,0,0,1,0,1,0,0,0,0,1,0,0
3,2018,7,16,3,1,5,0,1,1,0,0,0,0,0,0,0,2,0
9,2020,8,13,7,3,5,0,0,1,0,0,0,0,0,0,1,1,0
12,2021,5,7,6,5,3,0,1,1,0,0,0,0,0,1,2,1,1
2,2021,6,22,3,0,7,2,1,0,0,0,0,0,1,0,1,1,0
5,2019,8,16,5,5,3,0,0,1,0,0,0,0,0,0,0,0,0
11,2019,10,7,5,5,3,0,1,0,0,0,0,0,1,0,0,1,0
1,2019,5,11,1,5,7,0,0,1,0,1,0,0,0,0,0,0,1
5,2020,6,12,2,2,6,0,1,1,0,0,0,0,0,0,1,1,0
7,2018,2,8,2,5,2,0,1,1,0,0,0,0,1,0,0,1,0
1,2019,9,17,5,3,6,0,0,1,0,1,0,0,0,0,0,0,1
7,2019,8,14,3,5,3,0,0,1,0,0,0,1,0,0,0,0,0
9,2019,4,14,2,0,7,0,1,0,1,0,0,0,0,0,0,1,0
2,2018,10,2,1,0,1,2,0,0,0,1,0,0,0,0,0,1,0
3,2018,7,15,5,5,2,0,1,1,0,0,0,0,1,0,0,2,1
3,2020,11,15,3,2,2,0,0,1,0,0,0,0,0,1,2,0,0
2,2020,8,9,2,5,2,0,0,1,0,0,0,1,0,0,1,1,0
5,2021,9,16,5,2,6,1,0,1,0,0,0,1,0,0,1,0,0
11,2020,1,5,4,5,3,2,0,1,0,1,0,0,0,0,0,1,1
4,2018,9,15,3,5,3,0,0,1,0,0,0,0,0,0,0,0,0
7,2019,8,7,4,6,4,0,0,1,1,0,0,0,0,0,0,0,0
4,2020,6,8,3,5,2,0,0,1,0,0,0,0,0,0,1,1,0
3,2021,2,16,3,5,3,1,1,1,0,0,0,0,1,1,2,1,1
1,2019,11,18,5,6,2,2,0,1,1,0,0,0,1,0,0,0,1
12,2018,5,15,2,6,4,0,0,0,1,1,0,0,0,0,0,0,0
1,2021,9,14,7,5,2,0,1,1,0,0,0,0,0,0,1,0,0
3,2020,6,17,4,5,2,0,1,1,0,0,0,0,0,0,1,1,0
6,2019,8,18,5,2,6,0,0,1,0,0,0,0,0,0,0,0,0
8,2021,6,21,7,5,3,1,1,1,0,0,0,0,0,0,1,1,0
4,2019,9,16,1,2,6,0,0,1,0,0,0,0,0,0,0,0,0
2,2020,2,23,7,5,2,2,0,1,0,0,0,0,1,0,0,1,0
4,2019,12,11,7,2,6,0,0,1,0,0,0,0,1,0,0,1,0
2,2020,1,7,5,6,4,1,0,0,1,0,0,1,0,0,0,1,1
7,2019,2,15,7,5,3,0,1,1,0,0,0,0,1,0,0,1,0
3,2020,4,10,3,5,7,0,1,1,0,0,0,0,0,1,2,1,0
5,2018,7,9,2,3,6,0,0,1,0,0,1,0,0,0,0,2,0
1,2018,11,8,2,5,3,0,1,1,0,0,0,0,0,0,0,0,0
1,2019,6,11,2,5,2,0,0,1,0,0,0,0,0,0,0,1,1
6,2019,3,18,1,5,3,2,0,1,0,0,0,0,1,0,0,0,0
8,2019,4,11,6,5,3,0,0,1,0,0,0,1,0,0,0,1,0
6,2018,9,9,6,5,3,0,0,1,0,0,0,0,0,0,0,0,0
9,2019,8,15,3,2,1,0,0,1,0,0,0,0,0,0,0,0,0
5,2021,4,21,7,6,2,2,0,1,1,0,0,0,1,1,2,1,1
1,2018,12,18,6,6,2,2,0,1,1,0,0,0,1,0,0,1,0
3,2020,10,8,3,5,3,0,0,1,0,0,0,0,0,1,1,1,0
12,2019,3,15,1,5,3,0,0,1,0,1,0,0,0,0,0,0,1
4,2019,11,8,3,5,2,0,1,1,0,0,0,0,0,0,0,0,0
4,2020,10,13,6,5,3,0,0,1,0,0,0,1,1,1,1,1,0
2,2020,10,19,4,2,6,2,0,1,0,0,0,0,1,1,1,1,0
6,2019,1,7,1,6,2,2,0,1,1,0,0,0,1,0,0,1,0
7,2020,9,17,5,2,6,0,0,1,0,0,0,0,0,0,1,0,1
5,2020,10,12,7,8,1,0,0,1,0,0,0,0,0,1,1,1,0
1,2019,10,14,4,5,2,0,1,0,0,0,0,1,0,0,0,1,0
10,2018,5,13,7,5,3,0,1,1,0,0,0,0,0,0,0,0,1
4,2019,4,16,3,2,6,0,0,1,0,0,0,0,0,0,0,1,0
7,2021,10,21,2,5,3,2,1,1,0,0,0,0,1,0,1,1,0
7,2020,9,13,5,2,7,0,0,1,0,0,0,0,0,0,1,0,0
7,2020,10,8,2,5,2,0,1,0,0,0,0,0,0,1,1,1,0
9,2021,1,7,5,5,3,0,1,1,0,0,0,0,1,1,2,0,0