BEZ,UJAHR,UMONAT,USTUNDE,UWOCHENTAG,UART,UTYP1,ULICHTVERH,IstRad,IstPKW,IstFuss,IstKrad,IstGkfz,IstSonstige,USTRZUSTAND,LOCKDOWN,COVID,FERIEN,UKATEGORIE
12,2021,4,10,1,0,2,0,1,0,0,1,0,0,0,1,2,1,0
9,2020,4,10,4,0,2,0,1,0,0,0,0,1,0,1,2,1,0
2,2018,12,8,5,0,3,0,1,1,0,0,0,0,0,0,0,1,0
2,2021,4,12,6,1,5,0,1,1,0,0,0,0,0,1,2,1,0
7,2018,8,15,3,5,3,0,1,0,0,1,0,0,0,0,0,1,0
1,2018,11,18,3,5,3,1,0,1,0,0,0,0,0,0,0,0,0
12,2021,5,21,4,6,4,2,0,1,1,0,0,0,0,1,2,1,1
8,2020,1,8,5,5,2,0,1,1,0,0,0,0,1,0,0,1,0
2,2020,6,13,1,5,2,0,1,1,0,0,0,0,0,0,1,1,1
1,2021,7,19,5,0,1,0,1,0,0,0,0,0,0,0,1,2,1
9,2019,3,19,2,5,3,2,1,1,0,0,0,0,1,0,0,0,0
2,2019,2,3,7,0,1,2,1,0,0,0,0,0,0,0,0,1,0
4,2019,11,6,4,6,4,1,0,1,1,0,0,0,1,0,0,0,0
1,2019,9,21,1,3,6,2,0,1,0,0,0,0,0,0,0,0,0
9,2021,11,19,5,6,2,2,0,1,1,0,0,0,1,0,2,0,0
10,2020,1,22,1,2,6,2,0,1,0,0,0,0,0,0,0,1,0
11,2018,5,15,4,5,3,0,1,0,0,0,0,1,0,0,0,0,0
9,2020,10,1,2,8,1,2,0,1,0,0,0,0,1,1,1,1,0
5,2019,6,15,2,6,4,0,0,1,1,0,0,0,0,0,0,1,0
9,2018,7,6,4,5,2,0,1,1,0,0,0,0,0,0,0,2,0
5,2018,10,17,3,6,4,0,0,1,1,0,0,0,1,0,0,1,0
7,2021,5,13,2,3,6,0,0,1,0,0,0,1,0,1,2,1,1
4,2021,6,12,3,1,5,0,1,0,0,0,0,1,0,0,1,1,0
10,2021,10,12,7,0,7,0,0,1,0,0,0,0,0,0,1,1,0
5,2019,8,6,4,5,2,0,0,1,0,0,0,0,0,0,0,0,0
3,2018,10,18,3,5,2,2,1,1,0,0,0,0,0,0,0,1,0
3,2020,1,13,6,5,3,0,0,1,0,0,0,0,0,0,0,1,0
4,2021,6,19,4,6,4,0,1,0,1,0,0,0,0,0,1,1,0
8,2019,8,16,3,2,6,0,0,1,0,0,0,1,0,0,0,0,0
3,2019,11,17,2,3,6,2,0,1,0,0,0,1,0,0,0,0,0
4,2021,10,0,6,0,1,2,1,0,0,0,0,0,0,0,1,1,0
9,2021,11,0,6,0,7,2,0,1,0,0,0,0,0,0,2,0,0
3,2019,6,11,2,5,3,0,1,1,0,0,0,0,0,0,0,1,0
10,2020,10,10,4,5,2,0,0,1,0,0,0,0,1,1,1,1,0
12,2021,6,19,7,2,6,0,0,1,0,1,0,0,0,0,1,1,0
4,2019,9,11,5,5,7,0,0,1,0,0,0,0,0,0,0,0,0
1,2019,2,12,6,5,2,0,1,0,0,0,1,0,0,0,0,1,0
11,2019,3,16,4,5,7,0,0,1,0,1,0,0,0,0,0,0,1
7,2020,8,21,7,0,7,1,1,0,0,0,0,0,0,0,1,1,0
3,2019,3,18,7,5,3,2,0,1,0,0,0,0,0,0,0,0,0
1,2018,2,18,3,2,6,2,0,1,0,0,0,0,0,0,0,1,0
8,2018,5,15,5,5,3,0,0,1,0,0,0,0,0,0,0,0,0
3,2018,1,19,3,2,6,2,0,1,0,0,0,0,0,0,0,0,0
1,2020,11,11,2,5,3,0,0,1,0,0,0,0,0,1,2,0,0
8,2020,12,19,7,5,3,2,0,1,0,0,0,0,0,1,2,1,0
3,2021,9,13,4,0,1,0,0,0,0,1,0,0,0,0,1,0,1
3,2018,4,8,3,1,5,0,0,1,0,1,0,0,0,0,0,1,0
7,2020,10,16,5,5,2,0,0,1,0,1,0,0,0,1,1,1,0
6,2018,10,13,6,5,3,0,0,1,0,1,0,0,0,0,0,1,1
2,2021,9,13,6,6,2,0,0,1,1,0,0,0,0,0,1,0,0
11,2021,2,14,7,6,4,0,0,1,1,0,0,0,0,1,2,1,0
1,2020,12,18,3,2,6,2,0,0,0,1,0,1,0,1,2,1,0
3,2021,11,10,3,5,3,0,1,1,0,0,0,0,0,0,2,0,0
8,2021,9,18,1,5,3,0,0,1,0,0,0,0,0,0,1,0,0
2,2020,9,12,5,0,1,0,1,1,0,0,0,0,0,0,1,0,0
7,2018,8,12,1,6,7,0,0,0,1,1,0,0,0,0,0,1,0
12,2019,2,14,2,5,3,0,1,1,0,0,0,0,0,0,0,1,0
8,2019,8,19,6,3,6,0,1,1,0,0,0,0,0,0,0,0,0
7,2019,9,13,4,6,2,0,0,1,1,0,0,0,0,0,0,0,1
2,2018,2,1,5,5,3,2,0,1,0,0,0,0,0,0,0,1,0
2,2020,7,18,5,5,3,0,1,1,0,0,0,0,0,0,1,2,1
9,2019,8,16,2,0,2,0,1,0,0,0,0,1,0,0,0,0,0
10,2018,10,16,1,6,4,0,0,1,1,0,0,0,0,0,0,1,0
6,2021,11,21,3,0,2,2,0,1,0,1,0,0,0,0,2,0,0
10,2020,8,10,6,6,4,0,0,0,1,1,0,0,1,0,1,1,0
1,2021,3,11,7,2,6,0,0,1,0,0,0,0,1,0,2,0,0
4,2020,9,8,3,5,2,0,1,0,0,0,1,0,0,0,1,0,0
1,2019,10,10,6,0,6,0,1,1,0,0,0,0,0,0,0,1,0
1,2019,3,11,4,5,2,0,1,1,0,0,0,0,0,0,0,0,1
4,2021,7,18,3,6,7,0,0,0,1,0,0,1,0,0,1,2,0
1,2019,6,7,7,5,2,0,1,1,0,0,0,0,0,0,0,1,0
3,2020,1,6,4,5,2,2,0,1,0,0,0,0,0,0,0,1,0
4,2021,10,16,1,2,2,0,0,1,0,0,0,0,0,0,1,1,0
1,2018,11,13,7,5,3,0,0,1,0,1,0,0,0,0,0,0,1
11,2020,8,16,4,0,6,0,0,1,0,1,0,0,0,0,1,1,1
12,2021,11,10,2,2,2,0,0,1,0,0,0,0,1,0,2,0,0
4,2018,10,9,5,0,2,0,1,1,0,0,0,0,0,0,0,1,0
7,2021,3,15,5,5,3,0,0,1,0,0,0,0,0,0,2,0,0
3,2018,7,18,6,6,4,0,0,0,1,0,0,1,0,0,0,2,1
9,2018,11,15,1,0,3,0,1,1,0,0,0,0,0,0,0,0,0
2,2020,10,6,4,0,1,1,0,0,0,1,0,0,1,1,1,1,0
2,2020,9,9,3,1,5,0,1,1,0,0,0,0,0,0,1,0,0
9,2018,4,13,2,5,3,0,0,1,0,0,0,0,0,0,0,1,1
9,2021,8,19,2,2,6,0,0,1,0,0,0,0,0,0,1,1,0
4,2021,7,13,7,3,6,0,0,1,0,1,0,1,0,0,1,2,0
7,2018,4,17,4,2,6,0,0,1,0,1,0,1,0,0,0,1,1
9,2019,6,18,4,5,3,0,1,1,0,0,0,0,0,0,0,1,0
6,2018,5,13,4,6,4,0,0,1,1,0,0,0,0,0,0,0,1
3,2018,9,14,6,6,2,0,0,0,1,0,0,1,0,0,0,0,0
9,2021,6,7,4,3,6,0,0,1,0,0,1,0,0,0,1,1,0
5,2021,9,21,4,6,4,2,0,1,1,0,0,0,0,0,1,0,1
1,2020,10,13,3,5,3,0,1,0,0,0,0,1,0,1,1,1,0
1,2020,3,14,3,3,6,0,0,1,0,0,0,1,1,1,1,0,0
2,2021,8,12,4,3,6,0,1,0,0,0,0,0,0,0,1,1,0
9,2019,10,7,4,6,2,0,0,1,1,0,0,0,1,0,0,1,0
12,2018,3,17,1,5,3,0,0,1,0,0,0,0,0,0,0,1,1
6,2019,1,18,2,6,2,2,0,1,1,0,0,0,1,0,0,1,1
3,2020,5,14,1,5,3,0,1,0,0,0,0,0,0,1,1,0,1
1,2018,5,17,3,6,4,0,0,1,1,0,0,0,0,0,0,0,0
7,2018,9,18,6,5,2,0,0,1,0,1,0,0,0,0,0,0,0
8,2019,6,19,3,6,2,0,0,1,1,0,0,0,0,0,0,1,0
1,2019,5,19,7,2,6,0,0,1,0,0,0,0,0,0,0,0,0
1,2019,2,5,4,6,4,2,0,1,1,0,0,0,1,0,0,1,0
1,2019,3,13,6,1,5,0,1,1,0,0,0,0,0,0,0,0,0
7,2018,5,5,3,5,2,0,0,1,0,0,0,0,0,0,0,0,0
9,2020,7,16,5,0,2,0,0,1,0,1,0,0,1,0,1,2,0
4,2019,8,16,4,2,6,0,0,1,0,0,0,1,0,0,0,0,0
9,2018,6,16,4,5,3,0,0,1,0,0,0,0,0,0,0,0,0
2,2019,9,15,6,2,6,0,0,1,0,0,0,0,1,0,0,0,0
6,2018,8,13,4,0,3,0,0,1,0,0,0,1,0,0,0,1,0
3,2020,7,15,7,3,6,0,1,1,0,0,0,0,0,0,1,2,1
6,2020,7,14,7,2,6,0,1,1,0,0,0,0,0,0,1,2,0
2,2018,7,22,5,5,3,2,0,1,0,1,0,0,0,0,0,2,0
3,2020,7,11,4,5,2,0,0,1,0,0,0,0,1,0,1,2,0
7,2019,10,16,7,6,7,0,1,0,1,0,0,0,0,0,0,1,0
7,2018,9,15,4,2,6,0,0,1,0,1,0,0,0,0,0,0,0
4,2021,11,16,5,5,3,0,1,1,0,0,0,0,0,0,2,0,0
6,2019,10,7,7,5,2,1,0,1,0,0,0,0,1,0,0,1,0
3,2021,3,7,4,0,3,0,1,0,0,0,0,0,0,0,2,0,0
11,2021,3,19,4,5,2,2,1,1,0,0,0,0,0,0,2,0,0
4,2019,5,10,7,2,6,0,0,1,0,0,0,0,0,0,0,0,0
7,2019,7,12,7,2,3,0,0,1,0,0,0,0,0,0,0,2,0
8,2018,10,16,3,5,2,0,1,1,0,0,0,0,0,0,0,1,0
5,2019,3,16,3,6,4,0,0,1,1,0,0,0,0,0,0,0,0
11,2019,1,9,7,4,6,0,1,1,0,0,0,1,0,0,0,1,0
7,2020,8,15,7,5,2,0,1,1,0,0,0,0,0,0,1,1,0
4,2021,4,14,3,2,6,0,0,1,0,0,0,0,0,1,2,1,0
3,2018,6,16,4,5,3,0,1,1,0,0,0,0,0,0,0,0,0
7,2019,2,15,3,5,3,0,0,1,0,0,0,0,0,0,0,1,0
12,2019,7,15,2,5,2,0,0,1,0,1,0,0,0,0,0,2,1
2,2020,7,18,3,2,6,0,0,1,0,0,0,0,0,0,1,2,0
2,2020,1,6,2,6,4,1,0,1,1,0,0,0,0,0,0,1,0
1,2018,9,19,6,6,4,1,1,0,1,0,0,0,0,0,0,0,0
11,2021,11,18,3,5,2,2,0,1,0,0,0,1,1,0,2,0,0
2,2021,3,8,3,5,2,0,1,1,0,0,0,0,0,0,2,0,0
7,2021,4,14,6,2,6,0,0,1,0,1,0,0,0,1,2,1,0
12,2020,5,11,6,5,3,0,1,1,0,0,0,0,0,1,1,0,0
4,2020,3,13,3,5,7,0,0,1,0,0,0,0,1,1,1,0,0
2,2018,6,22,2,5,2,2,0,0,0,1,0,0,0,0,0,0,1
1,2019,4,18,2,6,4,0,0,1,1,0,0,0,0,0,0,1,0
1,2020,6,20,2,5,7,0,0,1,0,1,0,0,0,0,1,1,1
1,2018,3,15,2,3,6,0,1,1,0,0,0,0,0,0,0,1,0
7,2020,6,11,3,5,3,0,0,1,0,0,0,0,0,0,1,1,0
8,2019,10,5,4,0,3,2,1,1,0,0,0,0,1,0,0,1,0
1,2019,12,10,7,2,6,0,0,1,0,0,0,0,0,0,0,1,0
7,2018,5,16,5,1,5,0,1,1,0,0,0,0,0,0,0,0,0
2,2018,6,15,4,3,6,0,0,0,0,1,0,1,0,0,0,0,0
4,2020,5,14,3,5,3,0,1,1,0,0,0,0,0,1,1,0,0
4,2020,3,8,3,2,7,0,0,1,0,1,0,0,0,1,1,0,0
1,2019,8,17,6,4,6,0,1,0,0,0,0,1,0,0,0,0,0
1,2018,10,8,5,5,2,0,1,1,0,0,0,0,1,0,0,1,0
2,2020,3,17,2,5,3,0,1,1,0,0,0,0,0,1,1,0,0
1,2019,10,8,2,5,3,0,1,1,0,0,0,0,0,0,0,1,0
4,2019,6,15,7,5,3,0,1,1,0,0,0,0,0,0,0,1,0
1,2018,4,1,4,6,4,2,0,1,1,1,0,0,0,0,0,1,0
3,2021,10,15,4,5,3,0,1,1,0,0,0,0,0,0,1,1,0
2,2018,3,10,6,3,6,0,0,1,0,0,0,0,0,0,0,1,0
4,2019,8,10,6,5,3,0,1,0,0,0,0,1,0,0,0,0,0
1,2018,5,15,1,5,2,0,0,1,0,0,0,0,0,0,0,0,0
2,2018,8,8,2,5,2,0,1,1,0,0,0,0,0,0,0,1,0
9,2018,11,9,4,2,6,0,0,1,0,0,0,0,0,0,0,0,0
8,2018,12,18,2,5,3,2,1,1,0,0,0,0,1,0,0,1,1
4,2018,6,18,2,5,2,0,1,1,0,0,0,0,0,0,0,0,0
9,2019,8,16,3,5,7,0,0,1,0,1,0,0,0,0,0,0,0
1,2021,3,10,2,5,2,0,1,1,0,0,0,0,0,0,2,0,0
1,2019,4,17,5,2,6,0,0,1,0,0,0,0,0,0,0,1,0
11,2020,4,13,5,2,6,0,0,1,0,1,0,0,0,1,2,1,0
9,2021,7,10,4,3,6,0,0,1,0,1,0,0,0,0,1,2,0
11,2019,11,13,5,5,2,0,1,1,0,0,0,0,0,0,0,0,0
7,2018,9,8,3,6,6,0,0,1,1,0,0,0,0,0,0,0,1
9,2018,11,15,4,2,6,1,1,1,0,0,0,0,0,0,0,0,0
3,2019,1,9,3,5,3,0,0,1,0,0,0,0,1,0,0,1,0
3,2018,4,16,5,0,3,0,1,1,0,0,0,0,0,0,0,1,0
6,2018,9,13,5,6,4,0,0,1,1,0,0,0,0,0,0,0,1
6,2019,9,13,3,5,3,0,0,1,0,0,0,1,0,0,0,0,0
7,2019,11,6,3,1,7,1,0,1,0,0,0,1,0,0,0,0,1
10,2019,9,10,2,2,6,0,0,0,0,1,1,0,0,0,0,0,0
11,2019,12,15,2,5,3,1,1,1,1,0,0,0,0,0,0,1,0
2,2019,10,18,3,0,1,1,0,0,0,1,0,0,0,0,0,1,0
1,2018,7,8,5,3,6,0,0,1,0,0,0,1,1,0,0,2,0
4,2021,10,17,3,5,2,0,1,1,0,0,0,0,0,0,1,1,0
3,2020,9,11,7,2,6,0,0,1,0,1,0,0,0,0,1,0,0
9,2019,9,8,5,0,2,0,0,1,0,1,0,0,1,0,0,0,0
2,2021,8,13,4,1,5,0,1,1,0,0,0,0,0,0,1,1,0
9,2020,8,17,5,5,2,0,1,1,0,0,0,0,0,0,1,1,1
1,2021,8,5,5,2,2,1,1,1,0,0,0,0,1,0,1,1,0
12,2019,11,13,4,6,2,0,0,1,1,0,0,0,0,0,0,0,1
2,2018,3,20,1,6,7,2,0,1,1,0,0,0,0,0,0,1,0
9,2018,6,16,4,2,6,0,0,1,0,0,0,0,0,0,0,0,0
7,2021,7,8,5,6,4,0,1,0,1,0,0,0,0,0,1,2,0
3,2020,7,11,5,5,3,0,1,0,0,0,0,1,0,0,1,2,0
9,2020,9,14,6,0,3,0,0,1,0,0,0,1,0,0,1,0,0
4,2019,9,13,6,5,7,0,0,1,0,0,0,0,0,0,0,0,0
7,2020,1,17,3,5,3,2,1,1,0,0,0,0,1,0,0,1,0
5,2021,5,11,4,1,5,0,1,1,0,0,0,0,0,1,2,1,0
5,2019,6,13,3,5,3,0,0,1,0,0,0,0,0,0,0,1,0
1,2018,7,9,3,2,6,0,0,1,0,1,0,0,0,0,0,2,0
2,2018,12,11,6,5,3,0,0,1,0,0,0,0,1,0,0,1,0
1,2018,5,14,6,5,3,0,1,1,0,0,0,0,0,0,0,0,0
1,2018,12,17,4,6,7,1,1,0,1,0,0,0,0,0,0,1,0
1,2019,7,23,7,5,2,2,0,1,0,0,0,0,0,0,0,2,0
1,2021,9,14,2,0,1,0,0,0,0,1,0,0,0,0,1,0,0
5,2020,2,5,6,2,6,2,0,1,0,1,0,0,1,0,0,1,0
1,2018,11,14,7,0,1,0,1,0,0,0,0,0,0,0,0,0,0
6,2019,6,16,5,2,6,0,0,1,0,1,0,0,0,0,0,1,0
9,2019,4,8,6,6,4,0,0,1,1,0,0,0,0,0,0,1,1
7,2021,9,12,4,5,2,0,0,1,0,0,0,1,0,0,1,0,0
9,2019,6,12,5,2,6,0,0,1,0,0,0,0,0,0,0,1,0
7,2018,5,20,5,6,4,1,0,1,1,0,0,0,0,0,0,0,1
6,2021,12,21,3,6,2,2,0,1,1,0,0,0,1,1,2,1,1
2,2021,1,12,3,5,7,0,1,1,0,0,0,0,1,1,2,0,0
2,2018,7,9,4,5,2,0,1,1,0,0,0,0,0,0,0,2,0
3,2020,4,14,5,5,3,0,1,1,0,0,0,0,0,1,2,1,1
4,2021,3,15,3,1,5,0,1,1,0,0,0,0,0,0,2,0,0
2,2020,2,16,3,2,6,0,1,1,0,0,0,0,1,0,0,1,0
3,2019,5,15,7,5,3,0,1,1,0,0,0,0,0,0,0,0,0
7,2018,11,14,2,8,1,0,0,1,0,0,0,0,0,0,0,0,0
4,2019,4,9,5,5,7,0,0,1,0,0,0,0,0,0,0,1,0
2,2021,5,14,5,5,2,0,1,1,0,0,0,0,0,1,2,1,0
2,2020,4,8,5,5,2,0,1,0,0,0,0,1,0,1,2,1,1
6,2018,7,17,6,2,2,0,1,1,0,0,0,0,0,0,0,2,0
1,2021,5,1,2,5,2,2,0,1,0,0,0,0,0,1,2,1,0
3,2019,5,8,3,2,6,0,0,1,0,0,1,0,0,0,0,0,0
11,2018,4,16,3,2,6,0,0,1,0,0,1,1,0,0,0,1,0
11,2020,2,15,5,0,7,0,1,0,0,0,0,0,1,0,0,1,0
1,2019,9,6,5,5,2,0,1,1,0,0,0,0,0,0,0,0,0
1,2020,9,16,3,0,3,0,1,1,0,0,0,0,0,0,1,0,0
9,2019,8,16,7,5,3,0,1,1,0,0,0,0,0,0,0,0,0
2,2021,9,16,3,6,4,0,0,1,1,0,0,0,0,0,1,0,0
1,2019,6,13,1,1,5,0,1,1,0,0,0,0,0,0,0,1,0
7,2020,5,17,1,0,1,0,0,0,0,1,0,0,0,1,1,0,0
3,2020,1,19,2,5,3,2,1,1,0,0,0,0,1,0,0,1,0
3,2019,7,14,6,5,3,0,0,1,0,1,0,0,1,0,0,2,1
6,2019,11,12,5,6,2,0,0,1,1,0,0,0,0,0,0,0,1
4,2021,2,17,3,6,2,2,0,1,1,0,0,0,1,1,2,1,0
3,2019,4,7,6,2,6,0,0,1,0,0,0,0,0,0,0,1,0
9,2020,11,14,3,0,1,0,0,0,0,1,0,0,0,1,2,0,0
9,2021,12,15,3,5,3,1,1,1,0,0,0,0,2,1,2,1,0
7,2020,7,16,2,5,2,0,0,1,0,0,0,0,0,0,1,2,1
4,2018,11,17,2,2,6,2,0,1,0,0,0,0,1,0,0,0,0
1,2020,9,13,3,3,6,0,0,1,0,0,0,0,0,0,1,0,0
8,2019,1,13,4,5,3,0,1,1,0,0,0,0,0,0,0,1,0
3,2019,12,7,2,5,3,1,1,0,0,0,0,1,1,0,0,1,1
7,2021,6,12,4,5,2,0,1,1,0,0,0,0,0,0,1,1,0
3,2019,10,22,3,5,2,2,0,1,0,1,0,0,0,0,0,1,0
1,2019,5,18,5,5,2,0,1,1,0,0,0,0,0,0,0,0,0
3,2018,5,16,2,3,6,0,1,0,0,0,1,0,0,0,0,0,0
5,2020,7,21,6,0,7,2,1,0,0,0,0,0,0,0,1,2,1
1,2018,11,6,4,1,5,1,1,1,0,0,0,0,0,0,0,0,0
6,2020,4,14,2,8,1,0,0,1,0,0,0,0,0,1,2,1,0
2,2021,7,9,3,2,3,0,1,0,0,0,0,0,0,0,1,2,0
1,2021,8,16,1,5,3,0,1,0,0,0,0,1,0,0,1,1,0
12,2019,9,14,4,5,2,0,1,1,0,0,0,0,1,0,0,0,0
6,2021,3,18,1,0,7,2,0,1,0,0,0,0,1,0,2,0,0
3,2018,8,13,7,3,6,0,1,0,0,0,1,0,0,0,0,1,0
8,2018,7,7,4,0,6,0,1,1,0,0,0,0,0,0,0,2,0
5,2020,6,11,2,5,2,0,0,1,0,0,0,1,0,0,1,1,0
1,2019,5,16,5,5,3,0,1,1,0,0,0,0,0,0,0,0,0
11,2020,9,15,2,2,6,0,0,1,0,0,0,0,0,0,1,0,0
1,2020,11,10,4,6,4,0,0,1,1,0,0,0,0,1,2,0,0
7,2020,8,14,6,5,3,0,1,0,0,0,0,1,0,0,1,1,1
7,2018,4,18,2,5,2,0,1,1,0,0,0,0,0,0,0,1,0
5,2021,8,16,3,5,2,0,0,1,0,1,0,0,0,0,1,1,1
4,2019,6,14,1,1,5,0,1,1,0,0,0,0,0,0,0,1,0
6,2018,11,17,5,4,7,2,1,0,0,0,0,0,0,0,0,0,0
3,2019,4,9,6,5,2,0,1,1,0,0,0,0,0,0,0,1,0
10,2018,9,16,4,6,4,0,0,1,1,0,0,0,0,0,0,0,1
4,2019,1,11,2,5,2,0,0,1,0,1,0,0,1,0,0,1,0
1,2020,11,17,3,2,2,2,0,1,0,0,0,0,1,1,2,0,0
5,2020,5,20,3,6,4,1,0,1,1,0,0,0,0,1,1,0,0
9,2021,5,19,1,0,1,0,1,0,0,0,0,0,0,1,2,1,0
12,2018,3,6,6,5,2,1,0,1,0,0,0,0,0,0,0,1,0
1,2021,11,11,2,5,3,0,1,1,0,0,0,0,0,0,2,0,0
11,2021,11,17,5,5,2,2,0,1,0,1,0,0,0,0,2,0,1
5,2020,1,0,1,5,2,2,1,1,0,0,0,0,0,0,0,1,0
3,2020,6,8,4,5,2,0,1,1,0,0,0,0,0,0,1,1,0
11,2018,12,15,3,5,3,1,1,1,0,0,0,0,0,0,0,1,0
2,2021,12,5,1,5,3,2,0,1,0,0,0,0,1,1,2,1,0
2,2019,8,17,2,4,6,0,1,0,0,0,0,0,0,0,0,0,0
8,2018,7,22,4,5,2,2,0,1,0,0,0,0,0,0,0,2,0
8,2021,11,17,2,5,2,2,0,1,0,0,0,0,1,0,2,0,0
8,2018,12,13,2,5,7,0,0,1,0,0,0,0,0,0,0,1,0
1,2019,5,15,5,6,2,0,0,1,1,0,0,0,1,0,0,0,0
7,2019,12,8,5,2,6,0,0,1,0,0,0,1,1,0,0,1,0
6,2020,10,9,6,5,2,0,1,1,0,0,0,0,0,1,1,1,0
6,2019,12,14,5,5,3,0,1,1,0,0,0,0,0,0,0,1,1
3,2021,5,9,4,1,5,0,1,1,0,0,0,0,0,1,2,1,0
8,2021,8,12,3,5,2,0,1,0,0,0,0,1,0,0,1,1,0
8,2019,2,11,5,6,2,0,0,0,1,0,0,1,1,0,0,1,1
10,2020,12,13,2,0,1,0,1,0,0,0,0,0,0,1,2,1,0
7,2019,8,10,4,3,6,0,0,1,0,0,0,0,0,0,0,0,0
2,2020,9,16,6,6,7,0,0,1,1,0,0,0,0,0,1,0,0
1,2020,9,12,6,5,7,0,1,1,0,0,0,0,0,0,1,0,0
10,2021,1,7,5,6,4,0,0,0,1,0,0,1,1,1,2,0,1
3,2018,4,15,4,2,7,0,0,1,0,0,0,0,0,0,0,1,0
1,2020,9,13,4,5,3,0,0,1,0,0,0,0,0,0,1,0,0
3,2019,10,15,1,2,6,0,0,1,0,1,0,0,0,0,0,1,0
8,2019,5,7,5,2,3,0,1,0,0,0,0,0,0,0,0,0,0
3,2018,8,15,4,1,5,0,0,1,0,1,0,0,0,0,0,1,0
11,2019,6,11,4,2,6,0,0,1,0,0,0,0,0,0,0,1,0
10,2020,1,6,3,6,2,2,0,1,1,0,0,0,1,0,0,1,1
8,2018,11,14,7,2,6,0,0,1,0,0,0,0,0,0,0,0,0
1,2020,7,22,4,0,1,2,1,0,0,0,0,0,0,0,1,2,1
7,2021,1,13,2,5,2,0,1,1,0,0,0,0,1,1,2,0,0
10,2021,12,5,2,6,2,2,0,1,1,0,0,0,1,1,2,1,0
4,2019,10,13,2,5,3,0,1,1,0,0,0,0,0,0,0,1,0
4,2018,2,15,2,2,6,0,0,1,0,0,0,0,0,0,0,1,0
1,2019,11,15,1,5,3,0,0,1,0,0,0,0,0,0,0,0,0
12,2020,3,12,7,5,3,0,0,1,0,1,0,0,0,1,1,0,1
12,2019,11,22,7,2,6,2,0,1,0,0,0,0,0,0,0,0,0
1,2021,11,13,6,5,3,0,0,1,0,0,0,0,1,0,2,0,0
4,2018,4,7,1,2,7,0,0,1,0,0,0,0,0,0,0,1,0
2,2019,9,15,3,2,7,0,1,1,0,0,0,0,0,0,0,0,0
7,2018,10,16,5,5,3,0,0,1,0,0,0,0,0,0,0,1,0
4,2021,12,11,2,5,3,0,0,1,0,0,0,0,0,1,2,1,0
3,2018,2,9,5,6,4,0,0,0,1,0,0,1,1,0,0,1,0
4,2018,8,12,6,5,3,0,0,1,0,1,0,0,0,0,0,1,0
3,2019,5,11,7,6,6,0,1,0,1,0,0,0,0,0,0,0,0
1,2020,9,17,6,2,6,0,0,1,0,1,0,0,0,0,1,0,0
3,2020,5,16,6,7,7,0,1,0,0,0,0,0,0,1,1,0,1
9,2019,8,9,3,5,2,0,0,1,0,0,0,0,0,0,0,0,0
2,2021,10,11,3,3,6,0,1,1,0,0,0,0,0,0,1,1,0
4,2018,11,11,2,5,2,0,0,1,0,1,0,0,1,0,0,0,1
3,2018,10,13,3,5,2,0,0,0,0,0,1,1,0,0,0,1,0
12,2021,2,20,7,1,1,2,0,1,0,0,1,0,1,1,2,1,1
9,2018,3,12,5,2,6,0,0,1,0,0,1,0,1,0,0,1,0
9,2020,11,12,1,0,1,0,1,0,0,0,0,0,1,1,2,0,0
12,2019,9,9,3,1,7,0,0,1,1,0,0,1,0,0,0,0,0
4,2019,5,16,2,2,7,0,0,1,0,0,1,0,0,0,0,0,0
2,2021,8,12,6,5,7,0,0,1,0,0,0,1,0,0,1,1,0
2,2021,9,16,5,0,3,0,0,1,0,1,0,0,0,0,1,0,0
4,2019,1,13,6,2,6,0,0,1,0,0,0,0,0,0,0,1,0
3,2019,5,18,2,5,2,0,1,1,0,0,0,0,0,0,0,0,0
12,2019,7,9,4,4,6,0,1,0,0,0,0,0,0,0,0,2,1
4,2021,8,13,2,6,7,0,1,0,1,0,0,0,0,0,1,1,0
3,2019,3,8,4,2,6,0,1,1,0,0,0,0,0,0,0,0,0
4,2019,1,14,2,2,3,0,0,1,0,0,0,0,0,0,0,1,0
1,2021,6,20,7,0,6,1,1,1,0,0,0,0,0,0,1,1,0
3,2019,10,7,6,0,7,0,0,1,0,0,0,1,0,0,0,1,0
4,2020,1,5,7,0,1,2,0,0,0,0,0,1,1,0,0,1,0
4,2020,11,5,5,6,2,2,0,1,1,0,0,0,1,1,2,0,0
3,2020,11,18,6,3,6,2,0,1,0,0,0,0,0,1,2,0,0
1,2020,10,16,6,6,7,1,1,0,1,0,0,0,0,1,1,1,0
1,2020,8,16,2,2,6,0,0,1,0,1,0,0,0,0,1,1,0
5,2018,1,17,5,6,2,2,0,1,1,0,0,0,1,0,0,0,0
3,2019,12,10,7,5,3,0,1,1,0,0,0,0,1,0,0,1,0
8,2018,11,7,5,2,2,1,0,1,0,0,0,0,0,0,0,0,0
6,2019,12,21,5,5,3,2,0,1,0,1,0,0,1,0,0,1,0
4,2019,6,14,6,5,2,0,1,1,0,0,0,0,0,0,0,1,0
10,2019,7,19,4,2,6,0,0,1,0,0,0,0,0,0,0,2,0
7,2019,12,18,4,5,2,2,0,1,0,1,0,0,0,0,0,1,0
2,2019,11,19,3,5,2,2,1,1,0,0,0,0,0,0,0,0,0
1,2020,11,16,5,2,6,2,0,1,0,1,0,0,1,1,2,0,0
4,2019,4,8,2,5,2,0,1,0,0,1,0,0,0,0,0,1,0
9,2021,2,19,4,6,2,2,0,1,1,0,0,0,1,1,2,1,0