BEZ,UJAHR,UMONAT,USTUNDE,UWOCHENTAG,UART,UTYP1,ULICHTVERH,IstRad,IstPKW,IstFuss,IstKrad,IstGkfz,IstSonstige,USTRZUSTAND,LOCKDOWN,COVID,FERIEN,UKATEGORIE
8,2018,10,20,6,6,2,2,0,1,1,0,0,0,0,0,0,1,0
1,2018,9,13,4,7,7,0,1,0,0,0,0,0,0,0,0,0,0
9,2019,7,10,4,6,4,0,0,1,1,0,0,0,0,0,0,2,1
4,2021,7,13,5,1,5,0,0,1,0,0,0,0,0,0,1,2,0
8,2019,6,6,5,5,2,0,1,0,0,1,0,0,0,0,0,1,0
9,2020,6,17,3,5,3,0,1,0,0,0,0,1,0,0,1,1,0
1,2020,5,0,7,0,1,2,1,0,0,0,0,0,0,1,1,0,0
10,2018,4,17,5,5,3,0,0,1,0,0,0,0,0,0,0,1,0
1,2020,6,9,5,0,6,0,1,1,0,0,0,0,0,0,1,1,0
4,2018,4,7,5,2,6,0,0,1,0,0,0,0,0,0,0,1,0
11,2021,10,18,5,5,7,2,0,1,0,0,0,1,0,0,1,1,1
2,2020,6,19,5,0,6,0,1,0,0,0,0,0,0,0,1,1,0
6,2019,8,7,4,0,2,0,0,1,0,1,0,0,0,0,0,0,0
1,2020,11,8,2,5,3,0,1,0,0,0,0,1,0,1,2,0,0
1,2018,3,16,3,6,4,0,0,1,1,0,0,0,0,0,0,1,0
6,2018,11,15,6,2,2,2,0,1,0,0,0,0,1,0,0,0,0
7,2019,8,8,2,3,6,0,1,1,0,0,0,0,0,0,0,0,0
7,2018,12,20,3,3,6,2,1,1,0,0,0,0,1,0,0,1,0
1,2019,3,23,2,6,4,2,0,1,1,0,0,0,0,0,0,0,1
4,2019,8,12,3,5,7,0,1,1,0,0,0,0,0,0,0,0,0
8,2020,6,18,3,1,5,0,1,1,0,0,0,0,0,0,1,1,0
10,2021,2,13,7,5,3,0,0,1,0,0,0,0,1,1,2,1,0
7,2020,1,17,5,2,6,2,0,1,0,0,0,0,1,0,0,1,0
2,2018,4,18,5,5,3,0,0,1,0,1,0,0,1,0,0,1,0
2,2020,7,15,4,5,3,0,1,1,0,0,0,0,1,0,1,2,0
10,2019,11,15,2,1,5,1,0,1,0,1,0,0,1,0,0,0,0
5,2019,10,0,7,6,4,2,0,1,1,0,0,0,0,0,0,1,0
4,2018,4,12,1,2,6,0,0,1,0,0,0,0,0,0,0,1,0
12,2018,12,14,3,5,2,0,0,1,0,0,0,0,1,0,0,1,0
12,2019,11,7,5,5,3,0,1,1,0,0,0,0,0,0,0,0,0
6,2020,6,22,3,3,6,1,0,1,0,0,0,0,0,0,1,1,0
1,2021,9,15,7,1,5,0,0,1,0,1,0,0,0,0,1,0,1
2,2019,4,18,3,5,2,0,1,0,0,0,0,1,0,0,0,1,1
12,2019,12,11,3,6,7,0,0,1,1,0,1,1,0,0,0,1,1
7,2019,5,9,3,5,2,0,1,1,0,0,0,0,0,0,0,0,0
4,2018,4,13,2,3,6,0,0,1,0,0,0,0,0,0,0,1,0
3,2020,9,14,5,5,3,0,0,1,0,0,0,1,0,0,1,0,0
4,2019,5,16,6,3,6,0,0,1,0,0,0,0,0,0,0,0,0
2,2021,11,8,4,5,2,0,0,0,0,0,1,1,1,0,2,0,0
2,2020,8,17,4,6,7,0,0,1,1,0,0,0,0,0,1,1,0
5,2018,10,8,5,5,7,0,0,1,0,1,0,0,0,0,0,1,1
1,2018,8,10,2,5,7,0,0,1,0,1,0,0,0,0,0,1,0
9,2019,6,16,5,5,3,0,1,1,0,0,0,0,0,0,0,1,0
10,2020,7,14,6,6,4,0,0,1,1,0,0,0,1,0,1,2,0
8,2018,6,16,4,5,2,0,0,1,0,1,0,0,0,0,0,0,0
8,2021,5,11,7,1,5,0,1,1,0,0,0,0,0,1,2,1,0
5,2018,8,11,5,2,6,0,0,1,0,0,0,0,1,0,0,1,1
11,2021,10,17,1,5,2,0,1,0,0,1,0,0,0,0,1,1,1
8,2020,1,19,5,6,4,2,0,1,1,0,0,0,1,0,0,1,1
7,2019,10,8,2,1,5,0,1,1,0,0,0,0,0,0,0,1,0
9,2020,3,14,3,0,7,0,0,1,0,0,0,0,0,1,1,0,1
2,2020,4,22,4,1,5,2,0,1,0,0,0,1,1,1,2,1,0
3,2018,8,12,5,0,1,0,0,0,0,1,0,0,1,0,0,1,0
6,2019,6,13,6,1,5,0,1,1,0,0,0,0,0,0,0,1,0
3,2018,12,19,4,5,3,2,1,1,0,0,0,0,0,0,0,1,0
3,2020,4,13,7,5,2,0,1,1,0,0,0,0,0,1,2,1,0
12,2018,8,16,5,2,6,0,0,1,0,0,0,0,0,0,0,1,0
5,2020,9,9,1,5,3,0,1,0,0,0,0,0,0,0,1,0,0
7,2020,11,6,3,5,3,1,0,0,0,0,1,1,1,1,2,0,0
4,2019,2,14,3,5,3,0,0,1,0,0,0,0,0,0,0,1,0
9,2018,6,15,1,0,4,0,1,0,1,0,0,0,0,0,0,0,0
1,2021,3,17,7,5,2,0,1,1,0,0,0,0,1,0,2,0,0
1,2019,8,13,5,6,4,0,0,1,1,0,0,0,0,0,0,0,1
2,2020,2,14,4,5,3,0,0,1,0,0,0,1,0,0,0,1,1
5,2018,5,15,4,6,2,0,0,1,1,0,0,0,0,0,0,0,0
11,2019,12,21,7,6,4,2,0,1,1,0,0,0,0,0,0,1,1
1,2020,9,18,2,4,6,0,1,0,0,0,0,1,0,0,1,0,0
1,2021,11,18,2,5,2,2,1,1,0,0,0,0,1,0,2,0,0
7,2020,5,18,3,5,7,0,0,1,0,0,0,0,0,1,1,0,0
1,2021,7,19,1,1,5,0,0,1,0,1,0,0,1,0,1,2,0
5,2021,6,15,3,2,6,0,1,1,0,0,0,0,0,0,1,1,0
9,2018,9,7,3,2,6,0,0,1,0,0,0,0,0,0,0,0,0
10,2020,6,14,3,3,6,0,0,1,0,1,0,0,0,0,1,1,1
1,2021,10,9,5,2,2,0,0,1,0,1,0,0,0,0,1,1,0
3,2018,10,17,7,5,2,0,0,1,0,1,0,0,0,0,0,1,0
6,2020,10,19,4,1,5,2,1,1,0,0,0,0,1,1,1,1,0
12,2018,4,19,7,2,6,1,0,1,0,0,0,0,0,0,0,1,0
3,2020,3,9,4,5,2,0,0,1,0,0,0,1,0,1,1,0,0
2,2020,8,9,5,5,3,0,0,1,0,1,0,0,0,0,1,1,0
3,2018,10,9,7,5,2,0,1,1,0,0,0,0,0,0,0,1,0
2,2021,1,21,2,6,4,2,0,1,1,0,0,0,1,1,2,0,1
4,2019,8,15,3,0,6,0,0,1,0,1,0,0,1,0,0,0,0
2,2020,10,6,3,2,3,0,0,1,0,0,0,0,0,1,1,1,0
1,2018,12,17,3,6,4,2,0,1,1,0,0,0,1,0,0,1,0
2,2021,5,18,7,2,6,0,0,1,0,0,0,0,0,1,2,1,0
12,2020,1,13,2,5,3,0,0,1,0,0,0,0,0,0,0,1,0
2,2019,12,23,4,2,6,2,0,1,0,0,0,0,1,0,0,1,0
4,2020,9,7,2,1,7,0,1,1,0,0,0,0,0,0,1,0,0
1,2019,11,5,2,8,1,0,1,0,0,0,0,0,0,0,0,0,0
3,2018,3,21,4,1,1,2,0,1,0,0,0,0,1,0,0,1,1
5,2021,6,17,4,6,4,0,0,0,1,0,0,1,0,0,1,1,0
1,2021,9,14,4,5,2,0,0,1,0,1,0,0,0,0,1,0,0
4,2020,9,16,4,6,4,0,0,1,1,0,0,0,1,0,1,0,1
3,2019,7,7,3,6,7,0,0,1,1,0,0,0,0,0,0,2,0
9,2021,2,5,6,6,2,2,0,1,1,0,0,0,1,1,2,1,0
5,2021,7,17,2,0,1,0,1,1,0,0,0,0,0,0,1,2,0
2,2019,6,18,5,6,2,0,0,1,1,0,0,0,0,0,0,1,0
9,2018,9,17,1,2,6,0,0,1,0,0,0,0,1,0,0,0,0
2,2021,3,10,4,5,3,0,0,1,0,0,1,0,0,0,2,0,0
2,2018,8,18,5,1,5,0,1,1,0,1,0,0,0,0,0,1,0
11,2018,6,6,6,5,3,0,1,1,0,0,0,0,0,0,0,0,0
2,2018,12,12,6,5,3,0,1,1,0,0,0,0,0,0,0,1,0
2,2020,9,14,5,1,5,0,1,0,0,0,0,1,0,0,1,0,1
2,2019,2,8,6,5,2,0,1,1,0,0,0,0,0,0,0,1,0
1,2018,4,9,7,5,2,0,1,0,0,0,0,1,0,0,0,1,0
8,2020,6,9,5,0,3,0,1,1,0,0,0,0,0,0,1,1,0
2,2018,9,19,6,5,3,2,1,1,0,0,0,0,1,0,0,0,1
4,2021,8,9,4,5,2,0,1,1,0,0,0,0,0,0,1,1,0
12,2019,10,13,4,5,2,0,1,1,0,0,0,0,0,0,0,1,0
7,2018,5,17,5,2,6,0,0,1,0,0,0,1,0,0,0,0,0
8,2020,1,7,6,6,2,1,0,1,1,0,0,0,2,0,0,1,1
7,2018,11,16,3,6,2,2,0,1,1,0,0,0,1,0,0,0,0
7,2018,4,11,3,1,7,0,0,1,0,0,0,0,0,0,0,1,0
9,2020,2,21,3,2,6,2,0,1,0,0,0,0,0,0,0,1,0
7,2019,1,17,2,6,2,2,0,1,1,0,0,0,1,0,0,1,0
9,2018,1,19,2,9,1,2,0,1,0,0,0,0,0,0,0,0,1
3,2020,12,18,2,1,5,2,0,1,0,0,0,0,1,1,2,1,0
9,2019,3,8,2,5,3,0,1,1,0,0,0,0,1,0,0,0,0
3,2018,9,21,7,2,6,2,0,1,0,1,0,0,0,0,0,0,0
6,2021,6,13,5,1,5,0,1,0,0,0,1,0,0,0,1,1,1
12,2019,5,9,6,0,3,0,0,1,0,1,0,0,0,0,0,0,0
12,2018,10,10,3,3,6,0,0,1,0,0,0,1,0,0,0,1,0
12,2018,9,12,5,0,2,0,1,0,0,0,0,1,0,0,0,0,0
9,2019,10,15,2,5,3,0,1,0,0,1,0,0,0,0,0,1,0
9,2020,8,9,3,2,6,0,0,1,0,0,0,1,0,0,1,1,0
1,2019,10,13,7,3,6,0,1,0,0,0,0,0,0,0,0,1,0
5,2019,4,15,3,2,6,0,0,1,0,0,0,0,0,0,0,1,0
11,2021,4,13,4,0,7,0,0,1,0,0,0,0,0,1,2,1,1
1,2019,8,21,1,5,3,2,0,1,0,0,0,1,0,0,0,0,0
4,2018,5,18,2,2,6,0,0,1,0,1,0,0,0,0,0,0,1
12,2020,10,20,5,3,6,2,0,1,0,0,0,0,0,1,1,1,0
2,2019,4,12,6,5,2,0,1,1,0,0,0,0,0,0,0,1,0
1,2021,9,16,6,3,6,0,1,1,0,0,0,0,0,0,1,0,0
6,2021,11,12,4,5,3,0,1,0,0,1,0,0,0,0,2,0,0
7,2019,4,13,6,1,5,0,0,1,0,0,0,0,0,0,0,1,0
2,2019,9,7,5,5,3,0,1,1,0,0,0,0,0,0,0,0,1
2,2019,7,7,6,5,2,0,1,1,0,0,0,0,1,0,0,2,0
8,2021,10,22,7,5,3,2,0,1,0,0,0,0,1,0,1,1,0
1,2019,3,22,4,5,3,2,0,1,0,0,0,1,1,0,0,0,1
7,2018,5,14,7,5,3,0,0,1,0,0,0,0,0,0,0,0,0
3,2021,11,8,6,5,2,0,1,1,0,0,0,0,1,0,2,0,0
2,2021,8,9,2,5,2,0,1,0,0,0,1,0,0,0,1,1,0
6,2020,10,8,5,0,1,0,0,0,0,1,0,0,0,1,1,1,0
1,2021,7,23,2,1,5,2,1,1,0,0,0,0,0,0,1,2,0
2,2020,10,9,6,2,7,0,1,1,0,0,1,0,1,1,1,1,0
5,2019,7,21,2,9,1,1,0,1,0,0,0,0,1,0,0,2,0
9,2019,6,10,3,6,7,0,0,1,1,0,0,0,0,0,0,1,0
2,2018,8,15,4,2,6,0,0,1,0,0,0,1,0,0,0,1,0
4,2020,8,8,5,5,2,0,1,1,0,0,0,0,0,0,1,1,0
2,2018,8,18,2,2,6,0,0,1,0,1,0,0,0,0,0,1,0
11,2021,8,15,6,6,7,0,0,0,1,0,0,1,0,0,1,1,0
8,2019,4,18,3,5,3,0,1,1,0,0,0,0,0,0,0,1,0
11,2018,1,13,5,5,3,0,0,1,0,0,0,0,1,0,0,0,0
6,2020,5,6,7,8,1,0,0,1,0,0,0,0,0,1,1,0,1
8,2021,9,16,4,2,6,1,0,1,0,0,0,0,1,0,1,0,0
5,2020,8,13,2,5,3,0,1,1,0,0,0,0,0,0,1,1,1
11,2021,8,17,1,6,4,0,0,1,1,0,0,0,0,0,1,1,1
5,2019,5,12,5,0,1,0,0,1,0,1,0,0,1,0,0,0,0
12,2018,8,11,1,1,7,0,0,1,0,0,0,1,0,0,0,1,1
7,2018,8,12,5,5,7,0,1,1,0,0,0,0,1,0,0,1,0
2,2020,11,14,3,0,6,0,0,1,0,0,0,1,0,1,2,0,0
6,2020,9,10,5,6,3,0,0,1,1,0,0,0,0,0,1,0,0
7,2018,8,8,3,1,7,0,1,1,0,0,0,0,0,0,0,1,0
3,2021,6,6,3,1,5,0,1,1,0,0,0,0,0,0,1,1,1
4,2021,11,17,5,1,5,2,0,1,0,0,0,0,1,0,2,0,0
1,2018,8,18,2,5,3,0,0,1,0,1,0,0,0,0,0,1,1
3,2018,8,10,7,6,2,0,0,1,1,0,0,0,0,0,0,1,0
9,2020,1,16,7,0,1,1,1,0,0,0,0,0,1,0,0,1,0
4,2021,8,16,4,5,2,0,1,1,0,0,0,0,0,0,1,1,0
5,2018,12,8,3,6,2,0,0,1,1,0,0,0,1,0,0,1,0
3,2018,9,7,2,3,6,0,1,0,0,0,0,0,0,0,0,0,1
7,2021,7,17,1,5,7,0,0,1,0,0,0,1,0,0,1,2,0
4,2019,12,21,6,5,3,2,0,1,0,0,0,1,0,0,0,1,0
3,2021,2,15,2,5,3,0,0,1,0,0,0,0,0,1,2,1,0
7,2021,5,15,4,5,2,0,1,1,0,0,0,0,0,1,2,1,0
1,2021,1,8,4,5,2,0,1,1,0,0,0,0,0,1,2,0,0
3,2021,4,13,7,0,2,0,1,1,0,0,0,0,0,1,2,1,0
1,2018,6,14,2,5,3,0,0,1,0,0,0,1,0,0,0,0,0
2,2019,10,5,5,9,1,1,0,1,0,0,0,0,0,0,0,1,0
7,2019,1,10,4,5,3,0,0,1,0,0,0,0,1,0,0,1,0
7,2018,4,8,4,1,5,0,1,1,0,0,0,0,0,0,0,1,0
1,2020,1,19,5,5,3,2,0,1,0,0,0,0,1,0,0,1,0
9,2019,9,14,2,5,3,0,1,1,0,0,0,0,0,0,0,0,0
12,2018,8,22,2,0,6,2,0,1,0,1,0,0,0,0,0,1,0
9,2018,2,23,5,5,2,2,1,1,0,0,0,0,0,0,0,1,0
8,2019,8,14,3,0,2,0,0,1,0,1,0,0,0,0,0,0,0
9,2021,3,20,3,0,1,2,0,0,0,1,0,0,0,0,2,0,1
1,2020,8,12,4,3,6,0,1,0,0,0,1,0,0,0,1,1,0
9,2021,9,13,5,0,4,0,0,0,1,0,0,1,0,0,1,0,0
3,2018,2,6,6,6,2,2,0,1,1,0,0,0,0,0,0,1,0
7,2018,5,11,3,2,6,0,0,1,0,0,0,0,0,0,0,0,0
4,2019,10,17,7,5,3,1,1,1,0,0,0,0,0,0,0,1,0
11,2019,12,21,7,6,4,2,0,1,1,0,0,0,1,0,0,1,1
6,2020,8,16,4,3,6,0,1,0,0,0,0,0,1,0,1,1,1
4,2018,10,11,7,2,6,0,0,1,0,0,0,0,0,0,0,1,1
7,2021,11,16,7,3,6,0,0,1,0,1,0,0,0,0,2,0,0
7,2019,12,19,6,0,4,2,1,0,1,0,0,0,1,0,0,1,0
4,2019,12,19,6,1,5,2,1,1,0,0,0,0,0,0,0,1,0
5,2020,11,8,6,1,5,0,0,1,0,0,0,0,0,1,2,0,0
10,2021,6,17,4,5,2,0,1,1,0,0,0,0,0,0,1,1,0
3,2019,10,9,5,0,3,0,0,1,0,1,0,0,0,0,0,1,0
4,2020,2,19,7,6,2,2,0,1,1,0,0,0,1,0,0,1,0
4,2018,10,8,3,5,7,0,1,1,0,0,0,0,0,0,0,1,0
12,2021,8,7,6,3,6,1,0,1,0,0,1,0,1,0,1,1,0
6,2021,9,11,4,5,3,0,0,1,0,0,0,0,0,0,1,0,0
9,2018,7,15,6,5,2,0,1,1,0,0,0,0,0,0,0,2,0
1,2018,3,12,4,2,6,0,0,1,0,0,0,0,1,0,0,1,0
1,2020,9,12,6,5,3,0,0,1,0,1,0,0,1,0,1,0,0
11,2018,7,23,5,5,3,2,1,1,0,0,0,0,1,0,0,2,0
3,2018,5,16,1,0,2,0,1,1,0,0,0,0,0,0,0,0,0
4,2019,4,15,5,2,2,0,0,1,0,0,0,1,0,0,0,1,0
2,2021,12,17,2,0,2,2,1,0,0,0,0,1,0,1,2,1,0
9,2018,1,17,5,5,2,2,1,1,0,0,0,0,1,0,0,0,0
8,2018,9,15,4,5,2,0,1,1,0,0,0,0,0,0,0,0,0
11,2020,4,13,6,5,3,0,1,1,0,0,0,0,0,1,2,1,0
4,2018,10,15,6,5,2,0,0,1,0,1,0,0,0,0,0,1,0
5,2018,3,15,5,6,4,0,0,1,1,0,0,0,0,0,0,1,0
3,2020,9,18,2,5,2,0,0,1,0,1,0,0,0,0,1,0,1
11,2019,4,12,2,3,6,0,0,1,0,0,1,0,0,0,0,1,0
2,2019,10,5,1,1,5,2,1,1,0,0,0,1,1,0,0,1,0
3,2019,2,11,5,6,3,0,0,1,1,0,0,0,0,0,0,1,1
7,2020,4,1,1,0,1,2,0,0,0,1,0,0,0,1,2,1,0
9,2020,6,7,3,2,6,0,0,1,0,0,0,0,0,0,1,1,0
1,2018,7,14,7,6,4,0,0,1,1,0,0,0,0,0,0,2,0
1,2021,5,17,5,5,3,0,0,1,0,0,0,0,0,1,2,1,0
9,2021,5,8,2,2,6,0,0,1,0,0,0,1,0,1,2,1,0
4,2021,5,9,2,2,6,0,0,1,0,0,0,0,0,1,2,1,0
5,2021,10,13,7,2,6,0,0,1,0,0,0,0,0,0,1,1,0
3,2019,3,8,2,5,3,0,1,1,0,0,0,0,1,0,0,0,0
7,2021,12,16,5,2,6,1,0,1,0,0,0,1,1,1,2,1,0
3,2021,10,11,2,1,1,0,0,1,0,0,0,0,0,0,1,1,0
2,2020,1,17,3,5,3,2,1,1,0,0,0,0,1,0,0,1,0
11,2018,7,16,4,5,2,0,0,1,0,0,0,0,0,0,0,2,0
7,2018,11,8,5,0,2,0,1,0,0,0,0,1,0,0,0,0,0
12,2018,6,7,6,5,3,0,1,1,0,0,0,0,0,0,0,0,0
10,2020,2,5,4,5,3,2,1,1,0,0,0,0,0,0,0,1,0
4,2020,10,10,6,0,6,0,0,0,0,0,0,1,0,1,1,1,0
12,2021,7,16,6,2,6,0,0,1,0,0,0,0,0,0,1,2,0
2,2019,11,0,7,0,1,2,1,0,0,0,0,0,1,0,0,0,0
6,2019,10,12,2,5,3,0,1,1,0,0,0,0,0,0,0,1,0
10,2021,10,21,1,5,3,2,1,1,0,0,0,0,0,0,1,1,0
12,2018,2,8,2,4,6,0,0,1,0,0,0,0,0,0,0,1,1
4,2019,11,10,5,6,4,0,0,1,1,0,0,0,0,0,0,0,0
11,2020,6,13,5,5,3,0,1,1,0,0,0,0,1,0,1,1,0
6,2018,11,15,3,2,5,0,0,1,0,0,0,1,1,0,0,0,0
5,2020,9,19,3,0,6,2,0,1,0,1,0,0,0,0,1,0,0
7,2021,9,11,1,1,2,0,0,1,0,0,0,1,0,0,1,0,0
7,2019,12,5,6,5,3,2,0,1,0,0,0,0,0,0,0,1,0
10,2020,8,6,5,0,6,0,0,1,0,0,0,1,0,0,1,1,0
1,2020,3,15,1,1,5,0,0,1,0,1,0,0,0,1,1,0,0
2,2020,9,13,1,3,6,0,1,0,0,0,0,0,0,0,1,0,0
12,2019,12,7,3,5,3,2,0,1,0,0,1,0,1,0,0,1,1
4,2018,4,14,4,1,7,0,0,0,0,1,0,0,0,0,0,1,0
11,2021,6,8,4,6,4,0,0,0,1,0,0,1,0,0,1,1,1
3,2018,12,19,1,5,2,2,1,1,0,0,0,0,1,0,0,1,0
10,2019,6,20,5,2,6,0,0,1,0,1,0,0,0,0,0,1,0
1,2019,8,15,7,5,2,0,0,1,0,0,0,0,0,0,0,0,0
5,2018,9,13,2,5,3,0,1,1,0,0,0,0,0,0,0,0,1
6,2018,6,15,4,2,2,0,0,1,0,0,0,0,0,0,0,0,0
2,2018,9,19,5,5,3,1,0,1,0,0,0,0,0,0,0,0,0
3,2018,6,15,1,3,6,0,1,0,0,0,0,0,0,0,0,0,0
5,2019,8,13,5,5,3,0,0,1,0,1,0,0,0,0,0,0,1
4,2020,8,7,3,5,7,0,1,1,0,0,0,0,1,0,1,1,0
1,2021,10,16,3,6,4,0,1,0,1,0,0,0,1,0,1,1,0
2,2018,1,16,4,6,4,0,1,0,1,0,0,0,0,0,0,0,0
1,2021,10,7,3,5,3,0,1,1,0,0,0,0,0,0,1,1,0
9,2020,6,14,2,5,3,0,1,1,0,0,0,0,0,0,1,1,0
3,2019,8,9,6,5,3,0,1,1,0,0,0,0,0,0,0,0,0
1,2018,7,19,1,3,6,0,0,1,0,0,0,1,0,0,0,2,0
11,2021,10,12,2,5,7,0,0,1,0,0,0,1,0,0,1,1,0
3,2019,8,14,5,5,3,0,1,1,0,0,0,0,0,0,0,0,0
1,2021,5,22,2,3,7,1,1,0,0,0,0,1,0,1,2,1,0
2,2019,9,16,3,5,3,0,0,1,0,0,0,0,0,0,0,0,0
12,2021,11,13,7,1,5,0,1,1,0,0,0,0,0,0,2,0,0
1,2021,3,19,7,0,6,2,1,1,0,0,0,0,0,0,2,0,0
4,2019,1,17,2,5,2,2,0,1,0,0,0,0,1,0,0,1,0
11,2021,7,7,2,5,2,0,0,1,0,1,0,0,0,0,1,2,1
4,2021,6,14,6,2,6,0,0,1,0,0,0,0,0,0,1,1,0
9,2020,4,10,4,0,1,0,1,0,0,0,0,0,0,1,2,1,1
4,2020,11,8,4,6,4,0,1,0,1,0,0,0,0,1,2,0,0
5,2019,7,22,6,2,2,2,0,1,0,1,0,0,0,0,0,2,0
3,2019,4,9,2,3,6,0,1,1,0,0,0,0,0,0,0,1,0
11,2020,7,19,3,1,7,1,1,1,0,0,0,0,0,0,1,2,0
1,2019,7,12,4,2,2,0,0,1,0,0,0,1,0,0,0,2,0
1,2019,4,9,4,1,5,0,1,1,0,0,0,1,0,0,0,1,1
3,2018,4,10,4,5,2,0,0,1,0,0,0,0,0,0,0,1,0
1,2021,10,8,4,5,3,0,1,1,0,0,0,0,0,0,1,1,0
4,2020,1,22,5,2,6,2,0,1,0,0,0,0,0,0,0,1,0
11,2021,9,12,7,6,4,0,0,1,1,0,0,0,1,0,1,0,1
4,2019,3,14,6,2,2,0,0,0,0,0,0,1,0,0,0,0,0
1,2019,12,15,4,5,2,0,0,1,0,0,0,0,0,0,0,1,0
8,2020,8,12,3,1,5,0,1,1,0,0,0,0,0,0,1,1,0
3,2018,8,14,3,5,3,0,0,1,0,1,0,0,0,0,0,1,1
1,2021,7,17,1,0,1,0,0,0,0,1,0,0,0,0,1,2,0
3,2019,10,22,1,3,6,2,1,0,0,0,0,1,0,0,0,1,1
1,2021,10,5,3,6,2,2,0,0,1,0,0,1,0,0,1,1,0
5,2020,8,13,5,3,6,0,0,1,0,1,0,0,0,0,1,1,0
12,2021,3,11,2,2,6,0,0,1,0,0,0,0,0,0,2,0,0
1,2020,8,19,7,5,3,0,1,1,0,0,0,0,0,0,1,1,0
4,2018,6,6,1,8,7,0,0,1,0,0,0,0,0,0,0,0,1
2,2020,10,11,2,2,7,0,0,0,0,1,0,1,1,1,1,1,0
3,2021,6,20,2,0,1,0,1,0,0,0,0,0,0,0,1,1,0
2,2021,5,18,2,0,7,0,1,0,0,0,0,0,0,1,2,1,0
11,2021,5,20,7,0,7,2,0,1,0,0,0,1,0,1,2,1,0
4,2020,9,9,2,2,6,0,0,1,0,0,0,0,0,0,1,0,0
1,2018,3,16,2,6,4,0,0,1,1,0,0,0,0,0,0,1,0
4,2019,5,17,4,5,3,0,0,1,0,0,0,0,0,0,0,0,0
3,2019,6,13,1,2,6,0,0,1,0,0,0,0,0,0,0,1,0
6,2021,1,7,3,6,2,2,0,1,1,0,0,0,1,1,2,0,0
5,2018,6,16,6,0,2,0,0,1,0,0,0,1,0,0,0,0,0
1,2020,8,12,4,2,6,0,0,1,0,1,0,0,0,0,1,1,0
8,2020,6,22,2,5,7,2,0,1,0,0,0,0,0,0,1,1,1
1,2020,2,7,6,1,7,0,1,1,0,0,0,0,1,0,0,1,0
12,2020,6,19,5,5,2,0,1,1,0,0,0,0,0,0,1,1,1
10,2020,9,10,6,2,7,0,0,1,0,1,0,0,1,0,1,0,0
8,2018,4,15,2,2,6,0,0,1,0,0,0,0,0,0,0,1,0
12,2021,12,11,7,6,2,0,0,1,1,0,0,0,0,1,2,1,0
7,2019,7,12,6,1,5,0,0,1,0,0,0,1,0,0,0,2,0
6,2020,8,15,5,6,6,0,0,1,1,0,0,0,0,0,1,1,0
9,2020,5,9,2,5,3,0,1,1,0,0,0,0,1,1,1,0,0
1,2020,10,20,1,0,5,2,1,1,0,0,0,0,0,1,1,1,0
12,2019,3,8,6,6,7,0,1,0,1,0,0,0,0,0,0,0,0
9,2019,7,13,2,0,4,0,0,0,1,0,0,1,0,0,0,2,0
4,2018,5,16,2,6,4,0,0,1,1,0,0,0,0,0,0,0,0
4,2021,5,10,7,2,6,0,0,1,0,0,0,0,0,1,2,1,0
2,2020,11,12,7,5,2,0,1,1,0,0,0,0,0,1,2,0,0
3,2021,6,17,5,3,6,0,0,1,0,0,0,1,0,0,1,1,0
4,2018,7,15,3,1,5,0,1,0,0,0,0,1,0,0,0,2,0
4,2019,12,2,1,5,3,2,0,1,0,0,0,0,1,0,0,1,0
7,2021,6,15,6,6,7,0,1,0,1,0,0,0,0,0,1,1,0
5,2021,5,17,2,2,7,2,0,1,0,1,0,0,1,1,2,1,0
6,2020,8,13,1,5,2,0,0,1,0,1,0,0,0,0,1,1,1
3,2021,6,15,2,6,4,0,0,1,1,0,0,0,0,0,1,1,0
8,2019,12,11,2,5,3,0,1,1,0,0,0,0,1,0,0,1,0
2,2021,2,8,5,0,1,0,0,0,0,1,0,0,1,1,2,1,0
3,2021,11,13,2,6,4,0,0,0,1,0,0,1,1,0,2,0,0
2,2018,6,7,4,2,6,0,1,1,0,0,0,0,0,0,0,0,0
3,2021,12,15,1,1,5,1,1,1,0,0,0,0,0,1,2,1,0
3,2020,6,17,5,1,1,0,1,0,0,1,0,0,1,0,1,1,0
7,2019,7,19,6,5,2,0,0,1,0,0,0,0,0,0,0,2,0
10,2020,7,11,1,6,4,0,0,1,1,0,0,0,0,0,1,2,0
1,2018,4,18,5,5,7,0,0,1,0,1,0,0,0,0,0,1,1
1,2018,5,20,2,1,5,0,1,1,0,0,0,1,0,0,0,0,0
7,2019,5,13,2,5,3,0,1,1,0,0,0,0,0,0,0,0,0
9,2019,12,9,5,0,1,0,1,0,0,0,0,0,1,0,0,1,0
1,2019,3,7,3,3,6,0,1,0,0,0,1,0,0,0,0,0,0
3,2019,8,15,4,5,3,0,1,0,0,0,0,0,0,0,0,0,0
3,2020,3,16,4,2,6,0,0,1,0,0,0,0,0,1,1,0,0
1,2019,3,20,7,6,2,2,0,1,1,0,0,0,0,0,0,0,0
8,2020,8,9,4,6,7,0,0,0,1,0,0,1,1,0,1,1,0
2,2018,6,11,6,2,6,0,0,1,0,0,0,0,0,0,0,0,0
8,2021,11,12,7,3,6,0,0,1,0,1,0,0,0,0,2,0,0
3,2021,1,14,3,5,3,0,0,1,0,0,0,0,1,1,2,0,1
8,2019,10,12,6,5,2,0,0,0,0,0,1,1,0,0,0,1,0
1,2021,6,11,4,2,6,0,1,1,0,0,0,0,0,0,1,1,0